38000001,3.2,5.0,0,0,0,0,3.5,6.0,0,False
38000002,6.2,8.0,4.0,0,0,0,8.5,9.0,9.0,False
38000003,8.0,7.25,4.8,7.5,7.5,7.25,0,0,0,True
38000004,7.6,7.0,6.4,0,0,0,6.5,8.5,8.5,False
38000005,7.0,8.0,5.0,0,0,0,6.25,8.25,8.75,False
38000006,3.2,3.75,0,0,0,0,6.5,5.25,0,False
38000007,5.0,7.25,3.8,0,0,0,7.0,7.75,9.0,False
38000008,7.0,4.25,5.0,6.25,7.25,4.5,0,0,0,True
38000009,6.2,5.75,0,0,0,0,6.0,7.0,0,False
38000010,4.4,4.25,0,0,0,0,5.5,6.0,0,False
38000011,8.2,8.5,4.2,8.0,8.5,8.25,0,0,0,True
38000012,6.0,6.5,4.0,0,0,0,6.25,7.5,8.0,False
38000013,7.0,5.75,6.8,5.5,5.0,5.0,0,0,0,True
38000014,5.6,5.25,3.4,0,0,0,3.5,6.25,6.25,False
38000015,2.8,4.5,0,0,0,0,4.5,4.75,0,False
38000016,2.0,5.25,0,0,0,0,7.25,8.75,0,False
38000017,3.4,6.0,0,0,0,0,4.5,5.25,0,False
38000018,4.4,7.0,4.8,0,0,0,5.75,6.5,7.25,False
38000019,6.8,9.25,6.6,6.25,7.5,7.75,0,0,0,True
38000020,6.2,7.5,5.2,0,0,0,7.25,7.5,8.75,False
38000021,6.6,4.5,4.0,7.0,5.0,5.5,0,0,0,True
38000022,4.0,4.5,0,0,0,0,3.0,6.5,0,False
38000023,3.6,7.25,3.8,0,0,0,5.75,6.5,8.5,False
38000024,7.0,8.5,4.8,0,0,0,8.25,8.5,8.5,False
38000025,6.0,7.5,4.6,0,0,0,8.5,8.75,9.0,False
38000026,6.0,6.5,5.6,0,0,0,6.75,6.75,7.75,False
38000027,2.8,5.0,0,0,0,0,4.5,3.75,0,False
38000028,5.0,5.75,0,0,0,0,4.0,4.75,0,False
38000029,4.0,2.75,0,0,0,0,6.0,5.5,0,False
38000030,8.6,7.25,8.8,8.75,6.0,5.75,0,0,0,True
38000031,6.0,5.5,5.0,0,0,0,8.25,9.0,8.75,False
38000032,6.4,5.5,4.4,4.25,5.75,4.75,0,0,0,True
38000033,5.6,7.75,4.4,0,0,0,7.25,8.25,9.25,False
38000034,7.6,7.5,5.6,8.0,8.0,9.0,0,0,0,True
38000035,6.2,7.5,5.0,2.75,7.0,8.0,0,0,0,True
38000036,7.2,6.75,7.2,6.75,6.5,5.5,0,0,0,True
38000037,3.4,3.75,0,0,0,0,5.5,5.25,0,False
38000038,7.6,8.5,5.6,5.75,8.75,7.25,0,0,0,True
38000039,5.0,6.75,5.0,0,0,0,7.75,6.75,8.75,False
38000040,2.4,4.75,0,0,0,0,5.25,5.5,0,False
38000041,4.0,7.0,4.0,0,0,0,5.25,5.75,9.25,False
38000042,5.0,7.25,4.6,0,0,0,7.75,8.0,9.0,False
38000043,4.8,8.75,5.6,0,0,0,8.25,8.5,9.25,False
38000044,3.2,2.75,0,0,0,0,5.0,3.0,0,False
38000045,5.4,6.0,5.4,0,0,0,6.0,7.25,7.5,False
38000046,5.6,8.25,4.8,0,0,0,6.75,9.0,8.0,False
38000047,5.6,7.25,4.0,0,0,0,6.5,8.0,7.25,False
38000048,7.4,9.0,6.0,0,0,0,9.0,9.75,9.5,False
38000049,2.0,3.25,0,0,0,0,3.25,3.5,0,False
38000050,5.6,7.5,5.0,0,0,0,7.5,8.25,9.5,False
38000051,6.8,9.25,5.6,7.0,6.75,7.5,0,0,0,True
38000052,4.8,6.0,3.4,0,0,0,6.75,5.75,7.75,False
38000053,1.4,3.75,0,0,0,0,4.0,4.25,0,False
38000054,6.2,3.75,0,0,0,0,7.5,8.0,0,False
38000055,4.4,4.5,0,0,0,0,5.25,5.25,0,False
38000056,6.6,8.75,4.2,0,0,0,8.75,9.25,9.25,False
38000057,5.8,8.25,5.0,5.5,7.25,8.0,0,0,0,True
38000058,7.2,8.25,5.4,0,0,0,6.75,8.0,8.75,False
38000059,6.4,7.25,4.8,0,0,0,7.75,8.5,8.75,False
38000060,4.6,4.25,0,0,0,0,5.5,5.0,0,False
38000061,4.8,7.0,4.4,0,0,0,6.25,8.75,8.75,False
38000062,6.6,7.0,4.6,8.0,8.0,5.5,0,0,0,True
38000063,7.2,7.75,4.6,6.0,6.25,7.5,0,0,0,True
38000064,5.0,6.0,3.6,0,0,0,6.0,7.0,8.25,False
38000065,4.6,7.0,3.8,0,0,0,6.0,7.0,6.25,False
38000066,7.6,6.0,6.8,8.25,8.25,8.25,0,0,0,True
38000067,3.2,5.25,0,0,0,0,4.25,5.5,0,False
38000068,6.4,6.25,0,0,0,0,7.5,6.75,0,False
38000069,5.8,6.0,4.8,5.0,3.75,4.75,0,0,0,True
38000070,4.6,6.5,0,0,0,0,5.5,7.5,0,False
38000071,8.2,7.25,6.4,8.25,7.0,8.0,0,0,0,True
38000072,6.2,7.5,4.0,0,0,0,7.75,7.5,8.5,False
38000073,3.0,4.75,0,0,0,0,4.25,6.5,0,False
38000074,7.4,8.25,6.8,0,0,0,8.5,9.0,9.75,False
38000075,6.0,7.25,4.8,7.0,7.0,5.0,0,0,0,True
38000076,4.4,4.0,0,0,0,0,7.5,6.75,0,False
38000077,6.8,6.83,4.6,0,0,0,5.0,7.0,7.0,False
38000078,8.0,6.5,0,6.75,6.5,6.5,0,0,0,True
38000079,8.2,9.0,6.0,0,0,0,7.5,8.75,10.0,False
38000080,4.0,6.75,0,0,0,0,5.75,5.0,0,False
38000081,7.4,7.25,4.6,6.0,7.25,7.0,0,0,0,True
38000082,4.6,4.75,0,0,0,0,5.0,5.5,0,False
38000083,6.6,6.0,0,5.5,6.25,7.0,0,0,0,True
38000084,2.6,3.0,0,0,0,0,3.25,5.0,0,False
38000085,6.8,8.5,4.2,7.75,6.5,5.0,0,0,0,True
38000086,4.2,6.0,0,0,0,0,4.75,6.0,0,False
38000087,6.0,8.0,5.6,0,0,0,8.0,9.0,9.25,False
38000088,5.8,8.0,4.4,0,0,0,8.0,8.0,8.75,False
38000089,5.2,6.5,4.0,0,0,0,6.0,8.5,8.75,False
38000090,7.4,9.0,6.6,8.0,7.5,7.75,0,0,0,True
38000091,8.2,8.5,5.8,5.25,7.0,8.25,0,0,0,True
38000092,5.2,6.5,4.2,0,0,0,5.0,6.0,9.0,False
38000093,5.0,6.5,0,0,0,0,6.5,6.25,0,False
38000094,7.8,6.75,8.8,7.75,6.25,7.5,0,0,0,True
38000095,5.0,6.25,0,0,0,0,6.5,8.75,0,False
38000096,7.6,7.0,8.4,5.25,8.25,5.0,0,0,0,True
38000097,6.4,7.75,6.8,5.25,4.75,5.0,0,0,0,True
38000098,7.6,6.5,4.6,5.0,3.5,5.25,0,0,0,True
38000099,2.6,5.0,0,0,0,0,5.25,6.75,0,False
38000100,7.2,9.25,8.6,5.5,5.5,8.0,0,0,0,True
38000101,6.0,6.75,4.6,0,0,0,8.0,7.0,9.25,False
38000102,6.6,8.5,5.2,0,0,0,9.5,9.5,9.5,False
38000103,3.2,5.25,0,0,0,0,4.25,3.75,0,False
38000104,6.6,8.25,5.6,6.25,7.0,6.5,0,0,0,True
38000105,8.8,7.0,5.8,9.0,9.75,7.0,0,0,0,True
38000106,5.0,6.25,4.6,0,0,0,4.0,5.75,7.5,False
38000107,7.4,7.25,3.6,7.25,8.0,5.75,0,0,0,True
38000108,4.4,7.0,4.0,0,0,0,6.75,6.75,8.5,False
38000109,7.0,8.0,8.0,5.75,4.25,5.0,0,0,0,True
38000110,3.2,5.0,0,0,0,0,3.5,5.0,0,False
38000111,2.8,4.0,0,0,0,0,3.5,6.0,0,False
38000112,5.6,7.5,3.2,0,0,0,5.0,7.25,8.25,False
38000113,2.6,2.5,0,0,0,0,3.25,2.25,0,False
38000114,6.8,8.25,4.6,0,0,0,7.75,8.75,9.25,False
38000115,5.4,6.75,3.2,0,0,0,6.0,6.0,9.0,False
38000116,3.0,4.5,0,0,0,0,2.75,5.25,0,False
38000117,6.0,4.0,0,0,0,0,4.75,6.75,0,False
38000118,3.8,4.75,0,0,0,0,5.75,6.25,0,False
38000119,0,8.0,4.0,0,0,0,9.0,9.25,0,False
38000120,2.8,2.0,0,0,0,0,5.5,5.0,0,False
38000121,5.4,9.25,4.0,0,0,0,9.0,9.75,8.75,False
38000122,6.8,6.0,3.4,0,0,0,9.0,9.0,8.75,False
38000123,6.8,6.5,5.2,0,0,0,9.0,8.0,9.0,False
38000124,7.0,6.5,4.4,0,0,0,7.5,8.75,8.25,False
38000125,2.0,4.0,0,0,0,0,4.25,3.5,0,False
38000126,5.0,6.25,0,0,0,0,7.0,6.5,0,False
38000127,8.0,4.5,7.6,7.25,3.75,4.75,0,0,0,True
38000128,6.4,9.0,6.2,5.75,5.75,6.5,0,0,0,True
38000129,6.8,9.0,5.0,0,0,0,7.5,8.5,9.5,False
38000130,5.0,7.5,4.2,0,0,0,7.0,7.0,8.75,False
38000131,6.0,8.0,5.4,0,0,0,7.75,7.5,9.0,False
38000132,6.4,6.25,5.8,0,0,0,6.25,4.25,0,False
38000133,6.2,7.75,7.8,0,0,0,8.5,9.0,9.25,False
38000134,6.2,7.5,6.2,0,0,0,9.0,9.0,9.25,False
38000135,8.2,8.0,8.0,6.75,7.25,7.5,0,0,0,True
38000136,2.2,4.0,0,0,0,0,4.25,2.75,0,False
38000137,4.6,4.25,0,0,0,0,5.25,6.0,0,False
38000138,3.6,4.0,0,0,0,0,3.75,5.25,0,False
38000139,9.0,8.0,5.8,9.5,9.0,7.0,0,0,0,True
38000140,5.0,1.25,0,0,0,0,5.0,3.75,0,False
38000141,2.6,3.5,0,0,0,0,6.25,5.75,0,False
38000143,6.4,5.75,4.4,4.5,7.5,7.75,0,0,0,True
38000144,5.8,7.0,5.2,0,0,0,7.75,8.75,8.5,False
38000145,5.2,7.33,4.8,0,0,0,6.75,8.25,8.75,False
38000146,6.0,7.0,3.8,0,0,0,5.0,5.5,8.25,False
38000147,5.2,4.0,0,0,0,0,4.5,5.75,0,False
38000148,2.8,2.75,0,0,0,0,6.5,7.5,0,False
38000149,3.8,3.0,0,0,0,0,3.75,5.75,0,False
38000150,6.4,7.75,5.0,0,0,0,7.5,8.5,9.0,False
38000151,7.0,7.25,5.2,0,0,0,7.0,8.5,9.75,False
38000152,4.2,7.5,3.6,0,0,0,8.0,8.5,8.75,False
38000153,5.2,5.75,6.8,0,0,0,8.75,7.75,9.25,False
38000154,8.4,7.5,5.0,7.25,7.25,8.25,0,0,0,True
38000155,5.6,7.0,5.0,0,0,0,5.0,5.75,7.0,False
38000156,7.4,8.0,4.8,0,0,0,6.0,8.25,8.75,False
38000157,7.2,7.5,8.6,7.25,3.75,6.25,0,0,0,True
38000158,5.8,6.75,5.2,0,0,0,8.0,8.25,9.5,False
38000159,4.8,5.25,4.4,0,0,0,4.75,5.5,8.25,False
38000160,7.2,5.25,0,0,0,0,6.0,5.75,0,False
38000161,5.0,5.25,0,0,0,0,4.25,4.5,0,False
38000162,4.6,6.5,2.8,0,0,0,4.75,5.25,7.25,False
38000163,6.2,8.75,5.4,0,0,0,7.0,8.5,8.25,False
38000164,8.4,8.75,5.6,7.75,6.75,8.0,0,0,0,True
38000165,6.0,5.75,4.8,0,0,0,7.0,7.25,8.75,False
38000166,7.0,6.5,5.0,0,0,0,8.0,8.25,9.25,False
38000167,7.0,4.5,6.0,0,0,0,7.75,9.0,9.0,False
38000168,4.4,4.0,0,0,0,0,6.25,5.25,0,False
38000169,2.8,4.25,0,0,0,0,5.0,4.25,0,False
38000170,5.2,5.5,0,0,0,0,4.75,5.25,0,False
38000171,7.6,5.0,5.2,5.25,3.75,4.25,0,0,0,True
38000172,6.2,7.0,0,0,0,0,5.75,6.75,0,False
38000173,6.6,7.75,5.0,0,0,0,7.0,8.25,9.0,False
38000174,4.2,7.0,5.0,0,0,0,6.75,7.0,7.25,False
38000175,2.2,2.75,0,0,0,0,5.25,1.75,0,False
38000176,3.8,6.0,0,0,0,0,6.25,7.5,0,False
38000177,6.4,8.5,5.6,0,0,0,9.25,9.75,9.75,False
38000178,5.6,6.75,4.4,0,0,0,6.25,8.5,9.5,False
38000179,6.0,5.25,3.8,0,0,0,5.75,7.25,8.25,False
38000180,5.8,7.25,4.2,0,0,0,6.25,8.0,8.75,False
38000181,2.8,6.0,0,0,0,0,5.0,6.75,0,False
38000182,6.4,8.25,5.0,0,0,0,7.25,9.25,8.5,False
38000183,7.0,8.25,3.2,4.25,6.0,7.0,0,0,0,True
38000184,6.8,8.5,7.0,5.0,6.75,6.25,0,0,0,True
38000185,2.4,6.0,0,0,0,0,4.75,4.5,0,False
38000186,0,6.0,4.2,0,0,0,8.0,9.0,0,False
38000187,6.4,5.25,0,0,0,0,7.25,8.0,0,False
38000188,4.2,5.5,0,0,0,0,5.25,6.75,0,False
38000189,6.2,6.25,6.2,4.5,5.25,6.0,0,0,0,True
38000190,4.0,4.75,0,0,0,0,4.75,5.5,0,False
38000191,7.8,6.5,0,0,0,0,8.75,7.25,0,False
38000192,7.0,7.5,7.4,0,0,0,9.0,8.25,9.75,False
38000193,5.8,5.25,4.8,4.25,6.0,5.5,0,0,0,True
38000194,5.0,6.0,0,0,0,0,3.75,6.0,0,False
38000195,7.0,6.5,4.6,0,0,0,6.75,9.0,8.0,False
38000196,7.4,9.0,6.8,7.0,6.75,8.0,0,0,0,True
38000197,3.8,4.5,0,0,0,0,4.0,4.75,0,False
38000198,6.0,5.75,3.2,5.25,5.5,4.75,0,0,0,True
38000199,8.4,6.5,5.0,7.25,9.5,6.5,0,0,0,True
38000200,6.4,5.75,0,0,0,0,6.5,6.5,0,False
38000201,2.8,4.17,0,0,0,0,6.0,6.25,0,False
38000202,5.2,5.0,0,0,0,0,6.0,4.5,0,False
38000203,5.6,8.0,4.0,0,0,0,8.75,9.5,8.5,False
38000204,5.8,5.33,4.0,0,0,0,5.5,6.75,8.25,False
38000205,4.4,3.0,0,0,0,0,6.25,6.75,0,False
38000206,3.0,3.25,0,0,0,0,5.5,4.25,0,False
38000207,3.4,4.0,0,0,0,0,3.0,5.5,0,False
38000208,6.4,8.25,5.2,8.0,7.75,8.0,0,0,0,True
38000209,2.6,4.0,0,0,0,0,5.5,4.0,0,False
38000210,6.0,6.0,3.6,0,0,0,5.75,6.0,8.25,False
38000211,8.4,8.5,5.6,6.75,8.0,8.5,0,0,0,True
38000212,4.4,4.0,0,0,0,0,0,6.0,0,False
38000213,7.0,6.0,7.2,7.25,6.75,6.5,0,0,0,True
38000214,7.2,8.0,6.0,0,0,0,6.5,8.25,8.25,False
38000215,4.4,4.75,0,0,0,0,3.5,5.0,0,False
38000216,2.4,3.5,0,0,0,0,5.75,5.5,0,False
38000217,8.2,6.42,4.8,5.75,6.75,7.25,0,0,0,True
38000218,6.4,8.25,6.8,5.0,3.25,4.25,0,0,0,True
38000219,5.6,8.5,4.6,0,0,0,7.25,8.5,9.0,False
38000220,4.6,5.5,0,0,0,0,4.25,5.75,0,False
38000221,6.2,7.0,5.2,7.0,4.0,6.75,0,0,0,True
38000222,6.4,6.0,4.6,0,0,0,7.0,7.75,7.5,False
38000223,5.6,5.25,0,0,0,0,5.5,6.75,0,False
38000224,7.8,7.0,0,0,0,0,6.5,7.0,0,False
38000225,6.2,8.0,6.2,0,0,0,8.25,7.0,8.5,False
38000226,4.8,3.75,0,0,0,0,3.75,4.75,0,False
38000227,2.4,1.75,0,0,0,0,3.75,6.0,0,False
38000228,7.2,5.0,8.6,0,0,0,9.25,8.0,9.25,False
38000229,6.4,9.0,7.2,0,0,0,8.75,8.25,9.25,False
38000230,7.2,5.75,2.8,0,0,0,7.5,8.5,8.75,False
38000231,2.2,3.5,0,0,0,0,3.0,5.25,0,False
38000232,1.4,2.75,0,0,0,0,3.25,4.0,0,False
38000233,6.2,8.5,5.2,5.0,7.0,6.75,0,0,0,True
38000234,5.6,2.75,0,0,0,0,4.5,5.0,0,False
38000235,4.8,5.75,0,0,0,0,3.75,4.5,0,False
38000236,5.4,7.0,0,0,0,0,4.75,5.75,0,False
38000237,6.0,4.25,0,0,0,0,6.0,6.25,0,False
38000238,6.0,8.0,5.2,0,0,0,7.75,8.75,9.25,False
38000239,7.8,6.75,4.0,3.5,3.75,4.5,0,0,0,True
38000240,6.4,6.0,4.0,3.25,6.75,7.25,0,0,0,True
38000241,7.6,7.33,6.4,5.25,8.0,4.25,0,0,0,True
38000242,6.8,5.75,0,0,0,0,6.75,7.5,0,False
38000243,4.2,3.0,0,0,0,0,2.75,4.25,0,False
38000244,3.6,2.0,0,0,0,0,3.0,3.75,0,False
38000245,3.6,0,0,0,0,0,5.25,3.75,0,False
38000246,6.4,6.5,5.6,7.0,7.0,5.5,0,0,0,True
38000247,2.4,3.25,0,0,0,0,5.5,5.5,0,False
38000248,8.0,6.75,4.4,8.75,7.5,7.25,0,0,0,True
38000249,5.0,7.75,6.2,0,0,0,7.5,8.5,9.75,False
38000250,4.0,4.75,0,0,0,0,4.25,6.0,0,False
38000251,8.2,8.5,9.2,3.25,9.25,9.0,0,0,0,True
38000252,4.2,6.25,0,0,0,0,4.0,6.25,0,False
38000253,6.0,6.25,5.0,0,0,0,7.5,6.5,7.5,False
38000254,4.2,5.75,0,0,0,0,4.75,7.75,0,False
38000255,4.4,6.25,0,0,0,0,5.0,5.75,0,False
38000256,6.4,5.0,7.0,7.0,4.25,4.75,0,0,0,True
38000257,5.0,5.5,0,0,0,0,4.25,5.25,0,False
38000258,6.0,5.75,0,0,0,0,4.75,6.0,0,False
38000259,5.2,8.5,6.4,0,0,0,8.75,9.0,9.0,False
38000260,6.2,7.25,5.2,0,0,0,6.75,8.75,9.25,False
38000261,4.0,6.25,0,0,0,0,3.25,3.0,0,False
38000262,5.8,8.0,5.2,0,0,0,7.25,8.75,8.25,False
38000263,7.0,9.5,5.8,0,0,0,9.25,9.25,9.75,False
38000264,4.2,6.0,0,0,0,0,4.75,5.25,0,False
38000265,7.4,8.75,5.0,8.0,7.75,6.25,0,0,0,True
38000266,4.8,5.0,0,0,0,0,5.75,6.75,0,False
38000267,6.0,7.25,5.0,0,0,0,6.5,6.75,7.75,False
38000268,3.4,4.25,0,0,0,0,3.75,5.75,0,False
38000269,0,9.25,0,0,0,0,8.25,8.5,0,False
38000270,8.0,9.75,9.2,6.25,5.0,6.5,0,0,0,True
38000271,6.6,9.5,8.2,0,0,0,8.25,8.75,8.25,False
38000272,6.4,6.75,5.2,6.25,6.75,7.0,0,0,0,True
38000273,4.6,6.0,2.8,0,0,0,6.5,5.0,8.25,False
38000274,4.4,6.5,0,0,0,0,5.5,6.25,0,False
38000275,8.2,5.75,7.4,7.25,5.5,5.5,0,0,0,True
38000276,3.6,4.25,0,0,0,0,4.0,4.0,0,False
38000277,6.4,8.0,4.8,0,0,0,8.5,9.25,8.5,False
38000278,6.2,6.08,3.6,3.75,4.25,6.0,0,0,0,True
38000279,6.2,6.5,6.0,2.75,2.25,5.0,0,0,0,True
38000280,5.4,7.75,0,0,0,0,8.0,7.5,0,False
38000281,7.2,6.75,0,0,0,0,4.0,6.25,0,False
38000282,7.4,6.66,3.8,4.5,5.75,5.75,0,0,0,True
38000283,8.2,9.0,5.0,7.5,7.5,7.75,0,0,0,True
38000284,7.6,8.25,5.6,6.5,6.25,6.75,0,0,0,True
38000285,6.0,7.0,5.0,0,0,0,6.75,8.75,8.75,False
38000286,3.2,3.75,0,0,0,0,5.5,4.25,0,False
38000287,6.8,6.25,5.4,0,0,0,7.0,7.0,8.75,False
38000288,2.8,2.25,0,0,0,0,3.75,3.25,0,False
38000289,7.6,7.75,3.6,5.25,6.5,7.5,0,0,0,True
38000290,3.2,7.5,3.8,0,0,0,8.5,8.5,9.0,False
38000291,5.2,5.5,3.4,0,0,0,4.75,7.5,8.0,False
38000292,7.6,4.75,3.4,6.5,6.5,5.0,0,0,0,True
38000293,4.8,5.5,2.2,0,0,0,5.25,6.25,5.75,False
38000294,6.0,4.75,3.4,0,0,0,5.5,4.75,8.25,False
38000295,7.0,5.5,3.6,4.0,5.25,7.25,0,0,0,True
38000296,7.6,8.25,7.0,0,0,0,6.0,6.5,6.75,False
38000297,3.8,3.25,3.6,0,0,0,5.5,4.5,5.25,False
38000298,5.4,5.75,4.8,1.75,5.5,6.0,0,0,0,True
38000299,5.2,2.75,2.6,3.5,4.75,4.75,0,0,0,True
38000300,5.4,7.75,5.4,0,0,0,6.0,7.5,8.0,False
38000301,5.4,5.5,4.0,0,0,0,2.75,5.0,6.5,False
38000302,8.4,6.25,7.8,8.25,4.0,4.75,0,0,0,True
38000303,6.4,5.0,3.0,0,0,0,4.5,4.0,7.0,False
38000304,8.6,5.25,5.2,7.5,4.5,6.75,0,0,0,True
38000305,6.2,6.25,5.4,0,0,0,5.0,6.5,8.0,False
38000306,4.8,5.75,4.6,0,0,0,2.75,3.25,6.75,False
38000307,5.6,6.75,5.2,0,0,0,8.25,7.5,8.0,False
38000308,7.4,5.5,5.2,6.0,6.75,5.75,0,0,0,True
38000309,5.6,5.5,3.8,0,0,0,4.25,5.75,6.5,False
38000310,0,8.25,0,0,0,0,8.75,9.5,0,False
38000311,7.6,7.0,5.6,7.0,6.75,4.75,0,0,0,True
38000312,8.4,5.5,5.0,3.5,6.0,4.75,0,0,0,True
38000313,6.6,6.5,2.6,4.5,5.25,4.0,0,0,0,True
38000314,6.8,5.5,3.8,0,0,0,5.25,7.0,8.5,False
38000315,3.0,3.66,3.4,0,0,0,5.25,6.25,6.0,False
38000316,6.8,5.75,3.2,4.75,4.0,6.0,0,0,0,True
38000317,4.2,6.5,4.6,4.0,6.25,4.5,0,0,0,True
38000318,6.8,6.0,5.8,7.5,2.5,4.25,0,0,0,True
38000319,5.8,5.5,5.0,0,0,0,7.75,8.0,8.25,False
38000320,3.8,5.75,3.6,0,0,0,6.75,5.5,5.75,False
38000321,5.4,4.5,2.4,0,0,0,4.0,4.5,6.25,False
38000322,5.0,6.0,5.8,0,0,0,0,0,0,False
38000323,4.8,5.75,4.0,0,0,0,5.25,5.0,6.0,False
38000324,6.2,6.5,3.8,6.0,4.25,6.75,0,0,0,True
38000325,7.6,6.75,4.4,4.5,4.5,5.5,0,0,0,True
38000326,4.6,5.5,2.6,0,0,0,7.0,6.25,6.75,False
38000327,5.8,6.25,4.4,0,0,0,4.75,5.75,6.75,False
38000328,5.6,3.75,3.0,0,0,0,6.0,6.25,7.25,False
38000329,5.6,7.0,5.0,0,0,0,5.25,6.25,7.0,False
38000330,7.6,7.75,6.8,0,0,0,0,0,0,False
38000331,7.0,6.0,4.2,0,0,0,4.75,7.0,8.5,False
38000332,3.8,5.42,2.2,0,0,0,3.75,5.5,6.0,False
38000333,4.6,5.0,4.8,4.0,3.25,5.75,0,0,0,True
38000334,0,6.25,4.4,0,0,0,7.5,9.75,0,False
38000335,5.6,6.0,5.8,0,0,0,5.5,7.5,7.25,False
38000336,6.2,3.25,3.6,0,0,0,6.75,6.75,7.25,False
38000337,5.6,6.0,5.2,0,0,0,5.75,6.75,8.25,False
38000338,6.4,6.5,3.4,4.5,4.75,5.25,0,0,0,True
38000339,4.8,7.0,3.4,0,0,0,4.25,6.25,6.75,False
38000340,6.0,8.0,5.8,0,0,0,7.25,7.25,8.25,False
38000341,5.8,6.5,4.8,0,0,0,7.25,7.0,7.75,False
38000342,6.8,7.5,4.6,6.0,6.5,4.25,0,0,0,True
38000343,3.4,5.0,3.6,0,0,0,3.75,4.25,5.75,False
38000344,7.0,6.0,6.6,0,0,0,7.25,7.25,7.5,False
38000345,7.8,6.5,4.8,7.5,9.0,5.75,0,0,0,True
38000346,3.8,4.25,3.8,0,0,0,4.25,4.0,5.5,False
38000347,5.8,5.25,3.4,3.75,4.75,4.75,0,0,0,True
38000348,6.2,4.5,4.4,0,0,0,5.5,7.25,7.25,False
38000349,7.2,5.5,5.8,5.25,4.5,5.75,0,0,0,True
38000350,5.6,4.0,4.6,0,0,0,7.25,7.75,7.0,False
38000351,6.8,5.0,3.0,4.75,3.0,5.75,0,0,0,True
38000352,5.0,5.0,2.4,0,0,0,6.75,6.0,7.5,False
38000353,6.4,5.25,5.4,0,0,0,7.0,8.25,7.25,False
38000354,7.2,6.0,5.0,4.5,4.25,5.25,0,0,0,True
38000355,6.2,4.0,4.8,3.5,4.75,2.75,0,0,0,True
38000356,8.0,5.0,3.6,5.25,5.0,4.0,0,0,0,True
38000357,7.6,4.5,3.0,0,0,0,6.25,5.75,8.0,False
38000358,5.4,5.75,5.4,0,0,0,6.25,6.0,7.25,False
38000359,5.6,5.75,5.0,0,0,0,5.25,6.75,7.0,False
38000360,6.4,7.0,6.6,0,0,0,5.25,7.0,7.5,False
38000361,7.2,4.75,4.0,5.5,5.75,5.25,0,0,0,True
38000362,4.8,7.0,3.0,0,0,0,5.25,6.5,8.25,False
38000363,6.8,4.0,4.0,3.25,6.5,5.5,0,0,0,True
38000364,8.0,7.0,8.8,7.75,5.75,6.75,0,0,0,True
38000365,6.4,4.25,6.0,3.75,5.5,5.0,0,0,0,True
38000366,8.4,7.5,7.2,0,0,0,6.5,7.5,8.5,False
38000367,5.4,6.0,4.0,0,0,0,7.0,6.75,7.75,False
38000369,8.2,5.5,7.2,4.25,4.0,5.0,0,0,0,True
38000370,4.8,5.75,3.0,4.0,4.25,3.5,0,0,0,True
38000371,7.8,4.5,5.4,6.25,7.75,6.25,0,0,0,True
38000372,5.8,5.33,1.6,0,0,0,6.5,7.75,7.5,False
38000373,3.6,2.5,3.8,0,0,0,4.5,4.0,5.5,False
38000374,6.0,2.75,3.0,0,0,0,4.0,6.75,6.5,False
38000375,7.8,4.5,3.0,8.25,7.75,5.25,0,0,0,True
38000376,8.8,6.25,5.8,8.5,8.5,6.5,0,0,0,True
38000377,4.8,0,0,0,4.0,6.75,0,0,0,True
38000378,5.8,4.75,2.4,0,0,0,1.75,5.75,4.25,False
38000379,0,6.75,4.2,0,0,0,9.25,9.25,0,False
38000380,0,2.5,0,0,0,0,5.0,6.0,0,False
38000381,3.4,4.5,2.6,0,0,0,5.0,5.25,5.25,False
38000382,6.0,4.5,5.4,0,0,0,6.0,6.75,7.75,False
38000383,7.2,7.75,5.2,0,0,0,0,0,0,False
38000384,8.0,2.75,3.4,4.0,6.25,6.25,0,0,0,True
38000385,6.0,5.25,4.0,3.5,4.75,4.75,0,0,0,True
38000386,3.6,3.75,2.8,0,0,0,4.75,6.25,5.0,False
38000387,2.8,1.5,2.2,1.5,3.0,2.25,0,0,0,True
38000388,5.2,5.0,4.4,0,0,0,4.75,6.75,8.5,False
38000389,7.8,4.5,4.2,6.5,4.5,4.0,0,0,0,True
38000390,7.6,5.5,5.2,8.5,8.0,6.0,0,0,0,True
38000391,7.4,7.75,5.2,0,0,0,9.0,8.75,9.25,False
38000392,4.8,6.0,4.8,0,0,0,6.5,4.0,6.75,False
38000393,5.4,8.25,4.8,0,0,0,8.75,8.25,9.25,False
38000394,5.2,6.67,5.2,0,0,0,6.25,6.25,6.75,False
38000395,5.6,6.75,5.0,0,0,0,4.75,5.25,8.25,False
38000396,5.2,5.0,4.2,5.5,3.25,5.25,0,0,0,True
38000397,7.4,6.67,4.6,0,0,0,7.5,8.0,7.5,False
38000398,3.6,4.5,2.0,0,0,0,4.5,7.0,5.5,False
38000399,3.8,7.0,5.6,0,0,0,9.5,8.25,8.25,False
38000400,8.6,6.75,5.8,7.5,8.0,4.0,0,0,0,True
38000401,7.4,7.25,5.6,0,0,0,7.75,7.5,8.75,False
38000402,6.6,5.25,5.8,6.0,7.75,5.25,0,0,0,True
38000403,8.6,6.75,3.8,6.75,7.5,7.0,0,0,0,True
38000404,5.6,6.25,6.8,0,0,0,6.75,7.25,7.75,False
38000405,6.0,6.25,4.0,0,0,0,6.5,7.5,8.0,False
38000406,7.0,5.25,3.8,6.5,6.0,4.75,0,0,0,True
38000407,7.2,6.25,5.8,0,0,0,5.5,8.0,8.5,False
38000408,8.8,8.0,7.4,0,0,0,6.75,7.0,9.25,False
38000409,6.2,5.75,5.2,0,0,0,7.0,5.75,8.0,False
38000410,4.4,5.5,4.0,0,0,0,6.5,4.75,7.75,False
38000411,8.6,6.0,5.0,8.5,8.5,5.25,0,0,0,True
38000412,5.6,7.25,4.6,0,0,0,5.25,7.0,7.5,False
38000413,3.8,5.75,4.8,0,0,0,3.0,6.0,6.5,False
38000414,6.4,6.25,3.6,0,0,0,6.5,5.5,7.5,False
38000415,7.2,7.75,6.6,0,0,0,5.0,6.5,6.25,False
38000416,6.0,5.0,4.4,0,0,0,4.0,5.25,6.75,False
38000417,5.2,7.0,4.8,4.25,5.75,6.75,0,0,0,True
38000418,7.4,4.0,4.0,6.5,3.25,5.5,0,0,0,True
38000419,2.0,3.25,3.2,0,0,0,4.75,5.0,6.0,False
38000420,7.8,7.5,5.4,7.5,3.75,5.25,0,0,0,True
38000421,8.2,5.0,4.2,4.5,4.0,5.75,0,0,0,True
38000422,4.6,5.25,3.6,0,0,0,7.75,7.0,8.5,False
38000423,4.4,4.5,3.6,0,0,0,4.75,4.75,4.0,False
38000424,7.2,7.75,5.6,0,0,0,9.0,9.0,8.5,False
38000425,5.2,6.0,4.2,0,0,0,7.0,5.5,7.0,False
38000426,5.4,5.5,3.4,0,0,0,4.75,6.0,7.25,False
38000427,9.0,6.25,8.8,9.25,4.75,5.25,0,0,0,True
38000428,5.0,4.5,2.6,0,0,0,5.5,7.5,8.25,False
38000429,5.8,5.25,3.0,3.0,3.75,4.0,0,0,0,True
38000430,7.4,6.0,4.6,0,0,0,6.0,6.75,7.0,False
38000431,8.0,6.0,6.6,5.0,7.25,6.0,0,0,0,True
38000432,6.8,6.25,5.2,2.25,5.0,4.75,0,0,0,True
38000433,7.6,4.75,2.6,3.5,6.75,4.75,0,0,0,True
38000434,6.4,5.5,3.6,0,0,0,6.25,5.5,6.5,False
38000435,7.0,5.0,4.6,8.5,7.25,4.75,0,0,0,True
38000436,7.8,3.0,3.2,8.0,6.25,4.5,0,0,0,True
38000437,8.4,4.5,7.8,8.25,5.0,7.25,0,0,0,True
38000438,6.6,5.0,4.6,4.0,3.5,5.25,0,0,0,True
38000439,6.2,0,0,4.25,4.75,0,0,0,0,True
38000440,5.4,4.17,5.2,0,0,0,5.25,6.5,6.5,False
38000441,5.6,3.75,4.4,0,0,0,4.5,5.25,7.5,False
38000442,2.8,5.0,3.8,0,0,0,5.75,6.5,5.5,False
38000443,6.8,6.5,5.0,0,0,0,6.5,5.5,5.25,False
38000444,4.2,6.25,6.0,0,0,0,8.25,7.0,8.25,False
38000445,7.4,6.0,8.8,7.5,6.0,7.25,0,0,0,True
38000446,7.8,6.5,4.2,5.75,5.75,5.25,0,0,0,True
38000447,3.6,6.25,2.6,0,0,0,5.0,5.5,7.0,False
38000448,4.6,5.0,1.8,0,0,0,4.25,4.0,6.25,False
38000449,8.0,6.25,5.2,6.75,6.0,5.0,0,0,0,True
38000450,8.2,8.0,8.2,7.75,6.0,4.5,0,0,0,True
38000451,7.0,8.75,8.0,0,0,0,8.5,9.0,9.0,False
38000452,5.2,6.25,2.2,0,0,0,7.25,6.75,7.0,False
38000453,7.6,9.0,8.0,0,0,0,5.25,7.25,9.25,False
38000454,5.8,5.5,5.6,0,0,0,5.75,6.75,7.25,False
38000455,6.2,6.5,3.8,6.0,5.0,6.0,0,0,0,True
38000456,7.0,8.25,5.8,0,0,0,0,0,0,False
38000457,4.8,5.75,3.8,0,0,0,5.5,7.25,7.5,False
38000458,3.2,5.0,3.8,0,0,0,4.75,6.25,6.25,False
38000459,7.8,6.0,8.6,7.75,5.75,5.75,0,0,0,True
38000460,4.8,3.25,4.2,0,0,0,5.75,7.0,7.25,False
38000461,5.6,5.25,2.6,0,0,0,7.25,5.25,6.75,False
38000462,8.0,8.08,7.6,0,0,0,5.75,8.0,8.5,False
38000463,4.8,6.25,5.4,0,0,0,4.25,7.25,8.0,False
38000464,0,7.5,5.8,0,0,0,9.25,9.5,0,False
38000465,5.4,4.25,2.6,0,0,0,4.75,5.75,7.25,False
38000466,7.0,8.75,7.6,0,0,0,6.75,6.5,9.25,False
38000467,4.8,7.75,4.2,0,0,0,6.25,7.25,7.25,False
38000468,7.2,4.25,4.0,0,0,0,5.75,6.75,8.0,False
38000469,3.6,5.75,4.0,0,0,0,5.0,7.5,6.0,False
38000470,5.4,4.5,4.2,0,0,0,3.75,6.75,5.25,False
38000471,6.4,6.25,5.2,0,0,0,6.75,6.25,7.5,False
38000472,7.6,4.25,5.2,3.75,6.0,4.0,0,0,0,True
38000474,4.2,7.5,5.0,0,0,0,0,0,0,False
38000475,0,7.5,0,0,0,0,8.0,7.5,6.5,False
38000476,6.0,6.25,2.8,0,0,0,6.0,7.25,8.5,False
38000477,5.0,6.75,7.0,0,0,0,5.25,7.0,8.0,False
38000478,5.4,7.0,4.8,0,0,0,6.75,7.0,7.75,False
38000479,9.6,6.25,8.0,9.25,4.5,6.0,0,0,0,True
38000480,7.0,5.5,5.0,6.5,6.0,6.75,0,0,0,True
38000481,3.4,5.75,2.8,0,0,0,4.5,5.75,7.0,False
38000482,8.6,7.5,5.4,3.75,6.25,7.0,0,0,0,True
38000483,5.0,6.08,4.6,0,0,0,5.75,6.0,6.75,False
38000484,4.2,7.0,2.2,0,0,0,5.25,6.75,8.0,False
38000485,6.2,6.75,4.6,0,0,0,4.75,7.25,8.0,False
38000486,4.6,5.0,5.6,0,0,0,6.0,6.75,8.75,False
38000487,7.2,5.75,6.0,6.75,3.5,4.75,0,0,0,True
38000488,8.4,7.0,5.6,3.0,9.25,8.25,0,0,0,True
38000489,6.6,8.5,3.4,0,0,0,7.25,7.75,7.5,False
38000490,5.6,6.5,3.4,3.0,3.5,6.25,0,0,0,True
38000491,7.6,8.0,7.8,3.5,7.25,5.25,0,0,0,True
38000492,6.6,6.25,5.8,0,0,0,7.0,8.0,8.25,False
38000493,6.4,5.25,5.2,0,0,0,5.0,6.25,8.5,False
38000494,6.0,5.25,6.2,5.0,4.5,6.25,0,0,0,True
38000495,7.4,8.0,6.8,0,0,0,7.0,8.0,8.0,False
38000496,6.8,8.0,7.0,0,0,0,6.5,6.25,7.25,False
38000497,6.4,4.25,2.8,4.0,5.5,6.5,0,0,0,True
38000498,6.4,6.75,2.2,0,0,0,3.75,5.0,6.25,False
38000499,6.2,5.0,7.8,0,0,0,8.0,8.25,7.75,False
38000500,5.4,4.5,2.8,0,0,0,6.0,6.0,5.0,False
38000501,8.4,4.5,4.2,8.25,8.0,5.5,0,0,0,True
38000502,4.8,5.75,4.2,0,0,0,6.5,7.5,7.75,False
38000503,5.8,7.0,0,3.25,0,0,0,0,0,True
38000504,7.6,7.0,7.4,0,0,0,8.75,9.25,8.0,False
38000505,5.0,6.25,4.0,0,0,0,6.0,7.0,7.0,False
38000506,7.0,7.25,4.8,0,0,0,7.0,7.0,7.75,False
38000507,6.6,6.75,6.2,0,0,0,7.5,8.25,8.75,False
38000508,4.2,5.5,5.4,0,0,0,6.0,7.25,6.25,False
38000509,6.4,5.0,3.4,0,0,0,5.0,7.5,8.25,False
38000510,6.4,7.75,4.2,0,0,0,7.25,6.75,8.75,False
38000511,6.2,5.25,3.2,4.75,4.25,4.75,0,0,0,True
38000512,6.8,6.0,2.2,7.0,6.75,6.0,0,0,0,True
38000513,3.8,6.25,3.0,0,0,0,4.0,6.25,6.25,False
38000514,6.2,5.5,3.6,0,0,0,5.0,4.25,6.5,False
38000515,4.8,5.75,3.0,0,0,0,7.0,6.5,7.5,False
38000516,8.0,5.5,8.6,8.5,4.25,5.5,0,0,0,True
38000517,6.6,6.08,1.6,0,0,0,4.75,4.5,6.0,False
38000518,6.0,5.0,3.0,6.5,6.25,3.5,0,0,0,True
38000519,7.8,7.25,8.0,6.25,8.5,6.25,0,0,0,True
38000520,8.6,4.5,8.0,8.75,5.0,7.0,0,0,0,True
38000521,5.6,4.0,2.4,0,0,0,5.25,5.75,6.75,False
38000522,8.4,6.75,4.4,7.0,7.0,5.5,0,0,0,True
38000523,3.0,4.0,4.4,0,0,0,6.75,7.0,7.75,False
38000524,6.2,5.75,5.2,6.0,6.25,6.0,0,0,0,True
38000525,6.2,0,0,7.75,8.0,2.5,0,0,0,True
38000526,5.8,7.75,6.0,0,0,0,7.0,7.75,8.0,False
38000527,6.2,8.0,5.6,0,0,0,5.0,6.75,6.75,False
38000528,6.8,5.5,4.2,0,0,0,4.25,7.0,7.5,False
38000529,3.2,4.75,3.4,0,0,0,6.5,4.25,6.0,False
38000530,8.6,9.0,7.8,0,0,0,7.25,6.5,8.25,False
38000531,3.4,6.0,3.4,0,0,0,5.0,6.75,7.0,False
38000532,5.2,4.0,5.2,4.5,2.0,5.25,0,0,0,True
38000533,7.8,0,0,7.0,7.0,6.25,0,0,0,True
38000534,7.2,5.0,9.0,6.75,4.25,6.0,0,0,0,True
38000535,7.4,6.25,5.0,0,0,0,8.25,7.0,6.75,False
38000536,4.6,5.0,7.2,0,0,0,6.0,8.0,7.75,False
38000537,7.0,4.5,3.6,7.0,4.5,5.75,0,0,0,True
38000538,7.4,5.0,4.6,5.75,6.0,7.0,0,0,0,True
38000539,6.6,8.75,7.2,0,0,0,8.5,9.75,8.25,False
38000540,8.0,8.0,7.8,0,0,0,7.25,7.25,9.0,False
38000541,7.4,6.75,6.2,6.75,6.5,6.75,0,0,0,True
38000542,7.4,6.0,5.6,7.5,6.5,4.25,0,0,0,True
38000543,4.6,7.0,4.6,0,0,0,6.5,6.25,9.75,False
38000544,5.0,6.75,5.4,0,0,0,7.5,7.5,8.0,False
38000545,6.8,7.75,5.0,4.0,4.75,6.25,0,0,0,True
38000546,8.0,7.0,5.6,7.25,8.25,7.0,0,0,0,True
38000547,4.8,7.5,7.6,0,0,0,5.75,4.75,8.0,False
38000548,6.2,8.25,5.0,0,0,0,8.0,7.75,9.0,False
38000549,4.6,4.5,4.0,0,0,0,5.25,5.25,5.5,False
38000550,6.4,5.5,4.8,0,0,0,6.5,6.5,7.25,False
38000551,5.6,8.0,6.0,0,0,0,8.25,8.5,7.75,False
38000552,5.0,5.25,3.0,0,0,0,2.75,5.25,4.5,False
38000553,6.6,8.5,7.4,0,0,0,6.25,7.25,8.0,False
38000554,6.8,7.75,6.6,0,0,0,7.5,8.75,8.75,False
38000555,7.2,7.5,4.2,0,0,0,5.25,7.25,7.5,False
38000556,7.6,6.5,4.4,0,0,0,4.5,8.0,7.5,False
38000557,8.0,9.0,8.6,0,0,0,5.5,9.0,8.25,False
38000558,4.6,6.0,3.8,0,0,0,6.25,5.5,7.75,False
38000559,7.4,7.0,6.8,0,0,0,6.0,7.5,8.0,False
38000560,4.8,4.25,4.4,0,0,0,6.0,7.5,8.0,False
38000561,4.6,5.5,3.6,0,0,0,5.25,6.0,6.5,False
38000562,6.2,6.0,5.2,0,0,0,7.0,6.75,6.0,False
38000563,5.2,8.25,5.6,0,0,0,6.75,6.25,8.75,False
38000564,3.6,5.5,2.8,0,0,0,6.0,5.0,5.25,False
38000565,6.8,9.0,8.8,0,0,0,7.0,8.0,9.5,False
38000566,7.2,8.5,5.8,0,0,0,8.0,8.25,8.75,False
38000567,4.2,5.75,4.2,0,0,0,5.5,7.0,7.5,False
38000568,6.0,5.0,4.6,3.25,6.5,4.0,0,0,0,True
38000569,8.2,6.75,7.2,7.5,7.25,7.25,0,0,0,True
38000570,5.8,4.0,5.8,5.0,3.5,6.0,0,0,0,True
38000571,3.4,4.25,4.8,0,0,0,6.25,6.5,6.5,False
38000572,5.2,5.0,5.0,0,0,0,5.5,4.75,7.0,False
38000573,5.4,5.75,4.6,0,0,0,4.75,5.25,7.25,False
38000574,7.6,6.5,3.2,3.25,5.0,7.5,0,0,0,True
38000575,6.8,6.75,6.6,0,0,0,5.5,7.0,7.75,False
38000576,8.2,8.0,7.2,5.75,4.0,6.25,0,0,0,True
38000577,5.8,9.0,6.0,0,0,0,7.5,7.5,9.0,False
38000578,7.0,5.75,4.2,0,0,0,6.0,8.25,8.0,False
38000579,7.6,6.0,5.8,0,0,0,5.75,7.0,7.0,False
38000580,5.6,8.0,3.6,0,0,0,5.5,6.25,8.0,False
38000581,7.0,4.75,7.4,6.25,3.5,3.25,0,0,0,True
38000582,7.4,6.0,6.4,0,0,0,5.0,6.75,8.0,False
38000583,6.0,5.5,3.8,0,0,0,5.5,6.5,7.25,False
38000584,6.0,8.0,5.2,0,0,0,6.5,6.75,7.5,False
38000585,2.6,5.75,3.8,0,0,0,5.0,5.5,6.25,False
38000586,5.4,4.5,4.6,0,0,0,4.75,5.5,8.25,False
38000587,3.2,4.75,4.6,0,0,0,5.0,3.75,6.75,False
38000588,6.0,6.0,5.0,2.75,4.5,5.5,0,0,0,True
38000589,7.4,9.0,8.0,0,0,0,7.0,8.25,8.5,False
38000590,6.0,6.0,4.2,3.5,4.5,5.75,0,0,0,True
38000591,3.6,7.0,3.8,0,0,0,6.75,4.75,7.0,False
38000592,5.6,9.0,3.2,0,0,0,8.75,8.25,8.5,False
38000593,6.4,9.0,6.2,0,0,0,4.25,5.75,7.0,False
38000594,4.6,8.0,4.4,0,0,0,7.25,6.5,8.5,False
38000595,5.0,7.5,4.6,0,0,0,6.5,6.0,8.0,False
38000596,5.2,5.0,3.8,0,0,0,6.75,6.5,7.75,False
38000597,6.8,8.0,7.6,0,0,0,5.75,6.75,7.5,False
38000598,6.4,5.5,4.0,0,0,0,7.0,7.0,7.25,False
38000599,5.8,6.5,4.2,0,0,0,5.25,6.5,7.5,False
38000600,5.6,4.75,4.6,0,0,0,4.5,7.25,7.5,False
38000601,8.0,7.0,5.8,0,0,0,0,0,0,False
38000602,8.0,7.75,9.2,7.5,6.25,6.75,0,0,0,True
38000603,5.2,5.0,2.6,0,0,0,5.25,7.0,5.25,False
38000604,8.0,7.0,6.6,7.75,2.75,5.25,0,0,0,True
38000605,7.6,6.0,3.6,6.25,5.25,4.25,0,0,0,True
38000606,8.6,8.25,8.6,7.5,4.25,6.0,0,0,0,True
38000607,3.8,5.5,3.2,0,0,0,5.25,6.0,7.25,False
38000608,5.6,5.25,3.6,0,0,0,4.25,5.0,7.75,False
38000609,4.8,4.75,2.8,0,0,0,4.5,4.75,7.25,False
38000610,5.2,6.5,3.6,0,0,0,5.25,7.5,6.75,False
38000611,5.2,5.5,3.6,3.75,4.25,5.75,0,0,0,True
38000612,8.4,7.0,8.0,8.5,9.25,7.5,0,0,0,True
38000613,8.4,5.75,6.6,7.75,8.75,6.0,0,0,0,True
38000614,6.0,5.5,6.6,4.5,2.25,4.5,0,0,0,True
38000615,6.6,4.5,3.8,3.5,4.75,4.5,0,0,0,True
38000616,8.2,6.25,7.8,7.25,6.5,5.25,0,0,0,True
38000617,7.6,8.0,8.4,0,0,0,0,0,0,False
38000618,7.0,3.0,3.0,0,0,0,5.25,6.75,7.5,False
38000619,6.0,7.5,6.8,0,0,0,5.25,8.0,8.0,False
38000620,5.8,6.75,4.6,0,0,0,6.25,7.25,8.5,False
38000621,5.6,6.75,3.2,0,0,0,5.0,6.5,7.0,False
38000622,7.4,8.25,6.8,7.0,8.0,4.25,0,0,0,True
38000623,7.2,7.75,5.8,6.25,7.75,6.25,0,0,0,True
38000624,7.2,8.0,5.4,0,0,0,5.25,7.5,7.5,False
38000625,8.4,8.0,7.6,0,0,0,8.0,7.75,8.5,False
38000626,5.2,4.5,4.2,0,0,0,5.0,6.75,6.5,False
38000627,4.8,6.25,3.4,0,0,0,6.25,7.75,8.25,False
38000628,4.4,6.75,4.0,0,0,0,5.75,6.75,8.25,False
38000629,7.0,5.0,3.2,0,0,0,6.5,7.25,8.5,False
38000630,5.0,6.25,3.6,0,0,0,6.5,6.75,8.5,False
38000631,4.4,5.5,2.4,0,0,0,4.0,5.0,5.75,False
38000632,7.6,6.75,6.6,0,0,0,7.75,9.0,7.75,False
38000633,4.6,8.25,3.0,0,0,0,10.0,9.5,5.75,False
38000634,6.6,7.0,4.4,0,0,0,6.75,7.25,6.5,False
38000635,4.8,3.0,2.4,0,0,0,4.5,2.75,4.75,False
38000636,8.6,8.0,9.2,8.75,9.0,8.25,0,0,0,True
38000637,4.4,6.5,3.0,0,0,0,5.25,6.75,6.5,False
38000638,6.6,6.75,4.0,0,0,0,5.0,6.0,7.25,False
38000639,5.6,8.25,3.6,0,0,0,5.0,5.75,7.75,False
38000640,8.0,5.75,2.0,7.75,7.25,3.25,0,0,0,True
38000641,8.0,6.0,6.2,8.25,6.25,4.75,0,0,0,True
38000642,2.6,0,2.0,0,0,0,4.75,6.0,0,False
38000643,5.2,7.5,3.8,0,0,0,7.0,7.75,8.25,False
38000644,5.8,5.5,3.4,0,0,0,4.0,6.5,6.25,False
38000645,5.6,7.25,5.2,0,0,0,5.5,7.25,8.25,False
38000646,5.6,7.0,5.4,0,0,0,8.0,7.75,8.25,False
38000647,7.8,6.75,6.2,0,0,0,6.5,6.5,7.0,False
38000648,5.4,5.25,3.0,0,0,0,4.5,2.75,4.0,False
38000649,4.8,5.25,3.2,0,0,0,8.0,6.25,7.5,False
38000650,7.2,5.25,2.8,7.0,4.0,4.5,0,0,0,True
38000651,5.2,4.25,4.2,0,0,0,4.5,6.5,6.5,False
38000652,7.0,6.75,5.4,5.75,7.25,6.75,0,0,0,True
38000653,5.0,2.0,2.6,1.5,5.0,3.25,0,0,0,True
38000654,5.0,6.5,4.6,0,0,0,6.75,6.75,8.75,False
38000655,5.4,6.0,4.4,0,0,0,4.5,5.75,7.25,False
38000656,7.4,5.75,4.0,7.0,4.25,6.75,0,0,0,True
38000657,5.0,6.25,4.6,0,0,0,9.0,8.5,8.0,False
38000658,4.6,3.5,4.2,0,0,0,6.75,7.75,7.0,False
38000659,0,9.0,0,0,0,0,8.5,8.5,0,False
38000660,7.0,8.0,6.0,0,0,0,8.0,8.0,7.75,False
38000661,4.8,5.25,3.2,0,0,0,3.75,7.25,7.0,False
38000662,8.6,6.0,7.4,7.0,3.75,5.25,0,0,0,True
38000663,3.6,5.25,2.2,0,0,0,5.0,6.5,6.75,False
38000664,7.2,4.75,8.6,6.5,3.0,4.75,0,0,0,True
38000665,6.8,6.75,4.8,2.5,6.0,7.75,0,0,0,True
38000666,2.2,5.25,2.2,0,0,0,3.0,4.75,4.5,False
38000667,4.8,5.25,3.8,0,0,0,5.5,6.25,7.25,False
38000668,7.6,5.25,4.0,5.0,6.25,5.0,0,0,0,True
38000669,7.8,5.75,6.2,8.0,5.25,5.25,0,0,0,True
38000670,5.2,5.5,4.0,0,0,0,6.25,6.25,7.25,False
38000671,5.6,6.5,5.8,0,0,0,6.75,7.5,7.5,False
38000672,6.6,6.5,6.6,0,0,0,6.5,6.5,6.5,False
38000673,4.4,3.5,2.4,0,0,0,5.25,0,0,False
38000674,5.8,6.5,6.4,0,0,0,8.75,6.75,7.5,False
38000675,3.2,5.0,2.2,0,0,0,3.75,6.0,6.75,False
38000676,4.8,5.0,3.4,0,0,0,4.25,5.0,7.0,False
38000677,6.0,6.75,6.6,0,0,0,6.75,7.25,7.5,False
38000678,8.0,3.0,3.4,6.0,7.75,4.25,0,0,0,True
38000679,7.6,6.25,6.2,7.0,6.25,5.0,0,0,0,True
38000680,5.4,0,0,0,4.75,4.75,0,0,0,True
38000681,7.0,6.5,5.2,0,0,0,4.25,7.25,7.25,False
38000682,4.2,6.5,3.0,0,0,0,4.25,5.0,6.0,False
38000683,7.6,9.25,9.4,8.0,4.25,6.5,0,0,0,True
38000684,7.0,7.0,6.0,3.0,7.25,8.25,0,0,0,True
38000685,5.0,5.5,4.4,0,0,0,4.25,6.5,6.0,False
38000686,5.8,5.25,4.6,0,0,0,6.25,7.0,6.5,False
38000687,7.2,8.0,4.6,0,0,0,0,0,0,False
38000688,8.8,4.25,5.6,7.5,6.5,6.0,0,0,0,True
38000689,5.4,3.5,3.8,0,0,0,4.75,5.25,6.5,False
38000690,5.0,5.75,5.4,0,0,0,6.5,5.5,8.0,False
38000691,5.8,5.75,5.2,0,0,0,7.25,7.25,9.0,False
38000692,0,6.75,4.8,0,0,0,9.0,9.75,0,False
38000693,7.4,6.0,6.0,6.25,6.5,5.75,0,0,0,True
38000694,7.0,8.25,5.6,5.5,5.0,7.0,0,0,0,True
38000695,8.4,6.25,3.8,8.0,7.75,5.5,0,0,0,True
38000696,6.6,7.5,7.2,0,0,0,0,0,0,False
38000697,5.0,3.75,4.0,0,0,0,6.5,8.0,8.0,False
38000698,7.2,7.5,7.8,0,0,0,7.5,7.0,8.5,False
38000699,6.8,8.0,7.4,0,0,0,7.0,9.5,9.5,False
38000700,6.8,8.0,5.2,0,0,0,7.5,7.25,7.75,False
38000701,3.2,5.75,4.6,0,0,0,5.5,6.0,8.0,False
38000702,7.0,8.0,7.8,0,0,0,8.5,8.5,9.0,False
38000703,7.2,6.5,4.6,0,0,0,6.0,7.25,7.75,False
38000704,6.0,6.25,5.8,0,0,0,5.5,6.5,8.0,False
38000705,6.2,5.5,6.2,0,0,0,6.25,7.0,9.0,False
38000706,6.4,6.5,2.8,4.0,5.25,7.5,0,0,0,True
38000707,4.2,5.0,4.2,0,0,0,4.0,4.75,6.5,False
38000708,6.0,6.0,6.0,4.75,4.5,6.5,0,0,0,True
38000709,6.6,7.0,4.4,0,0,0,5.25,6.5,7.75,False
38000710,6.0,8.75,6.0,0,0,0,6.0,7.0,8.5,False
38000711,5.0,5.5,5.0,0,0,0,6.5,7.0,8.5,False
38000712,6.2,8.75,5.8,0,0,0,4.5,7.75,8.0,False
38000713,5.6,6.5,4.6,2.75,4.75,4.75,0,0,0,True
38000714,7.6,7.5,4.4,0,0,0,6.75,5.25,8.25,False
38000715,2.4,6.25,3.4,0,0,0,4.25,5.5,6.5,False
38000716,3.8,5.0,2.6,0,0,0,5.25,5.75,5.25,False
38000717,4.8,6.0,2.8,0,0,0,5.0,7.0,6.5,False
38000718,4.8,5.0,2.6,0,0,0,5.25,7.0,6.75,False
38000719,5.6,3.75,2.8,0,0,0,3.75,5.25,6.75,False
38000720,3.8,3.0,2.6,0,0,0,4.5,5.25,5.0,False
38000721,8.2,5.25,5.4,8.0,3.25,5.5,0,0,0,True
38000722,2.8,4.75,2.4,0,0,0,3.75,6.0,6.25,False
38000723,4.8,5.25,4.2,3.75,4.5,4.75,0,0,0,True
38000724,5.4,5.75,4.6,0,0,0,6.5,5.75,7.5,False
38000725,4.2,4.5,3.4,0,0,0,8.0,6.25,8.25,False
38000726,5.8,6.0,3.4,0,0,0,8.0,7.0,8.5,False
38000727,6.2,7.75,7.2,0,0,0,5.75,6.25,7.5,False
38000728,8.2,5.0,5.4,8.25,7.75,4.75,0,0,0,True
38000729,4.2,7.0,4.6,3.5,3.5,6.5,0,0,0,True
38000730,7.2,8.0,4.2,0,0,0,4.5,5.25,7.5,False
38000731,7.0,7.5,4.4,6.25,5.75,3.75,0,0,0,True
38000732,6.8,7.25,6.6,5.75,5.0,5.0,0,0,0,True
38000733,5.0,7.5,5.0,0,0,0,4.5,7.25,7.0,False
38000734,5.4,7.0,3.8,0,0,0,4.5,5.75,6.5,False
38000735,7.0,7.75,5.0,5.0,5.0,5.25,0,0,0,True
38000736,6.4,8.25,4.6,0,0,0,4.75,7.25,7.25,False
38000737,5.8,7.25,3.8,0,0,0,5.25,6.75,6.75,False
38000738,0,5.25,2.2,0,0,0,7.75,8.75,0,False
38000739,5.6,8.0,3.2,0,0,0,5.75,6.5,6.75,False
38000740,8.2,8.5,8.6,0,0,0,6.25,7.75,9.25,False
38000741,6.8,5.75,6.2,0,0,0,4.5,5.5,7.25,False
38000742,3.4,5.0,3.4,0,0,0,4.5,5.5,6.75,False
38000743,6.4,7.25,4.6,0,0,0,6.75,8.5,7.75,False
38000744,5.4,8.0,4.0,0,0,0,4.75,7.5,8.25,False
38000745,4.2,5.25,4.6,0,0,0,7.75,7.5,8.25,False
38000746,8.2,4.5,4.2,6.5,5.25,4.75,0,0,0,True
38000747,7.6,6.75,7.4,0,0,0,7.0,6.0,9.5,False
38000748,3.4,6.0,4.2,0,0,0,3.75,6.25,6.0,False
38000749,6.0,8.5,7.0,0,0,0,8.0,9.0,8.25,False
38000750,5.6,7.25,6.0,0,0,0,6.0,6.75,8.0,False
38000751,3.6,5.5,2.8,0,0,0,5.75,5.75,5.5,False
38000752,8.0,4.0,8.2,7.5,5.0,4.75,0,0,0,True
38000753,8.0,5.75,3.2,7.0,5.75,7.0,0,0,0,True
38000754,6.2,6.5,4.8,0,0,0,6.25,5.25,8.0,False
38000755,5.6,4.0,8.2,5.75,2.75,4.25,0,0,0,True
38000756,6.0,4.0,3.4,2.5,3.0,5.0,0,0,0,True
38000757,6.2,5.75,3.6,6.25,3.5,4.25,0,0,0,True
38000758,3.6,4.5,7.0,0,0,0,6.25,5.5,6.75,False
38000759,7.4,5.0,4.4,0,0,0,7.75,7.75,7.25,False
38000760,6.0,5.0,4.6,0,0,0,6.0,7.75,6.75,False
38000761,5.4,6.0,5.0,0,0,0,6.0,7.5,7.25,False
38000762,6.4,6.5,3.2,0,0,0,4.5,6.0,8.25,False
38000763,6.6,7.0,4.2,0,0,0,5.25,6.25,8.0,False
38000764,7.0,6.5,5.2,0,0,0,7.0,7.5,8.25,False
38000765,5.4,7.75,5.4,0,0,0,6.25,7.75,8.0,False
38000766,7.6,6.0,3.8,6.25,5.25,7.0,0,0,0,True
38000767,5.8,7.75,5.8,0,0,0,7.25,7.75,7.25,False
38000768,6.4,5.5,4.4,0,0,0,4.75,6.25,6.75,False
38000769,4.0,5.5,2.6,0,0,0,4.0,6.25,4.75,False
38000770,5.6,4.0,3.4,0,0,0,4.75,5.25,5.75,False
38000771,5.2,7.0,5.0,0,0,0,6.25,6.5,8.25,False
38000772,3.8,7.25,4.0,0,0,0,5.0,6.25,6.25,False
38000773,5.8,6.75,2.6,0,0,0,6.0,7.25,8.0,False
38000774,5.6,8.0,5.4,4.25,5.25,6.5,0,0,0,True
38000775,6.2,6.0,7.4,4.5,5.0,5.5,0,0,0,True
38000776,6.0,6.25,4.2,0,0,0,5.5,6.75,6.5,False
38000777,7.2,8.0,5.8,0,0,0,5.75,8.25,8.75,False
38000778,5.0,5.75,4.8,0,0,0,5.75,5.25,7.5,False
38000779,4.2,5.0,3.6,0,0,0,3.75,6.0,7.25,False
38000780,6.2,4.5,3.4,0,0,0,5.5,6.75,7.5,False
38000781,8.0,6.83,3.4,3.75,6.5,6.25,0,0,0,True
38000782,4.4,5.75,5.0,0,0,0,8.0,7.75,8.5,False
38000783,4.6,5.0,4.6,0,0,0,5.25,6.0,7.0,False
38000784,6.2,5.0,4.4,5.25,2.5,4.0,0,0,0,True
38000785,7.4,5.5,7.8,8.25,2.25,2.75,0,0,0,True
38000786,4.8,5.75,2.6,0,0,0,4.0,6.5,5.5,False
38000787,6.0,6.25,4.0,0,0,0,4.25,6.25,6.5,False
38000788,3.4,4.25,2.0,0,0,0,5.75,5.75,7.0,False
38000789,4.4,3.5,3.6,0,0,0,5.75,5.75,6.25,False
38000790,6.2,5.5,5.6,0,0,0,5.5,7.5,6.5,False
38000791,3.2,2.75,7.2,0,0,0,6.0,7.0,6.75,False
38000792,5.6,5.0,4.8,6.0,4.25,3.25,0,0,0,True
38000793,7.4,6.5,4.8,4.5,5.0,5.25,0,0,0,True
38000794,5.8,7.75,3.6,0,0,0,8.75,7.25,8.25,False
38000795,6.4,6.0,2.0,0,0,0,2.75,4.5,5.75,False
38000796,6.4,6.25,8.8,0,0,0,6.0,6.5,8.0,False
38000797,7.0,5.5,5.4,0,0,0,6.25,7.5,8.75,False
38000798,5.4,4.0,3.0,0,0,0,3.5,4.75,5.0,False
38000799,5.6,7.25,5.0,2.75,4.75,6.25,0,0,0,True
38000800,5.8,7.58,5.0,0,0,0,5.25,7.5,7.75,False
38000801,5.0,7.25,3.0,2.5,3.5,4.5,0,0,0,True
38000802,7.2,5.0,2.8,0,0,0,4.5,6.0,4.75,False
38000803,0,7.75,0,0,0,0,9.75,9.5,0,False
38000804,8.6,8.5,7.8,6.0,5.5,6.5,0,0,0,True
38000805,7.6,7.0,8.2,8.25,3.75,6.5,0,0,0,True
38000806,8.0,8.5,9.4,4.5,8.75,6.0,0,0,0,True
38000807,8.0,6.0,5.0,7.0,8.25,6.25,0,0,0,True
38000808,6.6,7.0,6.2,4.0,3.75,5.75,0,0,0,True
38000809,8.0,8.41,8.4,4.75,7.25,7.5,0,0,0,True
38000810,6.0,6.5,3.8,4.75,5.5,5.75,0,0,0,True
38000811,7.2,7.5,5.0,4.0,5.0,6.25,0,0,0,True
38000812,7.6,8.25,8.2,7.75,9.0,7.75,0,0,0,True
38000813,6.6,8.25,7.0,0,0,0,8.25,7.25,8.25,False
38000814,8.2,7.25,6.6,6.25,5.75,5.5,0,0,0,True
38000815,7.4,8.5,7.2,7.0,6.25,4.75,0,0,0,True
38000816,8.0,8.25,7.2,0,0,0,5.75,5.75,7.25,False
38000817,4.8,7.25,5.2,0,0,0,6.25,8.25,8.5,False
38000818,7.8,5.5,5.4,7.5,7.75,7.25,0,0,0,True
38000819,8.6,7.5,6.0,8.0,8.5,7.25,0,0,0,True
38000820,6.6,8.25,7.6,0,0,0,7.25,6.25,8.25,False
38000821,7.2,8.0,5.4,2.25,6.25,5.5,0,0,0,True
38000822,6.6,8.0,5.6,0,0,0,7.25,7.0,8.0,False
38000823,8.4,7.0,5.0,8.0,8.75,6.25,0,0,0,True
38000824,6.8,8.0,4.2,3.75,5.75,5.25,0,0,0,True
38000825,7.0,7.0,3.8,5.5,4.25,4.0,0,0,0,True
38000826,7.2,7.25,4.4,8.25,6.5,5.25,0,0,0,True
38000827,8.0,5.25,7.6,8.0,4.75,6.25,0,0,0,True
38000828,7.8,9.0,7.8,0,0,0,5.75,7.25,7.75,False
38000829,4.8,7.25,6.2,0,0,0,5.0,6.25,7.25,False
38000830,7.0,8.5,6.8,5.5,3.75,7.5,0,0,0,True
38000831,6.2,6.75,5.2,0,0,0,6.0,6.0,8.0,False
38000832,6.0,6.5,6.0,0,0,0,6.5,6.5,8.0,False
38000833,6.8,7.25,5.0,5.75,6.25,4.25,0,0,0,True
38000834,8.0,7.25,0,7.5,9.0,6.75,0,0,0,True
38000835,6.2,6.75,5.6,5.75,3.75,5.25,0,0,0,True
38000836,7.4,6.75,4.2,6.25,8.75,6.25,0,0,0,True
38000837,8.0,8.75,7.6,8.0,6.5,5.75,0,0,0,True
38000838,6.8,5.5,7.4,7.75,4.5,5.5,0,0,0,True
38000839,4.6,8.75,4.0,0,0,0,9.25,9.75,9.5,False
38000840,4.8,7.75,5.0,0,0,0,6.25,8.0,7.75,False
38000841,6.0,6.25,2.6,6.5,4.25,5.75,0,0,0,True
38000842,7.8,7.25,4.6,7.25,6.75,5.0,0,0,0,True
38000843,6.8,6.5,6.6,4.5,7.25,5.75,0,0,0,True
38000844,3.6,6.0,5.4,0,0,0,5.75,5.75,6.75,False
38000845,7.0,6.5,5.0,0,0,0,6.75,5.5,8.5,False
38000846,6.4,6.5,6.6,0,0,0,7.25,8.0,8.0,False
38000847,6.8,7.25,4.4,5.75,5.5,5.0,0,0,0,True
38000848,4.6,6.0,3.0,0,0,0,7.25,6.5,7.5,False
38000849,3.4,5.5,2.8,0,0,0,6.0,5.0,7.0,False
38000850,3.2,2.5,3.4,0,0,0,4.75,5.0,5.25,False
38000851,7.4,6.25,4.0,0,0,0,5.75,6.75,6.75,False
38000852,6.2,7.75,7.2,0,0,0,9.75,8.0,8.0,False
38000853,7.2,8.25,5.6,0,0,0,8.75,8.25,9.25,False
38000854,4.8,5.25,4.6,0,0,0,4.25,5.0,6.0,False
38000855,8.2,8.75,7.2,0,0,0,8.25,6.75,9.0,False
38000857,5.6,8.5,6.4,0,0,0,5.5,5.25,8.25,False
38000858,7.4,6.75,4.8,6.75,5.75,4.75,0,0,0,True
38000859,2.4,2.5,4.0,0,0,0,5.75,6.0,7.25,False
38000860,7.8,8.5,8.8,9.25,3.0,7.0,0,0,0,True
38000861,3.8,6.75,6.6,0,0,0,5.5,6.5,7.5,False
38000862,8.0,8.0,7.2,7.75,7.25,7.25,0,0,0,True
38000863,0,8.25,0,0,0,0,9.5,9.5,0,False
38000864,5.4,8.0,3.0,0,0,0,7.25,8.0,7.25,False
38000865,8.0,6.75,5.6,7.25,7.5,6.5,0,0,0,True
38000866,6.2,7.75,5.0,0,0,0,7.75,9.75,8.5,False
38000867,3.8,6.0,3.4,0,0,0,6.0,5.0,7.25,False
38000868,6.4,7.0,7.0,0,0,0,6.0,6.5,8.0,False
38000869,6.4,6.25,6.0,6.5,4.5,6.5,0,0,0,True
38000870,7.4,8.25,9.6,0,0,0,7.0,7.5,9.0,False
38000871,6.6,6.5,4.2,0,0,0,4.75,6.75,7.25,False
38000872,7.2,9.5,6.6,0,0,0,8.75,9.25,9.5,False
38000873,7.2,7.0,4.2,5.0,6.75,5.75,0,0,0,True
38000874,7.6,9.0,8.4,0,0,0,0,0,0,False
38000875,5.0,6.0,2.2,0,0,0,6.5,6.0,6.25,False
38000876,8.0,6.25,7.2,7.25,5.75,6.0,0,0,0,True
38000877,6.2,8.0,4.2,6.0,7.0,7.0,0,0,0,True
38000878,6.0,7.0,4.8,0,0,0,8.25,9.0,8.25,False
38000879,7.8,0,0,7.5,6.0,0,0,0,0,True
38000880,6.8,7.25,5.8,0,0,0,6.75,7.25,7.0,False
38000881,6.8,8.75,7.6,0,0,0,5.25,6.5,7.5,False
38000882,6.2,5.75,2.8,0,0,0,7.5,7.5,7.0,False
38000883,4.6,6.0,2.8,0,0,0,5.0,5.5,7.0,False
38000885,5.6,6.5,4.0,0,0,0,6.25,8.5,8.25,False
38000886,8.4,8.0,0,8.75,8.0,6.5,0,0,0,True
38000887,4.8,6.0,4.4,0,0,0,5.5,5.75,6.25,False
38000888,7.6,7.75,6.8,5.5,5.5,4.5,0,0,0,True
38000889,4.0,7.0,2.8,0,0,0,8.75,7.5,9.25,False
38000890,7.2,7.75,4.8,0,0,0,8.75,8.75,7.75,False
38000891,7.4,8.25,5.8,0,0,0,9.0,8.25,9.0,False
38000892,6.2,6.25,5.4,4.75,5.5,5.25,0,0,0,True
38000893,7.6,6.5,5.0,5.0,4.75,6.75,0,0,0,True
38000894,5.6,5.5,3.4,0,0,0,7.5,6.25,7.0,False
38000895,4.0,6.25,2.8,0,0,0,7.5,7.75,8.0,False
38000896,6.8,5.0,4.8,0,0,0,7.25,8.5,8.75,False
38000897,7.4,4.25,5.2,6.25,5.0,6.0,0,0,0,True
38000898,3.4,6.5,6.4,0,0,0,6.5,7.75,8.0,False
38000899,5.8,7.25,7.0,0,0,0,6.75,7.25,7.5,False
38000900,8.2,6.0,5.6,7.5,8.0,5.25,0,0,0,True
38000901,4.6,8.0,3.6,0,0,0,7.75,7.75,8.5,False
38000902,7.0,6.0,4.4,6.75,7.5,5.75,0,0,0,True
38000903,8.4,7.25,8.0,8.75,9.5,6.75,0,0,0,True
38000904,7.0,5.5,4.4,6.5,6.25,4.5,0,0,0,True
38000905,5.4,7.5,4.4,0,0,0,7.5,7.75,7.25,False
38000906,7.4,8.25,8.4,8.5,8.0,6.0,0,0,0,True
38000907,7.4,7.0,3.2,6.25,5.5,5.25,0,0,0,True
38000908,8.0,6.0,6.6,6.25,6.0,6.75,0,0,0,True
38000910,8.4,7.5,5.4,0,0,0,7.5,6.25,7.25,False
38000911,7.0,8.5,5.2,0,0,0,8.25,8.25,9.25,False
38000912,4.0,6.75,4.8,1.25,4.25,2.75,0,0,0,True
38000913,6.4,7.0,5.4,6.75,7.5,6.0,0,0,0,True
38000914,6.0,6.75,4.2,0,0,0,6.25,7.25,7.75,False
38000915,7.0,7.0,4.8,0,0,0,8.0,6.75,6.75,False
38000916,7.0,7.25,4.2,4.75,6.75,6.25,0,0,0,True
38000917,5.8,5.0,3.4,7.0,7.5,4.0,0,0,0,True
38000918,5.6,6.25,5.8,0,0,0,5.75,6.5,7.75,False
38000919,7.0,6.75,4.4,0,0,0,6.0,7.5,8.75,False
38000920,6.6,7.75,6.0,0,0,0,4.0,6.5,7.5,False
38000921,4.6,6.75,3.8,0,0,0,4.5,5.75,5.0,False
38000922,8.0,7.75,6.0,7.0,6.0,5.0,0,0,0,True
38000923,8.2,8.5,7.6,0,0,0,8.5,9.0,8.75,False
38000924,4.8,6.5,5.8,0,0,0,6.0,6.0,7.75,False
38000925,8.2,8.75,7.4,0,0,0,6.0,7.75,8.75,False
38000926,8.0,7.75,6.2,5.25,8.25,6.0,0,0,0,True
38000927,6.6,8.0,7.2,5.5,5.75,5.75,0,0,0,True
38000928,6.6,8.5,6.4,0,0,0,7.25,8.5,8.5,False
38000929,7.8,7.5,7.8,0,0,0,5.0,7.25,7.0,False
38000930,6.4,8.25,4.0,0,0,0,7.75,8.25,8.0,False
38000931,4.8,6.5,5.2,0,0,0,4.75,6.75,7.25,False
38000932,6.0,7.5,4.4,5.5,4.75,5.25,0,0,0,True
38000933,7.0,6.0,7.0,3.25,4.5,4.5,0,0,0,True
38000934,6.4,8.25,6.0,0,0,0,6.0,6.75,8.5,False
38000935,4.0,6.75,3.4,0,0,0,7.0,7.5,8.5,False
38000936,7.0,8.0,6.6,0,0,0,7.75,8.25,6.25,False
38000937,5.8,7.75,4.6,0,0,0,5.75,7.5,8.25,False
38000938,5.4,7.5,3.6,0,0,0,5.75,6.75,7.5,False
38000939,7.0,8.25,4.6,0,0,0,5.5,7.0,7.25,False
38000940,7.4,7.75,7.0,7.25,4.75,5.25,0,0,0,True
38000941,6.8,8.5,7.8,0,0,0,4.0,7.0,7.25,False
38000942,7.2,8.0,8.6,0,0,0,5.75,7.0,8.5,False
38000943,5.8,6.5,4.2,2.5,4.0,4.5,0,0,0,True
38000944,6.6,6.5,4.4,0,0,0,7.25,7.75,8.5,False
38000945,7.8,6.75,3.8,7.5,8.25,4.5,0,0,0,True
38000946,7.8,7.75,5.8,7.5,8.25,6.75,0,0,0,True
38000947,7.2,7.25,3.6,0,0,0,6.25,7.0,6.5,False
38000948,7.6,8.75,3.8,5.0,7.25,7.25,0,0,0,True
38000949,7.2,7.25,4.2,5.25,5.75,5.0,0,0,0,True
38000950,7.6,7.75,4.6,0,0,0,7.5,9.0,8.0,False
38000951,6.6,5.75,7.0,2.75,3.75,4.0,0,0,0,True
38000952,8.0,8.25,7.6,7.25,4.75,6.5,0,0,0,True
38000953,6.4,6.0,6.0,3.5,3.75,4.0,0,0,0,True
38000954,8.0,7.0,4.4,7.0,7.75,5.0,0,0,0,True
38000955,5.0,7.0,3.4,3.75,3.25,5.75,0,0,0,True
38000956,4.0,7.33,3.8,0,0,0,5.5,6.5,8.75,False
38000957,7.6,6.25,3.8,6.0,7.25,6.0,0,0,0,True
38000958,8.0,8.75,8.6,0,0,0,0,0,0,False
38000959,6.6,6.75,6.8,7.0,5.75,7.0,0,0,0,True
38000960,6.6,8.0,6.8,0,0,0,0,0,0,False
38000961,7.6,6.75,9.0,0,0,0,8.5,8.75,9.75,False
38000962,5.6,7.0,4.4,0,0,0,8.75,8.25,7.75,False
38000963,6.6,6.25,4.8,5.25,5.5,5.75,0,0,0,True
38000964,6.8,6.0,4.6,6.5,3.75,5.25,0,0,0,True
38000965,8.4,6.5,4.6,5.0,8.25,6.25,0,0,0,True
38000966,7.6,6.0,5.2,5.5,5.25,6.0,0,0,0,True
38000967,8.0,7.0,8.4,6.5,8.25,6.75,0,0,0,True
38000968,8.0,7.5,6.0,7.0,4.75,6.0,0,0,0,True
38000969,6.8,6.0,5.0,4.75,4.0,5.25,0,0,0,True
38000970,4.4,7.25,3.4,0,0,0,7.5,6.5,8.0,False
38000971,7.2,6.25,4.4,6.0,6.75,6.25,0,0,0,True
38000972,4.6,6.5,4.8,0,0,0,7.25,7.0,6.5,False
38000973,8.6,7.0,9.0,8.0,7.5,6.5,0,0,0,True
38000974,6.6,0,0,6.0,5.75,0,0,0,0,True
38000975,7.2,7.25,3.8,0,0,0,4.5,6.75,7.25,False
38000976,4.8,6.0,4.4,0,0,0,5.5,5.75,7.5,False
38000977,5.0,6.75,5.4,3.5,3.5,5.75,0,0,0,True
38000978,7.2,5.75,7.0,6.5,5.75,5.75,0,0,0,True
38000979,7.8,7.75,4.2,0,0,0,6.5,7.5,8.25,False
38000980,5.2,7.5,5.4,5.0,7.0,7.0,0,0,0,True
38000981,4.0,7.25,5.6,0,0,0,6.0,6.25,7.25,False
38000982,5.6,6.0,7.6,0,0,0,3.5,6.5,7.75,False
38000983,7.4,7.0,5.4,8.25,8.5,4.0,0,0,0,True
38000984,0,4.0,0,0,0,0,7.0,6.5,0,False
38000985,8.2,6.25,5.6,8.5,9.5,6.0,0,0,0,True
38000986,4.8,7.0,6.2,5.75,4.5,5.5,0,0,0,True
38000987,6.4,7.25,5.0,0,0,0,7.25,6.75,6.5,False
38000988,9.2,0,0,7.0,7.75,0,0,0,0,True
38000989,8.0,6.25,5.0,6.25,7.5,6.75,0,0,0,True
38000990,6.2,7.75,3.6,0,0,0,5.5,8.0,8.25,False
38000991,6.8,6.75,6.4,7.5,3.0,4.75,0,0,0,True
38000992,0,5.5,0,0,0,0,6.75,6.5,0,False
38000993,5.8,6.0,3.4,4.25,5.25,4.25,0,0,0,True
38000994,6.6,6.75,4.6,6.25,5.5,4.5,0,0,0,True
38000995,7.4,6.0,7.8,7.5,3.5,4.0,0,0,0,True
38000996,3.8,6.0,3.4,0,0,0,5.25,5.25,6.75,False
38000997,5.0,6.5,5.6,0,0,0,6.0,6.75,7.5,False
38000998,6.4,6.0,4.2,5.5,4.75,5.75,0,0,0,True
38000999,6.6,4.5,8.2,6.25,5.25,5.5,0,0,0,True
38001000,6.2,5.83,6.4,6.5,5.25,4.5,0,0,0,True
38001001,7.6,6.5,6.0,5.25,7.0,7.75,0,0,0,True
38001002,6.4,6.5,5.6,6.75,2.75,7.0,0,0,0,True
38001003,6.8,7.75,3.0,6.0,4.75,4.75,0,0,0,True
38001004,8.6,8.25,8.6,8.0,6.25,7.75,0,0,0,True
38001005,6.2,6.75,4.8,4.5,5.75,6.75,0,0,0,True
38001006,5.8,8.25,4.4,0,0,0,9.0,7.75,7.75,False
38001007,7.6,7.5,6.6,8.25,4.75,4.25,0,0,0,True
38001008,8.0,7.0,3.0,7.25,6.75,3.0,0,0,0,True
38001009,6.8,6.75,5.2,7.5,5.75,5.5,0,0,0,True
38001010,8.4,7.5,6.4,8.0,9.0,5.25,0,0,0,True
38001011,5.4,6.75,3.2,3.75,5.5,3.75,0,0,0,True
38001012,6.4,8.25,6.4,0,0,0,5.5,6.75,7.5,False
38001013,7.6,7.0,7.4,8.25,8.25,6.75,0,0,0,True
38001014,6.6,8.0,4.4,6.0,3.0,4.75,0,0,0,True
38001015,6.0,7.5,5.2,0,0,0,7.75,7.0,7.0,False
38001016,6.8,6.25,6.0,6.75,4.75,6.25,0,0,0,True
38001017,8.6,8.25,8.2,0,0,0,8.0,6.5,7.75,False
38001018,6.2,8.75,6.8,0,0,0,5.25,7.25,7.75,False
38001019,4.4,5.75,3.4,4.75,2.75,4.25,0,0,0,True
38001020,6.4,6.75,3.8,0,0,0,5.25,6.25,8.5,False
38001021,7.0,5.75,6.0,5.0,3.5,4.25,0,0,0,True
38001022,7.2,7.25,5.0,6.25,9.0,7.5,0,0,0,True
38001023,8.0,6.75,6.4,4.75,7.0,7.75,0,0,0,True
38001024,6.8,4.75,7.6,5.5,4.0,6.0,0,0,0,True
38001025,7.2,5.75,6.2,7.25,8.25,2.5,0,0,0,True
38001026,6.0,5.5,3.4,2.5,6.0,6.0,0,0,0,True
38001027,8.0,6.25,3.6,8.0,8.0,5.25,0,0,0,True
38001028,7.6,6.0,5.0,7.0,5.25,4.75,0,0,0,True
38001029,8.4,8.25,8.0,8.0,6.5,7.0,0,0,0,True
38001030,5.6,8.0,4.0,0,0,0,6.75,7.5,7.5,False
38001031,7.4,6.25,4.2,4.75,6.0,6.25,0,0,0,True
38001032,7.6,7.75,0,0,0,0,7.0,6.25,8.25,False
38001033,6.0,6.75,5.2,5.0,7.75,4.0,0,0,0,True
38001034,8.2,6.5,4.4,7.5,8.0,6.5,0,0,0,True
38001035,5.0,7.5,2.6,3.0,5.0,6.75,0,0,0,True
38001036,7.2,9.25,6.8,0,0,0,7.0,8.25,9.0,False
38001037,6.8,6.75,5.4,4.25,6.0,8.25,0,0,0,True
38001038,7.6,6.25,5.4,6.75,4.75,5.0,0,0,0,True
38001039,0,6.5,0,0,0,0,9.25,7.75,0,False
38001040,6.2,5.58,6.2,0,0,0,5.75,5.75,7.75,False
38001041,7.6,7.0,6.2,7.5,6.25,5.25,0,0,0,True
38001042,7.8,7.0,6.0,7.0,7.25,6.5,0,0,0,True
38001043,5.0,7.5,6.8,0,0,0,5.5,7.25,8.0,False
38001044,5.2,8.0,5.4,0,0,0,6.25,6.0,7.75,False
38001045,7.2,8.25,4.4,6.75,6.25,6.0,0,0,0,True
38001046,7.0,6.75,4.4,4.5,4.75,4.75,0,0,0,True
38001047,7.2,7.25,7.0,6.5,4.0,4.5,0,0,0,True
38001048,5.2,7.0,4.6,0,0,0,6.75,7.25,8.0,False
38001049,7.2,6.5,9.0,7.5,4.25,4.75,0,0,0,True
38001050,6.6,8.5,4.8,0,0,0,5.75,7.0,8.75,False
38001051,7.4,8.5,9.4,0,0,0,6.0,7.25,8.0,False
38001052,6.6,6.5,6.2,6.5,6.75,4.25,0,0,0,True
38001053,7.2,7.25,4.0,4.0,3.0,4.25,0,0,0,True
38001054,6.8,6.5,4.4,0,0,0,6.75,7.5,8.0,False
38001055,7.0,7.25,5.4,0,0,0,4.5,4.5,7.5,False
38001056,8.2,7.75,7.6,8.25,8.0,6.75,0,0,0,True
38001057,6.4,7.75,5.4,0,0,0,8.25,7.75,8.75,False
38001058,7.2,8.5,7.2,7.75,8.0,7.25,0,0,0,True
38001059,6.8,7.5,4.6,4.5,5.5,5.5,0,0,0,True
38001060,8.0,7.41,6.0,7.5,7.25,6.25,0,0,0,True
38001061,7.0,5.5,5.0,6.25,5.25,4.5,0,0,0,True
38001062,4.0,0,3.2,5.0,0,0,0,0,0,True
38001063,6.0,7.33,3.6,0,0,0,8.25,6.75,7.25,False
38001064,6.4,8.25,9.0,0,0,0,8.0,6.25,8.75,False
38001065,8.2,7.0,4.6,7.25,8.25,5.75,0,0,0,True
38001066,7.2,6.0,7.4,0,0,0,7.0,6.5,7.75,False
38001067,6.2,4.5,5.0,4.75,4.75,4.25,0,0,0,True
38001068,5.2,5.75,3.8,0,0,0,7.5,8.75,8.5,False
38001069,2.8,7.25,4.6,0,0,0,8.75,8.5,7.5,False
38001070,7.8,8.25,9.0,8.75,6.25,6.5,0,0,0,True
38001071,7.0,6.75,8.2,0,0,0,6.5,6.25,8.5,False
38001072,6.4,5.5,4.0,6.75,5.75,7.0,0,0,0,True
38001073,7.6,6.0,4.0,7.75,7.5,6.75,0,0,0,True
38001074,6.4,7.25,8.2,0,0,0,6.0,4.75,8.0,False
38001075,8.2,7.5,6.6,6.5,7.0,7.0,0,0,0,True
38001076,6.6,7.0,4.2,5.5,6.5,6.75,0,0,0,True
38001077,0,5.5,0,0,0,0,9.0,8.5,0,False
38001078,5.0,8.25,3.8,0,0,0,6.5,8.0,7.5,False
38001079,4.0,6.25,3.6,0,0,0,5.25,6.0,8.5,False
38001080,7.4,7.5,4.8,4.0,6.75,6.0,0,0,0,True
38001081,5.2,7.25,4.8,0,0,0,5.25,7.0,8.25,False
38001082,6.2,8.75,5.0,0,0,0,6.5,7.0,8.5,False
38001083,8.0,8.0,5.0,6.5,7.5,5.5,0,0,0,True
38001084,4.2,7.0,2.8,0,0,0,7.0,6.25,7.0,False
38001085,4.6,7.5,6.2,4.75,5.0,7.0,0,0,0,True
38001086,7.4,5.25,4.6,5.25,5.25,6.5,0,0,0,True
38001087,0,5.0,0,0,0,0,6.5,7.25,0,False
38001088,7.8,6.0,3.4,8.25,7.25,6.25,0,0,0,True
38001089,8.2,5.33,4.2,8.0,5.5,6.5,0,0,0,True
38001090,6.8,7.5,5.6,0,0,0,7.25,7.25,8.0,False
38001091,7.0,7.0,8.6,0,0,0,7.75,7.25,9.0,False
38001092,4.8,5.0,6.0,4.5,3.5,5.75,0,0,0,True
38001093,7.4,6.5,4.2,6.75,7.25,5.5,0,0,0,True
38001094,5.6,6.25,7.6,0,0,0,7.75,7.0,9.0,False
38001095,5.0,5.25,3.8,4.5,2.75,7.25,0,0,0,True
38001096,7.4,7.0,5.4,3.0,4.5,4.25,0,0,0,True
38001097,7.6,0,0,0,5.5,5.25,0,0,0,True
38001098,7.4,6.75,4.4,7.0,5.75,5.5,0,0,0,True
38001099,3.8,6.75,2.6,2.75,4.0,4.75,0,0,0,True
38001100,6.0,8.5,4.0,0,0,0,5.25,7.25,7.25,False
38001101,6.0,6.25,7.0,0,0,0,5.75,6.75,8.0,False
38001102,8.2,7.75,7.0,6.75,6.75,5.0,0,0,0,True
38001103,2.4,8.25,5.8,0,0,0,8.25,6.75,7.75,False
38001104,5.2,5.75,4.0,2.5,4.5,7.25,0,0,0,True
38001105,7.0,8.0,6.8,6.25,5.75,5.5,0,0,0,True
38001106,5.4,8.0,3.6,0,0,0,8.0,8.5,8.0,False
38001107,6.8,6.0,4.0,5.75,6.5,6.75,0,0,0,True
38001108,5.6,4.25,6.4,4.25,5.0,5.5,0,0,0,True
38001109,5.4,7.5,3.4,3.75,2.25,3.75,0,0,0,True
38001110,7.6,6.75,8.6,8.0,5.5,7.25,0,0,0,True
38001111,7.2,8.5,8.6,6.75,8.25,5.25,0,0,0,True
38001112,4.8,6.25,3.4,0,0,0,5.25,5.5,7.25,False
38001113,5.0,6.5,2.8,0,0,0,5.0,6.25,7.5,False
38001114,4.4,6.75,5.2,0,0,0,5.75,5.5,8.0,False
38001115,5.4,7.0,5.6,0,0,0,6.25,7.5,7.5,False
38001116,7.2,7.0,6.4,0,0,0,7.5,8.5,8.75,False
38001117,7.4,7.5,5.0,7.0,7.25,7.0,0,0,0,True
38001118,6.2,6.5,4.2,3.25,4.25,4.75,0,0,0,True
38001119,6.6,8.5,5.6,0,0,0,5.75,6.25,8.5,False
38001120,6.6,7.75,6.6,0,0,0,7.25,7.0,8.75,False
38001121,7.8,6.5,0,7.25,3.25,4.75,0,0,0,True
38001122,6.8,8.75,6.6,0,0,0,6.75,7.5,8.25,False
38001123,5.2,6.25,4.2,0,0,0,6.5,6.5,7.75,False
38001124,7.0,8.0,4.0,0,0,0,5.75,6.0,7.75,False
38001125,7.8,0,0,6.5,6.75,0,0,0,0,True
38001126,7.0,8.75,6.6,6.5,7.25,7.25,0,0,0,True
38001127,0,6.5,0,0,0,0,4.75,6.5,0,False
38001128,4.6,9.0,6.4,0,0,0,6.25,7.5,9.0,False
38001129,6.2,7.75,4.4,3.5,3.75,4.75,0,0,0,True
38001130,6.8,6.75,0,0,0,0,0,0,0,False
38001131,7.4,6.75,8.0,0,0,0,7.0,6.5,8.25,False
38001132,6.4,5.25,6.6,3.25,4.5,5.75,0,0,0,True
38001133,5.4,6.5,4.8,0,0,0,7.75,8.75,7.75,False
38001134,4.2,7.0,3.2,0,0,0,4.75,7.75,8.25,False
38001135,8.6,9.0,7.6,0,0,0,7.5,6.5,7.75,False
38001136,7.4,7.0,2.4,4.0,6.25,4.25,0,0,0,True
38001137,4.2,6.25,3.2,0,0,0,3.75,6.0,7.25,False
38001138,6.4,7.5,4.8,7.5,5.25,6.0,0,0,0,True
38001139,4.0,6.5,2.8,0,0,0,7.5,6.25,8.25,False
38001140,5.6,7.0,4.4,4.25,3.0,4.0,0,0,0,True
38001141,8.2,6.0,8.2,4.75,8.0,6.5,0,0,0,True
38001142,7.8,7.0,4.6,3.5,7.5,8.25,0,0,0,True
38001143,7.0,8.0,6.6,8.25,8.0,7.0,0,0,0,True
38001144,6.4,8.25,3.4,0,0,0,6.0,6.25,7.75,False
38001145,8.2,7.0,5.8,6.75,6.75,6.0,0,0,0,True
38001146,7.6,7.33,6.2,6.75,5.5,5.5,0,0,0,True
38001147,7.4,8.0,6.8,0,0,0,6.5,8.0,9.25,False
38001148,8.8,8.5,5.8,9.0,8.75,6.25,0,0,0,True
38001149,8.0,7.5,8.6,0,0,0,7.5,8.5,8.5,False
38001150,7.0,6.25,5.0,4.25,5.5,4.0,0,0,0,True
38001151,5.6,8.0,5.0,0,0,0,8.5,7.25,8.5,False
38001152,6.4,6.5,8.2,4.75,3.75,4.75,0,0,0,True
38001153,6.2,5.0,4.4,3.5,2.75,4.25,0,0,0,True
38001154,6.6,7.75,4.6,6.75,5.75,6.0,0,0,0,True
38001155,7.8,8.0,4.6,0,0,0,6.5,7.25,8.75,False
38001156,7.2,8.25,5.2,0,0,0,6.25,6.25,8.0,False
38001157,6.8,7.0,9.4,4.5,6.75,7.0,0,0,0,True
38001158,7.6,6.0,8.2,8.0,6.5,6.5,0,0,0,True
38001159,4.2,0,3.4,4.25,3.5,0,0,0,0,True
38001160,7.2,6.0,3.4,7.75,5.25,6.0,0,0,0,True
38001161,4.2,5.5,4.2,0,0,0,7.0,7.5,7.0,False
38001162,7.8,6.0,8.6,8.0,4.5,5.25,0,0,0,True
38001163,2.8,6.75,3.2,0,0,0,7.75,6.0,8.5,False
38001164,4.6,0,0,2.75,2.5,0,0,0,0,True
38001165,7.8,5.75,4.8,5.0,5.0,4.25,0,0,0,True
38001166,6.2,0,0,3.75,5.5,0,0,0,0,True
38001167,7.2,6.75,5.0,6.25,5.75,6.25,0,0,0,True
38001168,7.4,7.75,2.6,5.5,3.0,4.75,0,0,0,True
38001169,5.0,4.25,4.2,3.25,4.25,5.75,0,0,0,True
38001170,7.0,6.25,8.2,6.75,4.5,5.0,0,0,0,True
38001171,8.4,7.25,8.6,8.25,5.25,5.0,0,0,0,True
38001172,6.6,6.25,4.6,5.25,4.5,6.5,0,0,0,True
38001173,6.4,6.5,5.0,5.0,5.25,6.75,0,0,0,True
38001174,7.8,8.25,6.0,4.75,8.75,7.75,0,0,0,True
38001175,6.8,7.75,5.8,0,0,0,7.0,7.75,8.0,False
38001176,7.0,6.0,4.4,4.25,5.25,5.75,0,0,0,True
38001177,8.4,9.5,8.8,0,0,0,7.75,8.25,9.25,False
38001178,7.0,9.0,4.6,5.25,4.5,4.25,0,0,0,True
38001179,7.4,7.5,5.4,5.75,4.0,5.75,0,0,0,True
38001180,7.2,8.5,5.6,0,0,0,7.0,8.0,8.75,False
38001181,6.4,8.0,7.2,0,0,0,7.25,8.25,9.0,False
38001182,5.0,7.75,5.0,0,0,0,5.75,6.25,7.0,False
38001183,5.6,7.5,6.4,0,0,0,5.75,6.25,8.25,False
38001184,6.2,8.0,5.2,0,0,0,4.5,6.25,8.25,False
38001185,4.2,0,3.2,0,3.0,4.0,0,0,0,True
38001186,7.2,7.25,5.4,0,0,0,5.5,6.25,7.75,False
38001187,4.4,9.0,6.2,0,0,0,7.0,6.25,7.75,False
38001188,6.2,6.5,4.8,6.25,6.5,5.25,0,0,0,True
38001189,6.2,8.25,8.4,0,0,0,9.0,8.75,7.5,False
38001190,6.8,6.5,7.2,7.5,5.75,7.0,0,0,0,True
38001191,6.6,8.5,7.4,0,0,0,7.25,8.25,8.75,False
38001192,7.6,7.25,6.2,7.5,7.5,4.25,0,0,0,True
38001193,5.8,7.5,4.2,0,0,0,3.75,4.75,7.75,False
38001194,4.2,8.25,4.8,0,0,0,7.75,7.75,7.75,False
38001195,6.2,5.75,3.2,0,0,0,3.5,6.0,6.5,False
38001196,5.8,7.5,7.0,0,0,0,7.0,6.75,8.25,False
38001197,4.6,6.5,5.0,0,0,0,4.75,5.75,7.25,False
38001198,7.2,9.0,7.0,4.5,5.75,5.0,0,0,0,True
38001199,6.4,7.0,6.6,6.75,6.5,5.5,0,0,0,True
38001200,8.4,5.0,5.2,7.25,6.25,5.0,0,0,0,True
38001201,6.6,7.0,7.0,0,0,0,7.0,7.75,9.25,False
38001202,7.2,7.25,4.8,7.0,5.25,6.75,0,0,0,True
38001203,5.6,7.0,3.6,0,0,0,8.0,7.5,9.0,False
38001204,5.4,7.0,5.4,0,0,0,5.25,7.0,8.5,False
38001205,7.6,6.0,4.4,8.25,6.5,6.0,0,0,0,True
38001206,3.6,6.75,2.2,0,0,0,4.5,6.25,5.75,False
38001207,3.4,3.75,3.8,0,0,0,5.75,5.5,6.5,False
38001208,5.4,8.5,5.0,0,0,0,8.25,8.25,8.25,False
38001209,7.8,5.0,7.8,6.0,4.25,5.5,0,0,0,True
38001210,5.6,6.5,7.6,5.0,4.75,6.0,0,0,0,True
38001211,7.4,7.75,6.6,5.75,5.5,6.75,0,0,0,True
38001212,5.6,8.0,7.4,5.75,5.0,6.5,0,0,0,True
38001213,5.0,5.75,7.4,4.5,3.75,4.25,0,0,0,True
38001214,6.0,6.75,4.4,0,0,0,7.25,6.25,7.5,False
38001215,3.2,7.25,4.2,0,0,0,4.5,7.25,7.5,False
38001216,7.6,8.75,4.8,8.5,7.5,7.5,0,0,0,True
38001217,5.6,6.75,4.0,0,0,0,5.25,5.25,7.25,False
38001218,5.2,7.5,3.6,5.5,6.0,5.75,0,0,0,True
38001219,8.0,7.75,4.8,0,0,0,7.25,7.75,7.75,False
38001220,6.4,7.5,3.0,0,0,0,7.0,6.0,8.0,False
38001221,8.0,7.5,8.0,6.5,9.0,8.0,0,0,0,True
38001222,8.4,6.75,7.2,8.25,8.5,7.0,0,0,0,True
38001223,5.4,8.5,4.4,0,0,0,9.5,8.25,8.75,False
38001224,7.0,6.08,9.4,0,0,0,8.5,8.5,8.75,False
38001225,0,4.5,0,0,0,0,4.5,4.25,0,False
38001226,6.2,6.08,2.2,0,0,0,5.75,6.5,6.5,False
38001227,5.8,5.75,5.0,3.75,4.5,5.25,0,0,0,True
38001228,7.4,6.75,4.0,0,0,0,7.25,6.0,7.75,False
38001229,4.4,5.91,4.4,0,0,0,5.0,5.75,8.0,False
38001230,2.6,5.5,4.4,0,0,0,5.75,7.0,6.75,False
38001231,7.2,6.0,5.0,7.25,7.5,8.25,0,0,0,True
38001232,4.6,0,3.2,2.5,0,0,0,0,0,True
38001233,8.0,0,0,7.25,7.25,0,0,0,0,True
38001234,0,5.25,0,0,0,0,6.75,7.0,0,False
38001235,4.0,6.25,2.2,0,0,0,8.5,6.5,7.75,False
38001236,5.0,7.75,3.6,0,0,0,8.25,8.0,8.75,False
38001237,6.0,8.0,6.2,5.25,7.75,6.0,0,0,0,True
38001238,7.6,7.0,7.6,3.75,5.0,7.5,0,0,0,True
38001239,7.8,7.75,6.6,6.75,6.75,6.75,0,0,0,True
38001240,5.8,7.5,5.6,0,0,0,6.5,5.5,8.25,False
38001241,5.6,5.5,4.6,0,0,0,6.25,6.5,8.25,False
38001242,5.6,4.0,3.6,3.5,6.25,5.0,0,0,0,True
38001243,5.6,5.75,3.8,0,0,0,6.5,8.75,8.0,False
38001244,7.0,6.25,4.0,6.75,7.0,6.0,0,0,0,True
38001245,7.8,7.75,6.2,7.25,8.0,4.5,0,0,0,True
38001246,6.0,5.0,4.6,4.25,5.25,5.25,0,0,0,True
38001247,5.4,6.25,5.6,5.75,4.0,4.75,0,0,0,True
38001248,4.4,6.25,3.8,0,0,0,5.0,5.75,6.75,False
38001249,6.4,6.0,5.2,4.75,3.5,4.5,0,0,0,True
38001250,7.2,7.25,4.6,6.75,7.5,5.5,0,0,0,True
38001251,6.0,6.75,4.8,4.25,4.25,5.25,0,0,0,True
38001252,6.6,8.5,4.6,0,0,0,9.25,8.0,8.75,False
38001253,6.6,6.5,3.6,7.75,4.5,3.75,0,0,0,True
38001254,0,7.25,0,0,0,0,7.75,7.5,0,False
38001255,7.6,7.0,4.8,7.5,7.25,5.25,0,0,0,True
38001256,4.6,6.0,6.6,0,0,0,5.25,7.5,8.0,False
38001257,5.4,6.75,6.2,0,0,0,7.75,6.75,8.0,False
38001258,7.8,7.5,5.0,6.25,7.25,4.75,0,0,0,True
38001259,4.4,6.25,4.4,4.0,4.5,6.25,0,0,0,True
38001260,7.6,5.75,5.2,4.0,8.5,7.5,0,0,0,True
38001261,5.4,6.5,7.8,0,0,0,6.25,6.0,8.0,False
38001262,7.2,7.5,6.4,7.75,4.5,5.25,0,0,0,True
38001263,6.4,0,0,4.0,5.0,0,0,0,0,True
38001264,6.2,7.75,6.8,0,0,0,7.0,6.75,6.75,False
38001265,6.6,7.75,7.0,5.25,6.25,5.25,0,0,0,True
38001266,8.2,3.0,5.8,7.5,7.5,5.75,0,0,0,True
38001267,7.2,7.5,8.0,0,0,0,6.25,7.0,8.25,False
38001269,6.6,5.0,4.0,6.5,4.75,5.75,0,0,0,True
38001270,8.2,5.33,6.4,8.5,8.5,6.75,0,0,0,True
38001271,6.8,7.25,4.4,5.0,6.0,7.25,0,0,0,True
38001272,6.0,6.0,4.8,0,0,0,7.25,8.0,7.5,False
38001273,6.8,7.25,6.8,0,0,0,7.75,7.75,8.5,False
38001274,6.6,8.0,4.6,0,0,0,6.75,7.0,7.5,False
38001275,7.6,8.0,5.6,0,0,0,5.5,7.25,7.5,False
38001276,6.2,6.25,5.0,5.5,4.5,4.75,0,0,0,True
38001277,7.4,8.25,7.4,0,0,0,9.0,7.75,8.0,False
38001278,5.6,6.0,3.8,4.5,3.5,5.0,0,0,0,True
38001279,5.8,7.25,5.2,0,0,0,8.0,8.0,8.0,False
38001280,3.8,8.0,4.2,0,0,0,5.25,5.25,8.25,False
38001282,7.0,7.5,4.2,0,0,0,6.75,7.0,8.5,False
38001283,4.4,7.0,4.6,0,0,0,7.25,7.75,6.75,False
38001284,5.4,7.75,3.0,0,0,0,5.75,7.5,6.75,False
38001285,8.0,5.75,6.6,8.0,7.75,6.0,0,0,0,True
38001286,4.8,6.0,4.0,0,0,0,6.25,7.0,7.75,False
38001287,7.4,7.5,4.8,0,0,0,7.25,7.25,8.5,False
38001288,6.8,7.0,3.8,0,0,0,7.5,8.25,9.0,False
38001289,7.8,7.5,6.0,7.25,6.75,4.75,0,0,0,True
38001290,5.2,5.75,6.2,0,0,0,7.5,6.75,8.0,False
38001291,5.0,4.25,5.0,4.25,5.5,5.0,0,0,0,True
38001292,7.6,7.75,6.2,7.25,5.75,6.5,0,0,0,True
38001293,4.6,6.0,6.0,0,0,0,7.25,7.25,6.75,False
38001294,9.0,7.25,6.6,9.25,9.25,5.5,0,0,0,True
38001295,4.6,5.5,5.2,0,0,0,8.25,8.75,9.0,False
38001296,6.0,6.75,4.6,2.25,5.25,4.75,0,0,0,True
38001297,5.6,5.0,6.2,0,0,0,7.0,7.25,8.75,False
38001298,5.4,6.75,4.6,0,0,0,6.75,6.5,8.0,False
38001299,4.6,7.75,5.4,5.0,6.25,5.75,0,0,0,True
38001300,6.8,7.25,3.2,4.5,5.0,6.0,0,0,0,True
38001301,4.2,6.25,4.6,3.5,5.0,5.0,0,0,0,True
38001302,5.0,7.0,2.6,0,0,0,4.75,6.25,6.0,False
38001303,5.0,8.5,4.0,0,0,0,7.25,8.25,8.25,False
38001304,6.2,6.5,6.0,0,0,0,7.5,6.0,8.0,False
38001305,7.2,9.0,7.6,0,0,0,7.0,7.5,8.25,False
38001306,6.4,7.75,7.2,0,0,0,6.5,7.25,7.75,False
38001307,5.0,3.75,4.8,0,0,0,7.25,7.0,7.75,False
38001308,6.6,7.5,4.0,4.75,4.0,4.5,0,0,0,True
38001309,6.0,6.0,4.6,5.25,5.0,4.25,0,0,0,True
38001310,8.0,0,8.2,8.0,0,0,0,0,0,True
38001311,6.4,7.5,3.0,6.0,6.5,6.75,0,0,0,True
38001312,5.6,7.0,4.2,0,0,0,6.5,7.0,7.5,False
38001313,7.8,7.75,5.2,7.75,7.5,6.5,0,0,0,True
38001314,7.4,6.5,4.4,4.75,6.5,4.25,0,0,0,True
38001315,7.4,6.75,3.4,8.5,8.5,5.5,0,0,0,True
38001316,6.4,4.25,4.2,5.25,7.5,7.25,0,0,0,True
38001317,5.2,8.0,4.2,0,0,0,7.5,8.25,8.75,False
38001318,7.2,7.0,5.6,8.0,8.25,5.5,0,0,0,True
38001319,5.6,7.25,4.6,0,0,0,5.0,7.0,7.75,False
38001320,7.8,7.25,6.0,5.25,6.25,5.25,0,0,0,True
38001321,6.2,7.0,4.6,0,0,0,5.5,8.0,7.5,False
38001322,7.0,7.0,5.0,7.75,7.25,6.25,0,0,0,True
38001323,5.8,6.75,6.2,4.5,4.5,4.5,0,0,0,True
38001324,8.0,8.0,5.2,8.5,6.25,3.5,0,0,0,True
38001325,6.8,6.5,5.0,4.5,5.25,5.25,0,0,0,True
38001326,4.8,8.5,6.8,0,0,0,7.25,6.75,7.5,False
38001327,5.0,7.75,4.0,0,0,0,5.5,6.25,9.25,False
38001328,4.8,6.75,3.2,0,0,0,7.0,5.75,6.75,False
38001329,8.2,7.75,5.0,7.75,7.75,5.5,0,0,0,True
38001330,6.4,8.5,5.2,0,0,0,7.25,8.75,9.5,False
38001331,8.0,6.0,8.2,8.25,4.75,3.75,0,0,0,True
38001332,5.8,8.5,4.8,0,0,0,8.5,7.75,9.25,False
38001333,5.0,7.75,5.0,0,0,0,6.75,6.25,6.75,False
38001334,6.8,6.75,8.4,7.0,5.75,5.75,0,0,0,True
38001335,8.0,7.75,5.2,7.0,7.75,7.0,0,0,0,True
38001336,8.0,7.0,4.6,8.0,8.25,6.5,0,0,0,True
38001337,8.6,7.75,5.2,5.25,7.5,5.75,0,0,0,True
38001338,7.2,6.75,2.0,3.0,5.75,5.0,0,0,0,True
38001339,5.8,6.75,6.8,0,0,0,7.5,7.25,9.5,False
38001340,6.2,7.75,8.2,0,0,0,0,0,0,False
38001341,6.8,5.75,5.8,5.5,4.75,5.5,0,0,0,True
38001342,4.6,6.5,3.4,0,0,0,9.0,8.5,7.75,False
38001343,6.6,8.5,0,0,0,0,8.25,8.25,8.75,False
38001344,6.0,7.0,5.4,0,0,0,7.0,6.0,8.25,False
38001345,7.8,8.25,7.2,7.0,8.5,8.5,0,0,0,True
38001346,8.6,8.5,7.0,8.75,8.75,7.0,0,0,0,True
38001347,7.6,8.5,4.2,6.75,6.75,5.0,0,0,0,True
38001348,5.8,8.0,6.0,4.0,4.0,4.75,0,0,0,True
38001349,7.4,7.25,4.0,7.0,5.5,5.0,0,0,0,True
38001350,7.2,4.75,4.8,8.0,6.0,5.5,0,0,0,True
38001351,6.0,6.0,3.0,0,0,0,6.5,6.75,7.0,False
38001352,7.8,6.0,4.4,7.0,6.5,5.75,0,0,0,True
38001353,8.2,0,0,0,9.25,7.5,0,0,0,True
38001354,6.0,6.25,3.0,3.75,5.25,6.0,0,0,0,True
38001355,6.8,8.0,4.6,0,0,0,6.25,7.75,9.25,False
38001356,6.0,5.75,4.4,6.25,6.25,6.0,0,0,0,True
38001357,6.4,6.25,4.0,5.5,8.25,4.75,0,0,0,True
38001358,0,8.75,0,0,0,0,9.5,9.25,0,False
38001359,5.2,6.5,6.0,0,0,0,7.0,5.5,7.75,False
38001360,7.0,8.0,4.0,6.0,6.75,5.5,0,0,0,True
38001361,6.2,7.25,7.0,4.75,7.5,6.0,0,0,0,True
38001362,6.0,8.0,5.4,5.75,6.75,5.25,0,0,0,True
38001363,5.6,6.75,4.8,3.75,3.5,4.0,0,0,0,True
38001364,5.8,8.0,4.2,0,0,0,4.75,6.0,8.0,False
38001365,7.4,6.5,3.8,0,0,0,5.5,6.25,6.5,False
38001366,6.0,6.0,5.6,0,0,0,6.5,7.0,8.0,False
38001367,6.0,7.25,7.0,0,0,0,7.5,7.75,9.0,False
38001368,7.6,6.75,6.0,0,0,0,7.0,7.0,7.5,False
38001369,4.2,6.75,4.6,0,0,0,5.75,5.75,7.25,False
38001370,4.6,8.0,5.2,0,0,0,5.25,6.75,8.5,False
38001371,7.4,4.0,4.4,8.0,8.0,6.0,0,0,0,True
38001372,4.4,7.25,5.0,0,0,0,6.25,6.75,7.0,False
38001373,7.4,8.0,7.6,7.25,4.25,5.5,0,0,0,True
38001374,4.4,6.5,4.8,0,0,0,5.5,7.0,6.75,False
38001375,7.4,7.5,4.4,7.0,7.25,7.75,0,0,0,True
38001376,5.6,8.0,4.6,0,0,0,5.5,6.75,8.0,False
38001377,6.8,6.5,6.2,7.5,6.5,3.75,0,0,0,True
38001378,3.8,5.0,3.6,0,0,0,5.0,5.0,6.75,False
38001379,4.2,0,0,0,5.0,5.75,0,0,0,True
38001380,7.0,6.75,5.8,5.25,5.25,4.5,0,0,0,True
38001381,0,5.5,0,0,0,0,4.75,5.75,0,False
38001382,7.6,7.75,4.8,7.75,8.25,6.0,0,0,0,True
38001383,6.6,6.25,5.6,0,0,0,8.0,8.0,8.0,False
38001384,7.6,8.75,7.4,0,0,0,6.25,8.75,8.25,False
38001385,5.2,8.75,4.6,0,0,0,9.5,9.5,9.25,False
38001386,4.0,7.0,2.4,0,0,0,5.25,6.25,7.0,False
38001387,8.2,8.5,5.4,0,0,0,9.75,9.75,8.75,False
38001388,5.0,6.16,0,0,0,0,7.75,8.25,8.25,False
38001389,7.2,5.5,3.8,8.0,7.0,6.0,0,0,0,True
38001390,8.0,6.5,8.2,8.5,3.5,5.5,0,0,0,True
38001391,4.6,5.75,5.4,4.5,4.0,4.25,0,0,0,True
38001392,4.4,6.75,4.4,0,0,0,6.0,7.5,7.75,False
38001393,5.6,6.5,6.0,4.0,7.0,6.5,0,0,0,True
38001394,0,5.75,0,0,0,0,5.0,5.75,0,False
38001395,5.6,7.75,5.0,0,0,0,6.5,8.25,8.25,False
38001396,5.4,5.5,4.0,0,0,0,5.5,6.75,8.5,False
38001397,5.6,9.0,4.4,0,0,0,7.75,8.5,8.25,False
38001398,8.2,6.75,7.4,0,0,0,6.5,9.0,8.0,False
38001399,8.6,7.5,7.6,8.5,4.0,5.75,0,0,0,True
38001400,7.4,5.75,5.0,7.5,9.5,4.75,0,0,0,True
38001401,4.2,7.0,3.4,0,0,0,8.0,6.25,8.5,False
38001402,7.8,7.0,6.8,6.5,4.25,5.0,0,0,0,True
38001403,8.4,6.75,8.0,8.0,4.0,5.5,0,0,0,True
38001404,7.2,6.25,4.0,8.25,8.0,6.0,0,0,0,True
38001405,7.2,6.75,5.0,6.5,6.25,6.25,0,0,0,True
38001406,7.0,7.25,5.0,7.25,6.75,4.0,0,0,0,True
38001407,0,7.25,0,0,0,0,9.25,8.5,0,False
38001408,4.4,8.0,7.4,0,0,0,5.75,5.0,8.0,False
38001409,7.0,7.5,5.0,6.75,6.0,5.0,0,0,0,True
38001410,5.2,8.25,6.0,0,0,0,7.5,9.25,8.75,False
38001411,6.6,7.75,5.0,4.75,6.5,5.5,0,0,0,True
38001412,6.2,6.0,4.4,5.5,5.75,7.5,0,0,0,True
38001413,7.6,8.25,7.4,7.75,3.75,5.5,0,0,0,True
38001414,6.4,8.25,5.6,0,0,0,7.5,7.5,8.0,False
38001415,3.6,7.25,3.4,0,0,0,4.5,5.75,6.75,False
38001416,8.0,7.25,7.2,0,0,0,4.25,8.0,8.5,False
38001417,7.6,8.25,8.0,0,0,0,7.5,6.0,8.25,False
38001418,7.2,7.75,6.6,0,0,0,5.75,5.5,9.0,False
38001419,7.8,7.25,4.8,0,0,0,7.25,7.0,7.25,False
38001420,7.0,8.25,5.6,0,0,0,6.75,8.25,7.75,False
38001421,7.0,5.75,7.4,0,0,0,6.25,5.75,7.25,False
38001422,7.8,7.0,5.0,7.0,6.5,6.75,0,0,0,True
38001423,8.8,8.25,7.2,7.25,7.5,6.5,0,0,0,True
38001424,7.8,8.0,6.8,0,0,0,7.25,8.0,8.25,False
38001425,4.0,8.0,3.2,0,0,0,5.0,6.25,7.5,False
38001426,5.6,7.0,0,0,0,0,4.25,6.25,8.5,False
38001427,7.4,6.25,6.6,4.0,4.75,5.75,0,0,0,True
38001428,6.8,7.0,6.2,7.25,7.0,5.0,0,0,0,True
38001429,5.0,5.75,4.4,4.5,5.75,5.5,0,0,0,True
38001430,4.6,5.0,5.8,4.25,5.75,5.5,0,0,0,True
38001431,7.2,8.0,5.4,0,0,0,7.5,6.5,8.0,False
38001432,7.0,5.75,4.4,4.5,4.0,4.0,0,0,0,True
38001433,8.4,6.0,7.6,8.75,7.0,5.25,0,0,0,True
38001434,7.0,6.0,9.0,3.75,7.0,4.75,0,0,0,True
38001435,7.0,6.0,6.0,0,0,0,6.25,6.25,8.0,False
38001436,5.8,6.25,7.6,6.5,8.25,6.5,0,0,0,True
38001437,4.6,7.0,2.4,0,0,0,6.0,6.25,8.0,False
38001438,6.6,7.75,7.2,0,0,0,6.75,6.5,7.25,False
38001439,6.2,7.0,3.8,7.5,6.5,6.0,0,0,0,True
38001440,5.8,6.0,3.8,0,0,0,6.0,6.25,8.75,False
38001441,7.2,6.25,5.0,6.5,6.25,5.5,0,0,0,True
38001442,7.8,5.75,7.8,6.75,3.5,4.75,0,0,0,True
38001443,5.8,9.0,5.6,0,0,0,9.5,9.75,8.75,False
38001444,5.0,6.25,2.8,0,0,0,5.5,6.75,7.5,False
38001445,7.0,7.0,7.4,0,0,0,6.75,6.0,8.25,False
38001446,6.4,8.5,4.6,0,0,0,8.5,8.25,8.75,False
38001447,6.4,7.75,4.4,6.5,7.25,6.0,0,0,0,True
38001448,7.6,8.0,6.0,8.25,8.0,5.25,0,0,0,True
38001449,5.6,5.0,4.2,3.5,5.0,5.25,0,0,0,True
38001450,4.6,5.5,6.4,0,0,0,5.5,6.0,8.5,False
38001451,7.4,8.25,8.4,0,0,0,7.25,6.5,9.0,False
38001452,6.4,7.0,7.8,0,0,0,6.25,5.5,8.25,False
38001453,6.2,8.0,6.0,5.0,3.75,5.0,0,0,0,True
38001454,8.2,7.0,4.6,5.75,6.5,5.0,0,0,0,True
38001455,4.4,7.0,4.2,0,0,0,7.0,7.5,8.0,False
38001456,6.2,7.5,6.0,0,0,0,7.5,7.0,8.0,False
38001457,5.8,8.0,3.8,0,0,0,7.0,8.25,9.0,False
38001458,6.2,7.0,5.4,0,0,0,6.25,7.75,9.5,False
38001459,6.6,6.5,5.8,0,0,0,5.5,6.75,7.75,False
38001460,6.0,6.75,3.6,0,0,0,6.5,7.75,8.5,False
38001461,8.8,8.75,8.6,6.75,8.75,6.5,0,0,0,True
38001462,7.4,8.25,8.2,7.75,4.5,6.5,0,0,0,True
38001463,8.4,8.75,9.0,7.75,6.75,7.0,0,0,0,True
38001464,7.8,7.25,9.2,8.75,6.75,6.75,0,0,0,True
38001465,7.4,7.25,6.8,6.5,4.75,6.25,0,0,0,True
38001467,8.2,8.75,7.2,8.5,8.75,7.0,0,0,0,True
38001468,6.8,6.5,7.8,8.0,3.25,6.5,0,0,0,True
38001469,7.6,8.75,9.2,0,0,0,7.75,9.25,9.5,False
38001470,6.8,7.5,6.0,5.75,7.0,5.25,0,0,0,True
38001471,7.8,8.25,9.2,0,0,0,6.5,7.0,8.5,False
38001472,0,4.75,0,0,0,0,4.25,4.0,0,False
38001473,8.0,7.75,8.2,8.25,5.75,7.75,0,0,0,True
38001474,8.4,7.75,8.6,8.25,6.75,5.5,0,0,0,True
38001475,7.6,7.25,7.8,7.75,6.75,6.0,0,0,0,True
38001476,8.6,8.25,9.0,8.75,7.75,8.25,0,0,0,True
38001477,3.2,0,0,2.25,1.5,0,0,0,0,True
38001478,7.2,7.75,5.8,6.5,7.25,5.0,0,0,0,True
38001479,8.8,6.25,8.2,8.5,5.25,6.0,0,0,0,True
38001480,7.4,9.25,9.0,0,0,0,7.5,8.25,9.5,False
38001481,6.4,7.0,9.8,0,0,0,8.25,6.5,7.5,False
38001482,6.6,8.25,8.0,0,0,0,7.0,7.75,9.5,False
38001483,7.6,9.0,9.0,0,0,0,8.75,8.25,9.0,False
38001484,8.2,8.25,8.6,5.0,4.5,6.75,0,0,0,True
38001485,8.6,8.75,6.8,8.5,8.75,6.25,0,0,0,True
38001486,8.4,7.5,5.2,8.5,5.25,7.0,0,0,0,True
38001487,7.4,9.0,9.4,0,0,0,9.25,8.75,9.25,False
38001488,8.4,7.75,8.0,5.25,7.25,5.5,0,0,0,True
38001489,7.2,8.0,9.2,0,0,0,5.75,6.0,8.25,False
38001490,7.4,8.75,8.6,0,0,0,6.75,7.75,9.0,False
38001491,8.4,8.5,6.2,8.75,8.5,8.5,0,0,0,True
38001492,7.8,8.5,0,0,0,0,6.5,6.75,9.0,False
38001493,8.4,8.5,7.8,8.5,5.5,6.5,0,0,0,True
38001494,9.2,7.75,5.0,9.0,8.25,7.25,0,0,0,True
38001495,6.6,7.5,8.6,0,0,0,8.75,8.0,9.25,False
38001496,7.0,8.5,9.6,0,0,0,8.25,6.75,8.75,False
38001497,7.8,6.5,8.0,7.75,6.5,8.25,0,0,0,True
38001498,7.2,7.0,8.0,4.75,7.25,5.25,0,0,0,True
38001499,8.0,7.0,8.2,8.0,7.0,6.25,0,0,0,True
38001500,0,6.25,0,0,0,0,9.5,9.25,0,False
38001501,8.0,5.75,0,4.75,5.25,7.5,0,0,0,True
38001502,8.8,6.25,7.4,9.0,8.75,5.75,0,0,0,True
38001503,5.4,5.5,0,0,0,0,9.25,9.5,8.25,False
38001504,8.2,7.25,6.8,8.5,5.0,5.5,0,0,0,True
38001505,3.2,0,3.8,1.75,0,0,0,0,0,True
38001506,7.4,6.75,9.6,0,0,0,9.0,9.0,9.5,False
38001507,9.0,7.75,9.4,9.25,8.25,8.25,0,0,0,True
38001508,9.0,7.25,9.4,8.25,6.75,7.5,0,0,0,True
38001509,8.6,8.5,6.4,7.25,9.5,8.25,0,0,0,True
38001510,8.2,8.5,8.8,0,0,0,8.0,7.5,8.5,False
38001511,7.8,7.25,8.2,0,0,0,7.25,7.75,8.5,False
38001512,7.6,9.25,9.4,0,0,0,8.0,8.25,10.0,False
38001513,7.0,8.75,8.0,0,0,0,7.75,7.0,9.0,False
38001514,6.2,6.25,0,0,0,0,7.75,0,0,False
38001515,8.2,6.5,7.6,6.25,9.0,8.25,0,0,0,True
38001516,8.8,5.75,8.6,0,0,0,7.25,7.75,8.75,False
38001517,8.4,7.25,3.8,8.75,9.25,5.5,0,0,0,True
38001518,0,5.5,0,0,0,0,7.25,6.75,0,False
38001519,7.4,6.0,0,0,0,0,5.75,0,0,False
38001520,7.0,8.0,5.4,4.5,5.75,5.0,0,0,0,True
38001521,0,8.5,0,0,0,0,8.25,9.25,0,False
38001522,0,6.0,0,0,0,0,8.0,6.5,0,False
38001523,7.6,8.5,7.2,7.5,8.75,9.25,0,0,0,True
38001524,8.8,0,0,0,9.5,8.25,0,0,0,True
38001525,7.8,9.0,8.8,0,0,0,7.0,7.5,8.75,False
38001526,6.8,9.25,8.6,0,0,0,9.0,8.5,8.75,False
38001527,8.6,7.75,8.4,9.0,6.5,7.75,0,0,0,True
38001528,7.4,7.5,8.8,0,0,0,8.25,8.0,9.25,False
38001529,8.6,7.5,7.6,8.75,8.25,6.25,0,0,0,True
38001530,8.0,8.0,9.4,7.5,9.5,8.25,0,0,0,True
38001531,7.8,8.25,9.0,0,0,0,7.75,8.25,9.5,False
38001532,8.0,9.25,8.8,0,0,0,8.5,8.25,9.5,False
38001533,8.0,7.5,8.4,8.5,8.0,7.25,0,0,0,True
38001534,8.4,8.5,8.6,9.25,6.0,6.25,0,0,0,True
38001535,7.6,6.75,8.6,4.25,6.25,6.25,0,0,0,True
38001536,8.6,6.0,8.8,7.0,9.25,6.0,0,0,0,True
38001537,7.4,8.25,7.0,8.0,8.5,7.5,0,0,0,True
38001538,8.2,8.25,8.4,8.5,6.25,6.75,0,0,0,True
38001539,0,5.5,0,0,0,0,4.0,8.25,0,False
38001540,7.8,6.75,7.8,7.25,5.0,7.5,0,0,0,True
38001541,7.8,9.0,9.2,0,0,0,7.75,8.0,9.25,False
38001542,8.2,0,0,7.75,8.5,4.5,0,0,0,True
38001543,7.8,9.0,8.8,6.25,9.25,9.25,0,0,0,True
38001544,6.2,9.0,6.6,0,0,0,8.5,9.5,9.5,False
38001545,8.2,7.91,8.4,6.0,9.0,6.25,0,0,0,True
38001546,8.0,8.5,8.8,0,0,0,8.0,8.5,8.0,False
38001547,8.0,8.5,9.4,0,0,0,7.25,8.75,9.5,False
38001548,6.8,6.5,5.2,6.0,7.0,8.0,0,0,0,True
38001549,8.2,7.5,9.0,7.75,7.0,7.5,0,0,0,True
38001550,8.2,7.75,9.2,8.75,5.75,6.75,0,0,0,True
38001551,7.4,6.75,0,0,0,0,9.0,0,0,False
38001552,7.2,6.5,7.0,7.75,8.25,6.75,0,0,0,True
38001553,8.0,6.5,7.4,8.5,6.75,6.75,0,0,0,True
38001554,7.0,7.5,8.0,6.0,7.25,8.0,0,0,0,True
38001555,8.4,6.75,8.8,7.5,6.25,7.5,0,0,0,True
38001556,8.2,6.0,6.4,9.0,9.25,7.75,0,0,0,True
38001557,7.8,6.75,9.2,7.0,7.75,7.75,0,0,0,True
38001558,0,7.0,0,0,0,0,8.75,9.5,0,False
38001559,0,5.75,0,0,0,0,6.75,5.5,0,False
38001560,8.2,6.5,8.0,7.0,7.25,8.5,0,0,0,True
38001561,8.8,7.0,9.0,8.0,7.75,6.75,0,0,0,True
38001562,0,7.0,0,0,0,0,8.0,7.5,0,False
38001563,0,7.25,0,0,0,0,7.25,8.75,0,False
38001564,5.6,7.0,5.4,0,0,0,0,0,0,False
38001565,7.4,6.5,6.2,6.75,6.5,6.25,0,0,0,True
38001566,3.6,6.25,0,0,0,0,5.75,0,0,False
38001567,8.4,7.75,8.8,5.75,5.25,6.25,0,0,0,True
38001568,0,6.25,0,0,0,0,8.25,8.25,0,False
38001569,8.6,8.75,9.6,8.25,9.0,7.25,0,0,0,True
38001570,7.6,7.75,8.6,3.5,8.75,8.5,0,0,0,True
38001571,8.0,8.5,9.8,0,0,0,8.25,8.5,9.0,False
38001572,8.6,7.0,9.0,8.0,7.75,6.5,0,0,0,True
38001573,7.8,9.25,9.0,0,0,0,6.25,7.25,7.75,False
38001574,8.0,6.5,7.0,6.5,8.75,7.75,0,0,0,True
38001575,7.8,8.25,7.2,8.25,8.75,7.5,0,0,0,True
38001576,7.6,8.5,7.4,8.25,8.75,7.25,0,0,0,True
38001577,9.2,7.25,9.0,7.25,7.0,7.25,0,0,0,True
38001578,0,4.25,0,0,0,0,5.25,4.0,0,False
38001579,6.4,7.75,8.2,0,0,0,6.25,6.75,8.75,False
38001580,7.6,9.0,8.2,0,0,0,8.5,8.0,8.5,False
38001581,6.6,8.5,8.6,0,0,0,7.5,7.5,8.5,False
38001582,8.4,8.75,8.6,7.25,6.75,7.25,0,0,0,True
38001583,8.4,9.25,9.4,8.5,8.25,8.0,0,0,0,True
38001584,7.4,9.0,7.8,0,0,0,7.75,7.0,8.5,False
38001585,7.8,9.5,9.0,0,0,0,7.25,8.5,8.75,False
38001586,8.0,8.5,9.4,6.5,5.25,6.0,0,0,0,True
38001587,7.8,8.25,8.8,8.0,6.75,6.5,0,0,0,True
38001588,8.2,9.25,8.4,0,0,0,6.5,7.5,8.5,False
38001589,8.4,8.25,7.6,0,0,0,7.0,7.0,8.0,False
38001590,8.2,9.0,8.6,0,0,0,0,0,0,False
38001591,7.0,8.0,7.4,0,0,0,7.75,7.75,9.5,False
38001592,8.8,8.25,9.2,0,0,0,7.5,8.75,8.75,False
38001593,7.6,9.0,8.0,0,0,0,7.75,9.25,8.75,False
38001594,8.0,8.25,9.0,7.75,8.75,8.25,0,0,0,True
38001595,0,7.75,0,0,0,0,9.5,9.75,0,False
38001596,8.6,9.25,8.2,0,0,0,7.75,8.0,8.75,False
38001597,5.4,7.25,7.8,0,0,0,5.5,7.75,7.5,False
38001598,7.6,8.5,8.0,0,0,0,8.25,9.5,9.5,False
38001599,9.0,7.75,9.6,7.5,7.75,7.0,0,0,0,True
38001600,0,5.5,0,0,0,0,6.0,6.25,0,False
38001601,0,7.75,0,0,0,0,7.25,8.25,0,False
38001602,8.4,8.5,9.4,8.5,9.5,7.0,0,0,0,True
38001603,9.0,7.0,9.6,8.5,6.75,6.75,0,0,0,True
38001604,0,8.0,0,0,0,0,8.25,7.75,0,False
38001605,8.2,6.0,5.2,7.0,7.5,6.75,0,0,0,True
38001606,6.8,8.5,8.6,0,0,0,8.75,8.5,8.75,False
38001607,8.2,7.25,0,7.75,9.25,5.75,0,0,0,True
38001608,7.6,7.83,9.4,8.5,6.0,6.75,0,0,0,True
38001609,7.8,6.25,6.4,8.25,7.0,6.75,0,0,0,True
38001610,8.0,8.25,7.8,6.0,4.25,5.25,0,0,0,True
38001611,5.6,8.75,8.8,0,0,0,6.5,7.25,9.0,False
38001612,7.6,7.0,7.6,8.0,9.0,7.0,0,0,0,True
38001613,0,5.5,0,0,0,0,8.25,8.5,0,False
38001614,8.2,7.5,7.2,8.0,7.5,7.75,0,0,0,True
38001615,0,5.5,0,0,0,0,6.75,8.0,0,False
38001616,8.2,6.75,7.2,9.0,10.0,6.0,0,0,0,True
38001617,8.4,6.5,0,8.5,6.5,5.5,0,0,0,True
38001618,7.8,0,0,0,8.25,8.75,0,0,0,True
38001619,8.0,6.5,7.0,8.75,9.0,8.5,0,0,0,True
38001620,0,6.0,0,0,0,0,8.0,7.25,0,False
38001621,8.6,8.0,8.2,8.5,9.5,7.0,0,0,0,True
38001622,8.4,5.75,5.2,8.0,9.75,6.0,0,0,0,True
38001623,8.2,6.25,8.4,7.75,3.75,7.0,0,0,0,True
38001624,4.4,7.0,0,0,0,0,9.25,9.0,0,False
38001625,8.4,0,0,0,9.25,8.75,0,0,0,True
38001626,7.6,6.75,7.6,9.0,8.25,6.5,0,0,0,True
38001627,8.8,5.0,0,8.25,9.0,6.75,0,0,0,True
38001628,8.4,7.0,6.4,8.5,7.5,7.0,0,0,0,True
38001629,7.6,6.5,6.0,4.0,9.0,7.75,0,0,0,True
38001630,8.4,6.25,8.6,5.5,9.0,6.25,0,0,0,True
38001631,8.4,9.5,6.4,0,0,0,9.0,8.75,9.25,False
38001632,0,6.75,0,0,0,0,7.0,8.75,0,False
38001633,0,5.0,0,0,0,0,8.0,9.0,0,False
38001634,8.0,7.25,7.8,6.5,8.5,8.75,0,0,0,True
38001635,8.2,5.25,7.8,7.75,5.5,7.75,0,0,0,True
38001636,0,4.5,0,0,0,0,6.25,4.5,0,False
38001637,8.0,4.5,8.2,0,0,0,7.75,8.25,9.5,False
38001638,8.6,8.0,9.2,8.75,5.75,6.75,0,0,0,True
38001639,8.2,0,0,0,8.25,8.75,0,0,0,True
38001640,7.2,0,7.6,8.0,0,0,0,0,0,True
38001641,8.2,8.25,8.0,0,0,0,7.0,7.25,8.0,False
38001642,8.8,7.75,7.6,8.5,7.0,7.0,0,0,0,True
38001643,8.2,6.08,8.8,8.75,7.75,8.5,0,0,0,True
38001644,7.8,8.0,7.4,7.5,7.75,5.25,0,0,0,True
38001645,8.8,7.25,9.4,8.75,9.25,7.75,0,0,0,True
38001646,7.0,6.75,9.0,7.5,5.25,6.75,0,0,0,True
38001647,7.8,7.75,7.8,0,0,0,6.25,5.75,7.5,False
38001648,0,5.5,0,0,0,0,7.25,7.25,0,False
38001649,8.2,6.75,6.4,7.5,8.25,4.5,0,0,0,True
38001650,8.2,7.25,7.8,6.0,8.75,8.75,0,0,0,True
38001651,6.0,8.5,9.8,0,0,0,7.5,7.75,9.25,False
38001652,7.2,9.0,7.2,0,0,0,8.25,7.25,8.75,False
38001653,5.2,5.75,5.8,5.0,4.5,6.25,0,0,0,True
38001654,7.4,7.0,9.0,0,0,0,6.75,8.0,9.0,False
38001655,8.4,6.5,8.6,7.75,5.0,7.25,0,0,0,True
38001656,7.6,7.33,6.4,5.0,7.0,7.75,0,0,0,True
38001657,8.4,7.5,8.6,7.75,5.25,6.0,0,0,0,True
38001658,8.6,5.75,8.8,8.25,8.0,7.5,0,0,0,True
38001659,0,4.0,0,0,0,0,7.0,6.75,0,False
38001660,8.8,7.5,9.6,8.75,8.25,8.75,0,0,0,True
38001661,8.0,7.0,8.6,8.25,7.5,7.5,0,0,0,True
38001662,8.2,8.0,9.4,0,0,0,9.75,9.25,9.0,False
38001663,8.0,7.0,9.2,8.25,9.0,7.5,0,0,0,True
38001664,7.6,8.5,9.4,0,0,0,7.75,8.5,9.0,False
38001665,7.6,6.5,8.0,5.5,7.25,6.75,0,0,0,True
38001666,7.6,9.25,8.6,5.5,6.0,7.5,0,0,0,True
38001667,8.4,8.25,7.8,8.75,5.5,5.75,0,0,0,True
38001668,8.2,8.5,8.6,8.0,6.0,6.75,0,0,0,True
38001669,8.6,5.75,7.8,9.0,8.75,7.0,0,0,0,True
38001670,7.4,8.5,9.4,0,0,0,7.5,8.25,8.75,False
38001671,7.4,8.5,8.8,0,0,0,5.25,6.5,8.25,False
38001672,7.8,7.0,8.6,6.75,7.25,6.0,0,0,0,True
38001673,6.8,6.25,0,0,0,0,8.5,0,0,False
38001674,8.6,6.0,8.2,7.5,8.5,6.0,0,0,0,True
38001675,0,6.75,0,0,0,0,9.25,9.75,0,False
38001676,5.2,6.75,7.8,0,0,0,7.25,6.75,9.25,False
38001677,8.4,0,0,8.25,8.25,0,0,0,0,True
38001678,8.8,8.0,6.6,9.5,9.5,5.75,0,0,0,True
38001679,8.8,8.5,9.0,8.75,7.25,7.75,0,0,0,True
38001680,0,3.0,0,0,0,0,4.0,4.25,0,False
38001681,9.0,7.0,6.2,8.75,9.25,7.0,0,0,0,True
38001682,0,5.5,0,0,0,0,9.25,8.25,0,False
38001683,8.0,8.25,8.6,0,0,0,8.25,9.5,9.25,False
38001684,7.8,7.75,8.6,0,0,0,6.5,8.5,9.0,False
38001685,0,6.0,0,0,0,0,6.5,7.75,0,False
38001686,7.4,7.25,8.2,0,0,0,7.5,8.5,9.0,False
38001687,8.8,7.25,8.8,7.75,6.5,8.75,0,0,0,True
38001688,7.8,8.0,8.8,8.5,4.25,6.25,0,0,0,True
38001689,5.8,4.75,6.8,0,0,0,6.5,8.0,9.5,False
38001690,7.8,7.0,8.4,7.25,6.75,7.0,0,0,0,True
38001691,8.0,8.5,9.0,5.0,8.25,8.5,0,0,0,True
38001692,8.0,8.75,9.6,8.25,8.75,8.25,0,0,0,True
38001693,8.0,8.0,9.2,9.0,7.5,7.0,0,0,0,True
38001694,6.8,7.5,7.6,0,0,0,6.25,7.0,8.5,False
38001695,7.4,5.75,4.4,8.5,9.0,5.25,0,0,0,True
38001696,8.4,7.25,6.4,7.5,8.75,9.0,0,0,0,True
38001697,8.4,7.5,7.8,0,0,0,8.5,8.5,8.75,False
38001698,7.6,8.25,8.2,0,0,0,7.25,6.5,9.0,False
38001699,8.2,8.5,6.6,0,0,0,8.0,7.75,7.75,False
38001700,7.8,8.0,5.2,8.0,7.75,7.0,0,0,0,True
38001701,8.4,8.5,8.4,8.0,7.75,7.0,0,0,0,True
38001702,8.2,6.25,5.4,7.25,7.5,6.75,0,0,0,True
38001703,7.8,8.0,9.4,8.25,7.0,7.25,0,0,0,True
38001704,9.2,6.75,7.4,7.5,7.0,6.5,0,0,0,True
38001705,8.4,6.75,7.4,7.0,9.0,7.0,0,0,0,True
38001706,7.8,7.0,9.0,8.0,8.5,7.75,0,0,0,True
38001707,9.0,7.25,8.4,8.75,7.0,8.5,0,0,0,True
38001708,0,3.75,0,0,0,0,7.75,5.0,0,False
38001709,0,2.75,0,0,0,0,4.5,7.25,0,False
38001710,0,6.0,0,0,0,0,9.5,8.75,0,False
38001711,9.6,5.0,5.2,9.75,8.75,7.5,0,0,0,True
38001712,8.8,0,0,4.0,8.75,8.5,0,0,0,True
38001713,9.0,7.25,6.4,8.5,9.25,6.5,0,0,0,True
38001714,6.8,7.0,5.4,6.75,6.25,5.75,0,0,0,True
38001716,8.8,6.0,8.0,9.0,9.0,6.5,0,0,0,True
38001717,7.8,8.0,7.4,0,0,0,8.75,8.75,9.25,False
38001718,9.0,7.25,8.4,9.0,9.5,7.0,0,0,0,True
38001719,7.8,8.75,9.2,0,0,0,9.75,10.0,9.0,False
38001720,7.2,6.75,0,7.25,8.25,6.0,0,0,0,True
38001721,7.8,8.25,9.2,8.75,7.5,6.75,0,0,0,True
38001722,7.4,8.5,8.4,0,0,0,7.25,8.25,9.75,False
38001723,8.8,8.25,8.8,9.0,10.0,5.75,0,0,0,True
38001724,9.0,6.75,8.8,8.5,7.75,7.0,0,0,0,True
38001725,7.6,8.25,8.0,0,0,0,9.75,10.0,9.75,False
38001726,8.8,8.5,6.0,6.75,9.0,9.25,0,0,0,True
38001727,8.8,9.5,7.8,0,0,0,7.0,8.25,9.25,False
38001728,8.2,7.75,0,4.5,7.75,8.0,0,0,0,True
38001729,7.8,6.75,9.4,8.75,7.5,8.25,0,0,0,True
38001730,8.4,7.25,5.4,7.25,8.25,7.75,0,0,0,True
38001731,7.2,6.0,0,0,0,0,8.0,0,0,False
38001732,0,8.0,0,0,0,0,9.75,9.75,0,False
38001733,8.2,9.0,8.0,0,0,0,7.75,8.25,8.25,False
38001734,8.2,9.5,9.2,0,0,0,8.25,9.0,9.5,False
38001735,7.8,9.0,9.0,6.5,5.25,5.75,0,0,0,True
38001736,7.8,8.0,9.4,0,0,0,7.0,7.75,8.5,False
38001737,8.6,8.0,6.0,8.75,8.25,6.75,0,0,0,True
38001738,7.6,7.75,9.2,0,0,0,6.75,7.5,9.25,False
38001739,8.0,7.0,8.0,7.5,8.25,7.25,0,0,0,True
38001740,7.2,8.0,6.8,0,0,0,7.25,8.25,8.25,False
38001741,8.2,8.25,7.4,0,0,0,7.25,8.5,9.0,False
38001742,8.4,7.0,8.4,6.0,9.25,5.0,0,0,0,True
38001743,7.0,7.25,9.6,0,0,0,7.25,7.5,10.0,False
38001744,7.4,8.5,9.6,0,0,0,0,0,0,False
38001745,7.6,7.75,7.0,0,0,0,8.25,7.5,9.5,False
38001746,7.6,7.5,8.2,7.25,4.75,6.0,0,0,0,True
38001747,6.8,8.25,8.0,0,0,0,6.0,7.5,8.5,False
38001748,7.6,7.5,8.0,6.25,7.5,7.75,0,0,0,True
38001749,8.6,9.0,0,0,0,0,9.25,9.75,9.5,False
38001750,8.0,7.25,8.8,8.25,6.25,6.5,0,0,0,True
38001751,0,7.0,0,0,0,0,8.25,7.25,0,False
38001752,0,5.5,0,0,0,0,8.25,7.75,0,False
38001753,5.8,6.5,8.6,0,0,0,7.25,7.75,7.25,False
38001754,8.2,8.0,8.2,4.5,7.0,6.5,0,0,0,True
38001755,7.4,8.25,9.2,0,0,0,8.75,7.0,8.75,False
38001756,8.2,7.75,8.4,9.0,7.0,7.0,0,0,0,True
38001757,8.8,6.75,6.8,7.0,9.75,9.75,0,0,0,True
38001758,7.4,8.75,8.8,0,0,0,8.25,9.25,8.75,False
38001759,8.2,9.25,9.6,8.25,7.0,6.0,0,0,0,True
38001760,8.2,8.25,8.8,0,0,0,8.5,9.0,9.5,False
38001761,7.2,0,8.8,7.75,0,0,0,0,0,True
38001762,8.0,8.75,9.0,0,0,0,7.75,9.0,9.25,False
38001763,8.2,6.0,7.6,8.25,7.75,7.0,0,0,0,True
38001764,8.8,7.5,0,7.0,8.0,7.25,0,0,0,True
38001765,8.2,7.75,7.6,4.0,9.5,9.0,0,0,0,True
38001766,8.4,7.5,5.8,4.0,8.75,8.75,0,0,0,True
38001767,8.2,9.25,8.6,0,0,0,9.75,9.25,9.5,False
38001768,8.0,8.75,7.8,0,0,0,9.5,9.5,9.25,False
38001769,7.8,6.75,7.8,6.25,7.75,6.25,0,0,0,True
38001770,7.8,8.5,6.0,8.25,8.5,8.0,0,0,0,True
38001771,7.4,9.25,9.0,0,0,0,7.75,9.0,9.75,False
38001772,5.0,7.75,7.2,0,0,0,7.25,7.25,8.5,False
38001773,8.2,6.0,8.4,7.75,7.75,7.25,0,0,0,True
38001774,7.8,8.25,6.6,9.0,9.0,7.25,0,0,0,True
38001775,8.4,6.5,8.2,8.0,7.75,8.0,0,0,0,True
38001776,8.4,6.5,9.2,5.25,8.0,6.0,0,0,0,True
38001777,8.8,6.75,7.6,8.5,9.0,6.0,0,0,0,True
38001778,0,4.5,0,0,0,0,6.25,6.5,0,False
38001779,6.4,8.25,8.6,0,0,0,8.25,7.0,8.75,False
38001780,7.0,8.0,9.4,0,0,0,7.0,8.25,8.0,False
38001781,7.0,6.75,9.0,0,0,0,7.5,7.0,8.5,False
38001782,8.6,7.0,9.4,8.75,5.75,6.5,0,0,0,True
38001783,8.6,6.25,6.8,7.5,6.5,6.0,0,0,0,True
38001784,0,5.75,0,0,0,0,7.0,8.0,0,False
38001785,8.2,7.75,7.8,8.25,8.75,6.75,0,0,0,True
38001786,8.2,8.75,7.0,8.25,9.5,6.75,0,0,0,True
38001787,0,5.75,0,0,0,0,7.5,6.5,0,False
38001788,7.4,9.25,7.6,0,0,0,7.25,7.25,8.5,False
38001789,8.2,9.25,9.2,0,0,0,7.5,8.25,8.75,False
38001790,8.4,7.5,6.0,9.25,8.75,6.75,0,0,0,True
38001791,8.4,9.25,9.4,0,0,0,8.5,9.0,8.75,False
38001792,0,5.75,0,0,0,0,5.0,5.25,0,False
38001793,0,5.5,0,0,0,0,5.75,6.0,0,False
38001794,7.6,7.0,5.0,5.0,8.5,7.75,0,0,0,True
38001795,7.6,8.75,9.6,7.75,6.25,7.0,0,0,0,True
38001796,7.4,8.5,8.6,0,0,0,7.75,8.5,9.5,False
38001797,8.6,8.0,0,8.0,6.0,7.25,0,0,0,True
38001798,8.8,8.5,9.0,8.0,9.0,8.5,0,0,0,True
38001799,8.4,8.5,9.0,6.75,9.0,8.5,0,0,0,True
38001800,6.8,6.5,5.6,3.75,7.0,7.75,0,0,0,True
38001801,8.0,9.0,8.2,0,0,0,7.0,6.25,8.0,False
38001802,7.6,9.5,8.6,0,0,0,6.75,6.5,9.25,False
38001803,7.8,8.5,6.2,6.75,7.5,6.75,0,0,0,True
38001804,7.0,8.25,7.2,8.25,8.25,6.25,0,0,0,True
38001805,6.4,7.25,7.6,3.25,7.5,6.5,0,0,0,True
38001806,8.4,9.75,9.4,0,0,0,9.5,9.5,9.75,False
38001807,7.4,8.5,9.0,0,0,0,6.75,7.5,9.0,False
38001808,8.0,8.75,8.4,0,0,0,7.75,6.5,8.5,False
38001809,8.0,7.25,7.8,0,0,0,0,0,0,False
38001810,0,4.0,0,0,0,0,3.5,5.75,0,False
38001811,6.6,8.0,8.2,0,0,0,7.75,8.0,9.0,False
38001812,7.4,9.5,8.2,0,0,0,8.25,8.25,7.5,False
38001813,8.6,7.0,6.2,8.0,8.0,6.5,0,0,0,True
38001814,9.0,7.75,7.6,8.75,9.0,7.5,0,0,0,True
38001815,7.0,7.75,6.6,6.75,4.75,5.25,0,0,0,True
38001816,7.6,8.0,8.6,0,0,0,7.5,7.75,9.5,False
38001817,8.4,8.0,6.6,7.25,9.25,7.25,0,0,0,True
38001818,8.6,7.25,7.2,8.0,10.0,6.25,0,0,0,True
38001819,8.0,8.5,7.8,0,0,0,7.25,7.25,9.5,False
38001820,6.2,8.0,8.0,0,0,0,7.25,8.0,9.0,False
38001821,6.6,7.75,8.2,5.75,6.5,6.0,0,0,0,True
38001822,8.6,8.0,7.8,8.25,6.0,5.25,0,0,0,True
38001823,8.4,6.25,9.8,7.0,9.0,8.0,0,0,0,True
38001824,8.4,6.75,9.0,8.5,6.0,6.0,0,0,0,True
38001825,0,5.75,0,0,0,0,7.25,7.75,0,False
38001826,0,5.25,0,0,0,0,2.5,3.5,0,False
38001827,7.6,8.25,6.8,4.75,7.5,8.5,0,0,0,True
38001828,8.8,6.5,8.0,8.25,7.75,7.0,0,0,0,True
38001829,7.8,8.5,8.6,7.5,4.25,6.25,0,0,0,True
38001830,8.0,8.25,7.4,8.25,8.5,7.5,0,0,0,True
38001831,7.8,7.75,0,7.0,5.0,7.5,0,0,0,True
38001832,7.4,7.25,7.0,5.0,7.5,8.0,0,0,0,True
38001833,9.0,0,0,0,9.75,8.75,0,0,0,True
38001834,8.4,7.75,5.8,6.0,9.25,8.25,0,0,0,True
38001835,8.0,8.75,9.4,0,0,0,9.0,9.5,8.5,False
38001836,9.2,8.25,9.0,8.75,9.5,7.75,0,0,0,True
38001837,7.4,0,0,7.5,5.25,0,0,0,0,True
38001838,6.0,6.5,0,0,0,0,5.5,0,0,False
38001839,8.6,5.5,7.4,8.25,5.75,6.0,0,0,0,True
38001840,8.6,7.0,6.0,8.0,7.5,5.5,0,0,0,True
38001841,0,4.5,0,0,0,0,5.75,7.5,0,False
38001842,8.8,6.0,7.4,5.5,8.75,8.0,0,0,0,True
38001843,7.6,7.5,8.6,0,0,0,7.0,6.75,9.25,False
38001844,8.4,6.25,7.6,8.25,8.25,7.0,0,0,0,True
38001845,8.6,7.75,8.4,9.5,9.5,7.75,0,0,0,True
38001846,8.4,9.0,9.0,9.5,5.5,7.75,0,0,0,True
38001847,8.6,8.5,8.8,7.75,8.75,6.25,0,0,0,True
38001848,0,7.5,0,0,0,0,9.75,9.0,0,False
38001849,9.2,8.0,7.8,9.0,8.5,7.0,0,0,0,True
38001850,2.0,4.5,0,0,0,0,3.75,0,0,False
38001851,6.8,6.5,0,4.75,4.25,7.25,0,0,0,True
38001852,8.8,6.75,6.6,5.75,9.75,9.75,0,0,0,True
38001853,8.6,8.5,7.2,7.25,8.5,6.5,0,0,0,True
38001854,7.0,7.0,9.0,0,0,0,6.5,7.75,8.75,False
38001855,8.0,6.25,5.4,3.75,8.75,9.0,0,0,0,True
38001856,8.4,6.41,4.8,8.25,8.75,6.0,0,0,0,True
38001857,7.6,8.25,7.6,0,0,0,6.5,8.75,9.0,False
38001858,0,3.0,0,0,0,0,5.0,4.5,0,False
38001859,0,1.5,0,0,0,0,3.5,3.75,0,False
38001860,9.0,7.25,0,6.5,8.75,9.25,0,0,0,True
38001861,7.6,7.25,8.6,8.0,5.75,7.0,0,0,0,True
38001862,6.2,7.58,0,0,0,0,8.75,0,0,False
38001863,0,5.0,0,0,0,0,4.0,5.75,0,False
38001864,8.2,7.5,7.8,4.0,4.0,4.75,0,0,0,True
38001865,0,4.75,0,0,0,0,5.75,6.25,0,False
38001866,8.2,0,8.6,8.25,0,0,0,0,0,True
38001867,7.2,6.75,9.2,0,0,0,5.0,7.0,8.25,False
38001868,7.2,8.25,8.2,0,0,0,8.5,9.5,9.0,False
38001869,7.8,8.5,8.6,0,0,0,0,0,0,False
38001870,6.4,8.0,7.2,0,0,0,7.0,6.75,8.0,False
38001871,8.0,8.25,8.4,0,0,0,7.25,7.0,8.0,False
38001872,7.8,8.25,0,0,0,0,9.75,0,0,False
38001873,8.0,6.25,8.8,8.0,5.0,4.5,0,0,0,True
38001874,8.0,9.25,9.2,0,0,0,7.0,8.25,9.5,False
38001875,9.2,7.0,6.2,8.25,6.0,7.25,0,0,0,True
38001876,7.4,7.5,8.4,5.25,5.75,7.25,0,0,0,True
38001877,8.2,7.25,6.4,7.5,8.0,6.5,0,0,0,True
38001878,8.0,8.25,6.2,7.75,7.75,6.0,0,0,0,True
38001879,8.6,6.25,8.8,9.5,7.0,7.25,0,0,0,True
38001880,7.0,7.0,5.0,7.75,6.75,4.75,0,0,0,True
38001881,0,7.0,0,0,0,0,9.25,9.5,0,False
38001882,7.8,5.5,0,0,0,0,6.75,7.75,9.0,False
38001883,8.6,5.5,6.6,9.5,9.0,6.5,0,0,0,True
38001884,8.8,6.0,9.2,9.0,6.0,6.5,0,0,0,True
38001885,9.0,7.25,8.6,9.0,10.0,7.5,0,0,0,True
38001886,7.6,9.0,8.8,0,0,0,7.0,7.75,9.0,False
38001887,7.6,8.25,7.4,6.0,7.5,9.25,0,0,0,True
38001888,7.6,7.25,9.2,3.5,4.5,4.0,0,0,0,True
38001889,8.2,6.0,0,6.25,9.0,8.25,0,0,0,True
38001890,7.6,7.75,8.2,7.5,8.0,6.75,0,0,0,True
38001891,7.6,8.0,8.4,0,0,0,7.5,7.5,9.25,False
38001892,7.2,8.0,7.2,8.0,7.5,4.25,0,0,0,True
38001893,0,5.75,0,0,0,0,7.5,7.75,0,False
38001894,0,6.25,0,0,0,0,7.75,7.25,0,False
38001895,7.0,8.5,10.0,0,0,0,8.25,8.5,9.0,False
38001896,0,6.5,0,0,0,0,7.0,8.25,0,False
38001897,8.4,7.75,6.2,8.5,7.25,6.75,0,0,0,True
38001898,0,6.5,0,0,0,0,7.75,8.75,0,False
38001899,5.8,9.0,4.8,0,0,0,9.5,9.25,7.75,False
38001900,8.6,7.75,7.8,5.25,7.5,8.0,0,0,0,True
38001901,9.0,6.5,9.4,6.5,9.75,5.25,0,0,0,True
38001902,8.2,6.25,7.8,7.0,6.25,6.25,0,0,0,True
38001903,7.6,7.5,9.0,8.25,4.5,4.0,0,0,0,True
38001904,8.8,7.0,8.2,8.25,6.75,5.0,0,0,0,True
38001905,0,7.75,0,0,0,0,9.25,9.5,0,False
38001906,8.8,6.5,0,4.5,9.25,8.5,0,0,0,True
38001907,8.4,8.25,7.4,8.75,8.75,7.0,0,0,0,True
38001908,7.6,7.75,9.2,8.25,6.25,7.75,0,0,0,True
38001909,0,5.75,0,0,0,0,7.75,7.25,0,False
38001910,9.0,6.75,8.0,8.25,7.25,7.0,0,0,0,True
38001911,0,4.25,0,0,0,0,5.75,6.75,0,False
38001912,8.0,8.25,6.0,6.75,8.0,8.0,0,0,0,True
38001913,8.6,8.25,9.2,7.75,7.25,7.0,0,0,0,True
38001914,7.8,9.5,9.6,0,0,0,9.5,10.0,10.0,False
38001915,7.4,7.75,8.8,0,0,0,8.0,7.0,9.5,False
38001916,8.0,7.25,0,8.0,9.0,6.5,0,0,0,True
38001917,7.4,7.75,8.6,0,0,0,7.5,7.5,9.5,False
38001918,8.4,8.25,8.4,8.0,9.5,7.25,0,0,0,True
38001919,8.6,8.75,8.4,8.5,7.5,7.0,0,0,0,True
38001920,8.0,8.75,9.0,7.0,6.0,6.25,0,0,0,True
38001921,7.0,8.5,6.8,0,0,0,10.0,8.5,8.0,False
38001922,8.0,9.0,8.2,0,0,0,7.25,7.75,7.5,False
38001923,7.8,9.0,7.4,0,0,0,8.25,8.0,8.5,False
38001924,9.0,9.5,9.2,8.25,7.5,7.25,0,0,0,True
38001925,8.4,9.0,6.8,0,0,0,8.25,7.75,9.25,False
38001926,7.6,9.25,8.4,0,0,0,8.5,8.75,8.5,False
38001927,8.0,8.0,9.2,6.75,9.25,6.25,0,0,0,True
38001928,8.4,8.5,8.6,7.5,6.25,5.25,0,0,0,True
38001929,9.0,7.0,9.0,8.25,5.0,7.5,0,0,0,True
38001930,0,5.25,0,0,0,0,4.75,6.75,0,False
38001931,8.6,6.75,8.6,8.0,4.75,6.75,0,0,0,True
38001932,0,5.25,0,0,0,0,4.5,5.0,0,False
38001933,7.6,0,0,6.75,7.5,0,0,0,0,True
38001934,0,6.0,0,0,0,0,4.25,5.75,0,False
38001935,8.6,6.25,7.4,5.0,9.0,8.0,0,0,0,True
38001936,9.0,7.75,7.4,9.25,8.5,6.5,0,0,0,True
38001937,0,6.5,0,0,0,0,5.25,7.0,0,False
38001938,9.0,9.5,8.8,8.0,7.75,8.0,0,0,0,True
38001939,8.0,6.75,6.8,8.0,8.5,5.75,0,0,0,True
38001940,9.4,7.5,9.0,9.75,10.0,8.5,0,0,0,True
38001941,0,7.0,0,0,0,0,7.5,7.5,0,False
38001942,8.2,6.75,0,6.25,9.0,8.25,0,0,0,True
38001943,5.6,7.75,6.6,0,0,0,8.75,8.5,7.75,False
38001944,7.4,7.25,9.2,0,0,0,5.5,8.75,8.75,False
38001945,7.2,9.0,8.0,0,0,0,8.75,7.75,8.5,False
38001946,8.2,8.5,6.4,7.0,8.5,9.25,0,0,0,True
38001947,8.2,8.75,9.4,0,0,0,8.0,7.5,8.5,False
38001948,8.0,8.25,8.2,0,0,0,8.5,8.75,8.5,False
38001949,6.2,7.0,9.6,0,0,0,7.0,6.25,8.0,False
38001950,7.4,9.25,7.8,0,0,0,6.25,7.5,9.5,False
38001951,6.8,7.0,0,7.0,8.0,6.5,0,0,0,True
38001952,7.8,8.5,8.4,0,0,0,7.5,7.75,9.25,False
38001953,8.0,9.25,8.8,0,0,0,9.25,8.5,9.0,False
38001954,8.4,7.5,8.2,8.25,8.25,8.5,0,0,0,True
38001955,9.0,9.0,9.4,0,0,0,8.75,9.25,9.5,False
38001956,8.8,7.25,7.4,6.5,9.5,8.25,0,0,0,True
38001957,7.4,9.25,8.8,0,0,0,5.75,7.0,8.75,False
38001958,8.8,9.5,9.6,0,0,0,7.0,7.25,9.0,False
38001959,9.0,6.0,9.4,8.25,6.75,8.0,0,0,0,True
38001960,8.2,9.0,9.4,7.25,6.25,7.25,0,0,0,True
38001961,8.8,9.0,8.6,0,0,0,7.75,8.0,8.5,False
38001962,7.6,6.25,7.0,5.75,9.25,8.25,0,0,0,True
38001963,9.0,7.0,7.4,9.25,9.25,6.25,0,0,0,True
38001964,8.6,5.75,6.2,8.25,9.25,5.75,0,0,0,True
38001965,7.8,7.75,9.2,0,0,0,8.5,7.5,9.25,False
38001966,8.4,6.5,7.2,5.0,9.5,6.5,0,0,0,True
38001967,4.0,8.5,0,0,0,0,8.25,9.5,0,False
38001968,7.2,8.75,9.2,0,0,0,7.5,8.0,8.75,False
38001969,8.2,9.0,8.6,0,0,0,5.75,7.5,7.75,False
38001970,8.0,8.25,7.4,0,8.0,0,0,0,0,True
38001971,8.2,6.5,8.6,6.75,9.75,6.75,0,0,0,True
38001972,7.8,6.75,8.8,8.75,4.75,5.75,0,0,0,True
38001973,8.0,7.0,9.6,7.75,4.25,6.0,0,0,0,True
38001974,8.2,6.25,8.8,8.25,8.25,5.5,0,0,0,True
38001975,8.6,7.5,7.2,8.5,8.0,6.75,0,0,0,True
38001976,0,6.0,0,0,0,0,9.75,9.5,0,False
38001977,8.0,6.0,9.6,8.5,6.5,6.75,0,0,0,True
38001978,8.4,7.75,8.4,8.25,5.75,5.75,0,0,0,True
38001979,9.2,7.5,6.4,7.75,9.75,8.75,0,0,0,True
38001980,8.6,5.75,9.0,8.5,8.25,6.75,0,0,0,True
38001981,7.8,0,8.8,0,7.5,0,0,0,0,True
38001982,0,5.75,0,0,0,0,7.25,6.75,0,False
38001983,5.2,6.5,8.0,3.5,7.5,4.5,0,0,0,True
38001984,7.0,9.0,7.8,0,0,0,6.5,9.0,9.0,False
38001985,7.8,8.75,9.6,0,0,0,6.75,8.25,7.5,False
38001986,7.0,8.0,8.6,6.75,6.0,5.5,0,0,0,True
38001987,7.6,5.0,7.8,7.5,8.5,5.75,0,0,0,True
38001988,7.6,8.5,8.0,0,0,0,6.25,7.75,8.5,False
38001989,7.8,8.75,8.2,0,0,0,6.75,7.75,8.5,False
38001990,8.6,5.5,8.8,7.75,6.5,7.75,0,0,0,True
38001991,6.4,6.0,9.2,0,0,0,6.5,7.25,7.75,False
38001992,8.0,8.0,9.0,7.5,9.0,7.75,0,0,0,True
38001993,7.4,9.25,7.8,6.75,5.25,5.5,0,0,0,True
38001994,7.4,9.0,9.2,0,0,0,7.5,7.25,9.0,False
38001995,5.6,9.25,8.6,0,0,0,5.0,6.0,7.25,False
38001996,0,6.5,0,0,0,0,5.25,6.75,0,False
38001997,8.2,7.5,8.8,6.0,9.5,6.5,0,0,0,True
38001998,8.2,6.5,7.8,8.5,9.5,5.25,0,0,0,True
38001999,8.4,7.0,8.0,9.5,6.0,6.5,0,0,0,True
38002000,9.0,5.5,9.0,8.5,9.25,7.5,0,0,0,True
38002001,0,3.25,0,0,0,0,2.75,4.25,0,False
38002002,9.0,7.5,8.6,9.25,9.75,8.0,0,0,0,True
38002003,8.4,8.5,9.8,10.0,6.25,7.5,0,0,0,True
38002004,7.8,7.75,8.8,6.25,8.5,6.0,0,0,0,True
38002005,8.8,5.5,6.8,8.0,8.5,5.0,0,0,0,True
38002006,7.2,6.25,6.6,6.75,7.0,5.75,0,0,0,True
38002007,5.8,8.25,4.8,0,0,0,6.75,8.25,9.25,False
38002008,8.4,6.75,9.0,6.5,8.0,5.75,0,0,0,True
38002009,8.4,7.25,0,0,0,0,0,0,0,False
38002010,8.4,8.0,8.6,0,0,0,7.25,8.0,9.0,False
38002011,7.8,7.75,8.2,0,0,0,7.5,8.5,9.25,False
38002012,8.0,7.5,5.6,8.25,8.25,2.25,0,0,0,True
38002013,8.8,9.25,9.0,0,0,0,7.25,7.25,8.75,False
38002014,8.6,0,0,0,9.5,8.0,0,0,0,True
38002015,6.4,9.75,5.2,0,0,0,9.25,9.5,8.0,False
38002016,6.4,5.25,8.2,3.25,5.25,6.5,0,0,0,True
38002017,8.6,8.25,8.0,4.5,5.0,5.25,0,0,0,True
38002018,7.6,9.25,8.4,7.0,7.5,5.5,0,0,0,True
38002019,8.4,8.0,8.4,5.0,8.75,8.25,0,0,0,True
38002020,8.6,6.0,5.4,7.75,7.75,5.75,0,0,0,True
38002021,8.8,8.0,8.0,9.0,9.0,6.75,0,0,0,True
38002022,8.6,7.75,8.8,6.0,9.75,6.75,0,0,0,True
38002023,7.6,8.0,7.4,8.0,4.25,4.25,0,0,0,True
38002024,0,5.75,0,0,0,0,6.0,6.5,0,False
38002025,2.6,6.5,0,0,0,0,7.0,0,0,False
38002026,6.6,8.25,6.2,0,0,0,9.5,10.0,8.75,False
38002027,6.8,5.75,7.8,6.0,6.25,6.75,0,0,0,True
38002028,6.8,7.25,6.8,0,0,0,8.0,8.0,7.75,False
38002029,5.8,8.5,4.8,0,0,0,5.25,7.0,7.0,False
38002030,7.4,9.25,6.4,0,0,0,8.5,7.5,9.0,False
38002031,5.6,8.75,6.2,0,0,0,7.0,8.0,9.0,False
38002032,8.2,8.75,8.4,9.25,9.5,7.0,0,0,0,True
38002033,7.4,8.75,7.8,0,0,0,6.5,7.5,9.5,False
38002034,8.0,6.42,8.0,4.25,7.5,5.5,0,0,0,True
38002035,7.4,8.25,5.8,0,0,0,6.25,6.0,8.5,False
38002036,7.0,7.5,9.0,8.0,7.0,7.0,0,0,0,True
38002037,7.6,9.25,9.6,7.5,8.75,6.5,0,0,0,True
38002038,8.2,0,0,8.25,7.5,6.75,0,0,0,True
38002039,8.6,6.5,5.8,8.75,9.25,6.0,0,0,0,True
38002040,8.4,8.5,8.6,0,0,0,9.0,8.5,9.5,False
38002041,8.2,6.0,9.6,9.0,8.0,7.25,0,0,0,True
38002042,5.0,6.25,4.0,0,0,0,5.25,6.75,6.25,False
38002043,6.8,8.25,7.0,0,0,0,6.5,7.25,7.75,False
38002044,6.4,8.0,7.8,0,0,0,7.25,8.25,8.5,False
38002045,4.4,8.5,6.4,0,0,0,5.0,7.0,9.0,False
38002046,6.8,9.0,5.0,0,0,0,7.0,8.25,9.5,False
38002047,8.0,9.0,8.2,6.5,7.25,7.75,0,0,0,True
38002048,8.2,6.25,5.4,7.0,6.5,7.75,0,0,0,True
38002049,8.6,4.75,5.2,7.0,8.5,5.25,0,0,0,True
38002050,7.8,9.25,8.2,0,0,0,8.0,7.75,7.5,False
38002051,8.0,8.0,6.4,0,0,0,7.5,6.75,8.0,False
38002052,7.8,8.5,8.4,0,0,0,8.0,7.75,8.75,False
38002053,7.4,8.5,6.0,8.0,8.75,5.5,0,0,0,True
38002054,8.2,6.25,6.4,7.5,7.0,6.25,0,0,0,True
38002055,7.8,8.25,6.4,7.75,8.25,5.25,0,0,0,True
38002056,8.0,9.5,8.0,0,0,0,8.0,8.25,8.75,False
38002057,6.4,7.75,4.4,0,0,0,7.25,6.25,9.75,False
38002058,7.4,9.0,8.6,6.25,6.0,6.5,0,0,0,True
38002059,7.8,9.0,5.8,0,0,0,6.75,7.5,8.75,False
38002060,7.4,8.0,6.6,8.25,8.25,6.75,0,0,0,True
38002061,8.4,8.5,5.8,7.25,5.25,5.5,0,0,0,True
38002062,6.0,8.25,5.6,0,0,0,8.5,8.0,9.25,False
38002063,7.8,9.0,7.0,0,0,0,8.25,8.0,8.5,False
38002064,7.8,5.5,5.6,5.75,6.0,5.75,0,0,0,True
38002065,6.6,8.25,8.6,0,0,0,8.5,8.75,9.25,False
38002066,3.2,5.0,3.8,0,0,0,5.25,5.5,5.5,False
38002067,7.6,7.25,9.0,9.0,4.0,5.75,0,0,0,True
38002068,5.6,8.5,7.8,0,0,0,7.5,8.25,8.25,False
38002069,8.2,8.5,8.0,0,0,0,5.75,7.75,8.5,False
38002070,6.0,6.5,7.8,0,0,0,5.5,6.5,7.25,False
38002071,6.6,7.75,8.4,0,0,0,6.75,6.5,9.25,False
38002072,7.6,6.75,5.0,8.25,7.0,5.5,0,0,0,True
38002073,6.8,8.5,4.4,0,0,0,9.25,9.25,7.75,False
38002074,8.4,7.25,8.2,8.5,4.0,5.0,0,0,0,True
38002075,7.8,7.25,9.2,6.75,5.5,6.25,0,0,0,True
38002076,6.0,6.5,4.4,0,0,0,6.0,6.75,8.5,False
38002077,8.8,5.5,4.0,8.75,8.0,4.75,0,0,0,True
38002078,8.8,6.0,5.0,8.75,8.5,5.75,0,0,0,True
38002079,5.4,8.25,7.4,0,0,0,4.25,8.25,8.25,False
38002080,8.2,6.75,7.6,5.5,4.5,5.25,0,0,0,True
38002081,7.0,6.25,7.6,8.0,4.0,6.0,0,0,0,True
38002082,6.4,8.25,6.6,2.0,6.5,5.5,0,0,0,True
38002083,6.2,8.75,3.8,0,0,0,5.5,7.25,9.0,False
38002084,8.0,7.75,5.4,5.0,7.25,8.25,0,0,0,True
38002085,8.6,8.25,5.8,0,0,0,6.5,7.75,9.5,False
38002086,7.8,7.5,6.8,0,0,0,7.75,7.75,9.0,False
38002087,7.8,8.75,8.8,0,0,0,6.0,7.0,8.75,False
38002088,5.6,8.0,6.8,0,0,0,7.5,6.25,9.0,False
38002089,7.2,7.5,7.4,0,0,0,6.5,7.0,9.25,False
38002090,7.4,8.0,7.8,5.75,7.0,7.25,0,0,0,True
38002091,6.2,6.25,0,0,0,0,8.5,0,0,False
38002092,0,5.5,0,0,0,0,3.75,6.5,0,False
38002093,7.6,0,0,5.25,6.5,0,0,0,0,True
38002094,7.8,8.5,6.8,8.0,7.5,7.25,0,0,0,True
38002095,5.4,8.25,7.6,0,0,0,8.5,9.25,8.75,False
38002096,8.0,6.0,4.8,8.25,9.25,7.25,0,0,0,True
38002097,7.4,6.75,7.6,5.75,7.25,6.75,0,0,0,True
38002098,8.0,7.25,6.4,7.5,6.0,7.5,0,0,0,True
38002099,7.2,9.0,7.6,5.5,6.0,5.5,0,0,0,True
38002100,0,7.25,0,0,0,0,8.0,6.75,0,False
38002101,7.6,7.58,5.0,4.25,7.5,6.75,0,0,0,True
38002102,7.2,6.0,8.2,7.25,6.25,6.25,0,0,0,True
38002103,9.0,6.5,8.0,8.75,5.5,5.75,0,0,0,True
38002104,7.0,6.5,7.8,0,0,0,7.75,7.75,8.75,False
38002105,7.4,6.25,9.8,8.5,5.5,6.75,0,0,0,True
38002106,7.4,6.75,7.4,7.25,7.5,6.0,0,0,0,True
38002107,8.6,7.5,8.6,8.25,7.5,6.0,0,0,0,True
38002108,8.2,5.25,8.0,8.25,3.5,6.0,0,0,0,True
38002109,7.4,8.5,4.6,0,0,0,8.75,8.75,9.0,False
38002110,7.2,8.5,8.0,0,0,0,7.5,6.5,8.25,False
38002111,8.4,8.5,7.8,9.25,5.25,5.75,0,0,0,True
38002112,8.2,8.5,8.2,0,0,0,6.5,7.5,8.75,False
38002113,7.2,7.75,6.8,8.0,7.75,6.25,0,0,0,True
38002114,8.4,7.0,6.4,6.0,6.25,8.25,0,0,0,True
38002115,8.0,7.0,6.8,8.25,6.5,6.75,0,0,0,True
38002116,0,6.75,0,0,0,0,9.0,8.75,0,False
38002117,0,5.0,0,0,0,0,7.25,6.25,0,False
38002118,7.2,7.75,6.2,8.25,7.5,6.5,0,0,0,True
38002119,4.6,6.75,3.4,0,0,0,5.75,7.25,7.5,False
38002120,7.4,8.0,7.8,6.5,4.0,5.25,0,0,0,True
38002121,8.8,5.25,4.2,6.75,7.5,4.5,0,0,0,True
38002122,8.2,8.0,4.8,6.0,8.0,8.5,0,0,0,True
38002123,6.6,7.25,5.4,5.75,5.25,5.0,0,0,0,True
38002124,7.6,6.25,3.4,5.0,3.75,6.0,0,0,0,True
38002125,6.0,6.75,4.4,6.25,4.75,5.0,0,0,0,True
38002126,9.2,7.75,9.0,4.25,3.25,4.5,0,0,0,True
38002127,7.4,8.0,6.2,5.75,5.0,4.75,0,0,0,True
38002128,7.6,6.5,7.0,7.75,9.0,6.5,0,0,0,True
38002129,8.0,6.25,4.2,6.75,8.25,4.75,0,0,0,True
38002130,7.6,7.0,5.4,7.0,7.75,7.25,0,0,0,True
38002131,8.8,5.5,7.2,8.5,9.0,8.75,0,0,0,True
38002132,0,5.5,0,0,0,0,5.0,5.25,0,False
38002133,8.6,6.75,8.2,7.5,6.25,6.0,0,0,0,True
38002134,6.0,8.5,4.2,0,0,0,9.5,8.75,8.5,False
38002135,7.0,7.75,6.2,5.75,6.25,6.0,0,0,0,True
38002136,8.8,8.0,8.4,8.0,6.25,5.75,0,0,0,True
38002137,8.4,7.75,8.8,8.75,7.0,6.25,0,0,0,True
38002138,6.8,7.25,8.0,8.25,3.75,5.25,0,0,0,True
38002139,8.6,9.25,8.6,0,0,0,8.0,8.5,9.5,False
38002140,6.6,8.5,8.0,0,0,0,8.75,9.0,9.0,False
38002141,7.8,8.0,7.8,8.5,6.75,5.75,0,0,0,True
38002142,8.2,9.5,6.0,0,0,0,7.0,7.75,9.0,False
38002143,6.8,8.0,9.0,3.0,4.75,5.75,0,0,0,True
38002144,8.2,6.75,7.6,5.5,9.25,7.75,0,0,0,True
38002145,7.6,7.75,4.8,0,0,0,7.75,7.0,8.25,False
38002146,7.8,9.25,8.6,0,0,0,6.0,7.25,9.5,False
38002147,7.2,6.25,5.0,6.0,4.5,3.25,0,0,0,True
38002148,6.6,8.75,6.0,0,0,0,6.25,6.75,9.0,False
38002149,8.8,8.25,5.8,8.75,7.75,7.25,0,0,0,True
38002150,0,8.5,0,0,0,0,9.25,9.0,0,False
38002151,8.0,7.25,7.8,4.75,8.0,6.75,0,0,0,True
38002152,6.8,8.5,7.0,0,0,0,7.25,8.5,8.0,False
38002153,7.2,7.0,4.2,8.0,6.0,4.75,0,0,0,True
38002154,8.4,7.25,6.8,8.0,8.0,6.25,0,0,0,True
38002155,5.8,6.0,5.8,6.0,4.25,5.75,0,0,0,True
38002156,8.4,6.5,8.2,8.0,8.0,6.0,0,0,0,True
38002157,7.4,8.0,8.8,0,0,0,6.75,6.0,8.0,False
38002158,7.0,7.75,5.4,8.75,7.5,6.25,0,0,0,True
38002159,8.2,9.25,8.0,9.0,6.5,7.0,0,0,0,True
38002160,6.8,8.0,8.2,0,0,0,8.0,7.5,9.5,False
38002161,7.6,7.5,5.2,7.5,7.0,7.75,0,0,0,True
38002162,6.6,8.5,6.2,0,0,0,8.25,9.25,8.5,False
38002163,5.8,8.25,9.2,0,0,0,8.75,6.0,7.75,False
38002164,6.0,7.5,3.6,2.5,5.25,5.5,0,0,0,True
38002165,7.2,8.75,6.8,0,0,0,6.25,6.75,7.0,False
38002166,5.8,7.5,6.2,5.5,5.0,6.25,0,0,0,True
38002167,8.6,8.25,8.6,0,0,0,8.0,8.5,8.75,False
38002168,7.4,8.25,8.0,0,0,0,7.75,7.0,8.75,False
38002169,8.2,8.25,8.0,0,0,0,6.25,7.5,8.25,False
38002170,7.0,8.25,6.2,7.75,7.5,6.5,0,0,0,True
38002171,6.4,8.25,5.4,0,0,0,8.5,8.5,8.5,False
38002172,7.2,6.5,8.4,0,0,0,0,0,0,False
38002173,7.6,7.0,7.8,0,0,0,8.25,9.75,8.5,False
38002174,8.4,7.0,6.2,8.25,5.5,6.75,0,0,0,True
38002175,0,8.0,8.6,0,0,0,0,0,0,False
38002176,6.2,8.25,5.6,0,0,0,7.25,8.25,9.0,False
38002177,8.4,8.75,7.0,8.25,6.75,5.5,0,0,0,True
38002178,8.6,8.0,4.4,7.5,8.75,7.0,0,0,0,True
38002179,7.4,7.5,4.0,0,0,0,6.5,7.0,8.75,False
38002180,8.0,6.0,7.6,9.0,9.25,6.0,0,0,0,True
38002181,8.0,6.75,0,7.5,7.75,8.0,0,0,0,True
38002182,8.4,8.75,6.6,0,0,0,7.5,8.25,9.0,False
38002183,5.6,5.75,3.0,7.0,6.25,5.25,0,0,0,True
38002184,8.4,5.75,8.0,9.25,2.75,3.75,0,0,0,True
38002185,0,6.75,0,0,0,0,7.25,7.75,0,False
38002186,6.8,8.25,6.0,7.5,5.5,6.25,0,0,0,True
38002187,0,6.25,0,0,0,0,5.0,5.75,0,False
38002188,6.2,7.0,7.6,0,0,0,7.75,8.75,9.0,False
38002189,8.4,7.25,4.6,8.25,7.75,6.0,0,0,0,True
38002190,8.2,7.0,8.2,8.0,7.5,5.0,0,0,0,True
38002191,7.4,9.25,6.6,0,0,0,5.0,7.25,8.0,False
38002192,6.2,7.0,6.0,4.5,7.5,5.25,0,0,0,True
38002193,8.2,8.0,5.0,8.5,8.5,5.75,0,0,0,True
38002194,5.0,8.75,6.6,7.0,3.5,4.75,0,0,0,True
38002195,7.2,7.25,7.0,7.75,6.5,5.25,0,0,0,True
38002196,7.4,8.75,7.6,8.75,3.75,5.5,0,0,0,True
38002197,7.8,4.75,5.4,8.5,8.0,6.25,0,0,0,True
38002198,8.2,6.5,7.8,8.0,8.25,7.0,0,0,0,True
38002199,8.4,0,0,9.5,9.25,6.0,0,0,0,True
38002200,7.8,6.5,7.0,8.0,7.0,7.0,0,0,0,True
38002201,7.2,8.5,7.8,0,0,0,6.5,8.0,9.0,False
38002202,8.4,8.75,7.8,0,0,0,8.25,8.25,8.75,False
38002203,7.8,7.75,6.2,8.0,8.25,7.0,0,0,0,True
38002204,6.8,7.5,8.4,0,0,0,7.0,8.25,8.5,False
38002205,7.8,5.5,5.4,6.25,7.75,5.25,0,0,0,True
38002206,7.8,8.5,8.4,7.75,6.0,6.5,0,0,0,True
38002207,6.6,8.75,7.4,0,0,0,8.5,9.5,9.75,False
38002208,8.6,9.25,5.0,0,0,0,7.0,8.0,8.25,False
38002209,7.4,8.25,5.6,0,0,0,7.25,6.0,7.75,False
38002210,8.0,7.0,7.4,8.5,6.0,6.0,0,0,0,True
38002211,0,6.75,0,0,0,0,9.5,8.5,0,False
38002212,7.8,9.25,7.4,0,0,0,8.25,8.5,9.25,False
38002214,8.2,6.0,8.4,5.0,5.75,8.25,0,0,0,True
38002215,7.6,6.75,8.2,8.25,5.0,5.25,0,0,0,True
38002216,8.8,7.25,6.8,9.0,8.75,7.75,0,0,0,True
38002217,6.6,7.75,8.0,0,0,0,7.5,7.75,9.25,False
38002218,6.4,7.75,5.2,6.75,7.0,4.75,0,0,0,True
38002219,6.8,8.75,8.2,0,0,0,5.0,6.25,7.75,False
38002220,8.0,7.5,8.0,0,0,0,7.5,7.0,8.0,False
38002221,7.4,7.0,5.2,8.25,8.0,5.5,0,0,0,True
38002222,7.8,8.0,7.4,7.5,7.25,7.0,0,0,0,True
38002223,7.0,7.25,7.2,7.25,7.75,6.25,0,0,0,True
38002224,7.8,7.25,6.8,9.25,9.0,7.75,0,0,0,True
38002225,7.8,7.25,8.2,7.25,5.5,4.75,0,0,0,True
38002226,7.0,6.0,4.8,6.5,8.0,6.75,0,0,0,True
38002227,7.4,8.5,5.2,0,0,0,8.5,8.25,8.5,False
38002228,5.4,8.75,5.2,0,0,0,7.5,7.5,8.75,False
38002229,6.4,6.25,2.4,3.75,5.5,4.5,0,0,0,True
38002230,8.4,8.0,7.0,6.75,7.0,6.75,0,0,0,True
38002231,7.2,7.5,8.0,6.25,6.25,6.5,0,0,0,True
38002232,8.4,8.0,8.0,8.0,7.25,7.0,0,0,0,True
38002233,8.2,8.25,6.2,3.0,7.25,8.5,0,0,0,True
38002234,7.6,7.0,8.0,4.25,8.5,4.75,0,0,0,True
38002235,6.2,9.5,7.4,0,0,0,8.25,7.25,9.5,False
38002236,0,8.0,0,0,0,0,7.5,8.0,8.25,False
38002237,6.8,8.25,8.0,0,0,0,6.75,6.0,8.0,False
38002238,7.8,5.5,3.0,8.5,8.5,5.75,0,0,0,True
38002239,8.0,8.0,6.0,0,0,0,5.0,7.25,9.0,False
38002240,7.6,8.0,5.6,0,0,0,9.25,9.0,8.75,False
38002241,6.8,8.0,6.4,0,0,0,5.25,6.75,8.25,False
38002242,7.8,9.0,8.6,0,0,0,6.5,9.25,8.25,False
38002243,7.8,7.25,7.6,0,0,0,7.25,8.0,8.75,False
38002244,8.0,9.0,8.8,0,0,0,7.75,8.5,8.5,False
38002245,8.2,8.75,7.0,6.75,5.0,5.0,0,0,0,True
38002246,6.2,7.75,8.2,0,0,0,5.25,7.0,8.25,False
38002247,7.8,8.75,6.8,4.5,8.5,7.75,0,0,0,True
38002248,7.2,7.75,4.8,8.5,7.75,6.25,0,0,0,True
38002249,8.0,8.5,6.0,0,0,0,5.75,6.75,8.75,False
38002250,7.8,9.0,7.0,0,0,0,8.0,7.5,8.5,False
38002251,7.6,9.25,6.2,0,0,0,6.25,6.75,8.0,False
38002252,7.6,7.5,7.0,0,0,0,6.75,7.25,8.0,False
38002253,7.8,9.25,9.0,0,0,0,8.75,7.25,9.5,False
38002254,8.4,7.75,8.0,7.0,5.25,5.5,0,0,0,True
38002255,7.4,8.0,8.0,7.75,6.75,7.25,0,0,0,True
38002256,6.6,9.25,8.2,0,0,0,7.0,8.5,9.25,False
38002257,7.2,8.75,7.2,0,0,0,7.0,6.5,8.75,False
38002258,6.2,7.5,5.4,0,0,0,0,0,0,False
38002259,7.8,8.25,5.2,7.0,8.75,8.25,0,0,0,True
38002260,7.8,7.5,9.6,8.0,7.25,6.5,0,0,0,True
38002261,8.2,6.0,5.4,8.0,7.0,5.0,0,0,0,True
38002262,6.0,6.5,6.4,4.75,5.5,4.5,0,0,0,True
38002263,7.2,6.75,0,7.75,5.75,7.75,0,0,0,True
38002264,0,8.0,0,0,0,0,9.5,9.75,0,False
38002265,8.0,6.75,7.6,8.0,5.25,7.0,0,0,0,True
38002266,8.2,8.25,4.8,9.0,9.5,7.0,0,0,0,True
38002267,8.4,9.0,6.0,0,0,0,9.25,8.75,9.5,False
38002268,0,6.25,0,0,0,0,8.5,8.75,0,False
38002269,6.0,8.5,6.6,0,0,0,7.25,7.0,9.0,False
38002270,7.4,6.5,3.8,0,0,0,6.5,5.75,8.25,False
38002271,5.8,7.25,3.8,0,0,0,5.5,6.25,6.75,False
38002272,6.6,8.0,6.8,7.5,7.0,5.5,0,0,0,True
38002273,8.0,8.75,8.0,0,0,0,7.0,7.5,9.25,False
38002274,6.6,7.75,7.6,0,0,0,6.75,7.0,8.25,False
38002275,7.6,8.25,7.2,7.25,6.5,6.75,0,0,0,True
38002276,7.2,7.25,5.0,8.5,8.0,6.0,0,0,0,True
38002277,8.6,7.75,8.2,7.75,6.25,6.0,0,0,0,True
38002278,8.6,8.5,7.2,7.5,8.5,7.5,0,0,0,True
38002279,7.4,7.5,4.4,5.5,8.0,5.25,0,0,0,True
38002280,6.2,7.75,7.6,5.75,5.25,6.75,0,0,0,True
38002281,8.2,9.0,8.0,6.75,6.25,7.5,0,0,0,True
38002282,7.8,6.75,7.6,6.25,8.5,7.0,0,0,0,True
38002283,7.6,7.75,9.6,7.5,5.25,5.25,0,0,0,True
38002284,7.6,8.25,7.4,6.0,7.75,7.0,0,0,0,True
38002285,8.0,8.5,6.2,0,0,0,7.0,7.0,9.5,False
38002286,8.6,8.25,8.0,0,0,0,6.0,7.5,9.5,False
38002287,8.2,8.0,7.2,5.75,7.0,6.25,0,0,0,True
38002288,4.4,7.25,4.4,0,0,0,6.25,6.75,8.75,False
38002289,7.8,9.0,7.4,7.0,6.25,6.5,0,0,0,True
38002290,7.2,8.25,8.4,0,0,0,5.5,6.75,8.0,False
38002291,8.2,7.75,6.6,0,0,0,7.5,7.5,9.5,False
38002292,7.6,9.25,9.0,0,0,0,7.5,6.25,9.25,False
38002293,7.0,4.5,6.8,5.5,8.25,5.0,0,0,0,True
38002294,8.2,8.0,7.2,8.75,6.5,6.75,0,0,0,True
38002295,8.4,6.5,5.4,8.0,8.5,6.0,0,0,0,True
38002296,7.4,9.25,8.0,0,0,0,8.25,8.0,8.5,False
38002297,7.2,6.5,6.2,4.75,6.75,7.75,0,0,0,True
38002298,7.0,9.25,8.2,0,0,0,6.25,6.5,8.75,False
38002299,7.4,7.66,8.4,6.5,4.75,5.75,0,0,0,True
38002300,8.4,8.0,8.0,8.5,8.75,6.5,0,0,0,True
38002301,8.0,7.75,5.4,7.25,3.5,4.25,0,0,0,True
38002302,6.2,7.25,6.0,5.25,7.5,6.0,0,0,0,True
38002303,7.6,5.5,8.2,7.75,5.75,5.0,0,0,0,True
38002304,7.2,6.0,8.6,7.5,4.0,5.25,0,0,0,True
38002305,0,4.25,0,0,0,0,4.0,7.5,0,False
38002306,7.4,8.5,7.8,6.0,8.0,5.0,0,0,0,True
38002307,4.6,7.75,5.2,0,0,0,5.0,6.0,7.0,False
38002308,6.8,9.0,7.6,4.75,5.75,5.5,0,0,0,True
38002309,7.8,7.5,7.0,5.75,8.0,6.75,0,0,0,True
38002310,8.0,9.0,8.2,0,0,0,6.25,8.0,9.5,False
38002311,7.6,8.25,5.4,4.5,8.0,8.25,0,0,0,True
38002312,8.4,9.0,8.6,0,0,0,6.0,8.0,8.5,False
38002313,5.6,8.5,4.4,0,0,0,7.25,9.25,9.0,False
38002314,7.6,8.25,5.4,8.5,8.75,7.0,0,0,0,True
38002315,5.0,7.0,2.8,0,0,0,6.75,7.25,8.5,False
38002316,8.0,9.5,8.4,6.0,7.5,6.25,0,0,0,True
38002317,6.4,6.75,4.6,0,0,0,3.75,5.75,7.25,False
38002318,8.2,8.5,8.0,0,0,0,7.75,7.25,8.0,False
38002319,6.8,7.75,4.4,6.0,4.75,5.25,0,0,0,True
38002320,8.2,9.0,8.8,0,0,0,9.0,8.5,9.0,False
38002321,8.2,9.5,7.4,0,0,0,8.25,9.0,8.0,False
38002322,7.2,8.0,8.4,6.5,5.75,6.75,0,0,0,True
38002323,7.2,8.75,9.0,0,0,0,5.5,6.5,9.25,False
38002324,5.6,7.25,7.6,0,0,0,9.75,8.75,9.5,False
38002325,6.2,6.75,9.2,5.0,5.5,6.25,0,0,0,True
38002326,6.6,8.0,0,0,0,0,8.25,8.0,8.0,False
38002327,8.0,7.5,6.4,7.25,7.5,7.75,0,0,0,True
38002328,8.0,9.25,7.4,7.25,6.75,6.25,0,0,0,True
38002329,7.6,8.5,6.2,4.25,7.75,8.25,0,0,0,True
38002330,8.2,8.25,8.0,8.75,5.5,6.0,0,0,0,True
38002331,5.4,8.25,5.4,0,0,0,4.0,7.25,7.75,False
38002332,7.8,9.5,5.0,0,0,0,8.75,9.25,8.75,False
38002333,8.2,9.0,8.0,0,0,0,6.75,7.75,9.5,False
38002334,7.6,8.5,6.8,7.25,8.5,5.0,0,0,0,True
38002335,7.4,9.0,0,0,0,0,7.25,8.0,9.0,False
38002336,7.4,8.25,6.0,0,0,0,9.0,8.0,9.5,False
38002337,8.2,7.75,7.0,7.25,4.75,5.75,0,0,0,True
38002338,6.6,9.5,8.2,0,0,0,9.75,9.5,9.5,False
38002339,7.2,7.25,4.8,7.5,7.5,4.75,0,0,0,True
38002340,7.8,7.5,6.4,7.75,8.0,5.75,0,0,0,True
38002341,8.8,7.0,4.0,9.25,9.0,5.5,0,0,0,True
38002342,8.0,8.25,7.2,8.75,8.75,6.5,0,0,0,True
38002343,5.4,8.0,3.4,0,0,0,8.5,9.0,7.5,False
38002344,8.0,6.25,8.0,7.25,6.25,6.5,0,0,0,True
38002345,6.6,8.25,6.0,0,0,0,7.0,8.0,9.25,False
38002346,7.0,7.0,8.0,4.25,7.0,6.25,0,0,0,True
38002347,8.2,7.5,6.4,7.75,6.25,6.75,0,0,0,True
38002348,5.4,9.0,7.4,0,0,0,6.75,7.25,8.75,False
38002349,8.0,8.75,6.8,4.0,5.25,5.25,0,0,0,True
38002350,8.0,9.0,8.4,0,0,0,8.0,7.5,9.25,False
38002351,4.8,6.0,4.4,0,0,0,6.75,5.25,7.25,False
38002352,6.4,6.75,5.2,4.75,7.75,7.0,0,0,0,True
38002353,8.8,7.25,8.4,8.75,9.5,6.0,0,0,0,True
38002354,6.2,6.5,6.0,3.5,5.0,5.5,0,0,0,True
38002355,7.8,8.25,7.0,7.0,8.0,8.0,0,0,0,True
38002356,7.4,8.0,6.8,5.0,7.75,8.75,0,0,0,True
38002357,6.8,7.25,5.6,0,0,0,6.25,5.25,8.0,False
38002358,7.4,6.25,6.4,7.0,8.5,7.0,0,0,0,True
38002359,6.4,7.5,7.4,0,0,0,9.0,9.5,8.25,False
38002360,8.4,7.0,8.4,8.5,7.25,7.0,0,0,0,True
38002361,8.4,9.0,9.0,0,0,0,7.5,8.5,9.5,False
38002362,7.0,6.25,3.8,8.75,8.25,4.25,0,0,0,True
38002363,7.4,8.75,8.4,0,0,0,7.75,7.75,8.5,False
38002364,7.2,8.5,7.0,0,0,0,6.75,7.25,9.0,False
38002365,7.4,6.5,8.8,7.5,7.0,6.25,0,0,0,True
38002366,7.8,9.0,7.0,0,0,0,6.5,7.75,8.25,False
38002367,7.8,8.75,8.4,0,0,0,7.5,8.0,10.0,False
38002368,8.0,9.0,8.0,0,0,0,7.25,8.5,9.25,False
38002369,6.2,8.25,8.4,0,0,0,7.25,7.5,8.25,False
38002370,7.6,7.5,5.6,0,0,0,0,0,0,False
38002371,7.0,8.0,5.8,0,0,0,9.0,9.25,8.75,False
38002372,6.8,7.75,4.4,5.25,7.0,5.75,0,0,0,True
38002373,6.8,8.25,7.6,0,0,0,7.5,7.5,8.0,False
38002374,8.4,8.5,9.0,0,0,0,0,0,0,False
38002375,7.8,9.25,7.0,0,0,0,7.0,8.0,9.0,False
38002376,6.0,7.75,6.0,0,0,0,5.75,6.75,8.25,False
38002377,8.2,8.0,4.4,8.25,7.25,6.25,0,0,0,True
38002378,6.4,9.0,6.8,0,0,0,7.75,8.0,8.5,False
38002379,6.8,9.0,6.8,0,0,0,5.5,8.0,8.75,False
38002380,5.6,8.0,4.6,0,0,0,6.75,6.75,6.5,False
38002381,8.0,7.5,7.2,0,0,0,7.25,7.0,9.0,False
38002382,7.6,8.5,7.6,0,0,0,8.25,8.25,9.0,False
38002383,8.2,8.5,7.2,0,0,0,6.75,7.5,8.5,False
38002384,8.0,8.75,8.4,0,0,0,6.5,8.25,8.5,False
38002385,7.0,6.5,7.2,5.0,7.25,7.0,0,0,0,True
38002386,8.0,7.75,4.4,8.75,9.75,8.5,0,0,0,True
38002387,7.4,7.5,4.6,6.75,7.75,6.0,0,0,0,True
38002388,6.8,8.5,7.8,0,0,0,8.5,9.0,8.75,False
38002389,5.0,7.5,3.8,0,0,0,8.0,7.75,9.25,False
38002390,7.2,8.75,8.0,0,0,0,6.75,7.25,8.5,False
38002391,7.8,8.0,6.2,7.75,6.5,6.25,0,0,0,True
38002392,8.0,9.0,6.8,0,0,0,4.75,6.75,8.5,False
38002393,6.4,8.75,6.4,0,0,0,6.0,7.25,8.5,False
38002394,8.4,8.5,6.4,8.25,9.0,4.75,0,0,0,True
38002395,8.6,7.75,4.4,9.0,9.25,6.5,0,0,0,True
38002396,7.4,8.25,7.6,8.0,8.0,7.0,0,0,0,True
38002397,6.6,8.0,7.8,0,0,0,5.75,8.0,8.0,False
38002398,5.4,4.25,6.0,7.5,6.75,5.0,0,0,0,True
38002399,8.4,6.75,4.6,8.0,8.5,5.5,0,0,0,True
38002400,6.8,7.0,7.4,5.25,4.75,6.75,0,0,0,True
38002401,6.4,7.75,6.0,7.25,5.5,5.0,0,0,0,True
38002402,7.4,8.0,7.2,8.25,7.75,6.25,0,0,0,True
38002403,7.0,9.0,8.4,0,0,0,5.75,7.75,8.25,False
38002404,7.0,6.75,5.6,8.5,7.0,5.5,0,0,0,True
38002405,7.2,6.0,5.0,6.75,8.5,4.0,0,0,0,True
38002406,0,5.5,0,0,0,0,6.5,6.25,0,False
38002407,8.4,5.75,4.4,8.5,7.5,5.25,0,0,0,True
38002408,8.4,5.0,8.8,7.5,8.0,6.25,0,0,0,True
38002409,7.6,8.0,8.2,0,0,0,6.75,7.5,9.5,False
38002410,6.0,7.5,7.6,2.5,6.75,7.25,0,0,0,True
38002411,7.6,7.25,4.6,6.75,5.5,5.5,0,0,0,True
38002412,4.6,6.75,5.0,0,0,0,8.5,8.0,8.5,False
38002413,8.4,7.08,5.6,6.0,8.25,8.75,0,0,0,True
38002414,7.0,6.0,8.2,8.0,4.0,6.25,0,0,0,True
38002415,7.8,8.25,7.2,7.0,9.25,6.75,0,0,0,True
38002416,8.6,7.25,5.6,7.5,7.5,6.0,0,0,0,True
38002417,5.2,8.25,8.0,0,0,0,5.5,7.0,8.5,False
38002418,7.2,7.25,5.4,0,0,0,5.25,5.75,6.5,False
38002419,8.2,8.5,7.8,7.5,8.5,7.0,0,0,0,True
38002420,8.2,8.25,7.0,8.0,7.75,6.25,0,0,0,True
38002421,8.2,9.0,8.2,7.5,7.5,5.5,0,0,0,True
38002422,6.0,6.5,6.2,0,0,0,7.5,8.75,8.25,False
38002423,7.6,8.75,7.8,0,0,0,7.25,6.5,8.75,False
38002424,7.2,8.75,7.8,0,0,0,7.25,6.0,8.0,False
38002425,8.6,0,7.6,0,8.75,8.0,0,0,0,True
38002426,6.8,6.0,5.4,5.75,7.25,4.25,0,0,0,True
38002427,7.6,9.0,7.0,0,0,0,6.25,6.0,9.25,False
38002428,7.0,6.5,8.4,8.0,6.25,4.0,0,0,0,True
38002429,7.8,0,0,8.0,7.75,0,0,0,0,True
38002430,8.2,6.5,5.6,7.25,7.75,3.75,0,0,0,True
38002431,7.2,4.75,7.8,4.25,6.5,6.25,0,0,0,True
38002432,7.6,6.0,8.0,7.5,8.0,7.25,0,0,0,True
38002433,7.8,6.75,6.4,5.5,7.5,5.5,0,0,0,True
38002434,8.0,7.0,6.8,7.75,8.75,7.75,0,0,0,True
38002435,6.4,9.5,6.4,0,0,0,8.0,8.75,9.0,False
38002436,7.8,7.75,6.4,7.0,4.75,4.5,0,0,0,True
38002437,7.6,7.0,6.8,7.75,5.75,6.25,0,0,0,True
38002438,7.4,7.0,5.2,7.25,7.5,6.75,0,0,0,True
38002439,7.8,4.25,5.6,7.0,8.0,4.25,0,0,0,True
38002440,8.2,7.25,7.2,7.5,8.25,5.0,0,0,0,True
38002441,5.6,8.0,4.2,0,0,0,9.0,9.25,8.75,False
38002442,6.6,7.0,5.0,0,0,0,7.0,7.25,6.25,False
38002443,5.8,9.25,8.2,0,0,0,9.25,8.75,9.5,False
38002444,8.2,8.0,5.6,6.25,9.0,7.5,0,0,0,True
38002445,9.0,8.75,8.0,5.5,7.25,4.0,0,0,0,True
38002446,8.6,7.5,7.8,8.5,6.5,6.5,0,0,0,True
38002447,7.2,7.75,6.8,4.25,6.75,6.0,0,0,0,True
38002448,7.4,9.0,8.4,0,0,0,7.0,7.5,8.0,False
38002449,5.6,8.5,8.4,0,0,0,8.25,8.25,8.75,False
38002450,6.4,8.75,7.2,0,0,0,9.5,9.25,8.75,False
38002451,7.6,8.75,7.4,7.75,6.75,6.25,0,0,0,True
38002452,6.4,8.25,5.4,0,0,0,9.25,9.75,7.5,False
38002453,6.8,8.25,8.6,0,0,0,8.75,8.5,8.25,False
38002454,8.2,8.5,3.8,7.75,8.0,5.75,0,0,0,True
38002455,0,8.5,0,0,0,0,8.75,9.5,0,False
38002456,7.6,7.0,6.6,7.25,7.5,6.25,0,0,0,True
38002457,6.6,7.75,5.6,7.75,7.25,5.25,0,0,0,True
38002458,7.6,8.25,5.0,6.0,9.0,7.0,0,0,0,True
38002459,8.2,4.25,5.6,7.0,8.25,5.0,0,0,0,True
38002460,8.2,7.25,6.4,8.5,9.5,6.0,0,0,0,True
38002461,6.0,6.5,5.8,6.5,5.75,6.0,0,0,0,True
38002462,8.0,8.0,7.4,6.5,6.0,5.0,0,0,0,True
38002463,6.2,4.5,7.0,8.0,6.25,6.5,0,0,0,True
38002464,0,5.5,0,0,0,0,4.25,5.5,0,False
38002465,7.8,7.5,6.8,8.25,8.25,5.5,0,0,0,True
38002466,8.8,7.0,9.0,8.5,5.25,5.75,0,0,0,True
38002467,8.0,8.5,9.4,0,0,0,6.75,7.75,8.25,False
38002468,3.0,5.0,3.6,0,0,0,4.25,4.25,7.25,False
38002469,8.0,8.0,8.2,5.0,8.0,5.5,0,0,0,True
38002470,7.4,8.75,8.8,0,0,0,7.75,5.5,9.25,False
38002471,8.4,7.25,8.4,9.25,6.25,6.75,0,0,0,True
38002472,8.2,6.75,6.6,8.0,7.5,6.25,0,0,0,True
38002473,5.4,6.75,3.0,0,0,0,4.75,6.5,6.0,False
38002474,6.0,9.0,9.2,0,0,0,8.5,7.75,8.25,False
38002475,6.8,8.25,8.6,7.0,5.0,5.75,0,0,0,True
38002476,5.6,7.75,6.4,0,0,0,8.5,7.75,8.5,False
38002477,5.0,9.0,6.0,0,0,0,7.75,7.25,7.75,False
38002478,8.0,9.0,6.4,0,0,0,6.5,6.5,8.5,False
38002479,6.8,9.0,7.6,5.75,6.5,7.0,0,0,0,True
38002480,7.8,8.0,7.8,7.75,5.5,4.0,0,0,0,True
38002481,7.2,6.75,6.0,6.0,6.75,4.75,0,0,0,True
38002482,5.6,7.25,6.2,0,0,0,4.0,4.75,7.5,False
38002483,5.0,6.25,0,0,0,0,6.75,0,0,False
38002484,6.6,7.75,8.0,6.5,4.0,6.0,0,0,0,True
38002485,8.2,6.5,5.2,6.75,7.0,4.75,0,0,0,True
38002486,8.0,6.5,6.2,7.0,9.0,5.0,0,0,0,True
38002487,5.2,8.0,9.0,0,0,0,7.5,7.25,8.75,False
38002488,8.4,5.0,4.6,9.25,7.25,6.0,0,0,0,True
38002489,7.6,6.0,6.2,8.75,8.0,6.25,0,0,0,True
38002490,6.4,8.0,4.8,0,0,0,6.75,7.5,8.75,False
38002491,8.6,7.25,6.8,7.75,8.0,5.75,0,0,0,True
38002492,8.4,7.0,7.4,8.25,5.5,6.0,0,0,0,True
38002493,6.8,6.75,5.2,6.0,6.5,4.5,0,0,0,True
38002494,8.2,5.0,9.2,8.25,7.0,4.0,0,0,0,True
38002495,8.2,5.0,5.4,8.0,7.75,5.5,0,0,0,True
38002496,8.2,6.25,6.4,5.25,7.75,8.0,0,0,0,True
38002497,7.4,7.25,0,0,0,0,9.25,0,0,False
38002498,8.0,9.0,8.6,0,0,0,7.25,7.5,9.25,False
38002499,8.0,9.0,8.6,0,0,0,8.25,7.5,9.0,False
38002500,7.2,7.75,5.6,7.0,6.75,4.25,0,0,0,True
38002501,7.8,8.25,9.0,5.0,5.0,6.5,0,0,0,True
38002502,7.4,8.25,7.6,0,0,0,8.75,8.25,9.75,False
38002503,7.8,8.25,7.6,0,0,0,0,0,0,False
38002504,6.8,7.75,5.8,0,0,0,7.25,6.5,8.5,False
38002505,8.8,7.5,0,0,0,0,7.0,7.25,8.25,False
38002506,7.0,8.0,7.8,0,0,0,5.25,6.75,7.75,False
38002507,8.0,6.5,7.4,6.5,6.5,6.5,0,0,0,True
38002508,7.0,8.0,6.8,0,0,0,7.0,5.5,7.5,False
38002509,6.8,8.0,6.4,0,0,0,7.5,7.25,8.75,False
38002510,7.0,6.75,6.2,5.75,5.0,6.0,0,0,0,True
38002511,7.2,8.5,7.2,0,0,0,6.75,8.5,9.5,False
38002512,5.8,7.0,5.2,0,0,0,6.5,6.5,8.5,False
38002513,8.4,8.75,8.8,0,0,0,8.75,8.0,8.75,False
38002514,8.2,0,0,6.25,7.25,0,0,0,0,True
38002515,6.6,8.75,9.2,0,0,0,7.0,7.0,7.5,False
38002516,7.2,8.75,8.0,0,0,0,5.75,7.75,8.75,False
38002517,7.4,8.5,7.0,0,0,0,6.0,7.75,8.5,False
38002518,5.8,8.25,4.8,0,0,0,6.25,6.75,8.0,False
38002519,7.8,9.0,5.8,0,0,0,7.25,8.5,9.0,False
38002520,6.6,6.0,4.4,5.25,6.25,5.5,0,0,0,True
38002521,8.8,6.25,6.0,9.0,8.75,6.5,0,0,0,True
38002522,7.4,6.25,5.2,4.25,4.0,5.25,0,0,0,True
38002523,7.6,9.25,7.0,0,0,0,5.0,6.75,8.5,False
38002524,8.4,8.25,9.0,0,0,0,8.0,7.75,9.5,False
38002525,8.4,6.25,7.2,8.25,4.75,5.25,0,0,0,True
38002526,8.0,6.75,5.6,6.25,4.0,3.75,0,0,0,True
38002528,4.6,8.0,6.4,0,0,0,8.25,9.0,8.25,False
38002529,8.6,7.0,7.8,7.5,7.0,5.75,0,0,0,True
38002530,7.8,9.5,5.4,0,0,0,6.0,6.25,8.25,False
38002531,0,7.75,0,0,0,0,9.0,9.5,8.5,False
38002532,7.8,7.0,7.2,7.75,6.5,7.25,0,0,0,True
38002533,6.2,8.75,8.0,0,0,0,9.25,9.5,9.5,False
38002534,5.8,7.25,4.4,0,0,0,5.0,4.75,8.5,False
38002535,7.0,9.0,6.8,0,0,0,8.75,9.0,8.75,False
38002536,7.0,8.75,8.6,0,0,0,7.0,8.0,8.5,False
38002537,7.2,7.75,4.2,4.5,6.5,6.75,0,0,0,True
38002538,7.8,8.0,8.8,5.25,9.0,8.25,0,0,0,True
38002539,7.8,7.75,7.4,8.0,4.0,5.25,0,0,0,True
38002540,7.0,7.5,5.4,7.25,7.0,6.25,0,0,0,True
38002541,6.6,7.25,7.8,4.25,8.25,5.5,0,0,0,True
38002542,7.2,9.0,6.0,0,0,0,8.0,9.25,9.0,False
38002543,8.2,9.0,7.4,0,0,0,6.0,7.0,8.25,False
38002544,8.0,7.75,6.6,7.5,7.25,6.5,0,0,0,True
38002545,8.2,8.5,8.2,8.25,8.75,6.5,0,0,0,True
38002546,7.8,8.25,5.2,7.25,8.5,7.0,0,0,0,True
38002547,8.6,8.75,9.2,0,0,0,7.25,8.0,9.25,False
38002548,8.2,9.5,0,0,0,0,7.5,6.25,9.0,False
38002549,8.0,9.25,8.2,0,0,0,7.0,6.75,9.0,False
38002550,8.4,8.0,7.2,8.5,7.75,6.75,0,0,0,True
38002551,5.4,4.25,3.4,2.25,3.25,5.75,0,0,0,True
38002552,6.6,8.75,5.2,0,0,0,8.75,7.75,9.5,False
38002553,8.0,8.5,4.0,7.75,6.25,3.75,0,0,0,True
38002554,7.8,8.5,7.8,8.0,8.0,7.0,0,0,0,True
38002555,7.0,8.5,6.0,0,0,0,7.5,7.5,9.5,False
38002556,7.4,8.75,8.2,0,0,0,6.25,7.75,9.5,False
38002557,7.2,9.0,6.0,6.5,6.0,5.75,0,0,0,True
38002558,6.4,8.25,3.4,0,0,0,9.25,9.25,9.0,False
38002559,0,7.25,0,0,0,0,9.0,9.5,0,False
38002560,6.2,8.0,5.6,0,0,0,6.5,7.0,9.5,False
38002561,8.6,7.25,8.2,8.5,9.5,7.25,0,0,0,True
38002562,5.6,7.25,7.0,0,0,0,6.0,5.25,7.0,False
38002563,6.6,7.75,8.2,0,0,0,5.5,6.75,8.0,False
38002564,0,6.5,0,0,0,0,7.25,7.0,0,False
38002565,6.6,6.0,5.4,4.75,4.75,4.5,0,0,0,True
38002566,6.0,0,0,5.25,5.5,0,0,0,0,True
38002567,7.6,8.5,6.8,3.5,5.5,5.5,0,0,0,True
38002568,8.4,8.5,8.4,0,0,0,7.75,7.25,8.25,False
38002569,8.4,8.0,8.2,7.25,8.0,7.25,0,0,0,True
38002570,6.6,4.5,3.2,5.5,4.5,4.75,0,0,0,True
38002571,0,6.25,0,0,0,0,7.25,7.0,0,False
38002572,0,5.75,0,0,0,0,6.5,7.5,0,False
38002573,6.0,8.5,8.4,0,0,0,7.25,5.5,7.75,False
38002574,7.4,7.75,8.2,5.0,4.0,4.5,0,0,0,True
38002575,0,5.0,0,0,0,0,8.5,9.5,0,False
38002576,8.2,7.0,5.2,8.0,7.25,5.75,0,0,0,True
38002577,8.6,6.75,5.6,8.75,8.5,4.75,0,0,0,True
38002578,7.4,8.5,9.2,6.75,8.75,8.25,0,0,0,True
38002579,8.0,7.75,7.2,8.5,8.5,5.5,0,0,0,True
38002580,7.8,8.0,8.4,7.0,5.0,6.25,0,0,0,True
38002581,5.6,7.5,7.6,0,0,0,7.5,8.75,8.0,False
38002582,0,5.75,0,0,0,0,8.75,9.25,0,False
38002583,7.2,7.5,7.4,8.5,5.5,9.0,0,0,0,True
38002584,5.2,6.75,9.6,5.25,4.25,5.25,0,0,0,True
38002585,8.4,7.0,7.0,5.25,8.75,7.0,0,0,0,True
38002586,7.0,7.75,6.0,8.25,6.0,5.75,0,0,0,True
38002587,7.8,7.0,6.2,7.75,6.75,6.25,0,0,0,True
38002588,8.0,6.25,7.0,6.75,6.25,6.0,0,0,0,True
38002589,6.8,8.25,8.0,0,0,0,6.75,8.5,8.0,False
38002590,5.2,8.0,0,0,0,0,7.0,0,0,False
38002591,8.8,7.0,6.4,8.75,9.0,4.75,0,0,0,True
38002592,6.8,8.25,5.0,3.5,7.0,6.5,0,0,0,True
38002593,7.2,8.5,8.8,0,0,0,7.0,6.5,8.5,False
38002594,8.2,8.25,8.4,0,0,0,8.25,8.0,9.0,False
38002595,8.4,8.75,8.8,0,0,0,8.5,9.0,9.5,False
38002596,8.0,8.5,5.8,0,0,0,9.75,9.25,10.0,False
38002597,6.8,9.0,4.6,4.0,5.5,6.5,0,0,0,True
38002598,7.8,8.25,9.4,6.25,7.75,8.0,0,0,0,True
38002599,7.4,7.5,8.0,0,0,0,7.75,9.0,9.25,False
38002600,8.0,7.5,7.6,7.25,5.75,4.5,0,0,0,True
38002601,7.0,8.5,7.8,7.75,4.0,4.75,0,0,0,True
38002602,7.8,9.0,6.2,0,0,0,6.5,7.25,7.75,False
38002603,7.6,8.0,5.4,5.75,7.5,5.25,0,0,0,True
38002604,7.6,7.75,6.8,0,0,0,6.75,6.5,8.5,False
38002605,8.2,8.75,8.6,0,0,0,7.0,8.25,8.75,False
38002606,7.8,8.5,6.6,0,0,0,6.75,7.25,9.25,False
38002607,7.6,7.25,4.6,7.75,7.75,6.25,0,0,0,True
38002608,8.0,7.25,4.0,8.75,9.5,5.5,0,0,0,True
38002609,5.8,6.75,4.2,0,0,0,4.5,6.25,7.5,False
38002610,0,7.75,0,0,0,0,9.25,8.25,8.0,False
38002611,8.0,7.5,4.8,6.25,7.5,7.25,0,0,0,True
38002612,7.0,6.5,6.2,0,0,0,6.0,6.75,8.0,False
38002613,7.2,0,0,7.0,6.5,0,0,0,0,True
38002614,7.2,6.5,6.8,8.5,5.25,5.75,0,0,0,True
38002615,7.2,5.5,4.6,6.75,5.5,5.25,0,0,0,True
38002616,7.2,7.25,3.8,8.25,7.75,6.25,0,0,0,True
38002617,8.2,5.75,6.4,7.5,7.75,3.25,0,0,0,True
38002618,5.2,6.75,0,0,0,0,8.5,0,0,False
38002619,7.4,8.0,6.4,5.0,7.25,6.5,0,0,0,True
38002620,6.6,8.5,7.2,0,0,0,8.25,7.25,9.75,False
38002621,8.2,7.5,5.2,5.0,9.5,8.75,0,0,0,True
38002622,5.2,8.5,7.4,0,0,0,7.0,5.75,7.75,False
38002623,6.6,8.5,6.4,0,0,0,9.25,8.75,8.5,False
38002624,6.2,9.5,8.0,0,0,0,6.75,8.0,8.75,False
38002625,4.8,8.75,8.2,0,0,0,9.5,6.75,8.75,False
38002626,7.8,8.75,7.6,5.75,8.0,8.0,0,0,0,True
38002627,8.0,8.25,7.2,6.0,5.25,5.75,0,0,0,True
38002628,7.8,9.5,8.4,0,0,0,7.5,7.75,8.75,False
38002629,6.8,9.75,5.0,0,0,0,9.0,9.25,9.25,False
38002630,6.8,8.75,6.8,7.5,8.5,6.75,0,0,0,True
38002631,6.6,8.5,5.6,0,0,0,6.0,7.25,7.0,False
38002632,8.0,9.0,7.6,5.5,6.5,7.0,0,0,0,True
38002633,7.0,6.75,4.0,7.5,7.0,5.5,0,0,0,True
38002634,3.8,8.5,0,0,0,0,9.5,8.25,9.25,False
38002635,6.6,8.5,6.6,0,0,0,6.5,6.75,8.75,False
38002636,8.2,6.75,7.2,8.25,9.0,6.25,0,0,0,True
38002637,5.2,6.75,6.0,0,0,0,8.25,7.0,9.0,False
38002638,8.6,8.5,7.8,7.25,6.25,8.0,0,0,0,True
38002639,7.8,6.5,7.2,4.0,8.5,7.5,0,0,0,True
38002640,6.0,6.5,5.0,5.0,4.25,4.75,0,0,0,True
38002641,7.4,6.5,6.0,7.0,6.25,5.0,0,0,0,True
38002642,7.4,8.0,7.0,0,0,0,7.0,8.25,8.25,False
38002643,6.4,6.5,7.0,6.5,4.5,5.5,0,0,0,True
38002644,8.2,7.0,5.6,5.0,8.5,7.25,0,0,0,True
38002645,7.4,9.0,6.8,0,0,0,6.75,6.75,8.5,False
38002646,3.4,3.5,2.4,0,0,0,5.0,6.25,4.75,False
38002647,4.2,3.25,4.2,0,0,0,4.75,7.25,6.0,False
38002648,7.6,6.5,5.8,0,0,0,7.0,8.0,9.25,False
38002649,6.4,6.0,3.8,0,0,0,5.75,7.25,8.5,False
38002650,6.6,6.25,5.0,0,0,0,8.75,8.5,9.0,False
38002651,3.4,6.25,2.8,0,0,0,7.75,7.25,8.0,False
38002652,0,7.25,0,0,0,0,9.0,9.5,0,False
38002653,5.8,6.5,5.4,0,0,0,5.75,6.75,9.0,False
38002654,6.2,5.25,4.2,3.5,7.0,7.0,0,0,0,True
38002655,6.8,5.5,4.2,0,0,0,4.5,7.25,8.25,False
38002656,3.2,4.5,2.4,0,0,0,5.25,4.5,6.75,False
38002657,4.8,7.5,3.4,0,0,0,6.25,6.75,7.5,False
38002658,7.0,6.75,4.2,0,0,0,7.25,7.75,9.5,False
38002659,7.0,6.25,4.4,0,0,0,7.0,8.0,7.75,False
38002660,5.8,8.25,6.0,0,0,0,8.5,9.0,8.25,False
38002661,6.2,6.5,3.6,0,0,0,5.5,5.75,8.25,False
38002662,5.6,6.75,4.6,0,0,0,4.75,7.0,7.5,False
38002663,6.6,6.25,5.0,0,0,0,7.5,8.0,8.75,False
38002664,6.6,6.75,6.2,0,0,0,8.25,9.25,8.25,False
38002665,5.8,5.5,4.4,0,0,0,5.75,6.25,8.0,False
38002666,5.8,6.0,5.0,0,0,0,6.0,7.25,7.25,False
38002667,5.6,6.25,2.8,0,0,0,6.25,6.0,7.25,False
38002668,6.0,5.0,4.4,5.25,5.25,5.5,0,0,0,True
38002669,6.6,8.0,6.0,4.0,8.0,6.5,0,0,0,True
38002670,6.0,6.0,4.4,0,0,0,7.5,8.75,8.5,False
38002671,6.2,5.75,4.4,0,0,0,6.0,7.0,9.5,False
38002672,3.0,4.5,3.0,0,0,0,4.25,5.5,6.5,False
38002673,6.8,5.5,8.8,2.75,4.75,4.25,0,0,0,True
38002674,5.2,5.5,3.8,0,0,0,6.5,5.25,7.5,False
38002675,5.8,6.25,4.6,0,0,0,8.0,6.5,9.25,False
38002676,3.8,5.25,2.6,0,0,0,6.5,7.25,6.5,False
38002677,4.8,6.0,5.8,0,0,0,4.5,7.5,8.75,False
38002678,5.4,2.5,4.6,0,0,0,3.75,5.0,6.5,False
38002679,7.2,7.5,4.8,7.5,6.0,7.75,0,0,0,True
38002680,6.4,8.5,4.8,0,0,0,7.0,8.75,8.75,False
38002681,5.2,4.5,3.8,0,0,0,6.25,5.5,7.5,False
38002682,6.6,6.25,3.6,0,0,0,6.0,7.0,8.25,False
38002683,5.4,8.75,6.4,0,0,0,6.5,6.75,8.5,False
38002684,4.6,6.5,2.8,0,0,0,6.75,5.5,7.5,False
38002685,7.2,6.0,5.4,0,0,0,5.0,7.0,8.5,False
38002686,6.0,5.5,4.2,0,0,0,7.75,9.0,9.0,False
38002687,5.8,6.5,5.4,0,0,0,7.0,8.5,8.25,False
38002688,8.4,7.5,8.4,8.5,7.5,7.75,0,0,0,True
38002689,5.0,4.5,4.0,0,0,0,4.75,4.5,5.5,False
38002690,4.8,5.25,3.4,0,0,0,6.5,7.75,8.25,False
38002691,6.8,6.0,4.8,6.0,7.5,6.0,0,0,0,True
38002692,3.2,3.75,3.8,0,0,0,4.5,7.0,6.75,False
38002693,5.8,5.0,4.0,0,0,0,6.75,7.0,8.75,False
38002694,4.8,7.0,3.6,0,0,0,6.75,7.5,8.25,False
38002695,4.2,5.75,3.6,0,0,0,5.25,6.0,8.0,False
38002696,6.4,7.5,3.0,5.5,3.25,4.75,0,0,0,True
38002697,6.8,5.75,4.4,0,0,0,6.25,7.75,7.75,False
38002698,7.0,6.0,3.0,0,0,0,6.5,5.5,8.25,False
38002699,5.8,8.0,2.6,0,0,0,8.25,8.25,9.0,False
38002700,5.8,5.75,3.8,0,0,0,5.75,6.25,8.0,False
38002701,6.8,6.25,4.4,0,0,0,7.25,7.5,9.0,False
38002702,2.6,4.75,2.6,0,0,0,6.5,6.25,6.5,False
38002703,7.2,6.0,6.4,4.75,5.0,6.75,0,0,0,True
38002704,6.2,7.0,4.4,0,0,0,5.0,7.5,8.5,False
38002705,2.8,4.5,2.4,0,0,0,6.0,6.25,7.5,False
38002706,6.4,7.5,5.4,0,0,0,6.75,7.5,8.5,False
38002707,6.6,4.25,3.4,0,0,0,4.5,5.25,7.25,False
38002708,5.8,6.75,3.4,0,0,0,6.0,8.0,8.0,False
38002709,5.2,5.25,2.6,0,0,0,6.75,6.5,8.0,False
38002710,6.0,4.5,3.0,0,0,0,6.5,7.25,8.0,False
38002711,7.2,5.5,3.4,6.75,6.5,5.0,0,0,0,True
38002712,7.4,6.75,6.4,3.75,4.5,5.75,0,0,0,True
38002713,4.4,5.5,4.4,0,0,0,4.0,5.0,6.75,False
38002714,6.8,6.0,3.6,0,0,0,7.25,7.25,8.25,False
38002715,6.0,5.5,3.6,0,0,0,5.0,7.75,7.25,False
38002716,7.0,8.5,5.4,0,0,0,8.5,8.0,9.25,False
38002717,6.4,9.25,6.4,0,0,0,9.5,8.75,8.75,False
38002718,5.2,4.25,2.0,0,0,0,4.5,2.25,5.75,False
38002719,6.0,6.75,6.2,0,0,0,7.0,6.5,8.5,False
38002720,5.4,4.5,5.0,0,0,0,5.0,7.25,6.75,False
38002721,4.2,5.0,4.0,0,0,0,4.5,6.75,5.75,False
38002722,6.0,5.0,3.6,0,0,0,6.25,6.0,6.75,False
38002723,7.0,7.0,5.2,0,0,0,7.25,8.0,9.0,False
38002724,4.6,5.5,5.8,0,0,0,5.0,3.75,6.0,False
38002725,7.8,5.75,4.4,8.75,8.75,7.75,0,0,0,True
38002726,4.6,6.5,4.8,0,0,0,4.75,6.75,7.25,False
38002727,4.8,6.0,2.4,0,0,0,7.0,6.5,7.75,False
38002728,6.0,6.5,2.4,0,0,0,6.5,6.75,9.25,False
38002729,5.0,4.5,5.6,0,0,0,5.25,7.25,7.25,False
38002730,7.2,7.5,6.2,0,0,0,6.5,8.5,8.25,False
38002731,6.6,5.0,7.4,5.25,4.5,5.25,0,0,0,True
38002732,5.6,6.5,3.2,0,0,0,6.25,5.75,7.25,False
38002733,6.4,6.0,4.4,0,0,0,8.0,9.25,8.75,False
38002734,5.0,6.0,3.6,0,0,0,6.5,7.0,8.0,False
38002735,6.2,6.0,4.6,0,0,0,5.5,4.75,8.25,False
38002736,4.6,5.5,3.8,0,0,0,5.75,7.5,8.25,False
38002737,6.6,5.75,4.2,0,0,0,6.0,7.5,7.0,False
38002738,5.0,5.75,3.2,0,0,0,6.0,6.5,8.0,False
38002739,6.0,6.0,5.0,0,0,0,7.5,8.0,8.5,False
38002740,4.8,5.25,3.4,0,0,0,6.75,6.0,8.0,False
38002741,7.4,8.75,6.0,5.0,8.5,7.5,0,0,0,True
38002742,7.2,7.25,6.2,0,0,0,6.75,8.75,9.5,False
38002743,4.8,7.5,4.2,0,0,0,6.0,6.75,8.0,False
38002744,5.4,6.25,2.8,0,0,0,6.5,6.0,8.25,False
38002745,2.8,5.75,5.6,0,0,0,6.5,6.5,8.75,False
38002746,5.6,5.0,3.2,0,0,0,4.75,6.25,7.75,False
38002747,8.4,9.0,6.4,7.0,8.25,7.25,0,0,0,True
38002748,6.2,8.0,5.4,0,0,0,6.75,7.0,8.5,False
38002749,6.8,6.0,6.4,0,0,0,8.5,7.5,8.25,False
38002750,8.2,7.75,4.6,0,0,0,9.5,8.25,9.5,False
38002751,4.8,6.75,2.8,0,0,0,6.5,6.75,7.75,False
38002752,6.8,7.0,3.8,0,0,0,5.75,6.0,7.5,False
38002753,4.6,6.5,3.8,0,0,0,6.5,7.25,8.0,False
38002754,3.8,6.25,6.0,0,0,0,6.75,7.5,8.25,False
38002755,5.4,7.0,4.0,0,0,0,5.25,6.25,7.25,False
38002756,5.0,7.25,4.2,0,0,0,6.0,8.0,9.0,False
38002757,5.6,6.0,2.8,0,0,0,4.75,7.5,5.0,False
38002758,5.0,8.0,4.6,0,0,0,7.5,8.25,8.0,False
38002759,5.2,8.0,4.0,7.0,6.75,6.5,0,0,0,True
38002760,7.4,6.0,5.4,0,0,0,5.5,6.75,8.0,False
38002761,6.6,6.25,5.0,0,0,0,6.25,5.75,8.5,False
38002762,5.8,6.25,4.2,0,0,0,7.0,6.25,9.0,False
38002763,6.2,7.0,5.4,0,0,0,6.25,7.75,9.0,False
38002764,4.0,5.25,3.0,0,0,0,7.75,8.0,8.5,False
38002765,7.6,6.0,4.2,0,0,0,8.25,8.5,8.75,False
38002766,5.2,6.25,4.2,0,0,0,6.5,7.0,7.5,False
38002767,5.6,5.0,3.8,0,0,0,5.25,8.25,8.5,False
38002768,2.6,4.5,2.2,0,0,0,5.5,5.75,6.25,False
38002770,6.8,7.0,4.6,0,0,0,7.5,7.75,8.0,False
38002771,6.8,7.5,4.4,0,0,0,6.75,8.25,9.0,False
38002772,4.8,6.5,4.8,0,0,0,7.0,8.25,8.0,False
38002773,5.8,6.92,4.2,0,0,0,5.25,6.75,7.0,False
38002774,6.4,7.0,4.6,0,0,0,5.0,8.0,6.75,False
38002775,7.8,7.0,5.0,8.5,7.25,6.5,0,0,0,True
38002776,6.2,5.25,3.0,0,0,0,4.25,6.0,6.25,False
38002777,6.0,6.5,3.6,3.0,4.0,4.75,0,0,0,True
38002778,4.2,6.0,3.6,0,0,0,6.25,6.0,8.25,False
38002779,3.2,7.0,3.8,0,0,0,6.0,4.5,6.75,False
38002780,6.0,6.0,4.6,0,0,0,6.75,6.25,6.75,False
38002781,5.6,6.0,2.4,0,0,0,7.5,8.0,8.5,False
38002782,3.4,5.75,3.8,0,0,0,7.0,6.0,7.5,False
38002783,5.4,7.25,4.2,0,0,0,7.5,5.75,8.5,False
38002784,6.0,6.0,3.6,0,0,0,4.5,6.75,7.75,False
38002785,7.0,8.25,5.0,0,0,0,8.0,9.0,8.5,False
38002786,5.0,5.0,3.6,0,0,0,4.75,5.5,6.75,False
38002787,7.0,6.5,4.8,0,0,0,7.75,7.75,9.75,False
38002788,8.0,8.5,6.6,8.5,8.25,6.75,0,0,0,True
38002789,5.4,7.25,4.6,0,0,0,7.0,7.75,8.5,False
38002790,6.4,6.75,5.8,0,0,0,8.5,8.5,9.25,False
38002791,4.4,5.5,2.6,0,0,0,6.5,6.75,7.25,False
38002792,3.0,4.5,4.4,0,0,0,4.75,4.25,8.0,False
38002793,3.8,4.75,3.8,0,0,0,4.75,5.25,6.0,False
38002794,5.6,6.0,2.8,3.0,5.25,4.75,0,0,0,True
38002795,4.0,7.25,4.6,0,0,0,6.75,5.5,6.25,False
38002796,6.8,8.25,4.6,0,0,0,7.75,9.25,9.0,False
38002797,3.8,5.0,4.2,0,0,0,6.25,6.75,6.5,False
38002798,7.2,8.5,4.6,0,0,0,6.75,6.5,7.75,False
38002799,5.2,4.25,3.4,0,0,0,7.75,7.75,9.5,False
38002800,7.6,8.5,6.4,0,0,0,8.25,7.5,9.0,False
38002801,6.8,6.83,6.4,0,0,0,7.5,9.25,8.75,False
38002802,4.2,6.5,3.6,0,0,0,5.0,7.5,7.25,False
38002803,5.0,6.25,2.6,0,0,0,4.0,5.5,6.25,False
38002804,6.2,6.75,4.8,0,0,0,6.0,6.75,9.0,False
38002805,6.4,5.75,5.6,0,0,0,7.25,6.75,8.75,False
38002806,4.4,5.0,5.6,0,0,0,5.75,6.0,8.25,False
38002807,4.8,4.5,3.8,0,0,0,7.0,6.5,7.5,False
38002808,5.0,6.75,3.6,0,0,0,4.0,6.75,7.25,False
38002809,7.0,6.75,6.4,0,0,0,7.5,8.5,9.25,False
38002810,4.0,4.0,7.4,0,0,0,7.75,7.25,8.75,False
38002811,6.4,6.75,5.0,0,0,0,6.5,7.25,8.0,False
38002812,4.8,5.0,2.6,0,0,0,4.75,5.25,7.5,False
38002813,7.4,6.5,5.2,0,0,0,7.5,6.5,8.5,False
38002814,5.6,6.25,3.4,0,0,0,6.5,6.5,8.5,False
38002815,5.0,5.5,3.4,0,0,0,6.0,6.5,8.0,False
38002816,7.4,6.5,7.6,0,0,0,8.0,8.25,10.0,False
38002817,7.2,7.5,5.6,0,0,0,7.75,7.25,8.25,False
38002818,7.0,6.25,2.6,0,0,0,5.25,5.0,7.25,False
38002819,7.2,7.0,4.2,5.25,5.5,6.0,0,0,0,True
38002820,6.2,6.5,4.4,6.0,4.0,6.25,0,0,0,True
38002821,2.6,7.75,4.0,0,0,0,6.25,6.25,7.25,False
38002822,5.2,6.0,4.8,0,0,0,5.25,6.75,7.5,False
38002823,5.0,5.0,3.2,0,0,0,5.0,7.0,7.25,False
38002824,6.0,7.5,4.8,0,0,0,7.5,8.25,8.0,False
38002825,6.6,3.5,2.0,4.5,7.0,6.5,0,0,0,True
38002826,6.4,6.25,2.4,0,0,0,6.0,6.5,9.0,False
38002827,6.2,7.0,9.4,0,0,0,8.75,8.0,8.5,False
38002828,4.6,7.0,3.8,0,0,0,6.25,7.25,7.0,False
38002829,6.4,7.25,4.8,0,0,0,8.0,8.5,8.75,False
38002830,7.6,7.5,8.6,8.0,5.75,6.5,0,0,0,True
38002831,4.2,5.5,2.2,0,0,0,4.75,7.5,6.25,False
38002832,6.0,3.5,3.0,0,0,0,5.25,5.0,5.25,False
38002833,5.8,5.75,2.6,0,0,0,8.25,7.5,8.5,False
38002834,6.8,6.5,4.4,0,0,0,7.75,6.25,9.0,False
38002835,5.0,6.0,4.6,0,0,0,6.5,5.75,7.0,False
38002836,5.4,6.0,3.8,0,0,0,6.25,8.0,7.75,False
38002837,5.8,6.0,2.8,0,0,0,5.25,7.5,9.0,False
38002838,8.6,7.5,6.8,7.5,6.5,7.5,0,0,0,True
38002839,5.8,4.75,4.4,0,0,0,6.0,7.25,7.5,False
38002840,5.0,5.75,3.0,0,0,0,5.25,6.25,6.5,False
38002841,6.8,8.75,3.8,0,0,0,7.75,8.5,9.5,False
38002842,6.0,5.75,4.6,0,0,0,7.25,7.5,8.75,False
38002843,7.6,7.25,5.6,0,0,0,7.5,8.0,8.75,False
38002844,5.0,6.0,2.0,0,0,0,5.5,5.75,6.75,False
38002845,6.0,5.75,4.6,0,0,0,6.25,6.5,7.25,False
38002846,8.0,5.75,6.4,6.25,8.25,6.5,0,0,0,True
38002847,7.4,5.5,9.0,8.25,5.25,5.5,0,0,0,True
38002848,5.6,5.0,4.0,0,0,0,8.0,7.25,9.25,False
38002849,7.0,8.0,6.8,5.0,7.25,5.75,0,0,0,True
38002850,4.6,5.5,2.2,0,0,0,4.5,5.0,6.5,False
38002851,6.0,6.75,4.2,0,0,0,5.75,6.5,8.0,False
38002852,5.2,6.0,4.2,0,0,0,6.5,6.75,7.5,False
38002853,5.2,7.5,4.0,0,0,0,5.5,6.5,7.75,False
38002854,4.2,6.5,2.2,0,0,0,4.75,6.0,7.5,False
38002855,6.0,6.75,3.8,0,0,0,5.75,7.25,8.75,False
38002856,6.0,8.0,4.2,0,0,0,4.75,7.0,8.25,False
38002857,4.0,5.75,3.8,0,0,0,7.25,8.5,8.5,False
38002858,5.2,9.0,4.2,0,0,0,6.5,8.75,8.0,False
38002859,5.4,5.0,3.8,0,0,0,5.5,7.25,8.0,False
38002860,6.4,6.75,4.0,0,0,0,4.0,7.0,8.5,False
38002861,7.2,7.25,5.2,0,0,0,8.25,7.75,9.25,False
38002862,4.0,5.25,4.8,0,0,0,4.25,5.75,7.0,False
38002863,3.6,5.75,4.2,0,0,0,6.25,7.5,7.25,False
38002864,5.0,5.0,5.4,0,0,0,7.0,7.5,8.0,False
38002865,5.8,5.0,3.4,0,0,0,6.5,7.75,8.25,False
38002866,6.2,5.75,3.4,0,0,0,8.0,6.75,8.5,False
38002867,5.6,5.25,3.6,0,0,0,5.0,5.0,7.25,False
38002868,4.8,5.5,5.8,0,0,0,6.0,7.25,7.75,False
38002869,7.4,8.25,6.2,7.25,7.5,6.0,0,0,0,True
38002870,4.6,5.0,3.4,0,0,0,5.5,5.75,7.75,False
38002871,5.8,4.25,4.6,0,0,0,5.75,6.25,7.75,False
38002872,7.0,5.75,4.6,0,0,0,8.5,8.0,8.5,False
38002873,7.6,5.25,5.0,0,0,0,5.75,7.0,8.5,False
38002874,5.0,6.25,4.6,0,0,0,5.75,8.75,9.0,False
38002875,6.4,7.75,4.2,0,0,0,9.0,7.5,9.0,False
38002876,6.0,5.5,4.4,0,0,0,7.5,7.25,9.25,False
38002877,5.4,7.25,4.0,0,0,0,6.25,8.25,9.0,False
38002878,7.0,6.33,6.6,0,0,0,8.0,7.5,8.5,False
38002879,4.2,5.75,4.6,0,0,0,5.0,6.5,6.75,False
38002880,6.4,7.75,5.2,5.5,6.5,7.75,0,0,0,True
38002881,8.0,8.25,8.2,3.75,8.5,6.5,0,0,0,True
38002882,6.6,6.25,4.2,0,0,0,7.0,6.25,7.75,False
38002883,6.2,6.75,4.8,0,0,0,7.75,7.5,8.75,False
38002884,5.8,7.75,4.4,0,0,0,6.75,7.25,8.5,False
38002885,7.0,7.5,7.4,7.0,6.5,5.5,0,0,0,True
38002886,7.0,4.25,4.4,5.75,5.25,4.75,0,0,0,True
38002887,6.2,5.5,3.4,0,0,0,5.75,7.25,8.5,False
38002888,6.2,4.25,4.2,0,0,0,6.0,7.5,8.25,False
38002889,4.8,6.0,3.8,0,0,0,6.25,8.0,8.75,False
38002890,6.4,7.25,3.2,0,0,0,5.25,6.75,7.25,False
38002891,6.0,5.5,5.2,0,0,0,6.75,7.0,8.75,False
38002892,4.8,4.25,5.8,0,0,0,5.0,6.25,7.75,False
38002893,6.8,6.75,5.4,0,0,0,6.0,6.75,7.75,False
38002894,6.2,8.25,3.8,0,0,0,7.75,7.75,8.25,False
38002895,5.8,7.0,7.4,0,0,0,8.5,7.25,8.0,False
38002896,7.2,7.25,5.0,4.75,7.25,6.0,0,0,0,True
38002897,3.8,4.75,2.8,0,0,0,7.5,6.0,6.5,False
38002898,5.8,6.75,5.0,0,0,0,7.0,7.0,8.5,False
38002899,5.6,4.0,3.4,0,0,0,5.25,5.0,7.0,False
38002900,5.8,8.25,3.4,0,0,0,6.0,6.5,7.75,False
38002901,6.2,7.5,4.4,0,0,0,6.25,6.75,7.5,False
38002902,5.8,5.0,3.2,0,0,0,4.0,5.25,6.75,False
38002903,7.8,8.0,6.0,4.75,7.5,6.0,0,0,0,True
38002904,6.4,7.25,3.4,0,0,0,3.5,6.75,7.25,False
38002905,7.6,8.0,3.8,3.5,6.75,7.5,0,0,0,True
38002906,3.4,5.0,2.4,0,0,0,5.75,7.25,8.0,False
38002907,3.6,6.5,2.2,0,0,0,4.25,6.25,7.5,False
38002908,5.6,7.25,3.2,0,0,0,4.25,6.75,7.25,False
38002909,6.6,8.0,4.4,5.5,6.5,4.25,0,0,0,True
38002910,6.4,6.75,5.2,0,0,0,6.75,8.5,9.5,False
38002911,0,7.25,0,0,0,0,9.5,9.25,0,False
38002912,6.4,7.5,4.2,0,0,0,6.0,8.5,9.75,False
38002913,5.6,6.0,3.0,0,0,0,6.75,4.75,6.75,False
38002914,5.8,5.75,4.2,0,0,0,6.75,6.25,8.0,False
38002915,5.6,6.5,4.4,0,0,0,8.25,8.75,9.25,False
38002916,8.0,7.5,4.4,6.75,6.75,6.75,0,0,0,True
38002917,6.0,5.75,4.2,0,0,0,6.75,5.5,6.75,False
38002918,5.2,3.5,3.8,0,0,0,4.75,5.75,9.0,False
38002919,4.2,7.25,4.8,0,0,0,5.0,7.25,8.25,False
38002920,4.8,6.5,4.6,0,0,0,6.5,6.0,8.0,False
38002921,6.2,5.0,3.0,0,0,0,5.75,6.0,6.25,False
38002922,6.0,6.0,3.6,0,0,0,6.5,8.5,9.0,False
38002923,6.0,5.5,2.8,0,0,0,5.25,7.75,8.5,False
38002924,4.4,5.5,2.6,3.75,4.5,4.0,0,0,0,True
38002925,7.4,6.25,3.6,0,0,0,7.0,7.5,8.0,False
38002926,6.2,8.25,5.0,0,0,0,6.0,6.75,7.75,False
38002927,4.4,6.5,2.8,0,0,0,7.0,6.5,9.0,False
38002928,4.2,5.75,4.0,0,0,0,6.25,7.25,7.75,False
38002929,5.0,5.75,3.4,0,0,0,3.5,5.0,6.75,False
38002930,6.6,6.0,5.0,0,0,0,6.5,5.25,7.0,False
38002931,6.8,6.5,3.8,0,0,0,4.25,5.75,7.5,False
38002932,7.0,6.25,6.2,0,0,0,6.75,7.75,8.25,False
38002933,5.8,8.25,4.4,0,0,0,7.0,7.75,8.75,False
38002934,4.4,5.0,5.0,0,0,0,7.0,4.75,7.0,False
38002935,4.6,5.25,3.4,0,0,0,5.75,6.5,8.0,False
38002936,4.2,5.75,4.4,0,0,0,5.0,6.75,8.75,False
38002937,7.2,5.75,4.6,0,0,0,7.5,6.5,8.5,False
38002938,5.8,8.25,4.6,0,0,0,6.75,8.75,10.0,False
38002939,7.4,7.0,4.2,4.75,4.75,6.25,0,0,0,True
38002940,5.4,6.25,4.0,0,0,0,6.5,5.0,8.25,False
38002941,6.0,6.25,4.2,0,0,0,6.0,7.5,7.75,False
38002942,6.0,8.5,6.4,0,0,0,6.75,8.25,8.25,False
38002943,7.0,8.75,4.8,0,0,0,5.75,8.5,7.75,False
38002944,6.0,6.75,4.2,0,0,0,8.25,8.0,9.0,False
38002945,6.2,6.5,3.6,0,0,0,6.0,7.75,8.75,False
38002946,7.2,7.5,7.0,0,0,0,8.0,7.0,7.0,False
38002947,5.2,8.5,4.0,0,0,0,7.75,8.5,9.5,False
38002948,7.6,8.0,4.8,0,0,0,5.5,6.75,8.75,False
38002949,3.8,5.5,2.2,0,0,0,5.5,5.75,7.0,False
38002950,4.4,6.5,2.0,0,0,0,5.25,4.0,6.0,False
38002951,4.4,8.5,5.2,0,0,0,3.5,7.75,9.25,False
38002952,5.4,7.25,4.2,0,0,0,6.75,8.75,9.5,False
38002953,7.6,6.58,5.4,0,0,0,5.0,7.0,8.0,False
38002954,8.2,7.5,5.0,5.25,3.75,6.0,0,0,0,True
38002955,4.0,4.75,2.8,0,0,0,3.75,5.0,5.0,False
38002956,2.6,5.25,3.4,0,0,0,4.5,5.25,6.25,False
38002957,4.2,7.0,4.4,0,0,0,7.25,8.0,8.5,False
38002958,5.6,5.0,4.2,0,0,0,5.5,6.75,7.5,False
38002959,6.0,6.5,5.4,0,0,0,7.0,8.25,8.5,False
38002960,7.4,7.75,6.0,0,0,0,7.75,8.75,8.75,False
38002961,4.4,5.0,3.6,0,0,0,5.5,4.75,6.75,False
38002962,6.8,6.5,8.4,4.75,7.5,7.5,0,0,0,True
38002963,4.8,5.5,5.0,0,0,0,5.0,7.5,8.25,False
38002964,8.6,8.0,7.4,7.0,9.5,8.25,0,0,0,True
38002965,6.2,5.5,5.6,0,0,0,8.0,6.75,7.25,False
38002966,6.4,5.41,3.4,0,0,0,7.0,7.25,7.5,False
38002967,4.8,7.0,5.4,0,0,0,5.5,5.25,8.5,False
38002968,5.8,7.5,4.6,0,0,0,6.25,7.25,8.25,False
38002969,4.0,5.75,4.2,0,0,0,3.5,4.5,5.5,False
38002970,7.6,7.25,3.8,0,0,0,7.5,5.75,7.5,False
38002971,5.4,6.75,5.0,0,0,0,7.0,7.5,7.75,False
38002972,7.8,5.5,5.2,0,0,0,8.25,7.75,8.5,False
38002973,4.4,6.5,5.2,0,0,0,6.0,7.0,9.25,False
38002974,5.4,6.25,4.4,0,0,0,5.0,6.75,7.0,False
38002975,4.6,7.75,4.8,0,0,0,5.75,6.75,7.5,False
38002976,5.0,6.25,4.2,0,0,0,4.5,8.25,8.75,False
38002977,6.2,6.5,3.8,0,0,0,6.75,7.5,8.5,False
38002978,7.2,6.25,4.4,0,0,0,7.25,8.0,8.5,False
38002979,7.0,8.25,4.6,0,0,0,8.75,7.0,9.5,False
38002980,4.8,7.0,3.4,0,0,0,6.5,7.25,7.75,False
38002981,5.6,5.0,3.8,0,0,0,5.0,4.5,8.25,False
38002982,4.8,5.25,2.4,0,0,0,6.25,7.0,6.75,False
38002983,6.4,5.5,5.6,0,0,0,6.5,5.5,8.0,False
38002984,3.8,3.5,3.6,0,0,0,6.0,4.5,5.25,False
38002985,6.4,5.0,4.2,0,0,0,6.25,7.75,7.75,False
38002986,6.8,6.41,3.0,0,0,0,6.0,7.25,7.5,False
38002987,7.0,6.25,4.8,0,0,0,6.75,7.75,7.75,False
38002988,6.0,6.25,4.2,0,0,0,6.5,7.0,7.5,False
38002989,5.6,7.0,4.0,0,0,0,6.75,6.75,8.5,False
38002990,7.4,8.25,5.8,0,0,0,9.0,9.0,9.75,False
38002991,4.4,8.75,3.6,0,0,0,6.25,6.75,8.5,False
38002992,6.8,7.5,4.6,0,0,0,7.0,8.75,9.0,False
38002993,7.4,9.0,6.4,0,0,0,8.5,8.75,9.5,False
38002994,4.8,6.0,2.8,0,0,0,3.75,5.75,5.0,False
38002995,5.4,3.5,4.2,0,0,0,5.0,7.0,6.5,False
38002996,5.6,5.25,3.8,0,0,0,6.5,6.5,8.0,False
38002997,4.2,4.75,3.4,0,0,0,7.25,6.75,7.75,False
38002998,7.8,8.75,8.4,8.75,7.5,6.25,0,0,0,True
38002999,7.0,5.0,5.2,0,0,0,5.0,7.5,8.0,False
38003000,6.6,7.25,6.2,0,0,0,7.25,8.0,7.75,False
38003001,6.8,5.0,6.0,0,0,0,7.25,8.5,8.75,False
38003002,4.0,5.75,3.0,0,0,0,7.25,7.75,7.25,False
38003003,5.6,4.5,4.4,0,0,0,5.5,4.5,4.75,False
38003004,5.6,6.5,3.4,0,0,0,6.0,7.0,8.25,False
38003005,6.4,5.25,4.8,0,0,0,5.0,4.5,8.25,False
38003006,4.8,4.5,5.0,0,0,0,7.0,6.5,7.0,False
38003007,5.2,1.5,4.6,0,0,0,5.25,6.0,6.5,False
38003008,7.8,7.25,5.4,6.5,7.25,5.5,0,0,0,True
38003009,5.6,5.75,3.0,0,0,0,4.75,6.75,7.25,False
38003010,5.0,6.75,6.8,0,0,0,7.25,6.75,8.25,False
38003011,4.8,3.5,4.2,0,0,0,4.0,8.0,6.25,False
38003012,7.2,6.0,5.0,7.75,8.0,6.75,0,0,0,True
38003013,7.0,6.0,4.4,0,0,0,7.75,7.75,8.75,False
38003014,5.2,5.5,2.6,0,0,0,6.0,6.5,7.0,False
38003015,5.6,6.0,3.6,0,0,0,7.0,6.5,8.75,False
38003016,7.6,5.5,4.6,0,0,0,6.75,7.75,8.25,False
38003017,6.4,5.5,4.2,0,0,0,8.25,8.0,8.5,False
38003018,6.0,6.75,4.4,0,0,0,6.25,8.0,9.25,False
38003019,5.4,4.25,2.6,0,0,0,4.75,6.5,6.75,False
38003020,7.4,6.75,4.6,0,0,0,7.25,8.75,7.5,False
38003021,6.2,6.75,2.8,0,0,0,5.75,6.75,8.0,False
38003022,7.2,5.5,4.6,0,0,0,6.0,7.0,9.0,False
38003023,7.8,6.75,5.0,7.25,6.5,5.25,0,0,0,True
38003024,6.8,5.25,2.4,4.5,6.75,5.75,0,0,0,True
38003025,4.4,6.5,5.6,0,0,0,5.25,6.0,8.0,False
38003026,7.2,5.25,5.8,0,0,0,6.0,7.5,8.75,False
38003027,7.4,7.75,4.2,0,0,0,4.5,7.25,9.5,False
38003028,7.6,6.5,5.0,0,0,0,7.75,9.0,9.0,False
38003029,6.6,4.25,4.6,0,0,0,6.75,6.0,8.25,False
38003030,7.4,7.25,3.8,0,0,0,8.0,8.25,7.5,False
38003031,7.2,5.25,3.8,0,0,0,6.25,6.75,7.5,False
38003032,6.6,6.0,3.8,5.5,4.75,6.75,0,0,0,True
38003033,5.8,6.25,3.8,0,0,0,7.25,8.0,8.0,False
38003034,7.2,7.0,5.4,0,0,0,8.0,7.75,9.0,False
38003035,6.2,6.25,3.4,0,0,0,6.0,5.25,8.5,False
38003036,5.2,5.0,4.4,0,0,0,7.75,7.25,8.0,False
38003037,6.0,6.25,3.8,0,0,0,6.5,8.25,8.5,False
38003038,5.4,6.25,3.2,0,0,0,5.75,6.25,7.0,False
38003039,4.6,6.41,2.4,0,0,0,5.5,7.0,8.5,False
38003040,3.2,6.25,3.4,0,0,0,5.25,6.0,6.75,False
38003041,6.4,5.5,5.0,0,0,0,7.75,8.75,9.5,False
38003042,5.6,7.5,3.4,0,0,0,5.25,6.75,9.25,False
38003043,5.8,7.25,1.8,0,0,0,8.25,8.5,9.5,False
38003044,6.2,7.0,7.0,0,0,0,6.75,8.5,8.75,False
38003045,5.0,5.25,3.4,0,0,0,6.0,6.75,6.75,False
38003046,6.6,7.75,4.8,0,0,0,7.25,8.0,8.0,False
38003047,5.4,6.25,2.8,0,0,0,8.25,9.0,8.0,False
38003048,3.2,6.25,4.0,0,0,0,7.75,8.25,8.75,False
38003049,6.0,8.25,4.0,0,0,0,9.25,8.5,9.5,False
38003050,6.2,6.66,7.0,0,0,0,6.0,6.5,8.25,False
38003051,5.4,7.25,2.8,0,0,0,7.0,8.0,8.75,False
38003052,4.6,6.0,5.0,0,0,0,7.5,6.0,7.75,False
38003053,6.6,6.25,4.2,0,0,0,7.5,8.25,8.25,False
38003054,5.2,6.0,3.2,0,0,0,5.75,6.25,7.0,False
38003055,2.2,5.75,2.4,0,0,0,4.5,5.75,6.5,False
38003056,4.4,5.25,4.8,0,0,0,5.75,7.5,7.75,False
38003057,4.4,6.25,3.2,0,0,0,4.75,6.5,7.75,False
38003058,7.4,6.25,4.4,0,0,0,7.25,8.25,9.25,False
38003059,7.8,6.5,7.6,0,0,0,6.75,6.75,8.5,False
38003060,6.6,5.0,5.4,5.0,6.75,6.5,0,0,0,True
38003061,4.0,6.0,3.4,0,0,0,3.5,4.25,5.5,False
38003062,6.4,7.0,5.4,0,0,0,6.0,7.5,8.75,False
38003063,6.2,6.75,4.4,0,0,0,5.75,6.75,8.0,False
38003064,5.0,8.0,5.4,0,0,0,7.5,7.75,9.0,False
38003065,5.8,8.0,3.8,0,0,0,5.0,6.5,8.25,False
38003066,3.2,3.75,3.6,0,0,0,4.5,7.0,5.0,False
38003067,5.4,6.5,5.0,0,0,0,8.25,8.75,8.5,False
38003068,4.2,2.5,4.0,0,0,0,3.5,5.0,6.25,False
38003069,6.2,6.75,2.8,0,0,0,6.0,7.25,8.75,False
38003070,5.8,5.25,3.6,0,0,0,5.5,6.75,7.0,False
38003071,2.6,4.0,2.6,0,0,0,5.0,5.75,6.25,False
38003072,7.6,6.75,5.0,0,0,0,8.25,8.0,8.5,False
38003073,4.4,3.75,3.2,0,0,0,5.0,4.0,7.25,False
38003074,5.4,4.25,3.2,0,0,0,3.75,6.25,6.5,False
38003075,4.4,4.25,4.6,0,0,0,6.0,5.25,7.5,False
38003076,5.8,6.5,2.6,0,0,0,6.5,7.0,8.0,False
38003077,6.6,5.5,3.4,0,0,0,5.75,8.25,8.25,False
38003078,8.2,8.0,8.2,7.25,5.25,6.75,0,0,0,True
38003079,6.4,5.25,7.0,6.0,7.0,5.25,0,0,0,True
38003080,2.8,2.75,3.2,0,0,0,7.0,6.5,8.0,False
38003081,5.4,5.0,5.4,0,0,0,6.75,8.25,9.75,False
38003082,4.4,3.5,4.8,0,0,0,4.75,4.5,6.5,False
38003083,6.0,6.0,3.8,0,0,0,7.0,7.0,9.0,False
38003084,4.2,5.25,2.4,0,0,0,5.5,7.25,6.0,False
38003085,7.0,5.0,3.6,0,0,0,5.75,6.0,7.25,False
38003086,7.8,5.0,4.2,0,0,0,6.75,6.0,9.0,False
38003087,4.8,6.33,4.4,0,0,0,6.0,6.5,8.25,False
38003088,6.8,8.5,4.4,0,0,0,9.25,9.5,9.25,False
38003089,5.6,4.5,3.8,0,0,0,4.75,5.0,7.75,False
38003090,5.8,6.5,2.6,0,0,0,4.75,7.5,8.75,False
38003091,5.8,6.5,3.0,0,0,0,6.0,6.75,7.75,False
38003092,4.6,7.75,4.6,0,0,0,6.5,7.25,8.0,False
38003093,4.6,6.5,3.4,0,0,0,5.0,4.75,7.5,False
38003094,5.6,7.75,5.0,0,0,0,6.0,6.0,8.0,False
38003095,4.4,6.75,8.0,0,0,0,7.75,8.0,8.75,False
38003096,6.0,5.0,2.4,0,0,0,5.25,6.5,6.5,False
38003097,6.4,7.25,5.2,5.25,5.0,6.5,0,0,0,True
38003098,0,6.5,0,0,0,0,6.75,8.25,0,False
38003099,5.8,5.25,3.4,0,0,0,4.75,7.0,7.0,False
38003100,6.2,5.0,3.0,0,0,0,5.25,5.75,7.25,False
38003101,3.8,5.0,2.6,0,0,0,5.75,7.0,8.0,False
38003102,7.0,4.75,7.2,0,0,0,6.0,8.5,9.25,False
38003103,4.8,7.25,2.8,0,0,0,4.75,4.75,7.75,False
38003104,5.8,7.0,3.2,0,0,0,4.75,5.0,8.0,False
38003105,6.4,6.5,5.0,0,0,0,8.5,5.75,7.25,False
38003106,8.4,8.25,7.6,6.75,8.25,8.0,0,0,0,True
38003107,8.0,8.0,6.6,0,0,0,8.75,9.0,9.5,False
38003108,5.0,6.25,4.8,0,0,0,5.0,7.25,7.25,False
38003109,5.0,3.0,4.8,0,0,0,5.5,5.75,7.25,False
38003110,6.0,5.5,7.8,0,0,0,7.0,9.0,8.75,False
38003111,0,6.25,0,0,0,0,5.75,4.25,7.25,False
38003112,7.8,6.0,6.4,8.25,7.5,6.5,0,0,0,True
38003113,4.8,6.75,4.8,0,0,0,7.25,9.0,8.5,False
38003114,6.6,7.0,4.0,8.25,7.25,6.25,0,0,0,True
38003115,7.8,4.5,3.2,4.75,7.5,7.0,0,0,0,True
38003116,7.4,8.5,4.6,6.5,8.0,7.25,0,0,0,True
38003117,7.2,7.75,7.4,0,0,0,7.75,9.0,9.0,False
38003118,5.2,6.0,3.8,0,0,0,6.0,6.5,8.25,False
38003119,5.8,7.0,4.6,0,0,0,6.0,8.5,9.25,False
38003120,5.2,7.75,3.2,0,0,0,6.5,7.0,8.75,False
38003121,7.0,8.75,7.4,6.5,6.75,6.0,0,0,0,True
38003122,6.2,8.5,5.2,0,0,0,5.25,7.0,7.75,False
38003123,5.6,5.0,4.6,0,0,0,4.0,5.75,7.75,False
38003124,5.6,7.0,6.6,0,0,0,7.0,7.5,9.25,False
38003125,6.4,5.75,4.2,0,0,0,4.75,6.25,8.5,False
38003126,5.4,7.5,5.0,0,0,0,6.25,7.5,8.0,False
38003127,4.4,5.0,4.6,0,0,0,5.25,5.5,7.25,False
38003128,6.4,6.5,5.2,0,0,0,6.75,8.0,9.0,False
38003129,7.2,7.75,3.4,0,0,0,6.25,8.0,7.75,False
38003130,5.2,5.75,5.8,0,0,0,6.5,7.25,8.5,False
38003131,6.2,6.5,4.0,0,0,0,6.0,7.25,8.5,False
38003132,4.8,5.0,1.6,0,0,0,5.0,4.75,6.0,False
38003133,6.0,6.5,3.6,4.5,5.5,3.0,0,0,0,True
38003134,6.8,7.5,4.8,0,0,0,7.0,8.75,8.5,False
38003135,4.8,5.75,3.2,0,0,0,5.5,6.25,7.0,False
38003136,6.6,8.0,5.2,6.0,6.5,6.25,0,0,0,True
38003137,8.8,8.25,5.0,8.25,9.5,7.75,0,0,0,True
38003138,5.4,4.0,4.6,0,0,0,5.0,6.75,7.75,False
38003139,6.8,6.75,5.0,0,0,0,7.0,7.0,9.0,False
38003140,5.8,6.25,3.6,0,0,0,4.75,5.5,6.75,False
38003141,4.8,4.5,2.8,0,0,0,5.25,5.5,6.75,False
38003142,6.2,7.75,4.2,0,0,0,6.5,7.75,9.25,False
38003143,6.8,6.0,3.6,0,0,0,6.75,8.5,9.25,False
38003144,5.4,3.5,3.0,0,0,0,5.5,6.0,7.0,False
38003145,4.4,6.0,3.4,0,0,0,5.0,4.0,7.5,False
38003146,6.6,6.75,4.8,0,0,0,7.25,8.75,9.25,False
38003147,5.6,6.5,4.6,0,0,0,4.75,6.75,8.75,False
38003148,3.2,5.75,4.0,0,0,0,5.5,5.25,7.5,False
38003149,7.4,5.5,5.0,6.0,8.75,5.25,0,0,0,True
38003150,5.6,7.25,3.4,0,0,0,5.5,6.25,9.25,False
38003151,6.8,8.5,6.8,5.5,6.25,6.5,0,0,0,True
38003152,7.6,8.25,5.8,7.25,8.0,6.0,0,0,0,True
38003153,6.0,5.25,5.4,0,0,0,7.0,8.0,9.0,False
38003154,7.2,6.5,5.2,0,0,0,6.0,8.5,8.25,False
38003155,5.0,5.25,3.0,0,0,0,5.0,5.75,7.0,False
38003156,6.4,5.0,4.2,0,0,0,5.75,7.75,7.5,False
38003157,6.0,6.5,3.2,0,0,0,6.0,4.75,7.0,False
38003158,5.8,5.25,3.8,0,0,0,5.5,6.5,7.25,False
38003159,6.2,6.0,2.4,0,0,0,5.75,7.0,6.5,False
38003160,6.6,5.25,3.4,0,0,0,5.5,6.25,7.25,False
38003161,5.6,7.0,4.2,0,0,0,7.25,8.0,8.5,False
38003162,5.2,6.75,3.6,0,0,0,5.5,6.5,6.25,False
38003163,3.0,4.0,1.4,0,0,0,2.75,4.0,4.0,False
38003164,6.0,6.75,3.0,0,0,0,5.75,4.75,8.75,False
38003165,5.0,5.75,4.6,0,0,0,4.75,5.0,5.0,False
38003166,3.6,7.25,3.6,0,0,0,9.5,8.0,8.5,False
38003167,5.4,6.25,3.2,0,0,0,6.5,7.0,8.0,False
38003168,7.4,8.25,7.6,7.0,7.0,7.25,0,0,0,True
38003169,6.0,6.5,4.8,0,0,0,7.5,7.0,8.25,False
38003170,5.0,6.5,4.0,4.5,5.5,6.5,0,0,0,True
38003171,6.2,8.0,4.2,0,0,0,7.25,8.25,8.75,False
38003172,4.6,3.0,5.6,0,0,0,5.25,6.25,7.75,False
38003173,6.4,8.25,4.2,0,0,0,5.5,9.0,9.25,False
38003174,5.6,7.0,5.0,0,0,0,7.0,6.25,7.25,False
38003175,4.2,6.5,3.8,0,0,0,5.5,7.0,8.25,False
38003176,4.0,6.0,3.8,0,0,0,3.0,7.5,6.5,False
38003177,5.0,6.0,5.8,0,0,0,7.0,6.75,8.25,False
38003178,6.6,5.0,5.6,0,0,0,5.75,6.75,6.0,False
38003179,6.4,7.0,5.2,0,0,0,7.75,8.25,7.75,False
38003180,4.8,5.75,3.8,0,0,0,7.0,7.5,9.0,False
38003181,5.2,6.0,3.2,0,0,0,5.5,7.5,8.75,False
38003182,6.0,6.25,5.0,0,0,0,4.75,5.5,7.5,False
38003183,5.6,3.75,4.2,0,0,0,6.25,4.5,7.5,False
38003184,6.0,6.5,5.4,0,0,0,7.0,7.0,8.75,False
38003185,5.4,7.0,3.4,4.0,6.75,4.75,0,0,0,True
38003186,7.0,5.5,4.2,5.75,6.0,6.0,0,0,0,True
38003187,4.8,6.0,3.2,0,0,0,6.0,8.25,8.75,False
38003188,5.8,6.75,3.2,7.5,4.5,4.0,0,0,0,True
38003189,6.8,6.75,3.8,0,0,0,6.0,6.5,8.25,False
38003190,8.0,5.75,4.8,6.75,8.75,5.25,0,0,0,True
38003191,4.8,7.0,4.2,0,0,0,6.75,7.0,7.75,False
38003192,5.8,4.0,3.4,4.5,3.25,5.25,0,0,0,True
38003193,7.4,7.5,7.4,0,0,0,5.5,7.25,9.0,False
38003194,4.8,5.25,3.2,0,0,0,4.0,5.5,7.5,False
38003195,4.8,7.0,3.8,0,0,0,8.25,7.75,8.25,False
38003196,6.4,6.0,5.8,5.25,5.25,5.5,0,0,0,True
38003197,5.6,6.5,2.0,0,0,0,4.75,5.5,8.0,False
38003198,7.2,5.5,4.6,0,0,0,6.25,7.0,8.25,False
38003199,5.4,5.0,2.8,0,0,0,5.25,5.25,7.25,False
38003200,7.2,0,0,4.75,8.0,0,0,0,0,True
38003201,4.8,7.75,2.2,0,0,0,5.75,7.5,7.5,False
38003202,7.2,6.5,4.0,0,0,0,7.75,7.75,8.75,False
38003203,6.2,8.75,5.0,0,0,0,5.75,7.25,8.75,False
38003204,5.2,5.75,3.8,0,0,0,5.0,5.0,8.0,False
38003205,8.4,6.75,5.2,9.0,8.5,5.25,0,0,0,True
38003206,6.0,7.5,4.2,7.5,5.5,5.75,0,0,0,True
38003207,5.0,8.0,5.4,0,0,0,4.75,7.75,9.5,False
38003208,5.0,5.0,5.6,0,0,0,3.5,4.75,7.0,False
38003209,5.6,7.0,4.0,4.75,5.5,6.5,0,0,0,True
38003210,7.6,7.0,7.2,7.5,5.75,6.75,0,0,0,True
38003211,6.6,6.5,7.6,4.75,5.0,4.0,0,0,0,True
38003212,5.6,6.5,5.2,0,0,0,6.25,7.0,9.5,False
38003213,6.0,5.0,6.8,4.25,5.0,4.75,0,0,0,True
38003214,5.6,5.75,4.8,0,0,0,5.75,7.75,8.0,False
38003215,7.0,6.0,6.4,6.25,4.75,5.0,0,0,0,True
38003216,7.0,6.0,5.8,3.5,4.25,4.0,0,0,0,True
38003217,7.8,8.5,6.0,0,0,0,6.0,8.25,7.5,False
38003218,6.0,4.75,3.2,0,0,0,4.75,6.0,5.25,False
38003219,6.0,6.0,4.6,0,0,0,6.25,7.25,6.0,False
38003220,0,4.0,0,0,0,0,0,0,0,False
38003221,5.6,3.25,6.0,0,0,0,5.0,6.25,7.75,False
38003222,6.8,6.5,3.8,0,0,0,6.0,7.0,8.25,False
38003223,6.8,6.5,3.4,0,0,0,6.0,6.25,8.75,False
38003224,5.4,6.25,3.0,0,0,0,5.0,6.5,7.25,False
38003225,4.8,4.75,4.2,0,0,0,4.75,6.0,7.0,False
38003226,4.8,5.25,4.0,0,0,0,6.5,6.25,8.0,False
38003227,6.4,6.5,5.4,0,0,0,8.5,7.5,9.0,False
38003228,4.8,4.5,6.8,0,0,0,7.25,7.75,7.75,False
38003229,5.2,7.5,6.2,0,0,0,6.75,7.25,8.25,False
38003230,8.0,8.25,6.8,0,0,0,7.25,8.0,9.0,False
38003231,5.8,5.5,4.0,0,0,0,5.5,5.25,5.75,False
38003232,7.2,6.0,4.6,6.5,5.0,6.25,0,0,0,True
38003233,5.2,7.75,5.0,0,0,0,8.5,8.5,8.0,False
38003234,5.6,5.75,4.2,0,0,0,7.0,6.25,7.75,False
38003235,6.8,4.5,3.6,0,0,0,6.5,7.0,8.0,False
38003236,6.8,5.5,4.4,5.5,5.0,6.75,0,0,0,True
38003237,7.4,5.58,4.6,0,0,0,5.25,6.75,8.75,False
38003238,7.8,6.5,4.8,7.25,4.5,6.75,0,0,0,True
38003239,5.6,6.0,3.2,5.5,5.75,7.0,0,0,0,True
38003240,4.4,6.0,2.6,0,0,0,5.5,5.5,7.0,False
38003241,5.2,5.25,3.4,0,0,0,7.0,6.25,8.0,False
38003242,6.2,4.75,3.0,0,0,0,3.25,5.0,7.75,False
38003243,7.2,8.25,6.4,0,0,0,7.5,9.25,8.5,False
38003244,6.8,8.5,6.0,0,0,0,7.5,7.75,8.5,False
38003245,6.6,8.25,6.6,0,0,0,8.75,9.25,9.5,False
38003246,6.2,4.75,7.8,5.75,6.25,5.5,0,0,0,True
38003247,7.0,6.0,6.0,0,0,0,6.5,5.5,7.0,False
38003248,7.2,5.25,6.0,5.5,7.25,6.25,0,0,0,True
38003249,6.4,4.25,4.4,6.25,3.75,4.5,0,0,0,True
38003250,4.8,4.25,4.4,5.25,3.75,3.75,0,0,0,True
38003251,6.8,6.5,5.6,6.0,6.5,4.5,0,0,0,True
38003252,6.8,7.5,5.4,5.75,5.5,7.0,0,0,0,True
38003254,6.2,7.5,3.0,0,0,0,6.0,7.75,9.0,False
38003255,6.4,7.75,3.8,4.5,4.5,5.25,0,0,0,True
38003256,5.4,6.75,4.4,0,0,0,4.25,5.75,6.75,False
38003257,6.2,8.25,6.8,8.0,5.75,5.75,0,0,0,True
38003258,5.6,5.25,6.6,0,0,0,8.5,8.0,9.0,False
38003259,4.8,6.25,4.0,0,0,0,8.0,6.0,7.75,False
38003260,6.2,4.75,5.0,0,0,0,6.0,6.75,9.0,False
38003261,6.4,4.75,5.0,4.5,5.25,6.25,0,0,0,True
38003262,7.2,5.75,5.4,4.75,5.0,5.0,0,0,0,True
38003263,7.2,5.25,4.4,0,0,0,6.25,5.75,7.75,False
38003264,6.6,8.0,6.4,0,0,0,7.0,7.25,9.5,False
38003265,7.2,5.25,4.4,4.75,4.75,5.5,0,0,0,True
38003266,5.6,4.25,4.8,5.75,6.5,4.25,0,0,0,True
38003267,6.6,6.0,5.0,5.5,5.25,6.0,0,0,0,True
38003268,6.8,4.75,5.6,0,0,0,6.25,7.0,9.0,False
38003269,6.2,8.75,6.2,0,0,0,4.5,6.25,8.5,False
38003270,7.6,7.5,7.6,0,0,0,7.25,8.0,9.0,False
38003271,6.0,7.5,5.0,3.0,6.5,7.0,0,0,0,True
38003272,6.4,5.25,3.4,6.5,5.5,6.75,0,0,0,True
38003273,5.8,6.0,3.0,0,0,0,6.0,5.75,6.75,False
38003274,5.8,7.75,3.0,3.5,3.0,7.0,0,0,0,True
38003275,6.2,7.0,4.4,0,0,0,5.25,6.5,7.75,False
38003276,5.4,7.5,3.6,0,0,0,4.5,7.5,8.25,False
38003277,6.0,6.75,3.8,0,0,0,5.75,7.25,8.5,False
38003278,7.6,7.5,5.4,8.25,6.5,5.5,0,0,0,True
38003279,5.4,7.0,7.4,0,0,0,6.75,7.0,7.75,False
38003280,4.4,6.75,5.0,0,0,0,5.25,7.0,5.75,False
38003281,6.2,7.25,6.4,8.0,7.5,6.75,0,0,0,True
38003282,6.2,9.25,5.4,0,0,0,6.25,8.0,9.25,False
38003283,6.8,7.5,3.6,6.5,4.25,4.25,0,0,0,True
38003284,2.4,4.5,3.4,0,0,0,4.25,4.75,4.75,False
38003285,4.6,6.75,3.8,5.5,5.25,6.75,0,0,0,True
38003286,7.0,7.5,4.4,6.25,6.75,5.0,0,0,0,True
38003287,6.6,6.75,4.8,0,0,0,5.0,6.75,8.25,False
38003288,6.6,8.75,7.4,0,0,0,8.0,8.25,8.75,False
38003289,7.4,8.25,5.8,0,0,0,7.5,9.0,7.75,False
38003290,7.0,5.75,5.8,4.5,5.25,4.25,0,0,0,True
38003291,5.6,4.5,3.8,5.5,5.0,3.75,0,0,0,True
38003292,3.6,2.0,2.0,0,0,0,3.75,5.0,6.25,False
38003293,5.0,5.5,2.6,0,0,0,3.75,5.0,8.25,False
38003294,3.2,5.75,2.8,0,0,0,6.0,6.0,7.0,False
38003295,3.8,6.25,2.4,0,0,0,5.25,6.75,9.0,False
38003296,7.2,6.75,7.6,0,0,0,5.0,5.25,8.5,False
38003297,5.4,6.75,7.2,0,0,0,7.75,7.0,9.5,False
38003298,6.6,7.5,4.6,0,0,0,4.75,5.5,7.5,False
38003299,6.0,6.75,4.4,7.5,7.5,5.75,0,0,0,True
38003300,5.8,5.5,5.2,2.0,7.75,6.75,0,0,0,True
38003301,7.2,5.25,6.2,4.5,8.25,5.5,0,0,0,True
38003302,3.8,2.5,4.4,0,0,0,4.0,5.5,4.75,False
38003303,6.0,7.0,6.4,0,0,0,6.0,6.5,8.25,False
38003304,7.0,7.0,5.2,6.5,7.25,5.5,0,0,0,True
38003305,6.2,7.25,4.4,0,0,0,7.0,6.25,9.75,False
38003306,7.2,6.0,4.0,4.5,6.25,4.25,0,0,0,True
38003307,5.4,6.0,4.4,0,0,0,6.5,7.25,9.0,False
38003308,8.2,8.25,3.8,7.25,8.25,7.0,0,0,0,True
38003309,5.4,5.25,2.2,0,0,0,4.5,5.75,7.75,False
38003310,6.8,6.0,3.4,0,0,0,7.0,7.25,8.5,False
38003311,5.4,5.25,3.6,0,0,0,5.75,5.75,7.5,False
38003312,6.0,5.75,5.8,5.0,5.5,4.5,0,0,0,True
38003313,5.0,6.0,9.2,0,0,0,5.75,6.0,8.25,False
38003314,5.6,5.5,6.2,4.5,6.5,7.0,0,0,0,True
38003315,6.0,6.5,5.0,0,0,0,7.5,6.0,9.25,False
38003316,6.0,5.75,6.0,0,0,0,6.5,6.5,8.5,False
38003317,6.2,6.0,4.2,0,0,0,6.0,6.5,8.0,False
38003318,5.8,5.75,4.4,0,0,0,5.25,7.0,8.5,False
38003319,8.8,5.75,3.4,7.25,4.25,5.5,0,0,0,True
38003320,6.4,6.25,4.4,0,0,0,5.75,6.75,8.0,False
38003321,6.8,6.25,4.6,0,0,0,5.5,5.5,7.5,False
38003322,7.4,7.0,4.6,0,0,0,6.75,7.75,9.25,False
38003323,6.6,5.25,4.4,4.5,5.25,5.25,0,0,0,True
38003324,6.4,4.25,4.8,0,0,0,6.5,9.5,8.5,False
38003325,4.0,7.0,4.0,0,0,0,7.25,7.0,8.5,False
38003326,7.0,6.25,5.0,0,0,0,6.25,6.25,7.5,False
38003327,8.4,6.5,3.6,7.25,8.25,6.0,0,0,0,True
38003328,6.8,5.5,4.2,0,0,0,5.5,6.0,8.75,False
38003329,5.8,5.5,4.4,0,0,0,5.0,4.25,7.0,False
38003330,7.2,7.0,5.4,0,0,0,5.75,7.25,7.75,False
38003331,4.8,5.0,4.4,0,0,0,5.0,5.0,6.75,False
38003332,6.6,6.25,4.8,4.75,6.0,5.0,0,0,0,True
38003333,6.8,5.5,4.0,5.75,6.0,5.5,0,0,0,True
38003334,5.8,4.5,3.4,5.0,5.75,4.5,0,0,0,True
38003335,5.0,5.25,4.8,0,0,0,6.5,7.25,8.5,False
38003336,5.2,7.0,3.8,0,0,0,7.25,8.5,8.5,False
38003337,7.0,7.75,4.8,0,0,0,7.5,9.0,9.0,False
38003338,5.6,4.0,4.8,0,0,0,4.5,7.25,8.5,False
38003339,6.8,6.25,4.4,7.25,8.25,5.0,0,0,0,True
38003340,7.0,5.25,4.4,7.5,6.0,4.5,0,0,0,True
38003341,8.2,5.0,5.8,4.75,4.25,4.75,0,0,0,True
38003342,8.0,4.0,7.4,6.0,4.75,5.75,0,0,0,True
38003343,7.4,6.0,4.6,0,0,0,6.25,8.5,8.75,False
38003344,7.0,6.5,6.0,4.75,4.25,5.25,0,0,0,True
38003345,6.2,4.5,4.0,4.75,6.25,5.0,0,0,0,True
38003346,6.8,6.5,5.6,0,0,0,6.75,7.5,7.75,False
38003347,5.0,3.25,5.0,0,0,0,3.5,5.0,6.5,False
38003348,3.6,6.25,3.0,0,0,0,6.25,6.0,7.25,False
38003349,5.8,7.25,5.0,0,0,0,3.25,5.25,7.0,False
38003350,5.2,8.25,3.2,0,0,0,7.75,7.5,8.5,False
38003351,7.6,7.5,5.4,3.5,0,0,0,0,0,True
38003352,7.4,7.0,4.6,0,0,0,5.25,6.5,7.25,False
38003353,5.6,5.5,4.6,0,0,0,5.75,6.25,7.25,False
38003354,6.4,5.25,4.8,6.25,6.0,6.25,0,0,0,True
38003355,0,7.25,0,0,0,0,8.25,8.25,0,False
38003356,4.2,6.0,2.2,0,0,0,6.5,5.5,7.0,False
38003357,4.2,5.0,2.2,0,0,0,5.0,6.0,8.25,False
38003358,6.8,6.25,2.2,0,0,0,6.75,7.75,9.0,False
38003359,7.0,6.75,4.2,5.5,5.25,5.0,0,0,0,True
38003360,5.4,6.75,4.2,0,0,0,4.75,6.75,8.5,False
38003361,7.8,6.5,4.8,6.25,7.5,5.25,0,0,0,True
38003362,6.8,6.75,6.0,0,0,0,6.5,7.25,9.0,False
38003363,8.0,7.75,4.0,7.75,7.25,5.5,0,0,0,True
38003364,8.0,6.75,7.4,7.25,4.0,5.0,0,0,0,True
38003365,6.4,6.5,5.8,0,0,0,7.0,7.0,7.0,False
38003366,6.8,6.33,5.0,4.0,7.0,6.75,0,0,0,True
38003367,4.2,4.0,3.2,3.75,4.0,4.25,0,0,0,True
38003368,6.2,5.5,3.6,0,0,0,6.5,6.5,7.75,False
38003369,5.0,8.5,4.8,0,0,0,8.25,8.5,8.75,False
38003370,7.0,5.5,7.4,6.75,5.0,4.75,0,0,0,True
38003371,3.6,5.0,4.4,0,0,0,5.0,6.5,7.25,False
38003372,7.2,8.25,5.2,0,0,0,7.0,7.25,8.25,False
38003373,6.8,8.0,6.2,0,0,0,0,0,0,False
38003374,7.6,5.25,6.6,0,0,0,7.0,7.75,8.75,False
38003375,4.8,5.5,2.6,4.25,4.25,5.0,0,0,0,True
38003376,5.6,6.0,3.0,0,0,0,6.25,6.25,8.5,False
38003377,3.6,5.5,4.4,0,0,0,4.5,5.5,7.75,False
38003378,3.6,6.0,5.2,0,0,0,5.5,5.25,7.75,False
38003379,4.2,4.25,5.6,0,0,0,2.5,3.75,6.25,False
38003380,5.4,5.5,6.2,3.75,5.25,5.75,0,0,0,True
38003381,7.4,7.0,5.0,5.5,6.25,5.75,0,0,0,True
38003382,6.4,6.0,8.4,0,0,0,7.5,7.0,8.25,False
38003383,6.8,3.5,6.0,0,0,0,4.5,6.5,7.75,False
38003384,6.4,5.75,5.0,0,0,0,5.25,6.25,8.0,False
38003385,6.0,5.25,5.4,0,0,0,6.75,7.25,9.0,False
38003386,7.2,6.75,4.0,0,0,0,6.75,7.0,8.0,False
38003387,6.6,6.5,5.0,6.75,6.25,6.0,0,0,0,True
38003388,6.8,7.0,2.4,0,0,0,7.25,9.0,8.5,False
38003389,5.0,5.25,4.0,0,0,0,6.0,6.75,8.25,False
38003390,5.6,8.5,5.4,0,0,0,8.0,8.75,8.75,False
38003391,7.2,6.0,7.6,7.5,6.25,5.25,0,0,0,True
38003392,6.0,5.5,5.8,0,0,0,6.0,6.5,7.75,False
38003393,6.8,8.0,2.2,0,0,0,6.75,7.25,6.75,False
38003394,5.0,6.0,3.4,0,0,0,5.0,6.5,8.75,False
38003395,7.2,6.25,5.0,0,0,0,5.75,5.5,8.25,False
38003396,7.6,7.75,8.6,0,0,0,8.0,8.0,9.0,False
38003397,5.2,7.0,6.4,0,0,0,6.25,8.0,8.25,False
38003398,5.8,6.0,4.2,0,0,0,6.25,7.75,8.25,False
38003399,4.6,6.0,4.2,0,0,0,6.0,6.0,8.0,False
38003400,6.4,7.25,5.8,0,0,0,6.0,7.25,8.25,False
38003401,6.4,7.0,4.4,0,0,0,5.5,6.75,8.75,False
38003402,6.6,7.75,5.6,0,0,0,8.0,7.25,8.75,False
38003403,7.0,6.5,5.0,6.5,4.0,5.5,0,0,0,True
38003404,6.4,5.25,4.6,5.5,7.0,7.0,0,0,0,True
38003405,7.6,5.5,2.4,0,0,0,5.25,5.25,6.5,False
38003406,7.8,7.25,5.6,7.75,8.0,7.0,0,0,0,True
38003407,5.6,6.25,7.4,4.25,4.75,8.0,0,0,0,True
38003408,5.8,7.0,6.6,5.75,7.0,6.5,0,0,0,True
38003409,4.6,4.5,6.4,0,0,0,8.25,8.25,9.5,False
38003410,6.4,5.5,6.0,5.25,4.75,7.0,0,0,0,True
38003411,5.4,6.5,6.2,0,0,0,6.75,6.0,8.0,False
38003412,6.6,4.75,6.8,5.0,5.0,6.5,0,0,0,True
38003413,4.8,6.0,7.4,0,0,0,5.5,7.5,9.0,False
38003414,5.4,4.25,8.2,0,0,0,6.75,5.5,8.25,False
38003415,4.4,5.5,2.4,0,0,0,4.5,6.25,8.25,False
38003416,5.6,3.75,3.0,0,0,0,3.5,5.5,5.75,False
38003417,6.6,8.0,3.0,0,0,0,4.0,5.75,7.5,False
38003418,6.0,5.0,4.2,0,0,0,6.0,7.0,6.75,False
38003419,6.4,6.5,6.8,3.75,4.75,5.5,0,0,0,True
38003420,4.8,5.25,3.2,0,0,0,4.75,5.25,6.5,False
38003421,7.0,6.75,3.6,0,0,0,5.0,6.0,7.75,False
38003422,7.6,5.75,4.4,0,0,0,4.5,6.25,7.5,False
38003423,2.8,7.0,6.4,0,0,0,5.75,7.5,7.75,False
38003424,5.8,5.0,4.4,0,0,0,5.25,7.0,8.0,False
38003425,7.0,5.75,2.6,0,0,0,5.5,6.75,7.5,False
38003426,4.4,5.25,3.2,0,0,0,7.25,6.0,9.0,False
38003427,6.8,8.5,7.8,0,0,0,7.75,9.5,9.5,False
38003428,5.0,6.0,4.2,0,0,0,4.25,4.75,8.25,False
38003430,6.8,5.25,5.4,4.5,7.75,6.0,0,0,0,True
38003431,5.8,6.5,4.4,0,0,0,5.75,7.0,8.0,False
38003432,7.8,7.75,6.2,0,0,0,7.0,6.5,8.0,False
38003433,4.2,4.75,4.6,0,0,0,4.25,7.25,6.0,False
38003434,7.6,7.5,5.4,8.5,7.75,4.25,0,0,0,True
38003435,7.6,7.0,4.8,0,0,0,8.0,8.75,8.75,False
38003436,4.8,6.25,2.8,0,0,0,6.5,5.0,8.5,False
38003437,6.2,7.75,5.4,3.25,4.5,4.5,0,0,0,True
38003438,5.8,5.25,3.6,0,0,0,7.25,7.0,7.5,False
38003439,6.0,7.25,3.2,0,0,0,7.0,7.0,8.0,False
38003440,5.6,9.0,7.0,0,0,0,6.75,8.5,7.5,False
38003441,6.0,6.5,3.4,0,0,0,7.0,7.5,7.75,False
38003442,6.4,6.25,4.2,0,0,0,6.5,7.0,8.0,False
38003443,8.6,6.5,6.4,0,0,0,7.75,7.75,9.0,False
38003444,6.8,7.75,6.4,6.5,6.0,4.5,0,0,0,True
38003445,4.4,5.75,4.4,0,0,0,6.0,6.75,9.0,False
38003446,0,6.5,0,0,0,0,0,0,0,False
38003447,6.6,7.0,4.0,5.0,5.75,7.0,0,0,0,True
38003448,7.2,6.0,5.6,6.0,5.25,5.5,0,0,0,True
38003449,4.6,6.0,3.4,0,0,0,3.5,5.25,6.5,False
38003450,7.4,7.0,4.0,7.25,6.0,8.0,0,0,0,True
38003451,4.0,5.75,3.6,0,0,0,5.25,6.75,8.25,False
38003452,6.2,7.5,5.2,0,0,0,7.0,8.5,8.75,False
38003453,5.8,6.25,3.6,0,0,0,4.5,7.75,8.25,False
38003454,7.4,6.25,2.8,4.75,4.75,6.5,0,0,0,True
38003455,7.0,6.0,5.6,6.75,6.5,6.5,0,0,0,True
38003456,7.2,6.0,8.2,7.75,6.0,6.5,0,0,0,True
38003457,6.4,7.25,7.2,0,0,0,7.25,6.75,8.75,False
38003458,6.0,7.25,8.4,0,0,0,6.25,7.75,8.75,False
38003459,4.4,6.0,5.6,0,0,0,5.5,5.25,7.25,False
38003460,6.4,7.75,4.8,0,0,0,5.0,6.75,8.25,False
38003461,6.8,7.0,4.6,5.25,4.75,4.5,0,0,0,True
38003462,5.2,7.75,6.0,0,0,0,6.25,7.75,7.75,False
38003463,6.6,8.0,3.0,0,0,0,6.0,7.25,9.0,False
38003464,2.8,5.0,2.6,0,0,0,5.25,6.0,7.5,False
38003465,6.0,7.25,3.8,0,0,0,6.0,6.5,7.75,False
38003466,5.0,6.0,0,0,0,0,4.25,6.0,7.75,False
38003467,7.2,6.5,5.2,6.25,5.25,5.0,0,0,0,True
38003468,7.2,7.75,3.0,7.0,5.5,3.5,0,0,0,True
38003469,7.8,7.5,4.2,7.25,6.5,5.75,0,0,0,True
38003470,6.6,5.5,4.8,5.5,5.0,6.5,0,0,0,True
38003471,6.4,5.75,2.6,3.25,5.5,4.0,0,0,0,True
38003472,5.4,7.0,5.2,5.5,6.25,6.25,0,0,0,True
38003473,5.0,6.75,3.0,0,0,0,5.0,5.75,7.75,False
38003474,7.0,7.5,3.0,0,0,0,7.5,9.25,8.0,False
38003475,4.6,5.75,3.2,0,0,0,6.5,6.0,7.75,False
38003476,7.6,4.25,6.0,6.25,6.75,5.25,0,0,0,True
38003477,7.2,5.75,5.6,0,0,0,4.75,6.75,8.25,False
38003478,6.6,7.75,6.8,0,0,0,8.25,8.0,9.25,False
38003479,5.0,6.0,5.2,0,0,0,3.25,5.75,8.0,False
38003480,5.0,7.25,2.6,0,0,0,3.75,5.0,7.5,False
38003481,7.0,5.83,0,5.25,5.25,7.5,0,0,0,True
38003482,6.0,7.75,3.2,0,0,0,5.75,6.5,8.75,False
38003483,6.2,7.75,4.6,0,0,0,6.25,7.0,7.25,False
38003484,6.6,5.75,3.6,4.25,5.5,5.25,0,0,0,True
38003485,4.8,6.5,3.2,0,0,0,6.5,5.75,9.25,False
38003486,7.2,7.75,4.4,6.25,4.5,6.0,0,0,0,True
38003487,4.4,5.75,4.8,0,0,0,4.5,6.0,5.75,False
38003488,5.8,7.0,4.4,0,0,0,5.75,6.75,9.5,False
38003489,4.8,5.25,3.0,0,0,0,5.0,5.0,8.5,False
38003490,7.2,6.25,4.0,0,0,0,4.5,6.75,8.75,False
38003491,4.8,7.75,3.6,0,0,0,7.25,6.5,7.75,False
38003492,6.4,8.0,4.2,0,0,0,7.5,7.0,8.25,False
38003493,6.6,8.25,3.6,0,0,0,8.0,8.0,8.25,False
38003494,6.4,5.5,3.6,3.75,5.5,5.0,0,0,0,True
38003495,4.4,4.25,3.8,0,0,0,4.25,4.5,7.5,False
38003496,7.4,5.25,4.8,5.5,6.25,3.5,0,0,0,True
38003497,6.0,7.5,2.8,0,0,0,3.5,5.75,8.25,False
38003498,3.8,4.0,3.8,0,0,0,5.0,5.75,7.25,False
38003499,4.8,6.5,3.6,3.25,4.5,4.0,0,0,0,True
38003500,6.4,5.75,3.6,0,0,0,5.25,5.75,7.75,False
38003501,5.6,5.5,5.6,4.0,5.25,4.75,0,0,0,True
38003502,4.8,5.75,7.0,5.0,4.75,5.75,0,0,0,True
38003503,7.6,5.25,6.2,0,0,0,3.75,5.5,6.25,False
38003504,7.4,6.75,6.6,8.0,8.0,5.75,0,0,0,True
38003505,8.2,6.25,7.8,7.5,5.0,6.25,0,0,0,True
38003506,7.0,6.75,7.8,8.0,8.0,6.25,0,0,0,True
38003507,7.4,6.5,4.8,0,0,0,7.75,7.5,9.5,False
38003508,4.2,5.5,4.4,0,0,0,7.0,5.75,6.75,False
38003509,7.0,7.25,4.6,4.75,5.75,7.0,0,0,0,True
38003510,5.0,6.5,5.0,0,0,0,0,0,0,False
38003511,6.4,6.0,4.2,0,0,0,7.0,5.5,7.25,False
38003512,5.8,6.25,4.4,0,0,0,6.75,6.75,6.25,False
38003513,5.2,6.25,5.6,6.5,4.25,4.75,0,0,0,True
38003514,7.2,4.67,7.2,6.5,3.25,4.0,0,0,0,True
38003515,8.0,6.5,8.6,8.0,5.75,6.75,0,0,0,True
38003516,5.6,5.5,4.8,0,0,0,7.75,6.75,7.75,False
38003517,7.8,6.25,5.6,5.25,7.0,6.25,0,0,0,True
38003518,5.6,5.0,4.6,3.0,5.0,6.75,0,0,0,True
38003519,6.0,6.75,3.6,0,0,0,6.5,5.25,6.5,False
38003520,8.0,7.5,3.8,6.25,6.25,6.75,0,0,0,True
38003521,6.8,7.75,4.6,6.25,4.5,4.75,0,0,0,True
38003522,5.0,4.25,5.2,3.25,5.25,5.5,0,0,0,True
38003523,5.6,6.5,5.2,0,0,0,6.75,7.5,7.75,False
38003524,4.0,6.75,4.4,2.75,4.0,7.0,0,0,0,True
38003525,7.8,6.25,5.4,4.5,8.25,8.25,0,0,0,True
38003526,5.4,5.5,4.2,0,0,0,3.75,6.25,7.5,False
38003527,0,5.25,0,0,0,0,0,0,0,False
38003528,7.8,7.25,9.0,8.0,8.0,7.75,0,0,0,True
38003529,6.0,5.0,3.6,0,0,0,4.0,5.5,6.25,False
38003530,7.4,4.25,4.0,0,0,0,4.25,6.75,9.25,False
38003531,7.0,6.25,3.6,6.0,5.75,5.5,0,0,0,True
38003532,6.4,6.25,4.2,6.25,6.25,6.75,0,0,0,True
38003533,7.2,6.25,4.4,6.25,5.25,7.5,0,0,0,True
38003534,5.2,7.5,2.4,2.25,5.0,7.0,0,0,0,True
38003535,7.6,7.0,6.4,8.0,7.0,7.25,0,0,0,True
38003536,4.6,3.5,4.0,0,0,0,7.25,4.75,7.0,False
38003537,7.0,4.75,4.2,0,0,0,5.5,6.0,7.25,False
38003538,7.2,8.25,4.6,5.25,6.75,7.0,0,0,0,True
38003539,5.2,3.75,4.6,0,0,0,5.75,4.75,5.25,False
38003540,4.2,6.0,4.0,0,0,0,3.75,4.75,7.0,False
38003541,4.2,4.75,5.2,0,0,0,4.75,6.5,6.0,False
38003542,0,8.25,0,0,0,0,7.75,8.75,8.25,False
38003543,6.4,7.5,6.6,0,0,0,7.25,8.5,7.75,False
38003544,5.8,8.75,8.8,0,0,0,7.0,8.75,8.75,False
38003545,5.8,7.75,7.0,0,0,0,7.0,7.5,9.0,False
38003546,5.8,7.25,6.0,0,0,0,6.75,6.0,8.0,False
38003547,7.4,6.75,2.4,5.5,4.5,6.5,0,0,0,True
38003548,5.4,6.25,5.4,0,0,0,4.75,4.5,8.0,False
38003549,7.8,5.75,7.2,7.5,7.0,6.0,0,0,0,True
38003550,4.2,5.25,3.0,0,0,0,6.75,7.25,9.25,False
38003551,5.6,6.0,6.6,0,0,0,5.5,6.0,8.75,False
38003552,5.2,6.25,4.6,0,0,0,5.25,7.0,8.75,False
38003553,5.2,6.0,3.0,0,0,0,5.75,6.25,5.5,False
38003554,5.8,7.0,3.2,0,0,0,6.75,8.5,8.25,False
38003555,6.4,5.25,7.0,0,0,0,0,0,0,False
38003556,6.0,6.25,3.6,0,0,0,6.25,7.5,7.0,False
38003557,6.6,7.25,3.8,0,0,0,6.75,7.25,8.25,False
38003558,7.0,6.25,3.8,0,0,0,6.0,6.0,6.75,False
38003559,8.2,5.75,9.6,7.75,6.5,6.25,0,0,0,True
38003560,8.0,7.0,6.6,6.0,7.5,4.0,0,0,0,True
38003561,6.8,6.0,5.0,5.75,6.25,4.75,0,0,0,True
38003562,7.2,5.5,4.0,4.5,5.0,4.25,0,0,0,True
38003563,5.6,5.0,3.8,0,0,0,6.0,3.75,6.25,False
38003564,6.4,6.0,4.2,0,0,0,5.5,6.5,7.5,False
38003565,5.8,6.0,4.2,0,0,0,6.25,5.25,6.5,False
38003566,6.0,8.0,4.8,0,0,0,9.5,9.0,9.25,False
38003567,3.2,5.5,3.4,0,0,0,2.75,6.5,7.75,False
38003568,7.4,5.75,5.4,7.75,6.75,5.75,0,0,0,True
38003569,7.4,6.75,5.8,7.25,7.0,5.25,0,0,0,True
38003570,5.8,4.75,5.4,0,0,0,5.5,6.0,7.5,False
38003571,8.4,7.75,7.6,7.25,6.5,5.0,0,0,0,True
38003572,6.0,6.75,6.2,0,0,0,6.0,7.0,8.0,False
38003573,7.0,6.75,4.6,0,0,0,7.25,7.25,8.25,False
38003574,5.8,7.25,6.8,0,0,0,5.25,6.75,7.75,False
38003575,5.4,7.0,4.2,0,0,0,5.25,7.25,8.25,False
38003576,7.0,4.25,4.0,5.25,6.0,5.25,0,0,0,True
38003577,6.2,7.75,6.2,0,0,0,6.25,8.0,9.25,False
38003578,6.8,6.5,4.2,0,0,0,5.5,8.0,7.5,False
38003579,5.0,7.75,5.4,0,0,0,8.5,9.0,9.25,False
38003580,5.8,5.75,3.6,0,0,0,4.75,7.0,8.75,False
38003581,4.6,6.5,4.8,4.25,6.25,4.25,0,0,0,True
38003582,6.0,4.0,7.4,7.0,6.0,4.75,0,0,0,True
38003583,8.2,6.0,6.8,7.0,6.25,3.5,0,0,0,True
38003584,8.2,7.25,7.6,7.25,6.25,7.25,0,0,0,True
38003585,6.2,6.0,4.6,0,0,0,5.25,5.25,7.25,False
38003586,5.6,7.25,6.0,0,0,0,8.5,7.5,9.0,False
38003587,7.8,5.75,7.0,8.0,8.0,7.0,0,0,0,True
38003588,6.0,3.91,4.8,0,0,0,4.25,4.75,5.5,False
38003589,6.4,7.75,5.2,4.75,3.5,5.0,0,0,0,True
38003590,7.4,6.5,6.2,9.0,7.5,6.0,0,0,0,True
38003591,4.8,0,0,0,0,0,0,0,0,False
38003592,6.8,8.0,7.0,0,0,0,9.5,10.0,9.25,False
38003593,3.4,4.0,5.6,0,0,0,5.0,5.75,6.75,False
38003594,6.2,6.0,2.8,0,0,0,6.5,8.0,9.0,False
38003595,4.4,4.75,1.6,0,0,0,5.75,8.0,7.75,False
38003596,6.4,7.0,4.6,0,0,0,5.25,6.25,6.0,False
38003597,6.2,6.5,7.0,3.0,3.5,3.75,0,0,0,True
38003598,4.2,5.5,4.0,0,0,0,4.75,7.0,7.25,False
38003599,0,7.0,0,0,0,0,8.25,8.75,0,False
38003600,5.4,5.5,4.6,2.75,6.0,7.25,0,0,0,True
38003601,5.6,6.0,4.4,4.5,5.0,3.75,0,0,0,True
38003602,3.8,5.75,4.8,0,0,0,7.75,7.5,7.5,False
38003603,0,5.5,0,0,0,0,0,0,6.5,False
38003604,6.0,5.5,3.8,4.25,5.25,4.25,0,0,0,True
38003605,4.8,5.5,4.0,0,0,0,5.0,6.25,9.0,False
38003606,6.4,8.25,6.4,0,0,0,6.75,8.0,9.0,False
38003607,3.0,5.5,3.4,0,0,0,5.25,5.25,6.75,False
38003608,6.2,7.0,5.4,0,0,0,6.0,6.75,8.5,False
38003609,4.2,5.75,5.8,0,0,0,4.5,6.5,7.75,False
38003610,6.8,7.25,7.0,7.25,4.75,6.25,0,0,0,True
38003611,5.0,5.5,2.4,0,0,0,5.75,6.5,7.25,False
38003612,6.0,6.75,4.2,0,0,0,5.25,6.75,8.0,False
38003613,5.6,5.5,4.0,0,0,0,6.5,6.5,7.25,False
38003614,4.8,7.0,4.6,0,0,0,6.25,7.5,8.5,False
38003615,5.2,6.5,3.8,0,0,0,4.5,6.5,7.25,False
38003616,4.0,5.5,3.2,0,0,0,5.25,5.5,5.75,False
38003617,6.0,4.25,3.2,0,0,0,5.25,5.25,7.5,False
38003618,7.2,7.08,4.0,0,0,0,6.75,7.0,7.75,False
38003619,2.8,6.0,4.6,4.75,4.25,6.75,0,0,0,True
38003620,4.4,5.75,3.4,3.5,4.25,7.25,0,0,0,True
38003621,6.2,7.5,4.0,0,0,0,6.25,7.25,8.75,False
38003623,5.6,7.25,4.8,4.75,5.0,5.75,0,0,0,True
38003624,7.4,6.75,4.4,0,0,0,4.75,6.0,8.0,False
38003625,7.2,7.16,5.2,6.75,6.0,7.75,0,0,0,True
38003626,6.6,5.75,4.6,0,0,0,4.25,6.0,7.25,False
38003627,5.2,5.25,4.4,0,0,0,5.0,7.0,8.25,False
38003628,5.0,5.75,2.8,0,0,0,4.5,7.25,8.5,False
38003629,5.8,7.5,4.4,6.0,4.75,4.75,0,0,0,True
38003630,6.0,7.0,6.2,0,0,0,5.75,6.75,7.0,False
38003631,7.0,7.0,4.2,4.5,6.0,4.5,0,0,0,True
38003632,6.8,6.25,3.0,0,0,0,5.0,6.0,7.5,False
38003633,6.4,7.25,3.6,0,0,0,5.5,6.5,7.5,False
38003634,4.2,5.75,2.8,0,0,0,5.75,5.5,8.5,False
38003635,7.4,0,0,0,8.0,7.75,0,0,0,True
38003636,6.6,6.0,2.6,7.25,6.75,5.75,0,0,0,True
38003637,8.0,6.5,6.0,0,0,0,7.75,7.25,9.25,False
38003638,5.6,7.25,3.0,0,0,0,7.0,7.5,7.75,False
38003639,6.0,7.5,4.8,7.0,5.0,5.75,0,0,0,True
38003640,4.2,6.75,6.4,0,0,0,7.25,6.75,8.5,False
38003641,6.8,5.5,4.2,5.75,5.25,5.25,0,0,0,True
38003642,7.6,6.25,5.8,8.25,7.75,6.5,0,0,0,True
38003643,7.6,7.5,6.0,0,0,0,5.75,6.5,7.25,False
38003644,5.0,7.25,3.6,0,0,0,4.75,7.0,7.5,False
38003645,4.4,6.75,3.6,0,0,0,5.75,7.0,8.0,False
38003646,3.6,6.75,5.0,0,0,0,4.25,6.0,7.75,False
38003647,8.0,7.5,6.2,0,0,0,6.25,7.25,8.25,False
38003648,7.4,6.75,5.0,6.25,5.5,5.25,0,0,0,True
38003649,5.6,6.25,3.4,0,0,0,6.0,6.75,8.75,False
38003650,7.6,5.75,3.4,0,0,0,6.0,7.75,8.5,False
38003651,7.6,8.25,5.4,0,0,0,6.75,8.0,9.0,False
38003652,5.4,5.5,4.2,3.5,3.5,6.0,0,0,0,True
38003653,8.4,6.0,6.6,7.0,6.75,6.0,0,0,0,True
38003654,7.0,7.0,5.6,0,0,0,8.0,8.75,7.75,False
38003655,4.2,7.0,6.2,0,0,0,8.0,7.75,9.0,False
38003656,5.6,7.0,5.0,0,0,0,6.25,7.5,7.25,False
38003657,6.0,6.0,3.0,2.75,2.75,4.75,0,0,0,True
38003658,7.4,0,0,0,5.5,6.5,0,0,0,True
38003659,5.2,6.5,4.4,5.0,4.75,4.25,0,0,0,True
38003660,0,5.25,0,0,0,0,4.0,4.25,0,False
38003661,6.0,6.5,6.4,0,0,0,6.75,7.5,9.5,False
38003662,5.6,6.75,5.4,0,0,0,5.25,6.5,8.5,False
38003663,5.4,6.0,4.8,6.0,6.5,5.0,0,0,0,True
38003664,7.4,7.0,4.6,0,0,0,5.5,6.25,8.75,False
38003665,5.8,6.25,5.8,0,0,0,5.0,6.0,8.25,False
38003666,5.6,7.5,3.8,6.5,6.75,4.5,0,0,0,True
38003667,7.2,7.25,4.0,7.5,7.25,6.25,0,0,0,True
38003668,5.0,5.5,3.6,0,0,0,5.75,6.75,7.5,False
38003669,5.6,7.0,4.0,0,0,0,7.0,8.0,8.25,False
38003670,6.2,6.25,7.8,0,0,0,6.25,7.25,9.25,False
38003671,6.4,5.25,6.0,4.75,5.5,7.75,0,0,0,True
38003672,7.0,5.5,7.4,4.5,5.25,7.75,0,0,0,True
38003673,6.2,7.5,7.4,5.5,7.75,6.5,0,0,0,True
38003674,4.8,6.0,3.6,0,0,0,4.75,8.0,6.0,False
38003675,7.0,5.0,3.4,0,0,0,4.0,5.5,7.0,False
38003676,5.6,7.0,3.4,0,0,0,6.25,6.5,7.75,False
38003677,6.8,5.75,2.4,7.5,5.0,6.25,0,0,0,True
38003678,6.0,6.5,4.4,4.5,4.5,5.75,0,0,0,True
38003679,8.6,7.0,7.2,8.5,5.0,7.0,0,0,0,True
38003680,7.8,7.0,5.2,6.75,7.25,6.25,0,0,0,True
38003681,5.4,5.0,3.4,0,0,0,5.75,7.5,9.5,False
38003682,5.6,6.25,4.2,0,0,0,5.75,6.75,8.5,False
38003683,8.0,6.75,7.8,5.5,6.25,6.75,0,0,0,True
38003684,6.0,5.25,5.2,0,0,0,5.75,6.0,8.0,False
38003685,4.8,7.25,3.8,0,0,0,5.5,6.25,8.75,False
38003686,6.4,0,8.4,8.25,0,0,0,0,0,True
38003687,5.6,7.25,5.4,0,0,0,5.75,6.25,7.75,False
38003688,6.4,7.25,4.8,5.75,5.0,6.25,0,0,0,True
38003689,6.2,8.0,5.4,0,0,0,5.25,7.0,9.0,False
38003690,7.2,6.25,3.4,6.75,7.25,7.0,0,0,0,True
38003691,8.2,7.5,6.4,7.75,7.5,6.75,0,0,0,True
38003692,4.2,5.75,3.0,0,0,0,3.75,6.25,7.75,False
38003693,8.0,6.25,7.0,8.0,6.25,5.75,0,0,0,True
38003694,7.8,8.75,7.8,0,0,0,9.0,9.0,9.25,False
38003695,7.2,8.0,5.4,0,0,0,7.75,7.5,8.75,False
38003696,4.4,5.5,3.6,0,0,0,5.25,6.5,7.75,False
38003697,4.4,5.0,4.2,0,0,0,6.75,6.75,8.5,False
38003698,7.8,8.5,6.4,7.5,7.5,6.5,0,0,0,True
38003699,7.6,6.75,5.2,8.25,9.0,7.25,0,0,0,True
38003700,9.0,6.0,7.6,9.25,9.0,4.75,0,0,0,True
38003701,7.2,6.75,5.0,4.5,8.5,8.0,0,0,0,True
38003702,7.6,6.25,2.4,6.75,6.25,5.25,0,0,0,True
38003703,8.0,5.25,4.0,0,0,0,6.5,6.0,8.5,False
38003704,5.0,3.5,4.8,3.0,5.0,3.75,0,0,0,True
38003705,4.2,4.25,2.8,0,0,0,5.25,6.5,5.75,False
38003706,4.2,5.75,8.0,0,0,0,5.25,6.0,8.25,False
38003707,5.2,7.25,4.0,0,0,0,6.75,7.25,9.0,False
38003708,8.2,6.75,7.0,6.25,8.25,6.0,0,0,0,True
38003709,6.4,6.25,5.6,0,0,0,4.75,6.5,7.25,False
38003710,4.2,5.75,5.2,0,0,0,5.75,5.5,7.0,False
38003711,7.4,6.5,5.2,5.0,4.5,5.0,0,0,0,True
38003712,7.0,6.5,4.0,0,0,0,5.5,6.5,7.25,False
38003713,6.2,3.67,4.2,4.25,4.25,3.0,0,0,0,True
38003714,4.2,4.25,3.8,0,0,0,4.5,5.5,8.0,False
38003715,5.6,6.0,4.0,0,0,0,5.0,6.25,8.25,False
38003716,7.2,6.5,4.8,6.75,6.75,6.75,0,0,0,True
38003717,6.6,7.75,4.8,6.0,6.0,4.5,0,0,0,True
38003718,6.4,7.25,4.4,5.0,4.5,4.5,0,0,0,True
38003719,7.8,6.83,3.4,8.0,7.0,6.75,0,0,0,True
38003720,5.4,8.0,5.2,0,0,0,6.0,7.25,7.75,False
38003721,5.6,9.0,5.2,0,0,0,6.25,7.25,7.75,False
38003722,7.0,6.0,5.8,6.25,7.0,5.25,0,0,0,True
38003723,7.4,7.75,5.8,7.5,6.75,6.0,0,0,0,True
38003724,6.0,5.5,6.2,4.5,5.25,4.5,0,0,0,True
38003725,4.2,7.25,2.2,0,0,0,5.0,5.75,6.5,False
38003726,6.4,4.5,3.4,0,0,0,6.25,6.5,6.5,False
38003727,6.0,7.0,2.8,0,0,0,6.25,7.0,8.5,False
38003728,5.6,4.5,5.2,0,0,0,5.5,6.5,9.0,False
38003729,6.4,7.5,4.8,4.5,5.5,5.5,0,0,0,True
38003730,4.8,5.75,3.8,0,0,0,8.75,8.5,8.75,False
38003731,7.2,6.75,6.0,5.5,5.25,5.0,0,0,0,True
38003732,6.6,7.5,4.4,0,0,0,8.25,7.75,8.5,False
38003733,7.0,7.0,4.6,5.0,5.0,5.5,0,0,0,True
38003734,4.4,4.5,3.6,0,0,0,5.25,6.75,6.5,False
38003735,7.8,6.83,5.6,8.75,8.75,6.75,0,0,0,True
38003736,8.4,7.5,3.2,8.5,7.5,5.5,0,0,0,True
38003737,7.2,7.0,6.6,0,0,0,6.75,7.5,8.5,False
38003738,8.4,7.25,8.4,9.0,5.25,6.25,0,0,0,True
38003739,7.8,8.0,6.2,9.25,8.75,6.0,0,0,0,True
38003740,8.2,7.5,5.6,7.5,7.75,5.0,0,0,0,True
38003741,7.8,7.25,5.2,8.25,7.5,6.25,0,0,0,True
38003742,8.2,8.5,8.2,8.25,7.25,8.25,0,0,0,True
38003743,8.4,8.75,8.2,9.25,7.25,8.0,0,0,0,True
38003744,9.4,7.0,4.4,8.75,9.25,7.0,0,0,0,True
38003745,7.6,7.5,7.0,7.75,2.75,5.25,0,0,0,True
38003746,7.8,6.75,7.2,8.75,9.25,7.25,0,0,0,True
38003747,8.6,8.75,6.6,8.0,9.0,6.0,0,0,0,True
38003748,8.2,8.0,6.0,8.25,9.25,5.0,0,0,0,True
38003749,8.6,6.0,6.4,6.75,9.25,8.75,0,0,0,True
38003750,8.4,7.5,7.4,8.5,4.5,6.5,0,0,0,True
38003751,8.0,8.75,8.6,8.25,8.0,7.75,0,0,0,True
38003752,8.8,6.5,7.4,8.25,9.5,7.5,0,0,0,True
38003753,8.8,7.25,8.6,9.0,6.0,7.25,0,0,0,True
38003754,8.2,7.5,9.0,8.25,5.75,7.0,0,0,0,True
38003755,8.4,7.75,4.4,6.0,9.0,8.25,0,0,0,True
38003756,8.6,6.25,6.0,8.75,8.5,8.0,0,0,0,True
38003757,8.6,6.5,3.6,8.25,9.75,6.25,0,0,0,True
38003758,6.8,6.75,3.8,6.5,6.5,4.25,0,0,0,True
38003759,9.2,5.0,5.0,8.75,8.25,6.75,0,0,0,True
38003760,7.6,7.25,9.4,7.0,6.75,6.5,0,0,0,True
38003761,8.2,5.0,4.8,9.0,9.5,6.0,0,0,0,True
38003762,7.8,8.5,4.6,8.0,8.5,6.5,0,0,0,True
38003763,8.8,8.5,9.2,8.5,6.75,6.0,0,0,0,True
38003764,8.0,9.75,8.4,0,0,0,8.25,7.75,9.0,False
38003765,8.0,8.5,8.6,7.75,7.5,8.25,0,0,0,True
38003766,8.6,7.75,8.8,8.5,6.75,6.25,0,0,0,True
38003767,7.6,6.75,5.4,8.25,8.75,7.0,0,0,0,True
38003768,8.2,7.5,6.0,8.25,8.0,6.75,0,0,0,True
38003769,9.4,8.0,9.4,8.5,10.0,9.5,0,0,0,True
38003770,7.4,5.0,7.0,8.75,5.0,5.0,0,0,0,True
38003771,8.4,8.5,9.0,9.0,7.0,7.25,0,0,0,True
38003772,7.6,7.0,8.2,8.5,5.0,6.25,0,0,0,True
38003773,8.2,7.75,5.6,8.25,8.5,4.75,0,0,0,True
38003774,7.0,9.25,8.2,0,0,0,8.75,8.25,9.25,False
38003775,8.2,8.75,6.2,7.75,8.25,7.25,0,0,0,True
38003776,7.6,7.0,9.0,8.25,6.5,5.75,0,0,0,True
38003777,8.2,7.25,4.8,5.5,9.75,8.5,0,0,0,True
38003778,8.2,8.25,9.0,8.5,7.5,7.0,0,0,0,True
38003779,8.6,6.25,5.6,8.25,8.75,6.75,0,0,0,True
38003780,8.4,7.25,4.2,8.75,8.0,6.0,0,0,0,True
38003781,8.4,8.25,8.4,8.75,5.0,7.25,0,0,0,True
38003782,8.6,6.25,3.6,8.5,9.25,5.75,0,0,0,True
38003783,7.0,9.25,9.6,9.0,7.25,6.25,0,0,0,True
38003784,8.4,7.5,8.0,9.25,9.0,7.25,0,0,0,True
38003785,9.0,8.5,8.8,8.75,6.5,5.75,0,0,0,True
38003786,9.0,9.25,8.6,8.5,9.25,6.25,0,0,0,True
38003787,9.2,7.25,4.6,8.5,7.5,6.75,0,0,0,True
38003788,8.2,7.0,5.0,8.5,8.0,7.0,0,0,0,True
38003789,8.0,8.75,9.2,9.5,6.5,6.25,0,0,0,True
38003790,8.0,8.5,9.0,8.25,8.25,8.0,0,0,0,True
38003791,8.0,7.0,5.2,8.25,9.25,6.25,0,0,0,True
38003792,8.6,7.5,7.4,8.5,9.75,7.75,0,0,0,True
38003793,8.4,7.75,8.6,8.75,5.75,6.5,0,0,0,True
38003794,7.2,7.25,3.4,7.75,7.25,4.25,0,0,0,True
38003795,8.4,8.5,6.0,8.0,8.5,5.75,0,0,0,True
38003796,8.8,9.0,9.4,8.5,7.5,8.25,0,0,0,True
38003797,7.6,9.25,6.0,0,0,0,7.0,7.5,8.75,False
38003798,8.0,9.25,8.4,0,0,0,7.75,9.0,9.0,False
38003799,6.4,7.75,3.8,6.25,7.0,5.5,0,0,0,True
38003800,8.0,8.0,7.2,8.5,8.5,7.25,0,0,0,True
38003801,9.0,8.0,7.8,8.0,9.0,7.0,0,0,0,True
38003802,8.0,9.25,8.2,0,0,0,8.75,8.25,9.5,False
38003803,8.4,9.25,8.2,0,0,0,7.0,6.5,8.75,False
38003804,9.2,8.0,9.4,8.5,8.25,7.75,0,0,0,True
38003805,8.6,7.5,7.2,9.0,9.0,8.0,0,0,0,True
38003806,8.6,8.0,5.6,7.75,8.5,6.0,0,0,0,True
38003807,8.6,9.0,8.2,8.5,9.75,6.5,0,0,0,True
38003808,6.6,7.75,6.0,7.0,7.0,6.5,0,0,0,True
38003809,7.8,8.75,6.2,9.0,9.0,7.5,0,0,0,True
38003810,8.0,8.5,5.6,8.75,9.0,7.5,0,0,0,True
38003811,6.8,9.0,7.8,0,0,0,6.0,8.75,8.75,False
38003812,8.0,9.0,7.2,9.0,9.5,8.0,0,0,0,True
38003813,7.6,7.5,7.6,7.75,6.5,6.25,0,0,0,True
38003814,8.8,8.5,9.2,9.25,9.5,6.5,0,0,0,True
38003815,7.6,8.25,5.4,7.0,7.0,4.75,0,0,0,True
38003816,8.4,8.25,9.0,9.0,5.25,7.75,0,0,0,True
38003817,9.0,8.5,8.8,9.5,5.5,8.75,0,0,0,True
38003818,8.8,7.5,8.4,9.0,9.75,8.0,0,0,0,True
38003819,8.8,8.0,5.0,8.5,9.5,7.0,0,0,0,True
38003820,9.6,7.25,7.0,9.25,9.5,6.75,0,0,0,True
38003821,8.0,7.25,7.8,8.5,3.5,4.75,0,0,0,True
38003822,7.6,7.5,5.6,8.0,9.5,5.25,0,0,0,True
38003823,8.0,7.0,4.8,8.75,7.75,6.75,0,0,0,True
38003824,8.4,7.25,6.0,8.0,8.5,6.75,0,0,0,True
38003825,8.4,0,0,8.5,8.75,2.25,0,0,0,True
38003826,8.2,7.25,7.0,8.75,6.5,6.75,0,0,0,True
38003827,8.4,7.75,4.2,8.5,9.25,5.0,0,0,0,True
38003828,8.8,9.0,9.0,0,0,0,9.0,9.0,9.5,False
38003829,8.8,7.25,9.0,9.0,8.5,7.0,0,0,0,True
38003830,8.0,8.75,9.4,9.25,6.75,7.25,0,0,0,True
38003831,9.0,8.5,8.6,7.25,9.25,8.5,0,0,0,True
38003832,8.2,8.5,4.8,7.75,8.25,6.25,0,0,0,True
38003833,8.8,6.75,9.4,7.75,7.0,7.0,0,0,0,True
38003834,9.2,8.5,7.8,9.25,9.75,8.0,0,0,0,True
38003835,8.4,9.0,8.0,9.25,9.25,7.75,0,0,0,True
38003836,8.4,7.5,5.0,8.5,6.5,7.25,0,0,0,True
38003837,9.2,8.0,3.0,9.0,9.5,7.25,0,0,0,True
38003838,8.8,5.75,5.0,7.25,10.0,8.75,0,0,0,True
38003839,8.4,8.25,4.0,8.0,6.5,5.5,0,0,0,True
38003840,8.4,7.5,7.0,7.75,5.75,6.5,0,0,0,True
38003841,8.2,6.75,5.0,8.75,8.5,6.5,0,0,0,True
38003842,8.2,6.25,5.0,9.0,8.75,5.0,0,0,0,True
38003843,8.4,7.5,5.8,9.25,9.25,7.5,0,0,0,True
38003844,8.2,7.25,3.6,7.25,7.0,4.25,0,0,0,True
38003845,8.6,7.5,6.0,9.0,7.75,4.75,0,0,0,True
38003846,7.4,7.25,7.4,5.75,8.0,8.5,0,0,0,True
38003847,9.0,6.25,4.0,6.0,9.5,8.75,0,0,0,True
38003848,8.2,8.25,7.0,8.75,8.5,7.0,0,0,0,True
38003849,8.6,8.0,8.6,9.5,9.5,7.75,0,0,0,True
38003850,7.8,7.75,5.2,8.5,8.25,4.0,0,0,0,True
38003851,7.4,6.5,4.4,8.25,7.75,7.0,0,0,0,True
38003852,8.0,8.0,8.2,8.5,7.0,6.25,0,0,0,True
38003853,8.2,7.5,5.8,7.5,8.0,6.75,0,0,0,True
38003854,8.0,7.25,9.0,7.75,6.25,7.0,0,0,0,True
38003855,7.8,8.75,9.0,0,0,0,8.25,7.75,8.75,False
38003856,8.2,6.0,7.6,8.5,8.5,6.25,0,0,0,True
38003857,6.8,6.0,5.4,8.0,7.5,6.0,0,0,0,True
38003858,8.6,7.25,6.2,8.0,8.75,7.25,0,0,0,True
38003859,8.4,7.5,6.6,8.25,6.0,6.75,0,0,0,True
38003860,8.2,9.25,9.2,9.0,6.25,7.0,0,0,0,True
38003861,8.6,6.33,3.6,8.0,9.5,6.0,0,0,0,True
38003862,7.8,9.0,7.4,7.25,9.5,8.75,0,0,0,True
38003863,7.8,0,7.8,7.75,2.5,4.75,0,0,0,True
38003864,6.8,7.25,6.2,7.5,2.75,4.5,0,0,0,True
38003865,8.6,8.25,8.0,9.0,9.75,7.5,0,0,0,True
38003866,8.0,6.75,5.8,8.75,9.25,6.25,0,0,0,True
38003867,8.0,7.25,8.6,7.75,6.0,6.75,0,0,0,True
38003868,8.0,7.5,5.4,8.25,8.75,5.25,0,0,0,True
38003869,9.0,7.5,7.0,9.5,9.75,7.5,0,0,0,True
38003870,8.8,6.75,9.0,9.0,9.75,8.0,0,0,0,True
38003871,8.6,8.25,6.4,7.75,9.0,6.5,0,0,0,True
38003872,7.8,6.25,6.8,8.5,7.0,5.25,0,0,0,True
38003873,8.0,8.0,8.6,8.75,9.5,6.0,0,0,0,True
38003874,8.6,8.0,7.8,8.25,9.0,6.75,0,0,0,True
38003875,9.0,6.5,9.4,9.5,7.5,5.75,0,0,0,True
38003876,8.2,7.5,6.8,8.25,7.75,6.25,0,0,0,True
38003877,8.4,9.0,8.4,0,0,0,8.0,9.25,9.5,False
38003878,7.4,8.75,5.4,7.25,8.25,4.75,0,0,0,True
38003879,6.8,7.5,3.8,6.75,7.25,4.25,0,0,0,True
38003880,7.8,6.75,5.4,8.0,9.0,6.0,0,0,0,True
38003881,7.8,8.0,4.8,6.25,8.75,8.5,0,0,0,True
38003882,7.6,9.25,7.8,0,0,0,7.25,8.25,9.0,False
38003883,7.0,5.75,5.0,8.75,9.0,3.25,0,0,0,True
38003884,7.2,7.25,7.0,8.0,5.5,5.5,0,0,0,True
38003885,8.6,9.0,8.6,7.75,6.75,7.0,0,0,0,True
38003886,5.8,8.25,8.2,0,0,0,6.5,7.75,8.75,False
38003887,8.8,6.0,3.4,9.0,8.75,6.0,0,0,0,True
38003888,8.0,6.0,7.4,8.75,4.0,5.5,0,0,0,True
38003889,9.2,7.75,7.2,8.25,10.0,9.0,0,0,0,True
38003890,8.0,8.5,5.4,8.5,8.75,6.0,0,0,0,True
38003891,8.0,9.5,9.2,0,0,0,8.0,8.0,9.5,False
38003892,8.6,8.25,6.4,8.25,8.75,6.5,0,0,0,True
38003893,9.0,7.5,8.6,9.5,10.0,8.25,0,0,0,True
38003894,9.4,8.0,9.4,9.0,8.5,8.5,0,0,0,True
38003895,8.2,7.75,5.4,7.75,9.25,5.5,0,0,0,True
38003896,7.8,7.0,3.8,8.75,8.75,6.75,0,0,0,True
38003897,9.6,7.5,7.8,9.5,9.75,7.5,0,0,0,True
38003898,7.6,7.25,7.6,8.5,5.0,5.5,0,0,0,True
38003899,8.6,7.75,7.2,9.0,8.5,7.5,0,0,0,True
38003900,8.0,7.5,4.4,7.75,8.5,4.75,0,0,0,True
38003901,9.0,0,0,9.5,9.0,4.25,0,0,0,True
38003902,8.0,9.25,7.0,8.75,8.75,7.75,0,0,0,True
38003903,8.8,8.75,4.8,8.25,8.5,6.5,0,0,0,True
38003904,8.8,8.75,7.4,8.0,9.0,6.75,0,0,0,True
38003905,9.0,9.0,9.8,9.0,7.25,6.25,0,0,0,True
38003906,8.8,7.0,6.8,7.5,9.0,5.75,0,0,0,True
38003907,8.2,7.0,4.2,9.25,9.5,5.75,0,0,0,True
38003908,8.8,6.5,6.0,8.75,10.0,8.0,0,0,0,True
38003909,8.4,6.5,4.8,6.0,8.0,8.75,0,0,0,True
38003910,8.2,7.25,6.0,7.75,7.5,5.75,0,0,0,True
38003911,8.0,7.5,6.6,8.25,8.5,6.25,0,0,0,True
38003912,8.2,6.0,7.6,7.5,9.0,8.5,0,0,0,True
38003913,8.6,8.75,8.0,8.0,7.25,7.25,0,0,0,True
38003914,7.4,8.5,7.6,0,0,0,5.25,6.5,9.0,False
38003915,7.8,6.75,7.2,8.25,6.25,6.0,0,0,0,True
38003916,6.8,7.5,6.2,6.75,5.75,3.25,0,0,0,True
38003917,7.2,7.25,8.6,7.25,5.0,5.25,0,0,0,True
38003918,8.6,7.0,7.2,9.25,9.5,7.75,0,0,0,True
38003919,8.0,7.5,8.4,9.0,4.75,5.5,0,0,0,True
38003920,7.4,8.0,8.8,0,0,0,8.0,8.0,9.75,False
38003921,7.0,8.25,4.0,8.25,9.0,5.25,0,0,0,True
38003922,7.6,6.25,6.4,4.5,9.25,8.25,0,0,0,True
38003923,7.4,7.75,7.0,0,0,0,7.5,7.0,8.25,False
38003924,8.2,7.0,4.8,8.25,8.25,7.0,0,0,0,True
38003925,8.4,7.75,8.0,9.0,9.5,7.5,0,0,0,True
38003926,8.0,9.0,7.6,0,0,0,7.75,7.25,8.75,False
38003927,8.2,8.75,4.8,8.5,8.25,7.5,0,0,0,True
38003928,9.2,9.25,9.8,9.25,7.75,8.25,0,0,0,True
38003929,8.8,8.25,7.0,8.5,9.25,6.75,0,0,0,True
38003930,7.6,7.5,8.6,8.75,5.5,6.75,0,0,0,True
38003931,6.8,5.5,6.0,8.25,8.0,5.75,0,0,0,True
38003932,7.0,7.25,5.6,7.5,7.75,4.5,0,0,0,True
38003933,8.6,7.0,6.6,8.0,9.25,5.75,0,0,0,True
38003934,8.0,5.75,9.0,7.75,6.25,6.5,0,0,0,True
38003935,8.0,8.25,8.8,0,0,0,8.75,8.25,9.25,False
38003936,8.4,8.25,6.0,0,0,0,7.25,8.25,9.25,False
38003937,6.6,8.5,4.6,8.0,7.25,5.25,0,0,0,True
38003938,7.4,7.5,5.8,7.0,7.5,6.0,0,0,0,True
38003939,8.6,7.0,6.2,8.0,8.25,5.25,0,0,0,True
38003940,7.8,7.5,5.0,7.75,7.5,5.0,0,0,0,True
38003941,8.2,7.75,6.4,8.5,9.25,6.75,0,0,0,True
38003942,7.8,7.75,8.0,9.25,5.5,7.5,0,0,0,True
38003943,7.4,8.5,8.4,8.0,6.0,7.5,0,0,0,True
38003944,9.0,8.75,9.6,9.25,9.25,7.25,0,0,0,True
38003945,8.4,7.75,9.0,8.5,4.25,6.5,0,0,0,True
38003946,9.0,7.25,6.8,8.5,5.25,6.25,0,0,0,True
38003947,8.2,9.25,9.0,8.0,7.5,7.0,0,0,0,True
38003948,8.0,7.5,7.8,8.5,6.0,6.5,0,0,0,True
38003949,7.0,8.5,6.0,0,0,0,7.0,7.25,8.75,False
38003950,8.8,9.0,7.6,9.5,8.75,8.25,0,0,0,True
38003951,7.6,8.25,4.4,7.25,8.0,4.75,0,0,0,True
38003952,8.0,7.25,8.8,8.0,5.25,6.5,0,0,0,True
38003953,8.6,6.0,4.8,8.25,7.75,5.75,0,0,0,True
38003954,8.4,7.5,7.4,8.25,4.25,6.0,0,0,0,True
38003955,8.4,8.5,8.4,9.5,9.0,6.5,0,0,0,True
38003956,7.2,5.75,4.2,8.0,8.0,5.25,0,0,0,True
38003957,8.2,6.0,6.6,8.75,8.75,6.25,0,0,0,True
38003958,8.2,8.25,8.8,9.25,6.5,6.5,0,0,0,True
38003959,8.6,7.5,4.8,8.25,8.25,6.0,0,0,0,True
38003960,8.0,8.0,6.4,9.0,8.5,6.25,0,0,0,True
38003961,8.2,7.75,5.6,8.25,9.0,6.75,0,0,0,True
38003962,9.0,6.5,4.8,8.0,7.75,5.5,0,0,0,True
38003963,8.4,5.5,3.2,7.5,6.75,5.25,0,0,0,True
38003964,7.2,9.0,9.0,0,0,0,8.5,9.0,9.75,False
38003965,8.0,7.5,8.6,8.5,5.75,6.25,0,0,0,True
38003966,7.8,7.5,6.4,8.5,9.0,6.75,0,0,0,True
38003967,8.8,8.0,8.8,9.5,10.0,8.0,0,0,0,True
38003968,7.0,6.75,7.2,8.75,4.0,6.5,0,0,0,True
38003969,9.2,8.25,8.8,9.75,9.5,8.0,0,0,0,True
38003970,8.4,8.0,6.4,9.0,9.25,5.0,0,0,0,True
38003971,8.4,8.0,7.6,8.25,5.5,4.0,0,0,0,True
38003972,8.6,7.25,7.0,8.0,8.5,7.25,0,0,0,True
38003973,8.2,9.0,7.4,8.5,9.5,8.75,0,0,0,True
38003974,8.0,7.75,3.6,8.75,9.0,6.75,0,0,0,True
38003975,7.6,8.0,5.2,8.0,8.25,6.75,0,0,0,True
38003976,8.0,7.0,4.8,5.0,9.5,8.5,0,0,0,True
38003977,9.0,7.0,4.4,8.5,9.25,7.25,0,0,0,True
38003978,8.4,7.25,9.6,8.5,5.75,6.25,0,0,0,True
38003979,7.8,8.5,9.8,9.5,8.0,6.75,0,0,0,True
38003980,8.4,8.0,7.8,8.25,8.75,6.5,0,0,0,True
38003981,7.0,7.75,4.2,8.5,8.5,5.25,0,0,0,True
38003982,6.8,6.5,3.4,7.75,6.25,4.5,0,0,0,True
38003983,8.8,8.5,5.4,8.25,9.25,7.25,0,0,0,True
38003984,7.8,8.5,5.6,8.25,7.75,4.25,0,0,0,True
38003985,8.8,7.75,7.2,8.75,9.5,8.5,0,0,0,True
38003986,7.4,8.5,8.2,0,0,0,7.5,9.25,9.0,False
38003987,9.2,8.75,8.6,7.5,9.25,9.25,0,0,0,True
38003988,8.8,7.75,6.2,8.5,8.0,6.75,0,0,0,True
38003989,8.8,7.5,8.2,9.25,6.5,6.75,0,0,0,True
38003990,8.6,7.0,2.8,8.0,8.25,6.75,0,0,0,True
38003991,7.8,7.75,5.0,7.0,8.75,6.0,0,0,0,True
38003992,8.8,7.5,5.4,9.0,9.75,6.75,0,0,0,True
38003993,7.8,6.25,4.6,9.25,8.75,7.0,0,0,0,True
38003994,8.4,9.25,8.8,8.75,8.75,6.5,0,0,0,True
38003995,8.0,7.25,8.8,7.75,7.0,7.75,0,0,0,True
38003996,7.4,6.75,7.4,9.0,7.0,4.5,0,0,0,True
38003997,9.0,8.0,8.6,9.25,9.25,7.75,0,0,0,True
38003998,7.4,9.0,7.4,0,0,0,7.75,8.75,9.5,False
38003999,9.2,8.25,8.8,9.25,9.25,7.25,0,0,0,True
38004000,8.2,6.5,5.0,8.75,9.0,5.25,0,0,0,True
38004001,8.8,0,0,8.0,9.0,6.25,0,0,0,True
38004002,8.2,6.75,4.6,4.25,9.5,7.75,0,0,0,True
38004003,7.2,6.25,4.0,7.5,8.25,5.5,0,0,0,True
38004004,8.4,7.0,7.0,8.5,9.0,7.0,0,0,0,True
38004005,8.6,9.0,8.0,0,0,0,9.0,8.5,8.75,False
38004006,8.4,6.75,9.8,9.5,9.5,8.5,0,0,0,True
38004007,8.4,8.5,4.2,4.5,8.5,8.25,0,0,0,True
38004008,8.6,7.5,8.6,8.25,6.0,7.0,0,0,0,True
38004009,8.0,8.25,5.6,7.75,8.25,5.75,0,0,0,True
38004010,8.0,9.25,8.2,8.75,6.25,7.0,0,0,0,True
38004011,7.2,8.0,5.0,8.75,7.75,5.0,0,0,0,True
38004012,7.2,8.75,7.2,0,0,0,9.5,9.5,10.0,False
38004013,8.4,8.75,8.8,9.5,9.5,7.75,0,0,0,True
38004014,8.0,6.75,8.6,8.25,6.75,6.0,0,0,0,True
38004015,8.8,9.0,8.8,9.25,5.75,5.75,0,0,0,True
38004016,7.8,8.0,8.2,9.0,5.25,6.0,0,0,0,True
38004017,7.0,8.5,7.4,8.25,4.5,4.75,0,0,0,True
38004018,7.6,8.25,6.4,8.25,4.25,5.25,0,0,0,True
38004019,8.6,7.75,7.0,9.5,9.75,8.0,0,0,0,True
38004020,7.6,8.25,4.4,8.25,7.25,4.0,0,0,0,True
38004021,7.0,7.0,7.0,9.0,5.5,4.75,0,0,0,True
38004022,8.0,7.5,5.0,6.0,8.0,7.25,0,0,0,True
38004023,7.8,8.5,8.2,0,0,0,8.75,8.5,9.25,False
38004024,6.4,8.25,2.4,7.75,7.25,4.75,0,0,0,True
38004025,7.6,8.5,8.2,8.0,6.5,6.5,0,0,0,True
38004026,5.8,9.25,6.8,0,0,0,6.25,6.75,8.5,False
38004027,7.0,7.0,4.4,6.5,6.75,5.75,0,0,0,True
38004028,8.6,7.25,9.2,9.0,6.25,5.25,0,0,0,True
38004029,7.8,7.25,3.6,9.5,9.25,7.75,0,0,0,True
38004030,8.6,7.75,5.2,8.75,9.5,7.0,0,0,0,True
38004031,8.0,8.0,8.0,8.0,9.5,7.25,0,0,0,True
38004032,8.0,8.0,6.6,8.5,8.75,7.5,0,0,0,True
38004033,7.4,7.0,4.4,8.0,8.0,7.5,0,0,0,True
38004034,8.0,7.0,9.4,8.75,7.75,6.25,0,0,0,True
38004035,8.6,8.5,8.4,8.5,7.25,6.75,0,0,0,True
38004036,8.2,7.5,9.0,8.5,6.0,6.25,0,0,0,True
38004037,8.6,7.25,4.6,8.5,9.25,6.0,0,0,0,True
38004038,7.6,8.5,8.6,9.0,4.5,6.0,0,0,0,True
38004039,8.4,8.0,6.2,8.25,9.5,6.75,0,0,0,True
38004040,7.8,8.0,6.4,7.25,8.25,6.25,0,0,0,True
38004041,6.6,7.5,6.2,7.5,3.75,5.0,0,0,0,True
38004042,7.8,7.0,5.4,3.75,7.75,8.25,0,0,0,True
38004043,8.4,8.25,9.8,8.0,8.0,7.5,0,0,0,True
38004044,7.8,6.0,5.2,8.5,8.5,5.25,0,0,0,True
38004045,7.0,8.75,7.6,5.75,8.25,7.75,0,0,0,True
38004046,7.8,5.75,5.2,9.25,7.25,3.5,0,0,0,True
38004047,8.2,7.5,7.8,9.0,7.5,6.25,0,0,0,True
38004048,7.2,6.25,3.2,7.75,6.75,4.75,0,0,0,True
38004049,7.6,5.0,6.8,7.5,8.0,5.75,0,0,0,True
38004050,7.2,6.5,5.4,7.5,8.0,4.25,0,0,0,True
38004051,7.0,8.5,7.2,0,0,0,7.25,7.25,8.75,False
38004052,8.8,6.25,6.0,7.75,7.0,5.25,0,0,0,True
38004053,8.6,8.25,6.8,9.0,9.5,6.25,0,0,0,True
38004054,8.2,7.5,4.4,8.5,8.75,5.5,0,0,0,True
38004055,8.2,6.0,5.2,8.25,9.0,6.25,0,0,0,True
38004056,7.8,7.75,8.0,0,0,0,9.5,9.0,8.75,False
38004057,8.2,6.5,5.2,8.5,7.5,6.75,0,0,0,True
38004058,8.2,8.5,6.0,9.0,9.0,6.0,0,0,0,True
38004059,7.6,9.25,8.0,0,0,0,8.25,9.5,9.5,False
38004060,8.8,8.75,9.8,9.25,7.5,6.0,0,0,0,True
38004061,8.4,9.0,9.6,8.25,5.25,7.0,0,0,0,True
38004062,7.4,7.75,6.2,6.5,7.75,6.25,0,0,0,True
38004063,8.2,8.75,7.6,0,0,0,7.5,9.0,9.5,False
38004064,8.0,7.75,6.2,6.5,7.25,6.0,0,0,0,True
38004065,7.8,7.0,8.8,9.25,5.25,5.75,0,0,0,True
38004066,8.2,9.5,8.8,0,0,0,8.25,8.0,9.5,False
38004067,8.2,7.5,7.4,8.75,8.75,8.25,0,0,0,True
38004068,8.8,7.75,8.8,8.5,5.5,5.25,0,0,0,True
38004069,7.6,7.75,7.8,9.0,8.25,5.25,0,0,0,True
38004070,9.0,8.0,9.4,9.5,6.75,6.75,0,0,0,True
38004071,7.2,7.25,4.2,8.0,8.5,6.5,0,0,0,True
38004072,8.2,9.0,9.0,8.75,5.75,6.75,0,0,0,True
38004073,6.8,9.0,7.6,0,0,0,6.75,8.25,8.75,False
38004074,8.2,8.5,7.6,0,0,0,7.75,7.75,9.5,False
38004075,8.4,7.25,5.0,6.75,8.25,8.5,0,0,0,True
38004076,8.8,8.5,6.8,7.75,7.75,7.0,0,0,0,True
38004077,9.0,7.75,4.2,5.75,9.25,8.25,0,0,0,True
38004078,8.6,8.5,8.4,8.25,6.25,6.25,0,0,0,True
38004079,8.8,9.0,8.4,0,0,0,8.25,9.75,9.0,False
38004080,4.8,9.0,3.0,0,0,0,8.25,8.0,8.0,False
38004081,6.4,5.75,6.0,4.25,6.25,5.75,0,0,0,True
38004082,5.4,6.25,4.0,0,0,0,6.25,8.0,8.0,False
38004083,7.8,6.75,6.0,6.5,6.5,5.25,0,0,0,True
38004084,3.8,6.5,3.6,0,0,0,5.25,4.75,7.0,False
38004085,8.2,6.0,6.0,4.25,9.0,8.25,0,0,0,True
38004086,8.2,6.0,5.4,8.75,9.5,6.75,0,0,0,True
38004087,8.0,8.5,6.6,0,0,0,9.75,10.0,9.75,False
38004088,6.4,8.5,7.2,0,0,0,7.25,7.75,8.5,False
38004089,5.6,8.0,5.0,0,0,0,7.5,6.5,8.5,False
38004090,5.6,6.5,3.6,0,0,0,6.0,5.0,7.25,False
38004091,5.0,6.5,4.0,0,0,0,8.0,7.5,7.25,False
38004092,5.6,8.0,4.4,0,0,0,7.75,8.5,9.0,False
38004093,8.0,6.25,5.0,6.25,5.0,6.75,0,0,0,True
38004094,6.6,8.5,5.0,0,0,0,9.0,10.0,8.5,False
38004095,7.6,8.0,4.2,0,0,0,0,0,0,False
38004096,6.4,9.0,6.0,0,0,0,5.75,7.0,8.5,False
38004097,8.2,9.0,8.2,6.0,6.5,5.25,0,0,0,True
38004098,5.6,6.0,4.4,4.0,3.5,5.25,0,0,0,True
38004099,7.8,5.5,3.4,4.0,7.0,7.75,0,0,0,True
38004100,5.8,7.0,4.4,3.0,3.5,5.5,0,0,0,True
38004101,6.8,9.25,7.8,0,0,0,7.5,9.0,9.5,False
38004102,5.0,6.0,6.0,0,0,0,4.75,7.0,8.25,False
38004103,4.6,7.0,4.2,0,0,0,5.5,6.25,7.0,False
38004104,3.8,5.75,3.4,0,0,0,5.75,5.5,5.25,False
38004105,4.0,6.0,2.4,0,0,0,3.75,4.75,5.25,False
38004106,4.2,7.25,3.4,0,0,0,6.5,8.5,6.5,False
38004107,4.8,6.5,7.6,0,0,0,6.25,7.0,7.5,False
38004108,7.4,7.75,2.2,0,0,0,8.0,9.5,7.25,False
38004109,8.4,8.5,4.8,8.5,7.75,5.75,0,0,0,True
38004110,5.2,8.5,2.8,0,0,0,8.5,8.5,7.25,False
38004111,3.8,7.0,5.0,0,0,0,6.5,6.5,8.0,False
38004112,4.6,6.25,3.2,0,0,0,4.75,6.5,6.75,False
38004113,0,7.5,0,0,0,0,0,0,0,False
38004114,6.8,7.5,4.2,0,0,0,8.0,8.5,6.25,False
38004115,5.0,6.25,2.6,0,0,0,5.5,6.0,6.75,False
38004116,3.2,5.58,1.8,0,0,0,4.0,5.0,6.5,False
38004117,7.2,6.75,4.8,6.75,7.0,6.0,0,0,0,True
38004118,6.8,7.0,4.4,5.75,3.75,4.75,0,0,0,True
38004119,6.8,7.75,4.0,4.5,4.5,6.75,0,0,0,True
38004120,3.4,6.0,3.6,0,0,0,3.75,5.25,5.25,False
38004121,7.4,7.5,4.2,6.25,7.75,7.5,0,0,0,True
38004122,8.0,6.0,4.4,4.0,6.5,6.75,0,0,0,True
38004123,5.2,5.5,3.0,0,0,0,7.25,7.5,7.25,False
38004124,4.4,7.25,3.4,0,0,0,6.5,6.25,5.75,False
38004125,7.2,5.0,4.6,7.5,7.25,4.75,0,0,0,True
38004126,5.4,7.75,2.0,0,0,0,5.5,6.5,6.75,False
38004127,4.4,7.5,3.0,0,0,0,7.0,6.25,7.5,False
38004128,8.2,8.0,7.0,8.5,7.25,7.0,0,0,0,True
38004129,6.6,7.75,1.6,0,0,0,6.25,7.5,7.5,False
38004131,7.0,7.75,3.8,0,0,0,9.0,8.75,7.5,False
38004132,5.2,7.25,3.6,0,0,0,4.75,6.75,6.75,False
38004133,5.2,5.0,3.8,4.0,5.75,6.25,0,0,0,True
38004134,5.2,7.25,4.0,0,0,0,0,0,0,False
38004135,7.8,6.75,5.2,4.5,3.5,4.75,0,0,0,True
38004136,0,7.25,0,0,0,0,8.0,9.25,0,False
38004137,6.0,9.5,5.6,4.25,4.75,4.25,0,0,0,True
38004138,6.8,5.0,2.2,0,0,0,6.5,6.25,8.0,False
38004139,5.6,8.5,5.0,0,0,0,6.0,6.75,8.0,False
38004140,7.8,8.75,4.2,0,0,0,10.0,9.75,9.0,False
38004141,4.6,8.08,4.8,0,0,0,9.75,10.0,8.0,False
38004142,5.8,7.0,3.4,2.25,5.5,4.75,0,0,0,True
38004143,5.6,8.5,3.0,0,0,0,7.75,9.0,8.75,False
38004144,5.2,5.25,3.2,0,0,0,4.0,6.5,7.0,False
38004145,2.2,5.0,2.6,0,0,0,4.25,5.25,5.75,False
38004146,4.0,6.25,2.6,0,0,0,4.75,6.75,7.0,False
38004147,8.0,7.0,2.0,7.75,6.25,4.75,0,0,0,True
38004148,7.4,7.0,3.6,0,0,0,6.75,6.75,8.0,False
38004149,4.8,7.25,3.2,0,0,0,4.75,4.75,7.25,False
38004150,4.4,7.0,3.4,0,0,0,5.75,8.75,7.5,False
38004151,5.4,8.0,4.6,0,0,0,6.25,6.75,9.0,False
38004152,6.4,7.0,3.0,0,0,0,5.5,6.25,7.0,False
38004153,6.8,6.75,3.8,0,0,0,7.0,9.0,7.75,False
38004154,4.4,5.0,2.6,0,0,0,4.5,6.5,6.25,False
38004155,4.6,6.25,2.0,0,0,0,6.5,7.25,6.75,False
38004156,7.8,6.75,6.0,6.75,6.25,7.5,0,0,0,True
38004157,4.2,5.75,3.0,0,0,0,4.25,4.0,4.25,False
38004158,6.4,6.0,6.4,4.25,5.25,5.75,0,0,0,True
38004159,7.4,8.75,6.4,5.5,5.75,6.0,0,0,0,True
38004160,3.8,5.75,3.8,0,0,0,4.75,5.5,4.75,False
38004161,5.0,8.5,4.0,0,0,0,8.75,9.25,8.25,False
38004162,5.6,7.75,4.2,0,0,0,5.75,6.5,7.0,False
38004163,4.6,7.0,3.8,0,0,0,6.5,6.5,8.0,False
38004164,6.2,6.5,3.2,0,0,0,5.75,6.0,7.0,False
38004165,7.0,7.0,2.6,4.5,6.0,5.75,0,0,0,True
38004166,4.0,7.0,4.2,0,0,0,4.75,6.75,7.25,False
38004167,5.0,6.25,3.2,0,0,0,4.75,5.25,6.0,False
38004168,7.8,7.75,6.4,7.75,7.25,6.75,0,0,0,True
38004169,4.2,6.75,3.0,0,0,0,5.75,6.25,5.5,False
38004170,5.4,5.0,3.4,5.75,4.75,4.5,0,0,0,True
38004171,4.6,6.25,3.2,0,0,0,6.25,6.25,7.0,False
38004172,5.4,6.5,3.4,0,0,0,6.0,6.5,6.25,False
38004173,7.0,5.0,2.0,0,0,0,5.75,8.5,6.25,False
38004174,7.4,7.75,6.8,6.75,7.5,6.0,0,0,0,True
38004175,0,8.5,0,0,0,0,8.0,9.0,0,False
38004176,0,7.25,0,0,0,0,8.25,9.5,0,False
38004177,4.2,7.0,3.2,0,0,0,6.5,6.5,7.0,False
38004178,4.0,6.25,3.4,0,0,0,0,7.0,0,False
38004179,6.8,7.5,4.6,0,0,0,8.25,9.75,8.5,False
38004180,8.4,7.75,6.6,0,0,0,7.0,8.25,8.5,False
38004181,6.2,6.75,4.2,3.0,6.75,6.5,0,0,0,True
38004182,6.6,6.75,4.6,0,0,0,8.5,8.75,8.25,False
38004183,7.8,7.75,4.4,8.25,7.25,6.0,0,0,0,True
38004184,8.6,7.75,5.4,7.25,7.0,7.75,0,0,0,True
38004185,7.2,7.0,4.6,7.5,6.5,5.75,0,0,0,True
38004186,8.0,7.75,6.6,9.0,5.25,5.75,0,0,0,True
38004187,2.8,5.0,4.8,0,0,0,4.75,7.25,7.75,False
38004188,5.0,6.25,5.8,0,0,0,4.75,7.25,6.25,False
38004189,8.6,8.75,8.2,8.25,5.0,6.5,0,0,0,True
38004190,7.4,8.0,4.8,7.5,8.0,7.25,0,0,0,True
38004191,4.0,5.0,3.0,0,0,0,6.0,6.5,5.75,False
38004192,8.6,8.0,6.4,6.75,7.75,8.5,0,0,0,True
38004193,7.4,6.5,3.0,5.25,7.25,5.5,0,0,0,True
38004194,8.6,4.5,4.4,6.5,7.0,5.5,0,0,0,True
38004195,7.0,5.75,5.2,0,0,0,5.75,6.0,7.25,False
38004196,7.2,8.5,5.2,5.5,5.75,6.5,0,0,0,True
38004197,8.2,9.75,8.6,8.25,7.25,8.25,0,0,0,True
38004198,6.8,8.25,3.8,0,0,0,6.0,7.5,6.5,False
38004199,7.0,5.0,5.6,0,0,0,7.75,8.0,6.75,False
38004200,6.6,6.5,3.6,0,0,0,3.75,5.75,6.5,False
38004201,7.0,7.0,5.2,0,0,0,3.25,6.75,8.0,False
38004202,6.4,6.0,4.8,5.0,5.5,6.0,0,0,0,True
38004203,6.0,5.5,3.2,0,0,0,4.0,6.5,5.0,False
38004204,7.4,8.0,4.4,0,0,0,8.75,9.5,9.25,False
38004205,6.2,7.75,6.8,0,0,0,7.75,7.75,0,False
38004206,2.6,7.25,2.4,0,0,0,5.0,5.5,7.75,False
38004207,8.6,6.5,5.2,8.5,8.5,6.25,0,0,0,True
38004208,5.0,6.75,2.8,0,0,0,7.0,5.75,6.75,False
38004209,0,6.25,0,0,0,0,0,0,0,False
38004210,5.6,7.0,4.6,0,0,0,7.75,7.25,8.25,False
38004211,4.4,7.25,3.2,0,0,0,4.75,6.5,6.25,False
38004212,2.6,3.0,3.0,0,0,0,6.5,5.0,5.75,False
38004213,6.6,6.5,4.2,0,0,0,5.75,7.25,7.0,False
38004214,6.6,6.0,6.0,4.75,5.0,6.5,0,0,0,True
38004215,4.2,6.25,2.0,0,0,0,6.0,7.0,8.0,False
38004216,7.8,8.5,6.6,0,0,0,0,0,0,False
38004217,5.6,7.25,4.6,0,0,0,8.25,7.25,7.75,False
38004218,6.8,5.75,4.0,4.25,6.0,7.0,0,0,0,True
38004219,6.8,5.75,3.8,4.5,5.5,5.75,0,0,0,True
38004220,7.6,7.0,2.2,6.75,6.5,4.25,0,0,0,True
38004221,4.4,6.75,4.6,0,0,0,5.25,5.0,6.0,False
38004222,7.8,7.5,7.8,7.5,8.75,6.5,0,0,0,True
38004223,5.4,7.0,3.6,0,0,0,6.25,7.75,8.5,False
38004224,6.6,8.0,4.0,0,0,0,7.25,8.0,8.5,False
38004225,7.0,8.0,3.2,6.0,5.25,3.75,0,0,0,True
38004226,4.4,7.25,2.2,0,0,0,6.0,6.75,7.0,False
38004227,7.4,8.25,6.6,0,0,0,6.75,8.75,8.75,False
38004228,8.6,8.0,8.0,5.0,4.0,5.75,0,0,0,True
38004229,8.4,7.0,4.2,3.75,7.5,6.75,0,0,0,True
38004230,4.2,7.5,3.0,0,0,0,5.75,6.75,8.0,False
38004231,6.6,7.0,5.6,8.0,7.25,7.75,0,0,0,True
38004232,7.2,7.5,6.2,8.25,7.75,7.5,0,0,0,True
38004233,8.6,8.75,8.4,5.25,6.5,5.5,0,0,0,True
38004234,4.6,7.25,3.8,0,0,0,7.0,8.5,7.25,False
38004235,6.8,6.25,5.8,3.75,4.5,7.25,0,0,0,True
38004236,5.2,7.0,3.6,0,0,0,6.5,8.0,7.0,False
38004237,6.0,6.75,7.0,5.5,5.25,5.0,0,0,0,True
38004238,6.4,8.75,4.6,7.25,7.0,7.0,0,0,0,True
38004239,7.0,5.75,3.8,0,0,0,7.0,8.5,7.25,False
38004240,5.2,8.0,2.4,0,0,0,4.0,7.5,8.0,False
38004241,8.2,7.75,4.6,6.75,8.25,5.75,0,0,0,True
38004242,7.8,7.5,8.0,7.0,5.0,6.0,0,0,0,True
38004243,4.8,6.75,4.0,0,0,0,6.5,6.25,7.25,False
38004244,7.8,0,0,7.25,6.5,0,0,0,0,True
38004245,6.2,6.5,4.4,4.75,6.5,5.0,0,0,0,True
38004246,3.8,6.75,3.0,0,0,0,2.75,6.5,3.75,False
38004247,4.6,7.25,4.8,0,0,0,9.0,8.0,8.0,False
38004248,6.0,6.25,3.6,5.5,3.75,5.75,0,0,0,True
38004249,6.0,7.75,5.4,0,0,0,10.0,10.0,7.0,False
38004250,6.8,7.0,6.8,0,0,0,8.5,9.5,8.75,False
38004251,4.0,3.75,3.4,0,0,0,3.25,3.5,4.25,False
38004252,4.4,3.75,3.0,0,0,0,3.0,5.25,4.5,False
38004253,6.6,7.75,2.4,0,0,0,8.0,8.0,8.5,False
38004254,5.6,7.5,2.8,5.25,6.0,4.75,0,0,0,True
38004255,4.8,7.5,2.6,0,0,0,4.25,6.25,7.0,False
38004256,5.4,8.75,4.6,0,0,0,7.5,8.5,8.75,False
38004257,4.6,9.25,2.2,0,0,0,5.25,8.25,7.0,False
38004258,5.8,8.5,4.6,0,0,0,7.75,8.75,8.5,False
38004259,7.4,8.25,4.8,5.75,6.75,5.5,0,0,0,True
38004260,9.0,8.75,5.2,5.75,8.75,7.5,0,0,0,True
38004261,7.6,8.5,6.2,8.0,4.75,4.75,0,0,0,True
38004262,8.8,8.0,5.0,7.75,7.75,6.5,0,0,0,True
38004263,5.6,5.75,3.6,0,0,0,5.25,7.25,6.5,False
38004264,5.8,7.5,3.6,5.25,4.0,6.25,0,0,0,True
38004265,8.4,7.25,4.2,7.25,7.0,5.0,0,0,0,True
38004266,4.0,5.5,4.0,0,0,0,3.25,3.5,5.5,False
38004267,7.0,7.5,8.4,7.5,6.25,6.25,0,0,0,True
38004268,8.0,7.5,5.0,6.0,5.5,6.25,0,0,0,True
38004269,5.0,5.75,3.4,0,0,0,3.75,6.0,8.0,False
38004270,5.0,7.0,3.4,0,0,0,7.25,6.5,6.75,False
38004271,4.2,6.0,3.4,0,0,0,5.25,7.25,7.0,False
38004272,8.4,8.5,8.2,8.25,8.0,6.75,0,0,0,True
38004273,7.6,6.75,2.4,6.75,6.75,6.5,0,0,0,True
38004274,4.2,6.75,3.0,0,0,0,5.5,6.75,6.75,False
38004275,4.4,7.25,2.8,0,0,0,4.25,6.0,7.25,False
38004276,7.8,6.0,4.2,8.0,7.75,6.0,0,0,0,True
38004277,6.2,5.75,4.8,0,0,0,5.25,7.25,7.25,False
38004278,7.8,6.5,8.6,7.75,6.75,6.0,0,0,0,True
38004279,5.8,6.75,3.4,0,0,0,7.75,7.25,7.75,False
38004280,3.8,5.0,2.0,0,0,0,4.75,5.75,7.75,False
38004281,5.8,6.75,2.4,0,0,0,7.5,7.0,7.25,False
38004282,5.2,5.75,6.0,0,0,0,5.5,7.25,7.75,False
38004283,5.4,7.0,1.8,0,0,0,7.25,8.75,7.5,False
38004284,7.8,7.5,5.4,0,0,0,8.5,8.5,9.25,False
38004285,3.2,3.83,2.6,0,0,0,3.25,4.5,5.0,False
38004286,5.6,4.83,3.6,0,0,0,7.5,8.25,7.75,False
38004287,5.8,4.75,4.4,0,0,0,5.25,6.25,6.25,False
38004288,8.8,6.25,7.6,4.5,4.25,6.5,0,0,0,True
38004289,7.8,8.5,5.8,5.0,6.5,6.5,0,0,0,True
38004290,7.6,6.75,7.4,7.0,7.0,5.25,0,0,0,True
38004291,7.8,8.25,7.6,0,0,0,7.5,9.0,9.5,False
38004292,7.4,7.0,5.8,6.75,5.25,4.75,0,0,0,True
38004293,6.2,4.58,2.6,0,0,0,5.25,5.5,7.5,False
38004294,6.6,7.75,5.4,4.5,7.75,5.75,0,0,0,True
38004295,8.8,5.5,4.0,7.75,8.25,5.25,0,0,0,True
38004296,8.8,6.0,4.0,9.25,8.5,5.75,0,0,0,True
38004297,7.8,5.0,3.4,5.25,7.0,7.75,0,0,0,True
38004298,7.8,7.25,6.2,8.25,8.25,6.5,0,0,0,True
38004299,7.8,9.0,7.8,7.75,6.25,7.5,0,0,0,True
38004300,6.0,8.5,3.0,0,0,0,8.0,8.5,7.5,False
38004301,5.6,7.75,3.8,0,0,0,8.5,8.25,9.0,False
38004302,3.8,6.83,4.0,0,0,0,6.75,7.75,8.0,False
38004303,7.0,8.5,6.6,0,0,0,7.5,9.0,9.25,False
38004304,5.2,6.75,3.8,0,0,0,3.75,7.0,7.0,False
38004305,8.4,9.0,8.0,0,0,0,9.25,9.75,9.5,False
38004306,3.8,6.75,3.8,0,0,0,5.25,4.25,6.5,False
38004307,0,7.75,0,0,0,0,0,0,0,False
38004308,7.2,7.5,4.0,0,0,0,5.5,6.25,7.25,False
38004309,8.0,9.25,5.4,0,0,0,9.0,10.0,9.25,False
38004310,6.6,7.0,5.0,0,0,0,5.25,8.0,6.5,False
38004311,7.8,7.5,4.4,0,0,0,5.5,8.5,9.0,False
38004312,7.8,7.75,6.4,8.25,4.25,7.0,0,0,0,True
38004313,0,8.25,0,0,0,0,9.0,10.0,0,False
38004314,5.0,5.0,5.2,0,0,0,5.0,7.0,6.75,False
38004315,2.4,4.25,3.8,0,0,0,4.25,4.5,3.0,False
38004316,7.0,5.5,4.8,7.0,6.25,6.25,0,0,0,True
38004317,3.6,5.25,4.4,0,0,0,3.5,4.25,6.0,False
38004318,5.8,7.25,4.4,0,0,0,8.5,8.75,8.25,False
38004319,7.8,7.0,6.6,7.5,8.25,5.75,0,0,0,True
38004320,6.6,6.5,5.4,2.5,5.75,7.0,0,0,0,True
38004321,7.0,9.0,4.8,0,0,0,10.0,9.75,8.75,False
38004322,7.8,8.0,5.2,8.25,6.5,5.5,0,0,0,True
38004323,5.8,6.0,4.2,0,0,0,5.5,8.0,7.5,False
38004324,6.4,6.25,4.4,3.5,5.5,4.0,0,0,0,True
38004325,5.8,7.25,4.4,0,0,0,6.5,6.5,7.25,False
38004326,7.4,8.25,5.2,7.75,6.75,6.0,0,0,0,True
38004327,4.4,6.5,4.0,0,0,0,5.0,7.0,7.75,False
38004328,8.0,6.0,6.2,7.25,8.5,6.5,0,0,0,True
38004329,7.0,9.25,8.2,0,0,0,8.25,9.75,9.25,False
38004330,4.0,7.0,4.2,0,0,0,4.75,7.0,5.25,False
38004331,6.4,6.75,3.8,0,0,0,6.0,6.5,6.75,False
38004332,5.8,8.25,5.6,0,0,0,6.25,9.0,8.0,False
38004333,2.4,8.25,3.0,0,0,0,5.5,6.25,6.75,False
38004334,7.4,9.0,4.4,7.25,8.0,7.5,0,0,0,True
38004335,8.2,5.0,5.4,6.5,8.0,5.0,0,0,0,True
38004336,3.6,6.5,3.0,0,0,0,7.25,7.75,7.25,False
38004337,7.4,5.75,5.0,7.0,8.0,5.75,0,0,0,True
38004338,5.2,5.0,4.4,0,0,0,6.25,7.75,7.0,False
38004339,5.6,6.0,3.6,0,0,0,7.0,7.25,7.25,False
38004340,7.8,6.25,5.2,5.0,5.25,5.25,0,0,0,True
38004341,7.2,6.5,4.2,6.75,7.5,6.5,0,0,0,True
38004342,8.6,8.0,6.8,5.5,7.5,6.0,0,0,0,True
38004343,3.8,8.75,4.8,0,0,0,7.0,6.75,8.25,False
38004344,6.4,6.25,4.0,3.5,5.25,6.25,0,0,0,True
38004345,4.8,6.75,2.6,0,0,0,6.5,8.5,8.25,False
38004346,6.6,7.0,4.6,0,0,0,6.75,6.75,7.5,False
38004347,4.8,8.0,3.6,0,0,0,5.5,6.75,7.75,False
38004348,6.2,6.0,3.0,0,0,0,3.75,6.25,6.5,False
38004349,3.8,7.0,4.0,0,0,0,5.5,8.0,7.75,False
38004350,5.8,6.5,3.8,0,0,0,5.0,7.75,7.25,False
38004351,5.4,7.25,5.4,0,0,0,4.0,7.25,5.75,False
38004352,4.0,5.5,4.6,0,0,0,4.0,6.5,8.25,False
38004353,4.8,7.75,2.4,0,0,0,9.5,9.5,8.0,False
38004354,5.0,6.5,2.8,0,0,0,6.25,6.75,6.5,False
38004355,6.0,6.0,4.6,0,0,0,7.75,8.25,7.75,False
38004356,5.8,5.0,4.2,0,0,0,6.75,6.75,7.75,False
38004357,7.6,6.25,4.0,7.75,7.75,6.0,0,0,0,True
38004358,8.0,8.25,5.8,7.25,8.0,7.0,0,0,0,True
38004359,6.2,6.75,3.0,0,0,0,7.25,6.75,8.25,False
38004360,5.6,7.5,0,0,0,0,7.5,0,0,False
38004361,6.0,5.0,1.6,0,0,0,6.0,7.0,4.0,False
38004362,6.8,6.0,4.4,5.75,5.0,7.25,0,0,0,True
38004363,4.2,6.25,2.4,0,0,0,6.5,6.5,6.5,False
38004364,6.6,7.0,4.4,0,0,0,5.5,7.75,7.25,False
38004365,7.8,8.25,5.6,8.25,8.75,6.25,0,0,0,True
38004366,8.4,8.0,5.0,0,0,0,8.0,9.25,9.5,False
38004367,7.4,8.5,4.2,0,0,0,8.75,9.0,9.0,False
38004368,5.2,4.75,4.4,0,0,0,6.0,8.0,6.0,False
38004369,7.8,7.5,6.4,7.75,7.25,7.75,0,0,0,True
38004370,3.6,5.25,3.0,0,0,0,5.0,5.25,7.25,False
38004371,3.8,4.25,2.6,0,0,0,4.5,6.0,5.75,False
38004372,5.8,6.75,4.4,0,0,0,5.0,7.25,6.5,False
38004373,6.4,7.25,2.8,0,0,0,5.5,8.0,7.25,False
38004374,6.0,5.5,3.0,0,0,0,3.5,5.75,5.0,False
38004375,7.6,8.25,4.0,8.75,7.5,5.5,0,0,0,True
38004376,2.6,7.0,3.2,0,0,0,6.5,6.0,7.5,False
38004377,5.4,3.75,3.4,0,0,0,4.25,6.25,7.0,False
38004378,8.4,5.75,5.4,8.5,8.25,5.25,0,0,0,True
38004379,8.6,7.25,8.2,9.0,7.25,6.75,0,0,0,True
38004380,6.6,6.0,4.0,0,0,0,6.5,7.5,7.5,False
38004381,7.0,7.25,3.0,0,0,0,5.5,7.0,7.0,False
38004382,4.0,5.5,1.8,0,0,0,5.0,6.0,6.75,False
38004383,6.4,6.0,3.6,0,0,0,8.0,7.5,7.75,False
38004384,7.8,6.25,5.4,0,0,0,6.25,7.0,7.75,False
38004385,5.8,7.25,4.0,0,0,0,6.75,8.75,8.5,False
38004386,7.4,7.5,4.0,5.5,6.5,7.5,0,0,0,True
38004387,8.8,8.25,9.0,8.25,6.75,8.0,0,0,0,True
38004388,6.8,5.75,4.2,0,0,0,6.25,6.25,7.25,False
38004389,8.6,7.25,4.8,8.0,8.25,8.5,0,0,0,True
38004390,7.6,6.75,6.6,7.75,6.5,6.25,0,0,0,True
38004391,4.6,5.25,3.2,0,0,0,6.75,5.75,7.25,False
38004392,0,6.75,0,0,0,0,8.75,8.75,0,False
38004393,7.8,8.5,5.6,6.5,7.25,8.0,0,0,0,True
38004394,4.8,5.25,3.6,0,0,0,6.25,6.5,5.75,False
38004395,4.6,8.25,4.2,0,0,0,9.75,9.25,7.5,False
38004396,8.0,8.0,9.6,7.25,6.5,7.0,0,0,0,True
38004397,7.8,6.0,5.0,5.5,8.75,8.25,0,0,0,True
38004398,8.0,6.75,4.0,8.75,9.0,6.75,0,0,0,True
38004399,7.8,5.0,2.0,0,0,0,7.25,6.75,6.75,False
38004400,4.0,6.0,3.2,0,0,0,4.75,7.75,7.25,False
38004401,6.8,6.75,3.2,0,0,0,6.75,8.25,7.75,False
38004402,5.6,7.0,3.8,0,0,0,7.25,7.5,6.75,False
38004403,7.6,8.25,7.4,0,0,0,7.75,9.25,9.0,False
38004404,5.6,7.75,3.8,0,0,0,8.5,8.25,7.5,False
38004405,5.0,6.08,5.6,3.0,4.25,6.5,0,0,0,True
38004406,4.4,6.5,2.8,0,0,0,6.0,7.0,7.25,False
38004407,4.8,7.0,3.0,0,0,0,5.5,6.5,8.25,False
38004408,7.2,6.0,4.8,0,0,0,5.75,8.0,7.25,False
38004409,7.0,6.25,5.0,0,0,0,7.5,7.0,6.5,False
38004410,4.8,5.25,2.8,0,0,0,6.75,7.25,8.75,False
38004411,5.2,7.75,4.8,0,0,0,8.0,8.75,7.75,False
38004412,4.0,7.25,4.2,0,0,0,5.0,7.0,7.5,False
38004413,8.6,8.5,6.2,8.0,7.75,6.0,0,0,0,True
38004414,6.0,6.0,4.2,0,0,0,5.5,5.75,5.75,False
38004415,8.4,6.75,4.4,8.25,8.25,5.5,0,0,0,True
38004416,0,6.5,0,0,0,0,6.5,7.5,0,False
38004417,7.0,6.75,5.8,3.25,8.0,6.5,0,0,0,True
38004418,6.6,6.75,5.8,0,0,0,7.25,9.0,8.25,False
38004419,6.4,8.25,4.6,0,0,0,7.75,8.75,8.25,False
38004420,6.2,7.75,3.4,0,0,0,7.0,9.0,7.25,False
38004421,7.6,8.75,4.6,0,0,0,7.5,8.25,8.75,False
38004422,4.6,6.0,2.6,0,0,0,6.0,7.75,6.5,False
38004423,6.4,6.0,5.6,6.0,4.5,6.25,0,0,0,True
38004424,5.2,7.0,4.2,0,0,0,7.25,7.25,8.5,False
38004425,7.6,8.25,6.2,0,0,0,8.0,9.25,9.5,False
38004426,5.8,8.25,4.8,0,0,0,7.25,9.0,8.0,False
38004427,6.8,7.25,3.4,0,0,0,6.25,7.5,8.0,False
38004428,6.8,8.0,5.2,0,0,0,8.25,9.25,9.0,False
38004429,7.6,8.5,5.6,0,0,0,8.25,8.75,9.0,False
38004430,6.8,8.25,3.6,0,0,0,6.5,8.75,8.0,False
38004431,7.6,7.0,3.6,0,0,0,7.75,8.5,6.75,False
38004432,5.8,8.25,4.2,0,0,0,7.25,8.5,8.0,False
38004433,5.8,6.75,4.2,0,0,0,5.5,7.25,6.75,False
38004434,4.0,5.5,3.2,0,0,0,4.5,6.5,6.5,False
38004435,6.6,7.25,6.6,0,0,0,8.0,8.0,7.5,False
38004436,3.2,7.5,3.8,0,0,0,8.75,9.5,8.0,False
38004437,9.2,6.75,9.6,7.25,8.25,5.75,0,0,0,True
38004438,6.4,7.0,4.8,5.0,6.0,5.75,0,0,0,True
38004439,4.0,6.75,6.0,0,0,0,7.75,8.25,6.75,False
38004440,6.4,6.5,4.8,6.5,6.75,5.25,0,0,0,True
38004441,8.2,6.25,5.4,6.25,8.5,5.5,0,0,0,True
38004442,7.8,8.0,4.4,7.0,7.25,7.5,0,0,0,True
38004443,6.6,7.25,7.2,0,0,0,6.25,8.25,7.75,False
38004444,6.4,5.83,6.6,6.25,5.5,6.25,0,0,0,True
38004445,8.0,7.75,5.0,7.75,6.0,6.25,0,0,0,True
38004446,8.0,7.0,6.0,8.0,8.25,6.25,0,0,0,True
38004447,6.4,6.25,4.4,0,0,0,7.25,7.0,8.0,False
38004448,5.0,5.5,3.6,0,0,0,3.75,5.25,6.75,False
38004449,6.6,6.5,3.8,6.25,6.25,7.0,0,0,0,True
38004450,7.8,5.75,5.8,6.5,7.0,5.75,0,0,0,True
38004451,5.6,7.0,4.4,4.25,4.75,4.75,0,0,0,True
38004452,7.4,7.58,5.2,7.5,7.5,6.5,0,0,0,True
38004453,7.8,7.0,5.0,8.5,6.75,5.75,0,0,0,True
38004454,4.6,8.25,5.4,0,0,0,6.25,7.5,9.0,False
38004455,3.4,4.75,3.4,0,0,0,5.25,6.25,6.5,False
38004456,7.8,6.75,5.4,8.25,8.25,7.0,0,0,0,True
38004457,5.8,6.75,3.0,0,0,0,7.5,9.0,7.25,False
38004458,3.6,6.25,3.2,0,0,0,4.75,5.5,7.25,False
38004459,7.2,7.0,4.0,6.75,5.0,4.5,0,0,0,True
38004460,3.8,5.0,4.0,0,0,0,5.75,7.25,4.5,False
38004461,2.8,6.75,3.2,0,0,0,5.0,5.5,6.75,False
38004462,7.8,7.25,3.8,0,0,0,9.0,9.0,8.0,False
38004463,9.0,7.75,8.4,0,0,0,8.75,9.25,8.75,False
38004464,8.2,8.75,8.6,8.75,7.5,7.25,0,0,0,True
38004465,8.0,8.75,6.2,7.5,8.5,7.75,0,0,0,True
38004466,6.0,8.5,4.8,4.25,6.25,6.5,0,0,0,True
38004467,0,9.0,0,0,0,0,9.0,10.0,0,False
38004468,6.6,0,0,0,5.0,0,0,0,0,True
38004469,7.8,8.75,6.2,6.0,6.75,6.5,0,0,0,True
38004470,4.6,7.25,4.6,0,0,0,8.75,7.75,6.25,False
38004471,6.8,6.0,5.0,0,0,0,6.25,5.25,6.0,False
38004472,7.0,6.5,3.4,0,0,0,8.25,7.5,8.0,False
38004473,4.0,6.25,2.6,0,0,0,6.5,7.5,7.0,False
38004474,4.6,6.75,4.4,0,0,0,6.75,7.0,8.75,False
38004475,5.6,7.5,6.6,0,0,0,5.25,7.75,8.5,False
38004476,6.4,7.41,4.0,0,0,0,5.75,8.75,7.0,False
38004477,5.6,7.75,3.6,0,0,0,5.75,9.0,8.25,False
38004478,7.4,7.25,4.4,5.0,7.25,7.75,0,0,0,True
38004479,5.4,6.66,3.0,0,0,0,5.5,6.75,6.75,False
38004480,6.4,8.25,5.0,0,0,0,5.75,7.5,7.0,False
38004481,7.0,8.0,7.6,5.75,6.25,5.25,0,0,0,True
38004482,6.6,9.0,4.2,0,0,0,7.0,7.5,8.0,False
38004483,8.6,9.0,8.0,7.25,6.5,6.75,0,0,0,True
38004484,5.6,7.25,4.4,0,0,0,7.0,8.25,7.0,False
38004485,7.8,7.5,5.6,7.75,7.25,6.25,0,0,0,True
38004486,7.6,7.25,2.4,0,0,0,8.75,9.5,8.0,False
38004487,6.6,6.25,3.4,0,0,0,5.0,7.5,7.0,False
38004488,4.8,6.0,3.6,4.25,5.0,4.75,0,0,0,True
38004489,4.4,6.0,4.0,0,0,0,5.0,3.75,5.5,False
38004490,8.4,6.5,3.2,7.75,7.25,6.0,0,0,0,True
38004491,8.4,7.0,4.4,8.25,7.75,7.0,0,0,0,True
38004492,8.0,8.0,5.4,6.5,8.0,6.25,0,0,0,True
38004493,6.0,7.0,2.2,7.25,5.25,5.25,0,0,0,True
38004494,7.2,8.25,5.6,0,0,0,9.25,9.5,9.5,False
38004495,7.6,5.5,4.0,4.0,4.75,4.5,0,0,0,True
38004496,8.6,8.0,5.4,6.5,8.0,5.75,0,0,0,True
38004497,5.6,6.25,3.0,0,0,0,6.25,7.0,7.75,False
38004498,6.6,8.5,4.4,0,0,0,7.5,8.0,9.0,False
38004499,6.8,6.0,3.8,6.75,7.25,4.5,0,0,0,True
38004500,7.0,6.75,4.0,0,0,0,7.75,9.0,7.75,False
38004501,4.8,6.5,4.0,0,0,0,6.5,7.75,7.0,False
38004502,7.0,5.25,4.2,7.0,4.25,6.25,0,0,0,True
38004503,7.0,6.5,4.4,0,0,0,7.5,8.25,9.0,False
38004504,7.6,5.75,4.6,4.25,4.75,5.25,0,0,0,True
38004505,6.6,6.25,3.4,0,0,0,3.75,7.0,8.5,False
38004506,7.0,6.75,4.0,7.25,5.75,5.5,0,0,0,True
38004507,7.8,7.75,5.2,5.75,8.25,4.75,0,0,0,True
38004508,6.4,6.5,4.2,0,0,0,4.75,6.0,8.25,False
38004509,7.8,7.0,2.8,7.0,8.75,6.75,0,0,0,True
38004510,5.6,4.75,4.6,0,0,0,3.0,6.5,8.25,False
38004511,8.4,7.75,3.8,7.5,8.5,8.0,0,0,0,True
38004512,5.8,6.0,3.6,2.75,5.0,5.25,0,0,0,True
38004513,7.6,6.5,5.2,5.25,8.5,8.0,0,0,0,True
38004514,3.6,3.5,3.4,0,0,0,3.75,3.5,5.5,False
38004515,8.4,7.5,7.2,8.25,5.5,6.5,0,0,0,True
38004516,6.0,3.75,3.2,0,0,0,5.75,7.25,6.75,False
38004517,7.8,8.0,4.2,0,0,0,6.75,7.5,7.5,False
38004518,4.6,5.0,3.6,0,0,0,5.0,4.5,5.75,False
38004519,7.6,3.83,4.6,8.0,5.5,3.5,0,0,0,True
38004520,6.8,7.0,4.6,0,0,0,8.0,9.25,9.25,False
38004521,4.4,5.5,2.8,0,0,0,3.75,4.75,5.5,False
38004522,4.2,5.0,3.6,0,0,0,5.5,5.5,7.25,False
38004523,6.6,7.25,3.8,4.0,6.0,6.5,0,0,0,True
38004524,5.4,5.75,4.0,0,0,0,6.25,8.0,9.25,False
38004525,7.6,7.5,6.0,0,0,0,8.5,9.0,9.25,False
38004526,5.0,5.0,3.6,0,0,0,5.75,4.25,6.0,False
38004527,7.4,6.75,4.8,4.75,7.0,6.5,0,0,0,True
38004528,8.0,7.75,5.0,0,0,0,8.25,8.25,9.25,False
38004529,7.4,5.0,4.8,7.75,7.0,6.0,0,0,0,True
38004530,7.6,6.0,5.0,5.0,6.5,6.25,0,0,0,True
38004531,7.0,5.75,3.4,5.0,6.5,4.5,0,0,0,True
38004532,7.8,6.25,3.0,7.25,6.5,6.5,0,0,0,True
38004533,5.0,5.0,4.0,0,0,0,5.75,6.0,8.5,False
38004534,6.4,4.75,3.4,4.0,5.0,4.0,0,0,0,True
38004535,7.4,7.5,4.2,6.0,6.75,7.0,0,0,0,True
38004536,8.2,9.0,7.0,6.5,8.0,6.75,0,0,0,True
38004537,6.6,6.25,5.0,0,0,0,6.75,8.0,9.0,False
38004538,8.2,7.5,4.8,5.75,7.25,6.5,0,0,0,True
38004539,7.0,5.5,4.2,6.75,4.25,5.75,0,0,0,True
38004540,7.0,7.0,3.0,0,0,0,6.5,6.75,8.75,False
38004541,6.0,5.5,3.2,0,0,0,5.75,6.5,7.75,False
38004542,6.2,6.5,2.8,3.5,4.5,3.75,0,0,0,True
38004543,7.2,8.0,5.2,0,0,0,8.75,9.25,8.75,False
38004544,5.4,6.25,4.8,3.75,4.25,4.75,0,0,0,True
38004545,6.0,6.5,4.0,0,0,0,5.5,7.25,8.25,False
38004546,6.0,6.5,4.0,0,0,0,4.75,6.75,8.25,False
38004547,3.6,6.25,3.8,0,0,0,3.0,6.25,7.0,False
38004548,6.4,5.25,2.8,0,0,0,7.25,8.25,8.25,False
38004549,4.6,6.5,4.4,0,0,0,6.5,5.5,8.75,False
38004550,7.0,4.75,3.6,5.25,5.25,5.25,0,0,0,True
38004551,5.0,5.08,4.2,0,0,0,2.75,5.75,4.75,False
38004552,4.4,5.0,2.8,3.75,3.0,4.5,0,0,0,True
38004553,6.4,6.75,5.4,0,0,0,6.75,9.25,9.25,False
38004554,8.0,7.0,4.4,5.25,7.75,7.25,0,0,0,True
38004555,5.2,4.75,2.6,4.0,2.5,4.5,0,0,0,True
38004556,5.6,4.25,2.6,0,0,0,5.5,6.75,6.5,False
38004557,6.4,5.75,2.2,0,0,0,6.0,5.75,6.25,False
38004558,8.6,7.25,8.8,4.5,5.5,5.5,0,0,0,True
38004559,6.8,4.0,4.8,0,0,0,4.75,7.25,5.75,False
38004560,6.0,5.25,3.2,0,0,0,7.0,7.5,8.0,False
38004561,4.6,7.75,2.2,0,0,0,4.0,4.0,6.75,False
38004562,7.8,6.25,3.4,7.25,7.0,4.5,0,0,0,True
38004563,6.0,6.75,3.0,0,0,0,6.5,6.75,8.0,False
38004564,5.6,5.75,5.4,0,0,0,2.5,5.25,6.25,False
38004565,6.8,6.0,3.8,0,0,0,6.0,7.75,7.75,False
38004566,5.2,5.0,4.6,0,0,0,3.25,5.25,5.5,False
38004567,7.6,8.0,3.6,6.0,6.5,6.25,0,0,0,True
38004568,7.0,7.25,3.8,2.75,5.75,4.25,0,0,0,True
38004569,7.8,7.5,3.8,5.5,6.5,5.25,0,0,0,True
38004570,0,5.25,0,0,0,0,7.75,8.5,0,False
38004571,7.2,8.25,8.8,0,0,0,9.5,7.0,9.0,False
38004572,7.0,4.5,3.8,0,0,0,4.75,4.75,7.25,False
38004573,7.0,6.25,3.6,7.5,8.0,7.25,0,0,0,True
38004574,5.6,5.75,2.2,0,0,0,6.0,7.25,7.25,False
38004575,5.8,6.25,4.0,0,0,0,5.25,6.0,8.25,False
38004576,6.2,8.25,4.0,7.0,4.75,5.75,0,0,0,True
38004577,6.2,7.5,3.6,0,0,0,8.25,7.25,8.5,False
38004578,7.8,4.75,3.2,5.75,4.5,6.5,0,0,0,True
38004579,6.2,4.5,3.8,3.5,4.25,4.25,0,0,0,True
38004580,6.8,6.25,3.4,0,0,0,5.25,6.75,7.0,False
38004581,7.2,7.75,3.2,3.75,5.25,5.25,0,0,0,True
38004582,6.2,5.0,3.4,0,0,0,5.75,5.25,6.75,False
38004583,4.0,5.5,3.4,0,0,0,4.25,5.0,7.0,False
38004584,7.8,8.5,4.4,6.75,7.5,5.75,0,0,0,True
38004585,3.4,6.25,4.6,0,0,0,6.0,8.0,8.5,False
38004586,8.0,5.75,6.4,6.5,6.0,6.5,0,0,0,True
38004587,8.0,6.5,3.6,6.75,7.25,5.75,0,0,0,True
38004588,7.6,6.75,3.8,7.0,6.5,7.0,0,0,0,True
38004589,6.8,7.25,4.6,0,0,0,8.0,8.5,8.75,False
38004590,6.6,7.0,5.0,0,0,0,7.75,8.25,8.0,False
38004591,5.6,5.75,4.2,0,0,0,4.25,6.0,6.25,False
38004592,7.8,8.0,5.2,0,0,0,7.5,9.0,9.0,False
38004593,6.8,6.25,3.8,0,0,0,5.5,6.25,8.75,False
38004594,7.0,9.0,5.4,0,0,0,8.0,9.25,8.75,False
38004595,7.6,8.5,5.6,6.5,6.25,7.75,0,0,0,True
38004596,5.2,5.25,6.6,0,0,0,4.75,6.5,5.75,False
38004597,3.8,3.25,4.4,0,0,0,5.25,5.75,5.75,False
38004598,4.8,7.0,3.0,0,0,0,3.5,6.25,7.5,False
38004599,7.2,8.0,4.6,0,0,0,8.0,8.75,9.25,False
38004600,6.2,5.0,3.2,4.75,3.5,4.0,0,0,0,True
38004601,6.2,6.0,4.4,0,0,0,6.5,6.75,8.25,False
38004602,5.0,3.75,2.4,0,0,0,4.75,6.0,7.75,False
38004603,5.2,4.5,2.8,0,0,0,4.5,4.5,4.5,False
38004604,7.4,5.75,3.4,5.25,7.5,4.0,0,0,0,True
38004605,7.0,5.0,3.8,0,0,0,3.75,5.25,5.25,False
38004606,8.0,6.25,4.6,6.75,7.25,6.0,0,0,0,True
38004607,4.2,5.75,4.0,0,0,0,4.25,5.25,6.75,False
38004608,7.0,6.0,5.2,0,0,0,5.75,6.75,8.75,False
38004609,6.0,4.0,4.6,0,0,0,5.0,4.75,4.75,False
38004610,4.0,5.25,4.2,0,0,0,4.5,4.25,5.0,False
38004611,7.4,8.25,3.8,5.5,6.0,4.0,0,0,0,True
38004612,6.8,8.0,3.8,5.0,5.5,6.25,0,0,0,True
38004613,6.8,5.25,3.6,4.25,4.5,5.5,0,0,0,True
38004614,6.8,8.0,5.0,0,0,0,6.75,7.25,7.25,False
38004615,7.6,8.5,9.0,0,0,0,7.75,7.25,8.0,False
38004616,7.4,8.0,5.6,6.0,7.25,6.5,0,0,0,True
38004617,5.8,8.25,6.6,0,0,0,8.75,8.0,9.25,False
38004618,7.8,7.75,3.0,7.25,7.25,7.25,0,0,0,True
38004619,5.8,8.25,4.0,0,0,0,9.25,8.5,8.5,False
38004620,7.4,6.25,4.0,6.25,6.5,6.5,0,0,0,True
38004621,6.6,8.0,3.2,6.25,3.5,6.0,0,0,0,True
38004622,6.8,7.75,7.0,4.75,8.25,7.0,0,0,0,True
38004623,5.0,8.25,4.8,0,0,0,6.25,5.0,8.25,False
38004624,7.2,5.5,4.8,5.5,6.5,7.0,0,0,0,True
38004625,7.2,8.25,8.8,6.75,9.0,8.5,0,0,0,True
38004626,7.8,8.25,5.6,0,0,0,6.5,8.25,9.0,False
38004627,6.4,6.5,4.8,0,0,0,4.5,5.75,9.0,False
38004628,5.0,5.5,4.0,0,0,0,5.5,5.75,7.25,False
38004629,8.2,7.25,3.6,8.0,7.25,6.5,0,0,0,True
38004630,7.8,8.0,3.2,7.5,7.75,7.0,0,0,0,True
38004631,6.0,5.5,5.0,0,0,0,6.25,7.0,8.75,False
38004632,7.8,7.75,3.2,6.0,6.75,6.0,0,0,0,True
38004633,7.4,7.5,4.0,0,0,0,5.75,7.75,8.25,False
38004634,4.4,3.33,3.4,0,0,0,5.75,5.25,6.75,False
38004635,3.8,4.75,3.0,0,0,0,4.0,4.75,5.0,False
38004636,6.8,7.0,5.8,6.75,6.0,6.75,0,0,0,True
38004637,4.2,6.0,4.0,3.5,2.5,6.25,0,0,0,True
38004638,0,0,0,0,0,0,5.75,7.25,8.5,False
38004639,6.8,6.0,3.8,5.5,3.5,5.75,0,0,0,True
38004640,7.0,7.25,8.4,6.25,7.75,5.75,0,0,0,True
38004641,7.2,6.5,5.2,0,0,0,4.75,6.75,9.0,False
38004642,7.0,7.0,3.8,8.0,7.0,6.5,0,0,0,True
38004643,7.0,6.5,4.6,3.25,4.25,4.0,0,0,0,True
38004644,4.4,4.0,2.8,0,0,0,5.75,5.25,4.5,False
38004645,7.0,5.75,3.2,0,0,0,5.25,8.0,8.5,False
38004646,5.8,5.5,4.8,0,0,0,5.0,5.75,8.25,False
38004647,4.6,5.0,2.8,0,0,0,4.0,6.0,8.5,False
38004648,7.0,7.0,5.0,6.5,5.5,5.75,0,0,0,True
38004649,7.8,6.25,8.4,7.0,6.25,4.75,0,0,0,True
38004651,6.4,6.5,4.2,6.0,5.0,6.25,0,0,0,True
38004652,7.2,6.25,5.2,0,0,0,6.25,7.5,8.0,False
38004653,7.8,8.25,4.0,6.75,5.25,7.5,0,0,0,True
38004654,8.6,9.0,6.4,7.25,8.5,8.0,0,0,0,True
38004655,2.6,5.5,2.4,0,0,0,5.0,4.75,6.5,False
38004656,7.4,5.0,4.8,7.0,6.75,5.0,0,0,0,True
38004657,5.8,5.25,4.0,0,0,0,6.25,7.75,8.5,False
38004658,5.2,5.0,3.8,0,0,0,3.75,6.25,4.75,False
38004659,4.8,5.5,3.6,0,0,0,4.0,5.0,6.25,False
38004660,3.6,7.25,3.0,0,0,0,5.25,6.5,7.0,False
38004661,7.6,6.0,4.8,0,0,0,8.0,9.5,8.5,False
38004662,7.0,5.5,3.8,0,0,0,5.25,6.5,6.25,False
38004663,7.4,7.25,6.2,4.25,4.5,6.0,0,0,0,True
38004664,6.6,7.25,5.4,0,0,0,5.75,6.75,8.0,False
38004665,6.2,5.25,4.2,3.75,4.5,4.75,0,0,0,True
38004666,7.2,7.75,4.8,0,0,0,5.5,7.5,8.25,False
38004667,5.4,6.25,4.4,0,0,0,4.75,5.5,5.5,False
38004668,6.2,6.25,3.6,0,0,0,5.0,6.5,6.75,False
38004669,8.6,6.5,5.6,6.5,6.25,6.0,0,0,0,True
38004670,5.8,7.5,4.2,0,0,0,6.5,7.75,6.5,False
38004671,7.2,7.0,5.4,0,0,0,7.75,9.25,9.0,False
38004672,6.4,6.0,3.4,0,0,0,6.75,6.75,7.5,False
38004673,6.2,6.75,5.4,0,0,0,4.75,7.0,8.5,False
38004674,6.4,5.75,4.0,0,0,0,4.75,5.5,7.0,False
38004675,4.8,5.75,3.2,0,0,0,4.75,5.25,5.25,False
38004676,7.6,8.0,7.6,6.25,6.5,6.0,0,0,0,True
38004677,7.0,5.0,4.8,0,0,0,6.0,7.5,7.5,False
38004678,7.8,7.25,4.2,0,0,0,7.75,9.0,9.5,False
38004679,7.2,7.5,4.4,0,0,0,5.0,6.75,8.5,False
38004680,7.4,5.0,4.4,0,0,0,8.0,7.0,9.25,False
38004681,5.2,5.0,4.2,0,0,0,4.25,5.75,7.25,False
38004682,7.6,8.25,4.8,3.0,6.0,6.75,0,0,0,True
38004683,7.6,4.5,5.2,0,0,0,5.0,5.75,4.5,False
38004684,6.8,6.5,4.8,0,0,0,8.75,9.5,8.75,False
38004685,7.4,6.5,4.4,4.25,5.75,6.0,0,0,0,True
38004686,6.4,6.75,4.2,3.25,4.5,6.25,0,0,0,True
38004687,6.8,5.75,4.6,0,0,0,6.5,8.75,8.5,False
38004688,5.8,5.5,3.2,0,0,0,5.5,7.75,8.75,False
38004689,6.2,8.25,6.6,0,0,0,6.25,8.5,8.75,False
38004690,6.0,5.5,4.6,0,0,0,4.25,8.75,7.25,False
38004691,8.0,5.75,4.8,0,0,0,7.75,7.0,8.75,False
38004692,6.8,5.0,3.4,0,0,0,7.0,6.75,8.5,False
38004693,5.6,6.5,3.6,0,0,0,4.25,4.75,5.75,False
38004694,7.0,5.25,5.2,0,0,0,7.75,6.75,8.25,False
38004695,5.6,5.25,3.4,0,0,0,4.75,6.25,7.0,False
38004696,6.6,7.16,5.2,0,0,0,7.5,7.75,8.0,False
38004697,7.4,6.0,3.8,0,0,0,5.0,5.75,6.5,False
38004698,3.2,5.5,5.0,0,0,0,4.75,6.0,7.25,False
38004699,4.6,5.25,3.8,0,0,0,5.0,5.5,6.0,False
38004700,7.4,7.0,4.4,5.75,6.75,6.75,0,0,0,True
38004701,6.0,6.0,4.4,0,0,0,5.5,6.25,7.75,False
38004702,5.4,6.0,3.2,0,0,0,5.5,4.5,6.25,False
38004703,7.2,6.25,4.4,7.25,6.75,6.0,0,0,0,True
38004704,7.8,5.75,7.0,6.25,7.75,7.25,0,0,0,True
38004705,7.8,7.75,4.0,4.75,6.75,6.75,0,0,0,True
38004706,7.6,7.75,3.8,4.5,5.5,6.5,0,0,0,True
38004707,4.6,5.0,3.2,0,0,0,5.75,6.5,7.0,False
38004708,5.6,6.75,4.0,0,0,0,6.5,6.0,7.25,False
38004709,7.0,5.5,2.8,5.0,5.75,5.75,0,0,0,True
38004710,7.0,7.25,5.6,0,0,0,7.0,7.5,8.0,False
38004711,6.4,6.25,3.6,0,0,0,4.75,7.0,8.5,False
38004712,7.4,6.0,3.6,0,0,0,4.75,6.0,8.25,False
38004713,6.0,7.25,3.2,2.25,5.25,6.5,0,0,0,True
38004714,7.2,7.25,4.0,5.0,6.75,7.0,0,0,0,True
38004715,7.8,6.25,3.0,0,0,0,6.25,6.5,8.0,False
38004716,7.0,5.5,4.6,0,0,0,4.0,7.25,7.75,False
38004717,6.4,6.25,4.4,4.75,6.0,6.75,0,0,0,True
38004718,5.2,6.0,3.2,0,0,0,4.75,6.75,7.75,False
38004719,8.6,8.75,5.2,6.5,9.25,6.0,0,0,0,True
38004720,5.6,4.0,2.8,0,0,0,5.25,6.25,7.25,False
38004721,5.2,5.25,4.2,4.0,5.0,4.75,0,0,0,True
38004722,6.0,6.25,3.2,0,0,0,7.0,8.0,8.75,False
38004723,6.2,7.0,3.2,0,0,0,7.75,9.0,8.25,False
38004724,7.0,6.25,4.4,0,0,0,6.75,7.5,8.0,False
38004725,6.6,5.0,4.6,0,0,0,5.75,8.0,9.75,False
38004726,6.4,8.0,5.0,0,0,0,6.75,7.0,8.5,False
38004727,7.2,7.25,3.2,6.25,6.5,6.0,0,0,0,True
38004728,7.8,7.0,4.0,7.0,6.75,5.25,0,0,0,True
38004729,5.8,4.08,4.6,0,0,0,4.5,4.0,7.25,False
38004730,6.4,5.5,4.0,0,0,0,6.5,6.75,7.0,False
38004731,7.6,6.75,4.0,5.25,5.75,5.75,0,0,0,True
38004732,6.6,5.5,4.2,0,0,0,5.0,6.5,6.75,False
38004733,7.8,7.25,4.6,0,0,0,9.25,8.75,9.5,False
38004734,5.4,4.0,4.0,0,0,0,6.75,5.25,6.5,False
38004735,3.6,4.5,3.0,0,0,0,4.5,4.25,7.25,False
38004736,4.6,4.0,2.0,0,0,0,2.75,6.0,7.0,False
38004737,6.8,4.5,4.6,0,0,0,5.75,7.5,7.5,False
38004738,6.4,8.0,3.8,0,0,0,7.25,9.25,8.0,False
38004739,7.4,7.75,4.6,0,0,0,7.25,8.75,8.75,False
38004740,5.6,5.5,3.2,0,0,0,5.25,7.0,7.75,False
38004741,3.6,3.75,2.4,0,0,0,4.0,4.5,6.25,False
38004742,6.2,7.25,3.6,0,0,0,6.5,7.75,8.25,False
38004743,6.6,7.5,3.0,0,0,0,5.0,7.5,6.75,False
38004744,6.4,7.25,3.4,3.5,5.5,4.75,0,0,0,True
38004745,5.2,6.5,4.0,0,0,0,6.5,6.25,8.0,False
38004746,6.6,5.25,5.0,0,0,0,5.5,8.0,8.5,False
38004747,6.4,7.0,5.0,0,0,0,7.25,7.5,8.75,False
38004748,7.8,6.5,3.6,0,0,0,6.5,8.0,8.0,False
38004749,7.8,7.25,3.0,4.75,3.75,5.0,0,0,0,True
38004750,6.0,5.0,3.6,5.25,5.25,4.25,0,0,0,True
38004751,7.0,6.5,2.6,6.0,4.25,6.0,0,0,0,True
38004752,8.8,6.75,5.0,9.0,8.75,8.5,0,0,0,True
38004753,6.4,6.75,4.4,0,0,0,6.5,7.25,7.75,False
38004754,6.2,5.0,4.8,0,0,0,4.25,6.25,6.75,False
38004755,7.6,4.25,2.8,3.5,4.0,4.75,0,0,0,True
38004756,7.4,7.75,3.8,5.75,5.0,4.75,0,0,0,True
38004757,8.4,9.25,6.2,7.5,8.25,8.0,0,0,0,True
38004758,3.6,6.5,2.6,0,0,0,3.5,5.0,6.75,False
38004759,7.6,6.75,5.0,0,0,0,6.5,7.75,8.75,False
38004760,5.8,6.25,3.2,0,0,0,3.0,6.0,8.25,False
38004761,4.6,4.0,3.8,0,0,0,4.25,4.5,5.25,False
38004762,5.6,5.75,3.0,2.25,4.0,4.5,0,0,0,True
38004763,6.4,5.5,3.8,0,0,0,6.5,6.75,8.5,False
38004764,5.8,5.0,3.2,0,0,0,7.75,7.0,6.75,False
38004765,8.2,6.0,4.0,7.25,6.5,4.5,0,0,0,True
38004766,7.4,5.25,2.0,3.5,5.75,3.25,0,0,0,True
38004767,7.6,6.75,4.8,0,0,0,7.5,7.75,9.0,False
38004768,6.0,5.5,2.8,3.0,6.0,5.5,0,0,0,True
38004769,0,7.25,0,0,0,0,9.25,9.5,0,False
38004770,6.4,5.75,4.4,0,0,0,7.25,5.75,6.75,False
38004771,4.4,3.75,3.6,0,0,0,5.25,4.5,6.25,False
38004772,4.6,4.5,2.8,0,0,0,5.0,5.75,5.25,False
38004773,4.2,3.25,3.4,0,0,0,5.75,6.25,5.75,False
38004774,7.2,7.0,4.2,4.0,5.75,6.0,0,0,0,True
38004775,6.0,5.25,5.0,0,0,0,5.75,6.0,6.5,False
38004776,4.8,5.0,3.8,0,0,0,4.75,4.5,6.5,False
38004777,7.0,6.5,4.4,4.75,6.75,4.75,0,0,0,True
38004778,6.6,6.5,5.4,5.0,6.25,5.5,0,0,0,True
38004779,7.0,7.0,7.2,3.75,4.5,4.25,0,0,0,True
38004780,7.0,8.5,8.2,0,0,0,6.25,7.75,8.5,False
38004781,6.2,6.0,4.2,0,0,0,3.75,7.5,7.75,False
38004782,7.4,6.75,2.6,8.0,7.25,6.5,0,0,0,True
38004783,4.2,5.25,4.2,0,0,0,4.5,7.75,7.75,False
38004784,6.0,5.75,4.2,0,0,0,6.0,8.0,7.75,False
38004785,4.0,6.0,2.0,0,0,0,5.75,7.5,6.75,False
38004786,7.2,8.25,5.0,4.75,6.25,4.0,0,0,0,True
38004787,8.0,7.5,5.4,7.5,8.0,7.75,0,0,0,True
38004788,6.6,8.0,4.8,6.0,5.5,6.0,0,0,0,True
38004789,7.2,7.75,8.0,6.75,5.75,7.25,0,0,0,True
38004790,4.4,5.0,3.2,0,0,0,5.75,6.25,6.25,False
38004791,3.6,5.0,3.2,0,0,0,5.0,6.0,5.0,False
38004792,4.4,6.5,4.0,0,0,0,6.5,5.75,8.0,False
38004793,6.4,6.0,5.0,0,0,0,5.5,6.25,7.0,False
38004794,7.6,8.25,4.4,4.0,9.0,8.25,0,0,0,True
38004795,5.2,5.5,3.6,0,0,0,5.75,6.0,6.75,False
38004796,7.0,7.25,6.6,6.75,6.75,7.25,0,0,0,True
38004797,6.8,8.0,4.4,0,0,0,8.0,8.25,8.75,False
38004798,7.2,5.75,5.8,5.75,5.5,6.75,0,0,0,True
38004799,6.8,8.75,6.6,0,0,0,7.75,9.25,8.75,False
38004800,7.4,6.75,4.4,0,0,0,8.5,7.75,8.0,False
38004801,8.0,9.5,8.6,0,0,0,7.25,8.25,8.25,False
38004802,8.2,8.5,5.4,8.0,8.5,7.0,0,0,0,True
38004803,7.8,8.5,5.6,0,0,0,6.75,8.0,9.0,False
38004804,7.6,8.25,8.2,0,0,0,7.5,9.0,9.25,False
38004805,8.2,7.75,7.8,0,0,0,8.5,8.75,9.0,False
38004806,7.8,8.75,8.0,0,0,0,7.5,7.5,8.5,False
38004807,6.4,6.75,4.8,0,0,0,6.0,6.0,8.0,False
38004808,4.2,7.5,3.4,0,0,0,5.75,7.75,7.75,False
38004809,6.4,6.25,4.4,0,0,0,6.25,5.75,7.0,False
38004810,6.2,7.5,4.0,3.75,5.5,7.75,0,0,0,True
38004811,6.8,8.25,5.2,0,0,0,6.75,7.5,8.5,False
38004812,7.2,6.75,7.4,6.5,6.75,6.5,0,0,0,True
38004813,7.8,8.25,7.8,0,0,0,8.0,8.25,8.75,False
38004814,8.0,6.25,6.4,8.0,8.0,6.5,0,0,0,True
38004815,6.8,6.25,4.0,4.75,8.5,8.0,0,0,0,True
38004816,5.0,4.75,4.4,0,0,0,5.0,8.0,8.25,False
38004817,6.4,7.0,4.4,0,0,0,7.5,7.0,5.5,False
38004818,5.6,6.0,4.0,0,0,0,6.25,6.75,7.75,False
38004819,0,8.0,0,0,0,0,8.0,9.25,0,False
38004820,6.6,8.0,3.6,0,0,0,7.25,7.25,8.75,False
38004821,0,6.5,0,0,0,0,8.5,8.0,0,False
38004822,7.4,7.25,4.6,0,0,0,7.25,5.5,8.25,False
38004823,8.2,6.75,7.8,7.75,6.25,6.5,0,0,0,True
38004824,7.0,7.75,3.6,0,0,0,7.0,8.25,9.25,False
38004825,6.2,5.5,2.4,4.0,6.75,7.0,0,0,0,True
38004826,0,7.25,0,0,0,0,9.75,9.5,0,False
38004827,5.4,5.75,3.4,0,0,0,7.0,5.25,7.25,False
38004828,4.8,5.75,3.2,0,0,0,4.25,5.75,7.75,False
38004829,5.0,4.0,4.0,0,0,0,4.0,6.25,8.5,False
38004830,4.2,5.5,3.6,0,0,0,6.25,6.75,7.25,False
38004831,3.0,3.75,3.6,0,0,0,5.75,5.25,5.5,False
38004832,3.4,5.5,2.4,0,0,0,7.0,5.0,8.0,False
38004833,6.4,8.75,3.8,0,0,0,9.25,9.0,9.0,False
38004834,2.4,5.0,2.6,0,0,0,6.0,5.75,6.75,False
38004835,0,7.5,0,0,0,0,9.5,9.5,0,False
38004836,3.8,3.5,3.8,0,0,0,4.25,5.5,5.25,False
38004837,5.6,5.5,5.6,0,0,0,5.0,4.0,5.5,False
38004838,7.0,8.0,3.2,0,0,0,7.75,8.0,9.25,False
38004839,8.2,9.25,6.4,0,0,0,6.25,7.75,7.25,False
38004840,6.4,6.5,2.2,0,0,0,6.25,7.25,6.75,False
38004841,8.2,9.5,7.2,0,0,0,7.5,7.75,8.5,False
38004842,6.8,8.0,5.8,7.5,7.5,7.25,0,0,0,True
38004843,4.6,5.25,3.8,0,0,0,5.0,7.0,7.75,False
38004844,8.8,6.25,6.6,8.25,8.75,7.25,0,0,0,True
38004845,3.4,5.0,5.0,0,0,0,5.0,5.25,7.75,False
38004846,4.2,8.0,4.0,0,0,0,4.0,7.5,7.25,False
38004847,3.6,5.25,2.8,0,0,0,4.75,4.75,7.0,False
38004848,5.2,7.0,4.0,0,0,0,6.5,7.25,8.25,False
38004849,7.6,6.5,3.8,8.0,7.5,6.25,0,0,0,True
38004850,4.8,4.0,2.4,0,0,0,5.5,5.0,7.5,False
38004851,6.4,0,0,7.0,7.25,0,0,0,0,True
38004852,7.2,7.75,5.4,0,0,0,7.25,7.75,9.0,False
38004853,8.0,6.25,5.2,7.75,6.25,7.75,0,0,0,True
38004854,2.6,6.25,5.0,0,0,0,6.0,6.25,7.25,False
38004855,6.8,7.25,4.8,0,0,0,6.5,7.5,9.5,False
38004856,5.2,4.75,3.2,0,0,0,5.5,5.25,5.75,False
38004857,4.0,5.75,4.0,0,0,0,5.75,6.75,7.75,False
38004858,6.0,7.75,4.0,0,0,0,8.0,8.25,9.25,False
38004859,5.2,7.5,2.4,0,0,0,5.75,7.0,9.25,False
38004860,8.2,7.75,3.6,4.25,7.75,7.75,0,0,0,True
38004861,7.4,0,0,7.75,8.75,0,0,0,0,True
38004862,9.0,8.0,5.0,7.5,8.5,6.5,0,0,0,True
38004863,0,5.0,0,0,0,0,6.25,5.75,0,False
38004864,7.0,8.0,4.8,5.5,7.25,5.0,0,0,0,True
38004865,4.4,7.25,3.6,0,0,0,7.0,4.75,5.25,False
38004866,4.6,7.25,4.6,0,0,0,7.0,6.5,8.5,False
38004867,4.2,5.75,4.4,0,0,0,4.5,6.5,7.25,False
38004868,3.8,4.75,3.4,0,0,0,6.0,5.5,7.5,False
38004870,6.0,6.75,4.6,0,0,0,4.75,5.5,8.0,False
38004871,6.4,6.75,4.2,0,0,0,5.5,6.25,7.5,False
38004872,3.8,5.5,2.6,0,0,0,5.5,6.75,8.5,False
38004873,6.2,7.5,4.8,0,0,0,7.0,8.0,9.25,False
38004874,0,8.75,0,0,0,0,9.75,10.0,0,False
38004875,8.4,0,0,8.0,7.75,0,0,0,0,True
38004876,7.0,8.0,6.4,0,0,0,7.5,8.0,9.0,False
38004877,7.6,7.25,5.2,0,0,0,8.5,9.5,8.75,False
38004878,0,6.25,0,0,0,0,6.0,0,8.25,False
38004879,6.4,7.5,4.8,0,0,0,8.75,7.75,7.75,False
38004880,7.4,7.0,4.2,4.0,7.25,6.0,0,0,0,True
38004881,7.4,7.75,6.2,0,0,0,7.25,9.25,9.75,False
38004882,7.2,5.75,3.6,6.0,7.25,8.5,0,0,0,True
38004883,4.6,6.75,4.8,0,0,0,6.5,5.75,7.75,False
38004884,8.0,7.25,5.0,6.5,8.25,7.75,0,0,0,True
38004885,6.6,8.25,3.4,0,0,0,5.75,7.75,9.0,False
38004886,5.8,6.25,5.2,5.25,7.25,7.25,0,0,0,True
38004887,3.0,3.75,4.4,0,0,0,6.5,8.0,8.25,False
38004888,4.8,4.25,0,0,0,0,5.5,0,0,False
38004889,6.2,5.25,5.0,0,0,0,6.75,7.25,8.25,False
38004890,4.2,6.75,4.8,0,0,0,3.75,6.0,6.5,False
38004891,8.4,8.0,4.8,3.75,8.25,8.25,0,0,0,True
38004892,7.2,8.0,5.4,0,0,0,7.75,8.0,9.0,False
38004893,0,7.25,0,0,0,0,0,7.25,8.75,False
38004894,4.6,6.0,3.8,0,0,0,7.5,7.75,9.0,False
38004895,6.0,8.25,4.6,0,0,0,8.5,8.5,9.0,False
38004896,5.8,6.75,6.0,0,0,0,8.0,8.0,9.75,False
38004897,4.4,5.75,5.0,0,0,0,5.75,5.25,7.75,False
38004898,4.0,7.25,3.4,0,0,0,6.0,5.75,8.0,False
38004899,5.2,6.75,4.0,0,0,0,7.5,6.25,8.5,False
38004900,6.0,5.5,4.6,0,0,0,5.5,6.75,8.0,False
38004901,5.8,5.0,5.4,0,0,0,4.75,7.75,8.75,False
38004902,5.6,6.5,3.8,0,0,0,6.75,7.25,7.5,False
38004903,8.2,8.75,4.8,0,0,0,7.5,9.0,8.75,False
38004904,5.6,8.0,3.8,0,0,0,6.75,7.25,8.75,False
38004905,5.6,5.5,3.4,0,0,0,3.25,5.5,6.75,False
38004906,5.6,6.5,3.8,0,0,0,5.5,6.0,7.75,False
38004907,6.8,7.25,4.0,0,0,0,8.0,9.25,8.75,False
38004908,4.2,5.75,3.6,0,0,0,5.5,4.75,7.5,False
38004909,7.2,6.75,4.0,0,0,0,6.25,7.25,9.25,False
38004910,6.8,5.0,4.2,6.75,7.25,7.75,0,0,0,True
38004911,4.6,6.0,2.4,0,0,0,5.0,6.75,6.25,False
38004912,6.2,8.0,5.8,0,0,0,9.0,9.25,9.0,False
38004913,5.4,6.5,2.0,0,0,0,6.25,7.5,7.5,False
38004914,6.0,6.25,3.2,0,0,0,7.5,8.5,8.0,False
38004915,6.8,8.75,5.2,0,0,0,8.5,7.75,8.75,False
38004916,6.2,7.5,5.4,0,0,0,4.0,7.5,8.0,False
38004917,5.4,6.75,4.6,0,0,0,5.5,6.0,6.75,False
38004918,6.0,7.5,4.8,0,0,0,6.5,7.0,9.25,False
38004919,4.6,6.25,4.0,0,0,0,5.75,6.25,8.75,False
38004920,7.8,8.0,6.6,0,0,0,8.5,9.25,9.5,False
38004921,8.6,8.75,9.2,8.0,6.75,6.25,0,0,0,True
38004922,3.6,7.75,3.2,0,0,0,6.25,7.25,7.75,False
38004923,9.0,7.75,5.4,8.0,9.25,6.0,0,0,0,True
38004924,3.8,6.25,3.2,0,0,0,4.5,6.0,7.25,False
38004925,6.2,5.0,3.8,0,0,0,6.75,6.0,7.25,False
38004926,0,6.5,0,0,0,0,9.75,9.75,0,False
38004927,7.0,5.0,3.4,0,0,0,6.75,6.25,8.5,False
38004928,6.2,6.75,3.6,5.75,8.0,5.5,0,0,0,True
38004929,5.6,7.25,4.4,0,0,0,7.5,7.75,8.25,False
38004930,7.2,6.75,4.4,6.5,6.5,7.75,0,0,0,True
38004931,5.6,6.5,4.2,0,0,0,6.5,6.25,7.75,False
38004932,4.6,5.25,3.2,0,0,0,5.0,5.75,7.5,False
38004933,6.4,6.5,3.2,0,0,0,3.75,5.0,6.5,False
38004934,4.2,7.0,3.4,0,0,0,5.5,7.0,8.75,False
38004935,4.2,5.0,3.2,0,0,0,5.0,4.75,7.5,False
38004936,7.0,9.25,5.2,0,0,0,9.0,8.25,8.5,False
38004937,8.2,7.75,6.8,6.75,5.75,7.25,0,0,0,True
38004938,4.2,6.75,3.4,0,0,0,6.25,6.0,8.25,False
38004939,2.8,3.25,4.2,0,0,0,3.75,6.25,5.0,False
38004940,6.8,6.75,5.6,7.75,8.0,6.25,0,0,0,True
38004941,5.6,6.0,5.2,4.25,5.0,7.25,0,0,0,True
38004942,8.4,7.0,6.0,8.0,9.0,6.75,0,0,0,True
38004943,4.6,7.25,5.2,0,0,0,4.25,5.0,7.0,False
38004944,7.4,7.0,7.4,6.5,6.75,5.75,0,0,0,True
38004945,4.8,4.25,3.6,0,0,0,6.0,4.5,5.25,False
38004946,4.4,6.75,3.2,0,0,0,6.25,6.75,7.5,False
38004947,6.8,7.5,4.0,6.75,7.0,7.0,0,0,0,True
38004948,3.6,6.5,4.2,0,0,0,4.5,5.25,7.5,False
38004949,6.8,8.25,4.8,0,0,0,8.75,9.25,8.5,False
38004950,5.0,6.75,5.2,0,0,0,7.25,5.75,8.0,False
38004951,9.0,6.5,5.8,9.0,9.75,6.75,0,0,0,True
38004952,4.6,6.0,3.2,0,0,0,5.0,6.75,7.0,False
38004953,6.4,6.25,3.0,0,0,0,6.75,6.0,7.75,False
38004954,7.8,8.5,6.8,0,0,0,10.0,10.0,9.25,False
38004955,7.0,9.0,6.0,0,0,0,9.5,9.75,8.5,False
38004956,8.2,7.75,7.0,0,0,0,8.25,0,0,False
38004957,5.2,7.25,4.2,0,0,0,6.75,6.0,7.5,False
38004958,7.4,8.0,5.6,5.0,8.25,8.25,0,0,0,True
38004959,5.6,4.25,3.4,0,0,0,6.0,3.25,6.75,False
38004960,8.4,9.0,6.8,0,0,0,7.75,9.0,9.25,False
38004961,6.2,8.0,6.2,0,0,0,6.75,5.5,6.5,False
38004962,5.8,6.0,3.6,0,0,0,7.75,7.25,8.75,False
38004963,2.8,3.5,4.6,0,0,0,4.75,5.25,7.25,False
38004964,5.4,8.0,4.2,0,0,0,7.75,7.75,8.0,False
38004965,7.0,8.0,4.6,0,0,0,8.75,9.25,8.75,False
38004966,6.8,8.5,5.4,0,0,0,7.0,7.25,9.0,False
38004967,6.4,6.75,3.6,0,0,0,8.25,6.5,8.5,False
38004968,4.6,8.75,5.6,0,0,0,9.0,10.0,8.5,False
38004969,7.2,7.0,4.6,0,0,0,7.0,7.0,7.75,False
38004970,5.2,5.75,3.6,0,0,0,7.0,6.5,7.0,False
38004971,3.6,6.75,6.2,0,0,0,4.5,8.25,7.25,False
38004972,4.0,5.5,3.4,0,0,0,5.25,6.75,7.0,False
38004973,7.0,8.5,4.4,0,0,0,8.25,9.0,9.0,False
38004974,6.6,7.75,6.2,0,0,0,6.25,7.75,8.0,False
38004975,6.2,7.75,3.0,0,0,0,8.5,9.0,9.0,False
38004976,7.6,9.0,6.6,0,0,0,8.25,9.0,9.0,False
38004977,7.8,7.5,5.6,0,0,0,0,0,0,False
38004978,8.4,8.75,8.2,8.25,4.5,6.5,0,0,0,True
38004979,5.2,9.25,5.0,0,0,0,8.0,9.25,8.75,False
38004980,8.6,8.0,3.4,7.5,8.5,5.75,0,0,0,True
38004981,5.8,8.5,3.6,0,0,0,5.75,6.75,9.0,False
38004982,0,8.5,0,0,0,0,9.25,9.75,0,False
38004983,6.6,8.5,6.4,0,0,0,7.0,7.75,9.75,False
38004984,4.8,6.25,3.4,0,0,0,6.75,7.0,8.5,False
38004985,2.6,6.25,5.6,0,0,0,6.0,6.25,7.75,False
38004986,5.6,5.5,3.2,0,0,0,5.0,6.5,6.5,False
38004987,4.2,5.0,3.8,0,0,0,5.5,5.0,4.75,False
38004988,6.4,6.0,5.6,8.25,7.5,5.0,0,0,0,True
38004989,4.4,5.75,3.4,0,0,0,5.25,4.75,7.25,False
38004990,7.2,8.75,7.2,0,0,0,7.25,8.75,8.5,False
38004991,3.4,7.5,4.4,0,0,0,7.25,6.0,7.25,False
38004992,3.8,6.0,2.4,0,0,0,4.5,6.25,6.75,False
38004993,6.4,8.0,3.8,0,0,0,9.0,8.75,9.5,False
38004994,2.8,8.0,2.8,0,0,0,5.75,7.25,8.5,False
38004995,6.0,6.75,3.6,6.75,7.0,5.75,0,0,0,True
38004996,2.6,7.0,4.8,0,0,0,5.25,5.5,7.0,False
38004997,4.6,7.25,3.4,0,0,0,5.75,7.25,7.75,False
38004998,3.6,7.5,3.2,0,0,0,4.25,4.5,6.75,False
38004999,6.6,9.0,4.4,0,0,0,8.25,8.25,8.25,False
38005000,0,7.0,0,0,0,0,6.25,7.75,0,False
38005001,5.2,7.33,3.0,4.0,4.75,5.75,0,0,0,True
38005002,3.0,5.0,1.8,0,0,0,4.25,4.25,3.25,False
38005003,6.8,7.25,3.6,0,0,0,7.25,8.0,9.5,False
38005004,6.8,8.0,6.0,3.5,4.0,5.0,0,0,0,True
38005005,7.6,6.75,2.8,4.0,6.0,4.25,0,0,0,True
38005006,6.0,8.5,5.6,5.75,3.75,6.25,0,0,0,True
38005007,6.2,6.5,4.2,0,0,0,7.5,6.75,8.5,False
38005008,6.8,9.25,5.2,0,0,0,8.75,8.5,9.0,False
38005009,4.2,7.0,3.4,0,0,0,5.0,7.25,8.0,False
38005010,0,8.5,0,0,0,0,9.75,10.0,0,False
38005011,7.8,8.0,5.2,5.75,3.25,3.75,0,0,0,True
38005012,8.4,6.75,5.6,9.25,9.0,6.0,0,0,0,True
38005013,6.2,6.5,4.4,0,0,0,6.0,7.0,8.25,False
38005014,8.2,7.75,6.4,4.75,5.75,5.25,0,0,0,True
38005015,6.6,7.0,3.8,3.75,5.25,4.25,0,0,0,True
38005016,6.2,6.75,2.4,0,0,0,6.25,7.75,7.75,False
38005017,5.6,5.0,2.2,4.25,3.75,3.5,0,0,0,True
38005018,6.0,7.25,4.2,4.5,3.5,6.5,0,0,0,True
38005019,8.2,6.5,4.4,8.25,8.0,5.0,0,0,0,True
38005020,8.6,6.75,8.2,9.0,6.75,7.0,0,0,0,True
38005021,5.4,6.5,2.4,0,0,0,6.75,7.0,7.25,False
38005023,4.2,7.5,3.6,0,0,0,7.0,7.75,5.75,False
38005024,4.2,7.75,4.2,0,0,0,5.75,5.5,7.75,False
38005025,7.6,7.5,5.2,6.25,7.75,5.25,0,0,0,True
38005026,3.4,2.75,2.4,0,0,0,5.25,3.5,0,False
38005027,6.6,6.25,3.2,4.25,4.75,5.5,0,0,0,True
38005028,8.2,7.5,9.2,8.25,6.75,7.0,0,0,0,True
38005029,7.0,7.25,4.6,7.25,6.5,5.5,0,0,0,True
38005030,8.2,7.0,5.2,8.5,8.75,5.75,0,0,0,True
38005031,8.0,7.25,5.6,8.25,8.75,6.25,0,0,0,True
38005032,7.2,7.75,4.6,5.75,6.5,5.5,0,0,0,True
38005033,6.0,7.0,4.4,0,0,0,8.5,8.0,8.5,False
38005034,5.6,6.75,3.2,0,0,0,5.5,7.5,8.0,False
38005035,5.2,7.75,4.2,0,0,0,6.5,8.0,7.75,False
38005036,5.2,7.75,5.8,0,0,0,6.5,7.5,8.0,False
38005037,6.6,5.5,2.2,4.0,3.75,5.0,0,0,0,True
38005038,8.4,6.0,5.2,7.5,4.25,5.75,0,0,0,True
38005039,8.0,7.75,4.6,0,0,0,8.75,8.75,8.25,False
38005040,7.8,0,0,2.75,6.25,6.5,0,0,0,True
38005041,6.0,6.0,5.2,5.0,4.75,5.0,0,0,0,True
38005042,7.8,9.25,9.6,0,0,0,7.25,8.5,9.25,False
38005043,3.8,6.5,3.0,0,0,0,5.25,7.75,7.0,False
38005044,5.6,5.5,3.4,0,0,0,8.25,9.75,9.25,False
38005045,8.8,6.5,8.4,8.25,7.5,5.75,0,0,0,True
38005046,5.0,5.5,2.8,0,0,0,5.0,6.5,7.0,False
38005047,7.0,6.5,3.8,7.0,6.5,6.5,0,0,0,True
38005048,7.0,8.25,5.6,0,0,0,9.25,9.5,8.25,False
38005049,4.8,7.75,3.4,0,0,0,4.25,6.25,7.5,False
38005050,7.6,5.5,3.8,7.5,6.0,4.75,0,0,0,True
38005051,7.0,8.5,6.6,6.0,6.0,7.25,0,0,0,True
38005052,3.2,7.25,3.2,0,0,0,5.5,6.25,6.5,False
38005053,4.0,6.5,3.8,0,0,0,5.75,6.0,7.75,False
38005054,5.0,7.0,3.6,0,0,0,4.5,7.25,8.0,False
38005055,4.2,8.5,7.0,0,0,0,7.75,6.75,9.0,False
38005056,5.6,8.75,4.4,0,0,0,5.75,7.25,7.25,False
38005057,4.2,7.0,4.0,0,0,0,6.0,7.75,8.5,False
38005058,7.2,7.75,5.4,0,0,0,5.75,7.75,8.5,False
38005059,6.0,7.75,5.0,0,0,0,7.25,9.0,8.75,False
38005060,8.4,6.75,9.2,8.75,6.5,6.75,0,0,0,True
38005061,6.6,6.5,0,0,0,0,0,0,0,False
38005062,2.4,3.25,2.4,0,0,0,0,0,0,False
38005063,7.2,7.75,4.4,0,0,0,5.5,6.75,8.5,False
38005064,5.0,6.25,4.6,0,0,0,5.5,7.5,5.75,False
38005065,6.6,8.75,7.8,6.25,5.5,6.25,0,0,0,True
38005066,5.4,5.25,4.4,0,0,0,8.0,7.75,8.5,False
38005067,8.2,8.0,7.8,7.0,4.0,5.0,0,0,0,True
38005068,5.6,7.5,4.4,0,0,0,5.0,7.0,8.0,False
38005069,5.0,7.75,4.0,0,0,0,6.0,9.0,8.75,False
38005070,5.6,8.75,5.4,2.0,4.25,7.0,0,0,0,True
38005071,7.2,8.5,8.2,0,0,0,0,0,0,False
38005072,7.8,7.0,5.8,4.75,5.0,6.0,0,0,0,True
38005073,8.4,7.0,8.2,7.75,6.0,7.0,0,0,0,True
38005074,6.6,8.25,5.0,0,0,0,7.25,8.0,9.0,False
38005075,6.8,8.25,3.4,0,0,0,6.75,7.75,9.25,False
38005076,5.2,6.75,6.2,0,0,0,8.75,9.0,7.25,False
38005077,7.4,5.75,7.0,6.5,6.25,6.5,0,0,0,True
38005078,6.2,6.75,4.0,0,0,0,7.25,9.5,7.75,False
38005079,8.4,5.0,7.0,7.75,4.5,5.5,0,0,0,True
38005080,4.0,3.75,3.2,0,0,0,5.5,8.5,6.75,False
38005081,4.4,7.75,8.2,0,0,0,0,0,0,False
38005082,5.2,5.0,3.8,0,0,0,6.0,6.0,7.5,False
38005083,8.4,6.25,6.8,8.75,7.75,8.25,0,0,0,True
38005084,7.2,6.5,4.8,3.5,7.25,7.25,0,0,0,True
38005085,4.6,6.0,3.4,0,0,0,4.75,7.75,7.5,False
38005086,6.0,7.75,2.6,0,0,0,6.25,8.25,8.25,False
38005087,7.2,6.5,5.8,7.0,7.75,4.75,0,0,0,True
38005088,7.0,8.75,7.6,3.75,5.75,7.25,0,0,0,True
38005089,0,7.5,0,0,0,0,10.0,10.0,0,False
38005090,7.0,7.25,4.8,8.0,7.25,6.5,0,0,0,True
38005091,6.6,6.25,2.6,3.75,5.5,7.0,0,0,0,True
38005092,8.4,7.25,3.4,3.75,7.75,8.25,0,0,0,True
38005093,6.0,8.5,6.6,0,0,0,9.25,9.75,8.25,False
38005094,5.6,6.5,3.8,0,0,0,6.0,8.75,8.0,False
38005095,6.4,6.75,3.6,5.0,6.0,6.5,0,0,0,True
38005096,7.0,7.5,5.6,5.5,5.75,6.0,0,0,0,True
38005097,5.0,5.5,4.4,4.75,3.75,6.75,0,0,0,True
38005098,4.2,5.25,3.6,4.25,3.5,5.75,0,0,0,True
38005099,8.6,8.5,9.4,8.5,8.25,7.25,0,0,0,True
38005100,8.2,6.25,7.4,7.5,7.0,8.25,0,0,0,True
38005101,7.4,9.25,5.4,0,0,0,7.25,9.0,9.0,False
38005102,7.2,7.75,4.2,5.5,6.25,6.75,0,0,0,True
38005103,7.4,6.5,4.4,6.75,6.25,7.0,0,0,0,True
38005104,3.4,5.0,3.6,0,0,0,4.25,4.5,6.25,False
38005105,5.2,8.0,2.6,0,0,0,5.75,8.5,8.0,False
38005106,6.2,8.25,4.6,0,0,0,7.0,8.0,8.5,False
38005107,5.6,8.75,4.6,0,0,0,7.75,8.75,8.5,False
38005108,0,9.25,0,0,0,0,9.25,9.75,0,False
38005109,5.0,6.5,3.2,0,0,0,6.0,8.5,8.0,False
38005110,6.2,5.5,3.4,7.5,4.75,6.0,0,0,0,True
38005111,6.4,6.5,5.0,5.75,4.75,5.25,0,0,0,True
38005112,3.6,6.5,2.6,0,0,0,4.5,7.0,5.75,False
38005113,3.8,6.5,2.6,0,0,0,3.0,6.75,5.75,False
38005114,5.6,6.25,4.0,0,0,0,5.0,7.25,7.0,False
38005115,6.4,6.25,4.0,3.75,4.0,5.0,0,0,0,True
38005116,8.4,6.5,9.0,7.75,6.0,6.25,0,0,0,True
38005117,5.4,6.75,3.4,0,0,0,6.25,7.0,7.75,False
38005118,6.2,5.75,4.2,6.25,7.5,7.0,0,0,0,True
38005119,5.6,7.5,4.0,0,0,0,6.5,7.5,8.5,False
38005120,8.4,7.25,5.2,7.5,7.25,7.0,0,0,0,True
38005121,5.2,6.5,4.8,3.75,3.5,4.25,0,0,0,True
38005122,5.4,7.5,3.4,0,0,0,7.25,8.75,8.0,False
38005123,7.6,5.5,4.6,8.0,8.0,5.5,0,0,0,True
38005124,8.0,6.75,6.4,0,0,0,6.5,7.5,8.75,False
38005125,5.2,7.25,4.0,5.0,4.25,4.75,0,0,0,True
38005126,6.4,7.75,3.6,0,0,0,6.25,9.0,8.25,False
38005127,8.8,8.0,7.0,8.25,5.0,5.5,0,0,0,True
38005128,8.4,7.5,6.0,7.75,7.75,6.25,0,0,0,True
38005129,7.8,9.25,7.0,0,0,0,9.5,9.75,9.5,False
38005130,4.4,5.5,3.0,0,0,0,5.25,8.0,7.75,False
38005131,8.0,7.0,5.8,8.0,7.25,7.75,0,0,0,True
38005132,6.4,8.25,3.4,0,0,0,5.0,8.5,8.25,False
38005133,5.8,7.25,4.0,0,0,0,7.0,7.0,8.5,False
38005134,7.8,8.0,4.6,5.5,5.5,5.5,0,0,0,True
38005135,2.2,7.75,3.6,0,0,0,7.0,8.0,8.5,False
38005136,7.2,7.75,6.4,5.0,6.75,7.75,0,0,0,True
38005137,7.4,9.5,7.0,0,0,0,7.5,8.0,9.0,False
38005138,7.8,7.0,4.6,8.0,6.5,5.0,0,0,0,True
38005139,5.6,6.0,3.6,0,0,0,5.25,8.5,7.75,False
38005140,7.2,8.0,1.8,0,0,0,5.0,7.5,6.25,False
38005141,5.4,7.0,2.2,0,0,0,8.0,7.25,6.75,False
38005142,5.6,8.25,2.8,0,0,0,4.75,6.75,5.5,False
38005143,7.6,8.25,0,0,0,0,10.0,0,0,False
38005144,8.6,7.75,6.8,5.0,5.5,6.75,0,0,0,True
38005145,6.8,7.5,5.4,7.75,6.5,6.25,0,0,0,True
38005146,5.2,7.25,3.8,0,0,0,6.25,6.75,8.75,False
38005147,8.2,7.25,7.2,7.0,8.0,6.0,0,0,0,True
38005148,5.4,7.75,3.2,0,0,0,7.5,8.0,7.25,False
38005149,6.2,8.5,6.6,0,0,0,7.5,8.5,9.25,False
38005150,6.4,8.0,2.6,3.5,4.25,3.5,0,0,0,True
38005151,4.2,4.5,2.4,0,0,0,4.75,5.75,6.25,False
38005152,8.6,8.0,4.2,9.25,8.75,7.25,0,0,0,True
38005153,0,8.75,0,0,0,0,10.0,9.5,0,False
38005154,3.8,6.5,5.0,0,0,0,7.25,9.25,8.75,False
38005155,2.8,5.5,3.2,0,0,0,3.25,6.0,5.0,False
38005156,6.4,6.0,3.6,0,0,0,5.0,6.5,6.0,False
38005157,4.2,7.0,3.8,0,0,0,6.25,7.25,7.5,False
38005158,6.2,6.25,4.0,0,0,0,6.5,7.25,8.0,False
38005159,7.4,7.5,6.2,6.75,4.25,5.75,0,0,0,True
38005160,5.2,5.08,3.4,0,0,0,4.75,6.75,7.25,False
38005161,9.0,7.25,4.4,8.5,8.25,5.0,0,0,0,True
38005162,6.4,7.0,3.6,0,0,0,7.5,7.0,8.75,False
38005163,8.6,7.75,5.2,8.25,8.5,6.25,0,0,0,True
38005164,7.4,9.25,8.4,0,0,0,8.0,7.25,9.25,False
38005165,7.6,8.5,5.8,0,0,0,7.5,9.75,8.75,False
38005166,6.8,8.75,5.0,0,0,0,8.25,9.0,8.75,False
38005167,5.6,7.25,4.0,0,0,0,5.5,8.25,9.25,False
38005168,8.0,9.25,6.8,8.0,6.5,6.25,0,0,0,True
38005169,0,8.25,0,0,0,0,7.75,9.0,0,False
38005170,5.0,7.5,2.0,0,0,0,6.5,6.5,7.75,False
38005171,6.2,6.5,4.2,5.25,3.5,5.5,0,0,0,True
38005172,4.2,6.5,4.0,0,0,0,7.0,7.5,6.25,False
38005173,6.8,8.75,6.0,0,0,0,6.5,7.5,8.25,False
38005174,7.0,8.75,4.8,0,0,0,6.5,8.75,8.25,False
38005175,6.0,6.75,4.2,4.5,3.25,3.5,0,0,0,True
38005176,5.8,8.0,6.6,4.25,6.0,6.0,0,0,0,True
38005177,7.0,7.25,2.4,0,0,0,6.5,8.0,9.25,False
38005178,7.6,7.5,6.8,7.75,5.0,8.0,0,0,0,True
38005179,3.6,6.0,3.6,0,0,0,6.0,7.0,6.75,False
38005180,8.6,6.75,8.6,9.0,6.0,6.25,0,0,0,True
38005181,5.4,6.5,3.8,0,0,0,4.5,5.75,6.5,False
38005182,7.6,7.75,5.4,8.75,7.75,6.75,0,0,0,True
38005183,8.8,6.5,4.8,6.25,7.5,6.25,0,0,0,True
38005184,5.8,6.5,3.8,0,0,0,6.0,7.75,8.0,False
38005185,7.6,6.25,7.4,7.5,5.25,5.75,0,0,0,True
38005186,7.2,8.5,7.4,0,0,0,5.75,9.0,9.5,False
38005187,3.4,6.0,3.8,0,0,0,5.5,4.75,4.5,False
38005188,3.6,8.25,4.4,0,0,0,8.75,10.0,8.5,False
38005189,4.2,6.0,2.8,0,0,0,4.25,5.75,7.0,False
38005190,4.6,6.25,2.6,0,0,0,5.75,7.5,7.0,False
38005191,8.0,7.25,7.4,0,0,0,7.5,7.25,7.75,False
38005192,7.0,8.5,8.4,0,0,0,0,0,0,False
38005193,6.8,7.75,5.8,0,0,0,7.5,7.5,8.5,False
38005194,5.6,7.25,4.6,0,0,0,6.25,6.75,6.5,False
38005195,7.2,9.25,9.0,0,0,0,7.75,9.0,9.5,False
38005196,7.2,6.75,5.0,5.25,6.25,5.25,0,0,0,True
38005197,6.4,8.5,4.8,0,0,0,7.0,7.25,8.75,False
38005198,6.2,6.5,3.6,0,0,0,8.25,8.0,8.25,False
38005199,4.4,6.0,2.6,0,0,0,4.5,5.75,6.75,False
38005200,8.2,7.25,4.6,8.5,8.0,6.0,0,0,0,True
38005201,7.0,7.5,3.8,0,0,0,7.5,7.0,7.0,False
38005202,8.0,7.0,5.6,6.75,5.5,6.75,0,0,0,True
38005203,6.8,7.5,6.2,5.75,5.25,5.5,0,0,0,True
38005204,6.2,6.25,3.4,2.75,4.75,5.0,0,0,0,True
38005205,8.2,7.5,6.8,0,0,0,5.25,6.25,6.5,False
38005206,8.4,8.5,7.2,5.75,8.75,8.25,0,0,0,True
38005207,7.0,7.75,6.2,5.75,6.0,4.75,0,0,0,True
38005208,6.8,8.25,4.0,2.5,6.0,4.75,0,0,0,True
38005209,7.8,7.25,5.6,6.75,6.5,6.25,0,0,0,True
38005210,4.0,4.25,3.8,0,0,0,0,0,0,False
38005211,7.0,7.25,9.2,4.25,8.75,6.5,0,0,0,True
38005212,4.4,5.25,4.4,0,0,0,5.0,8.5,8.0,False
38005213,4.6,6.0,3.0,0,0,0,5.0,5.75,6.5,False
38005214,6.6,6.16,4.0,0,0,0,5.0,7.0,5.75,False
38005215,8.4,7.5,5.2,7.75,8.0,7.75,0,0,0,True
38005216,6.6,6.75,6.4,5.5,5.0,4.5,0,0,0,True
38005217,6.0,8.25,4.2,0,0,0,7.75,8.5,8.25,False
38005218,4.6,5.75,5.8,0,0,0,6.25,7.75,7.25,False
38005219,4.4,6.5,3.6,0,0,0,7.75,8.75,8.5,False
38005220,8.0,7.25,5.8,0,0,0,6.75,8.25,7.75,False
38005221,7.0,6.5,3.4,0,0,0,7.5,7.75,7.5,False
38005222,7.6,6.5,3.0,5.5,8.0,5.25,0,0,0,True
38005223,6.4,7.0,5.2,6.75,5.75,6.0,0,0,0,True
38005224,6.2,7.0,4.6,0,0,0,5.0,6.75,8.75,False
38005225,8.8,7.0,7.6,8.5,6.0,7.25,0,0,0,True
38005226,4.2,5.75,3.2,0,0,0,3.75,6.75,7.5,False
38005227,4.8,6.25,2.8,0,0,0,4.5,5.75,8.0,False
38005228,4.0,6.0,3.4,3.0,5.75,4.25,0,0,0,True
38005229,6.8,6.75,4.6,3.25,6.75,5.75,0,0,0,True
38005230,5.2,6.0,5.2,0,0,0,6.5,8.25,8.25,False
38005231,7.0,7.5,8.4,7.25,5.75,5.5,0,0,0,True
38005232,7.2,8.25,5.0,0,0,0,8.5,8.25,9.0,False
38005233,7.2,6.25,4.8,6.25,7.5,6.25,0,0,0,True
38005234,5.4,7.0,4.6,0,0,0,5.75,8.5,7.25,False
38005235,7.2,6.75,5.4,0,0,0,7.25,7.5,9.25,False
38005236,5.8,5.5,3.6,0,0,0,3.25,6.0,7.0,False
38005237,7.8,8.75,6.8,0,0,0,7.0,8.5,8.5,False
38005238,7.2,7.0,5.2,4.25,5.75,5.25,0,0,0,True
38005239,5.6,6.5,5.2,3.5,6.0,6.5,0,0,0,True
38005240,6.6,8.25,4.4,0,0,0,8.5,7.5,8.75,False
38005241,5.2,8.5,4.0,0,0,0,8.0,6.25,9.5,False
38005242,6.4,7.0,4.2,0,0,0,6.75,7.5,7.5,False
38005243,7.8,8.0,6.6,0,0,0,7.25,6.25,7.75,False
38005244,4.4,6.5,4.2,0,0,0,6.75,8.25,8.0,False
38005245,5.2,7.0,3.6,0,0,0,6.25,7.0,6.75,False
38005246,5.0,5.75,4.4,0,0,0,6.5,7.75,8.25,False
38005247,5.2,6.5,2.8,0,0,0,5.5,8.0,7.75,False
38005248,9.0,6.75,6.2,9.25,9.75,5.5,0,0,0,True
38005249,7.0,8.0,5.2,0,0,0,9.25,8.0,9.25,False
38005250,4.4,6.75,3.0,0,0,0,4.5,7.75,9.0,False
38005251,7.6,8.5,7.6,0,0,0,7.25,8.25,7.75,False
38005252,3.4,5.25,1.8,0,0,0,4.0,6.5,6.25,False
38005253,6.0,5.25,3.6,0,0,0,5.5,7.25,7.5,False
38005254,7.0,9.0,6.6,0,0,0,9.0,9.75,9.5,False
38005255,7.4,8.25,5.8,0,0,0,7.5,7.25,9.5,False
38005256,6.8,6.0,4.8,0,0,0,6.25,8.0,9.0,False
38005257,7.2,8.0,8.0,5.5,8.75,8.0,0,0,0,True
38005258,8.0,7.75,6.2,7.75,7.0,6.25,0,0,0,True
38005259,6.4,6.5,4.6,7.0,6.75,4.25,0,0,0,True
38005260,4.8,5.5,3.0,0,0,0,6.0,7.5,8.0,False
38005261,8.0,8.75,6.8,8.25,6.25,5.5,0,0,0,True
38005262,7.2,4.75,2.2,6.25,6.75,4.75,0,0,0,True
38005263,7.0,7.75,4.4,0,0,0,7.0,7.25,9.25,False
38005264,3.4,5.75,3.8,0,0,0,4.0,6.5,5.5,False
38005265,6.8,7.25,3.2,0,0,0,8.25,8.5,9.0,False
38005266,6.0,6.75,4.0,0,0,0,7.75,8.5,8.25,False
38005267,4.0,5.75,2.8,0,0,0,7.25,8.25,8.5,False
38005268,7.2,6.0,2.6,8.25,8.75,5.25,0,0,0,True
38005269,5.8,7.0,3.0,0,0,0,7.5,8.5,8.25,False
38005270,5.6,6.75,3.0,0,0,0,4.75,8.25,6.75,False
38005271,8.0,8.0,4.4,7.25,6.75,6.5,0,0,0,True
38005272,7.8,9.25,5.0,0,0,0,8.5,7.25,8.0,False
38005273,5.6,5.0,3.4,0,0,0,5.75,6.5,8.25,False
38005274,4.6,5.5,1.6,0,0,0,3.25,7.0,8.25,False
38005275,7.4,7.0,6.0,7.0,8.0,6.5,0,0,0,True
38005276,7.4,7.25,5.4,6.5,7.0,6.75,0,0,0,True
38005277,6.0,7.0,4.2,0,0,0,7.25,8.25,8.5,False
38005278,8.2,6.75,4.6,8.75,8.0,5.0,0,0,0,True
38005279,5.0,6.0,3.8,0,0,0,7.5,7.75,8.0,False
38005280,7.0,9.0,9.2,0,0,0,8.0,8.25,8.75,False
38005281,6.8,8.25,6.8,0,0,0,8.25,8.75,8.5,False
38005282,6.2,7.0,3.0,4.75,6.5,6.0,0,0,0,True
38005283,6.6,7.0,4.2,0,0,0,6.0,8.25,9.25,False
38005284,6.2,7.25,4.6,0,0,0,5.0,8.75,8.0,False
38005285,6.4,8.25,7.4,0,0,0,6.0,7.0,8.5,False
38005286,3.0,5.5,2.4,0,0,0,3.25,6.75,6.75,False
38005287,5.2,6.0,3.6,0,0,0,5.75,6.75,7.25,False
38005288,7.2,7.75,8.2,0,0,0,7.25,7.25,8.75,False
38005289,4.8,4.25,2.4,0,0,0,5.0,6.75,7.0,False
38005290,7.2,7.0,7.8,6.0,5.75,6.25,0,0,0,True
38005291,6.4,5.0,4.0,5.5,5.5,4.0,0,0,0,True
38005292,6.8,7.25,5.2,0,0,0,9.25,7.5,8.75,False
38005293,6.6,8.0,4.2,0,0,0,5.75,7.25,8.75,False
38005294,5.4,9.25,8.4,0,0,0,7.5,8.5,9.0,False
38005295,7.6,6.75,5.8,8.25,7.0,6.0,0,0,0,True
38005296,7.6,6.75,9.2,0,0,0,8.25,7.5,9.25,False
38005297,5.4,6.75,4.0,0,0,0,8.0,6.75,8.5,False
38005298,6.8,7.5,5.2,5.0,3.25,6.0,0,0,0,True
38005299,7.4,6.5,6.4,7.75,5.75,6.5,0,0,0,True
38005300,5.6,7.75,4.2,0,0,0,6.0,8.25,7.0,False
38005301,4.4,6.25,3.4,0,0,0,5.0,5.5,5.5,False
38005302,6.2,7.25,5.4,0,0,0,6.5,8.0,8.75,False
38005303,7.4,5.0,4.0,4.25,4.0,6.25,0,0,0,True
38005304,4.8,8.5,3.0,0,0,0,5.75,9.25,7.75,False
38005305,4.2,6.0,5.0,0,0,0,4.5,5.25,4.75,False
38005306,4.8,6.25,3.0,0,0,0,6.75,8.0,8.25,False
38005307,5.2,8.0,5.8,0,0,0,5.75,7.0,8.25,False
38005308,5.4,7.25,5.0,0,0,0,6.75,6.0,8.5,False
38005309,8.2,5.75,4.2,7.25,7.0,4.75,0,0,0,True
38005310,7.2,6.5,5.4,6.25,4.0,6.25,0,0,0,True
38005311,5.4,7.0,3.8,4.0,3.0,5.25,0,0,0,True
38005312,8.2,9.0,8.6,0,0,0,7.75,9.0,8.0,False
38005313,4.4,5.5,4.8,0,0,0,6.25,5.0,6.5,False
38005314,5.2,7.25,4.0,0,0,0,5.25,6.5,6.75,False
38005315,4.8,6.5,3.4,0,0,0,7.0,6.5,7.5,False
38005316,8.0,8.75,6.8,0,0,0,6.5,9.25,8.75,False
38005317,4.0,6.5,3.0,0,0,0,5.25,5.0,7.5,False
38005318,6.6,6.5,4.8,5.25,5.5,5.5,0,0,0,True
38005319,7.2,8.25,4.8,0,0,0,6.75,8.75,9.0,False
38005320,6.0,8.5,5.2,0,0,0,7.5,6.5,8.5,False
38005321,4.2,5.0,4.0,0,0,0,4.75,7.75,7.0,False
38005322,7.4,8.75,4.6,8.0,7.75,6.25,0,0,0,True
38005323,6.6,9.0,7.2,0,0,0,8.0,7.25,8.0,False
38005324,7.0,0,0,2.75,8.25,8.0,0,0,0,True
38005325,8.2,7.25,4.0,7.75,7.75,6.5,0,0,0,True
38005326,7.2,7.75,7.2,0,0,0,5.0,6.75,9.0,False
38005327,4.0,6.25,3.8,0,0,0,5.0,6.5,7.5,False
38005328,5.4,5.75,2.6,0,0,0,6.0,8.5,7.5,False
38005329,7.8,7.5,7.8,7.5,5.0,4.5,0,0,0,True
38005330,4.0,5.75,3.2,0,0,0,4.25,6.75,6.0,False
38005331,7.6,6.75,9.2,5.25,6.25,6.25,0,0,0,True
38005332,7.4,8.0,3.8,7.0,6.0,6.25,0,0,0,True
38005333,6.8,7.75,3.8,4.5,5.25,5.5,0,0,0,True
38005334,6.6,7.75,4.4,7.0,7.0,5.5,0,0,0,True
38005335,0,7.25,0,0,0,0,9.5,9.75,0,False
38005336,4.8,6.0,3.8,0,0,0,5.5,6.75,8.0,False
38005337,8.6,7.75,7.6,8.25,5.75,7.75,0,0,0,True
38005338,4.6,6.75,4.0,0,0,0,6.5,8.25,9.0,False
38005339,6.6,6.75,4.0,4.75,4.25,5.75,0,0,0,True
38005340,5.2,7.0,3.0,0,0,0,7.5,7.75,8.0,False
38005341,7.2,7.25,3.4,0,0,0,5.0,6.75,6.0,False
38005342,7.8,9.0,5.6,0,0,0,7.25,9.25,9.25,False
38005343,3.0,4.5,2.0,0,0,0,5.25,4.75,5.75,False
38005344,3.2,3.75,2.8,0,0,0,5.25,4.5,7.0,False
38005345,4.6,7.25,3.2,0,0,0,6.5,7.0,7.5,False
38005346,4.4,4.25,3.0,0,0,0,4.75,6.25,6.25,False
38005347,4.2,5.0,3.6,0,0,0,5.0,6.0,6.5,False
38005348,3.8,5.5,3.4,0,0,0,6.75,8.0,8.75,False
38005349,5.6,4.5,4.4,0,0,0,4.5,5.0,6.0,False
38005350,2.6,3.75,3.2,0,0,0,4.0,5.0,4.0,False
38005351,2.4,3.75,2.8,0,0,0,2.75,5.5,6.0,False
38005352,2.2,2.5,3.0,0,0,0,3.0,4.5,5.0,False
38005353,5.0,4.25,2.6,0,0,0,2.75,5.5,6.25,False
38005354,2.6,2.5,3.2,0,0,0,3.5,2.5,3.75,False
38005355,4.0,5.75,0,0,0,0,4.25,7.5,0,False
38005356,6.2,5.75,3.4,0,0,0,5.25,6.0,6.0,False
38005357,4.2,5.25,3.0,0,0,0,5.75,6.5,4.75,False
38005358,3.0,2.0,0,0,0,0,3.5,0,0,False
38005359,2.0,3.75,0,0,0,0,5.0,4.0,0,False
38005360,3.4,5.5,0,0,0,0,5.5,5.25,0,False
38005361,6.4,3.5,2.4,0,0,0,5.25,6.25,6.75,False
38005362,5.0,4.5,0,0,0,0,6.75,6.0,0,False
38005363,4.4,4.5,3.2,0,0,0,6.5,6.25,6.75,False
38005364,4.4,5.0,3.4,0,0,0,5.0,6.25,7.75,False
38005365,1.8,2.25,0,0,0,0,3.75,2.25,0,False
38005366,3.4,3.25,3.4,0,0,0,3.0,2.0,3.75,False
38005367,5.4,5.0,3.8,0,0,0,5.25,6.25,6.75,False
38005368,2.8,6.5,0,0,0,0,5.25,7.0,0,False
38005369,4.0,4.75,3.4,0,0,0,5.5,6.5,6.5,False
38005370,3.0,2.5,2.4,0,0,0,3.75,6.75,5.5,False
38005371,3.2,4.0,0,0,0,0,3.5,5.0,0,False
38005372,2.6,3.75,0,0,0,0,5.0,3.75,0,False
38005373,3.2,5.0,0,0,0,0,4.5,4.5,0,False
38005374,3.2,2.75,0,0,0,0,5.0,4.0,0,False
38005375,4.8,5.5,3.2,0,0,0,3.5,7.25,8.25,False
38005376,5.0,5.75,3.4,0,0,0,5.5,6.25,7.25,False
38005377,6.0,5.5,2.2,0,0,0,5.25,7.0,8.25,False
38005378,2.4,3.0,2.8,0,0,0,4.25,4.25,5.5,False
38005379,3.0,3.5,2.0,0,0,0,5.0,6.0,6.0,False
38005380,2.8,3.75,3.0,0,0,0,4.25,6.0,7.25,False
38005381,4.8,5.0,3.6,0,0,0,5.75,6.5,6.75,False
38005382,4.8,6.0,4.4,0,0,0,4.75,6.0,6.0,False
38005383,5.2,5.5,3.6,0,0,0,5.25,5.5,6.25,False
38005384,4.0,4.75,3.4,0,0,0,5.25,7.0,7.0,False
38005385,3.2,3.0,3.0,0,0,0,4.25,5.25,5.0,False
38005386,3.8,3.0,3.0,0,0,0,3.0,4.25,4.25,False
38005387,6.4,6.25,3.0,0,0,0,5.25,7.5,8.0,False
38005388,5.4,6.5,3.8,0,0,0,4.25,6.0,6.5,False
38005389,2.4,3.5,3.0,0,0,0,4.25,4.5,4.75,False
38005391,3.4,2.75,0,0,0,0,5.25,3.25,0,False
38005392,1.8,2.0,3.6,0,0,0,4.75,4.25,4.75,False
38005393,5.4,5.75,2.6,0,0,0,6.25,7.5,7.0,False
38005394,3.0,3.5,0,0,0,0,3.75,3.25,0,False
38005395,8.0,6.5,8.4,7.25,8.0,7.5,0,0,0,True
38005396,2.2,3.5,3.8,0,0,0,3.75,3.75,7.75,False
38005397,3.4,4.25,4.2,0,0,0,4.5,4.25,6.25,False
38005398,2.6,2.0,0,0,0,0,0,4.25,0,False
38005399,5.0,6.0,3.4,0,0,0,6.25,5.5,7.5,False
38005400,5.6,8.0,4.0,0,0,0,6.75,6.5,7.75,False
38005401,5.6,0,0,0,0,0,5.75,0,0,False
38005402,5.6,4.5,1.8,0,0,0,4.75,7.75,7.0,False
38005403,4.4,4.25,3.4,0,0,0,4.25,6.75,7.25,False
38005404,7.8,7.5,5.6,6.25,7.75,7.5,0,0,0,True
38005405,3.8,2.5,2.4,0,0,0,3.75,0,0,False
38005406,5.2,4.0,4.0,0,0,0,5.5,7.25,7.25,False
38005407,2.8,3.25,2.8,0,0,0,5.25,4.75,4.5,False
38005408,6.4,5.5,3.8,0,0,0,7.75,8.25,8.75,False
38005409,5.2,7.25,3.6,0,0,0,5.5,6.75,8.0,False
38005410,5.8,6.0,0,0,0,0,6.25,6.75,0,False
38005411,4.4,5.75,3.4,0,0,0,5.25,4.25,6.0,False
38005412,5.8,3.5,4.2,0,0,0,5.5,5.75,7.0,False
38005413,3.4,2.75,2.2,0,0,0,6.25,4.75,5.75,False
38005414,6.8,7.5,4.2,0,0,0,8.0,9.25,8.5,False
38005415,1.8,2.75,1.6,0,0,0,4.25,4.25,7.25,False
38005416,1.6,3.25,4.0,0,0,0,4.5,5.0,5.0,False
38005417,6.0,5.75,4.2,0,0,0,6.0,7.25,8.25,False
38005418,5.0,5.75,5.0,0,0,0,6.5,8.0,7.75,False
38005419,4.2,5.0,1.6,0,0,0,4.25,5.75,5.75,False
38005420,3.8,4.17,0,0,0,0,4.5,5.0,0,False
38005421,6.0,6.0,5.0,5.5,6.25,6.5,0,0,0,True
38005422,2.0,1.5,0,0,0,0,3.0,2.0,0,False
38005423,7.2,7.25,5.0,5.5,6.25,6.5,0,0,0,True
38005424,3.6,3.25,2.6,0,0,0,3.75,6.75,6.25,False
38005425,5.4,2.25,2.8,0,0,0,3.5,5.75,7.25,False
38005426,4.0,5.0,0,0,0,0,7.0,7.25,0,False
38005427,5.2,6.5,0,0,0,0,6.5,6.75,0,False
38005428,7.0,7.0,4.0,0,0,0,7.0,8.25,7.0,False
38005429,6.8,4.75,0,0,0,0,6.0,9.0,0,False
38005430,5.6,5.0,3.4,0,0,0,7.25,8.25,8.25,False
38005431,3.2,5.0,3.6,0,0,0,4.75,5.75,6.5,False
38005432,5.6,6.0,4.0,5.5,6.25,6.25,0,0,0,True
38005433,2.6,2.5,4.2,0,0,0,3.0,3.25,4.0,False
38005434,3.2,4.25,5.0,0,0,0,5.5,5.25,7.0,False
38005435,3.6,3.5,0,0,0,0,3.75,3.0,0,False
38005436,3.2,3.75,3.6,0,0,0,3.75,6.0,5.25,False
38005437,5.4,3.25,5.0,0,0,0,4.25,5.25,4.0,False
38005438,4.8,2.5,1.8,0,0,0,3.5,2.75,4.5,False
38005439,2.8,1.25,0,0,0,0,2.5,2.25,0,False
38005440,3.4,5.0,0,0,0,0,4.0,5.25,0,False
38005441,3.8,5.75,2.8,0,0,0,3.75,4.75,6.5,False
38005442,3.2,5.75,2.8,0,0,0,4.25,5.0,4.5,False
38005443,4.8,4.5,3.0,0,0,0,6.75,6.75,8.25,False
38005444,5.2,6.25,4.6,0,0,0,6.75,6.5,7.5,False
38005445,3.6,6.5,0,0,0,0,5.0,5.25,0,False
38005446,4.8,6.75,3.6,0,0,0,5.0,6.0,5.5,False
38005447,5.6,4.25,4.0,0,0,0,4.5,6.25,7.25,False
38005448,2.8,2.25,0,0,0,0,5.25,3.5,0,False
38005449,5.4,5.5,2.8,0,0,0,5.5,7.5,6.75,False
38005450,2.8,5.0,3.8,0,0,0,4.75,6.0,6.0,False
38005451,3.6,3.0,2.8,0,0,0,3.5,4.0,2.5,False
38005452,1.8,2.75,3.4,0,0,0,6.0,7.0,7.25,False
38005453,3.2,3.0,0,0,0,0,4.0,2.5,0,False
38005454,5.4,3.75,3.8,0,0,0,3.5,4.75,5.5,False
38005455,5.4,5.0,3.0,0,0,0,4.25,5.5,8.0,False
38005456,4.4,5.0,3.2,0,0,0,6.0,6.25,7.0,False
38005457,4.8,4.0,3.0,0,0,0,2.75,4.25,4.25,False
38005458,0,7.0,0,0,0,0,7.0,8.0,0,False
38005459,4.2,5.25,2.8,0,0,0,4.75,5.5,7.0,False
38005460,4.6,6.25,3.8,0,0,0,5.25,7.0,7.0,False
38005461,5.2,5.25,3.6,0,0,0,5.75,6.25,6.5,False
38005462,3.6,5.0,0,0,0,0,8.0,6.75,0,False
38005463,5.2,4.0,0,0,0,0,3.0,0,0,False
38005464,5.4,4.5,4.2,0,0,0,5.75,8.0,6.5,False
38005465,0,7.75,0,0,0,0,8.5,10.0,0,False
38005466,2.8,3.0,3.4,0,0,0,2.5,4.25,5.0,False
38005467,4.0,6.0,2.6,0,0,0,4.5,4.75,5.5,False
38005468,3.4,5.5,3.2,0,0,0,7.0,7.5,6.25,False
38005469,4.2,5.25,3.0,0,0,0,4.75,4.75,5.75,False
38005470,4.6,5.25,4.4,0,0,0,5.75,6.25,7.25,False
38005471,3.8,5.75,2.8,0,0,0,5.5,6.0,8.25,False
38005472,4.8,4.0,3.6,0,0,0,4.5,5.75,5.75,False
38005473,5.2,5.0,2.6,0,0,0,5.25,7.0,7.25,False
38005474,2.2,2.5,2.0,0,0,0,2.75,3.75,6.5,False
38005475,1.8,2.75,2.8,0,0,0,4.75,4.75,7.75,False
38005476,5.0,5.5,2.6,0,0,0,5.75,6.0,7.25,False
38005477,4.0,4.0,2.6,0,0,0,7.25,7.0,8.5,False
38005478,3.4,6.0,0,0,0,0,7.5,9.0,0,False
38005479,3.0,5.5,1.6,0,0,0,5.5,6.5,5.0,False
38005480,4.6,4.75,0,0,0,0,6.25,7.5,0,False
38005481,1.8,3.25,0,0,0,0,5.5,0,0,False
38005482,3.4,3.5,3.2,0,0,0,3.25,5.5,5.25,False
38005483,5.0,3.75,2.8,0,0,0,6.0,4.25,6.0,False
38005484,3.4,3.0,3.2,0,0,0,4.25,4.5,6.0,False
38005485,4.8,5.0,4.0,0,0,0,6.5,6.0,6.5,False
38005486,6.0,6.0,4.0,0,0,0,6.0,8.0,9.0,False
38005487,3.4,6.0,3.0,0,0,0,4.25,6.75,6.5,False
38005488,5.8,5.25,3.2,0,0,0,4.0,7.0,8.25,False
38005489,5.4,4.25,4.0,0,0,0,4.0,6.5,8.25,False
38005490,4.2,2.5,2.2,0,0,0,3.75,5.25,5.25,False
38005491,4.0,3.75,2.0,0,0,0,4.5,3.25,7.0,False
38005492,7.2,5.5,6.8,0,0,0,6.75,7.25,9.25,False
38005493,4.4,5.5,3.8,3.75,5.25,5.75,0,0,0,True
38005494,5.2,7.5,5.8,0,0,0,7.0,8.25,9.25,False
38005495,4.6,6.0,4.0,0,0,0,6.5,6.5,7.25,False
38005496,3.4,6.25,3.4,0,0,0,4.25,6.0,7.75,False
38005497,7.6,0,0,7.0,7.0,0,0,0,0,True
38005498,4.6,6.0,2.8,0,0,0,4.0,7.25,7.75,False
38005499,4.8,5.5,4.4,0,0,0,6.5,7.75,7.0,False
38005500,5.0,5.25,3.6,0,0,0,4.5,5.25,4.5,False
38005501,4.2,5.75,3.2,0,0,0,3.5,4.75,7.25,False
38005502,4.2,5.5,2.8,0,0,0,6.75,7.0,7.75,False
38005503,5.0,4.5,2.8,0,0,0,5.25,5.5,5.25,False
38005504,4.0,4.5,3.6,0,0,0,3.5,4.5,3.25,False
38005505,7.0,7.5,4.8,0,0,0,7.25,7.25,8.25,False
38005506,5.6,6.75,3.0,0,0,0,6.5,7.0,8.25,False
38005507,6.8,8.25,2.8,0,0,0,6.25,6.5,8.75,False
38005508,3.0,5.5,3.0,0,0,0,6.0,6.5,7.25,False
38005509,4.0,6.0,2.8,0,0,0,4.0,4.5,6.25,False
38005510,6.0,7.33,5.2,0,0,0,6.5,7.5,8.0,False
38005511,4.0,5.25,6.6,0,0,0,5.25,6.5,6.5,False
38005512,9.0,7.5,8.4,6.75,9.0,8.75,0,0,0,True
38005513,7.2,5.0,3.4,6.0,7.25,6.25,0,0,0,True
38005514,8.2,9.0,7.4,8.0,9.25,6.75,0,0,0,True
38005515,5.0,5.5,4.8,0,0,0,6.75,7.75,8.25,False
38005516,4.6,7.0,3.2,3.0,3.5,6.0,0,0,0,True
38005517,5.8,7.0,3.8,0,0,0,7.5,8.25,8.25,False
38005518,4.8,4.25,4.2,0,0,0,6.25,6.5,8.25,False
38005519,6.6,7.25,5.0,7.0,7.75,7.75,0,0,0,True
38005520,5.6,7.0,4.4,0,0,0,8.75,9.0,9.75,False
38005521,6.2,6.0,3.6,0,0,0,6.25,7.75,8.25,False
38005522,6.6,5.0,2.0,0,0,0,5.0,5.75,6.75,False
38005523,3.4,5.25,2.8,0,0,0,5.5,6.75,6.5,False
38005524,7.6,8.0,6.4,5.25,6.75,7.5,0,0,0,True
38005525,6.4,5.0,4.4,0,0,0,4.0,6.0,7.5,False
38005526,3.6,5.0,1.8,0,0,0,6.0,6.0,7.0,False
38005527,2.8,2.25,1.8,0,0,0,4.25,3.75,5.5,False
38005528,4.2,4.0,2.8,0,0,0,3.75,3.25,3.5,False
38005529,3.6,5.0,2.6,0,0,0,5.75,6.5,6.75,False
38005530,6.4,8.0,3.6,5.5,5.5,7.5,0,0,0,True
38005531,4.8,7.25,2.8,0,0,0,4.25,6.25,6.0,False
38005532,8.4,7.5,4.4,7.75,8.0,6.25,0,0,0,True
38005533,4.4,6.25,3.8,0,0,0,6.5,8.25,7.5,False
38005534,5.2,7.0,3.0,0,0,0,6.5,6.5,7.75,False
38005535,3.8,6.25,3.8,0,0,0,5.5,6.75,7.5,False
38005536,4.0,7.25,4.8,0,0,0,6.25,6.75,9.0,False
38005537,3.8,7.0,3.0,0,0,0,6.5,6.75,7.25,False
38005538,4.0,5.5,2.8,0,0,0,5.25,5.5,7.5,False
38005539,4.4,5.0,2.6,0,0,0,5.0,8.0,8.5,False
38005540,6.0,5.5,2.6,4.0,5.5,4.75,0,0,0,True
38005541,5.2,6.75,4.0,0,0,0,4.75,7.0,8.0,False
38005542,5.0,6.0,2.6,0,0,0,6.75,7.0,8.5,False
38005543,6.0,6.0,3.4,0,0,0,7.75,8.5,8.75,False
38005544,4.4,5.0,3.2,0,0,0,6.0,6.25,8.5,False
38005545,6.2,7.25,3.4,6.25,7.0,5.0,0,0,0,True
38005546,4.6,5.5,4.2,0,0,0,7.0,8.5,9.0,False
38005547,4.4,6.75,3.6,0,0,0,4.0,7.0,7.0,False
38005548,4.8,6.25,3.4,0,0,0,5.75,5.0,6.5,False
38005549,2.0,5.25,2.0,0,0,0,5.5,4.0,5.5,False
38005550,5.8,6.25,3.8,0,0,0,5.5,8.25,7.0,False
38005551,5.0,7.5,5.0,0,0,0,8.0,8.25,9.25,False
38005552,5.2,7.0,0,0,0,0,0,0,0,False
38005553,6.6,8.0,4.0,0,0,0,7.0,7.75,9.0,False
38005554,4.4,5.25,3.2,0,0,0,4.75,6.25,6.75,False
38005555,6.6,6.5,4.6,5.5,4.5,5.0,0,0,0,True
38005556,2.4,6.25,3.8,0,0,0,5.25,6.75,7.25,False
38005557,2.0,4.5,3.8,0,0,0,4.75,5.75,5.5,False
38005558,6.4,5.75,2.4,0,0,0,6.5,8.5,8.75,False
38005559,4.4,5.25,2.8,0,0,0,5.5,5.5,7.5,False
38005560,4.2,5.0,3.2,0,0,0,5.0,5.5,6.25,False
38005561,3.6,6.5,3.8,0,0,0,6.0,7.0,7.0,False
38005562,6.4,6.75,4.6,0,0,0,5.75,6.75,7.5,False
38005563,2.8,5.08,3.4,0,0,0,6.25,4.75,6.0,False
38005564,5.6,8.0,4.0,0,0,0,6.75,8.5,9.0,False
38005565,6.4,8.0,6.8,0,0,0,5.25,7.5,8.25,False
38005566,2.4,4.83,2.8,0,0,0,4.5,5.0,3.75,False
38005567,3.0,3.5,3.2,0,0,0,4.75,6.25,6.75,False
38005568,3.2,3.25,3.2,0,0,0,4.0,5.25,5.0,False
38005569,3.0,6.25,2.6,0,0,0,7.25,7.75,8.25,False
38005570,4.2,6.25,2.8,0,0,0,3.75,4.75,7.5,False
38005571,4.0,2.5,2.0,0,0,0,5.0,1.5,2.75,False
38005572,3.0,5.0,2.6,0,0,0,5.0,6.25,6.25,False
38005573,5.4,8.0,8.0,0,0,0,9.25,9.0,9.25,False
38005574,6.8,7.0,6.2,7.5,7.75,5.75,0,0,0,True
38005575,7.2,5.5,6.2,6.5,7.0,6.0,0,0,0,True
38005576,7.4,7.5,6.6,6.0,8.0,6.75,0,0,0,True
38005577,5.8,7.25,6.6,0,0,0,7.75,7.5,8.75,False
38005578,7.2,8.25,6.0,0,0,0,5.25,6.25,8.0,False
38005579,4.8,6.5,3.6,0,0,0,6.25,7.0,7.75,False
38005580,6.8,7.75,6.6,0,0,0,9.25,9.0,9.75,False
38005581,3.6,4.5,3.8,0,0,0,4.0,4.5,6.0,False
38005582,5.6,4.5,2.0,0,0,0,4.75,6.25,8.25,False
38005583,4.4,4.5,2.2,0,0,0,5.5,8.0,8.25,False
38005584,3.0,6.5,5.0,0,0,0,5.0,5.25,7.0,False
38005585,0,4.5,0,0,0,0,7.75,8.5,0,False
38005586,6.4,7.75,6.8,0,0,0,8.75,9.5,10.0,False
38005587,3.2,6.5,4.2,0,0,0,6.75,8.5,8.75,False
38005588,7.0,8.5,5.6,0,0,0,7.5,8.0,8.0,False
38005589,5.6,7.5,3.4,5.25,5.0,6.25,0,0,0,True
38005590,3.0,6.0,2.4,0,0,0,5.5,5.0,6.75,False
38005591,2.2,3.25,3.0,0,0,0,5.75,6.75,6.75,False
38005592,5.2,7.0,3.8,0,0,0,5.5,4.75,7.0,False
38005593,4.4,8.0,6.0,0,0,0,6.25,6.0,7.75,False
38005594,3.6,6.75,6.2,0,0,0,6.5,5.25,8.25,False
38005595,6.2,5.0,2.8,0,0,0,7.0,7.5,9.5,False
38005596,3.0,6.5,4.2,0,0,0,4.75,4.25,4.25,False
38005597,3.4,6.75,4.6,0,0,0,5.25,6.75,8.0,False
38005598,4.4,2.5,3.4,0,0,0,4.75,5.25,6.0,False
38005599,3.8,6.75,3.0,0,0,0,5.25,6.0,7.25,False
38005600,2.8,5.5,3.8,0,0,0,5.5,4.5,6.0,False
38005601,4.2,6.75,3.0,0,0,0,6.0,6.5,7.5,False
38005602,4.8,6.5,2.8,0,0,0,4.25,7.0,6.5,False
38005603,4.2,6.0,3.6,0,0,0,5.75,7.0,7.75,False
38005604,2.8,5.0,4.6,0,0,0,4.5,5.5,7.0,False
38005605,4.8,4.75,4.0,0,0,0,5.75,6.75,7.0,False
38005606,6.8,8.5,5.8,0,0,0,6.5,8.25,8.75,False
38005607,4.2,6.0,3.8,0,0,0,5.0,7.75,7.0,False
38005608,7.6,7.0,5.0,5.5,6.25,5.5,0,0,0,True
38005609,6.0,7.25,3.0,0,0,0,6.0,8.5,8.0,False
38005610,5.0,6.5,3.6,0,0,0,6.5,7.5,8.75,False
38005611,3.2,6.0,4.0,0,0,0,4.0,5.5,6.25,False
38005612,6.2,7.5,3.8,0,0,0,7.0,8.25,8.0,False
38005613,4.8,8.0,3.8,0,0,0,9.0,9.5,8.5,False
38005614,3.6,6.5,4.4,0,0,0,6.0,8.25,9.0,False
38005615,5.2,6.25,4.2,0,0,0,6.0,8.0,8.75,False
38005616,3.4,5.75,4.2,0,0,0,4.75,5.5,6.25,False
38005617,4.4,5.75,4.4,0,0,0,5.5,6.75,7.25,False
38005618,4.6,6.0,3.6,0,0,0,7.0,7.75,9.0,False
38005619,4.0,3.67,3.2,0,0,0,3.0,5.25,5.5,False
38005620,8.4,7.5,6.4,9.5,9.0,6.5,0,0,0,True
38005621,8.4,7.5,6.8,9.0,8.25,6.0,0,0,0,True
38005622,2.2,4.0,5.2,0,0,0,4.0,4.75,3.75,False
38005623,2.8,5.0,5.6,0,0,0,7.0,8.25,8.75,False
38005624,2.8,6.5,3.2,0,0,0,5.25,7.5,6.0,False
38005625,5.0,7.5,4.4,0,0,0,5.75,6.25,7.25,False
38005626,5.4,6.75,3.6,0,0,0,7.0,7.25,8.5,False
38005627,4.6,7.75,4.6,0,0,0,5.25,7.0,8.25,False
38005628,4.4,7.5,4.4,0,0,0,7.75,8.0,8.0,False
38005629,3.4,2.25,4.2,0,0,0,4.75,3.25,5.25,False
38005630,4.4,6.25,4.8,0,0,0,8.0,8.25,8.25,False
38005631,4.6,5.0,3.8,0,0,0,7.0,8.5,8.0,False
38005633,5.6,6.5,3.4,0,0,0,5.75,6.75,9.5,False
38005634,2.4,6.5,3.2,0,0,0,4.75,6.75,7.25,False
38005635,4.4,6.5,4.4,0,0,0,3.75,4.75,7.25,False
38005636,5.4,6.25,3.4,0,0,0,5.25,8.0,8.75,False
38005637,3.2,5.25,3.4,0,0,0,7.0,6.5,6.25,False
38005638,2.6,3.75,3.0,0,0,0,4.5,3.75,4.5,False
38005639,8.0,6.0,6.4,8.0,6.25,5.25,0,0,0,True
38005640,5.4,7.0,4.2,0,0,0,5.75,5.75,8.0,False
38005641,3.6,5.25,3.0,0,0,0,6.5,6.5,7.75,False
38005642,3.0,5.0,3.0,0,0,0,4.0,5.5,4.0,False
38005643,2.0,5.0,3.0,0,0,0,5.75,7.25,6.75,False
38005644,7.0,6.5,3.2,0,0,0,8.5,7.5,9.25,False
38005645,6.0,6.25,2.8,0,0,0,7.25,7.75,8.25,False
38005646,2.4,3.41,2.8,0,0,0,6.0,5.75,5.0,False
38005647,6.2,7.75,5.8,0,0,0,6.5,8.5,9.0,False
38005648,3.6,7.25,3.4,0,0,0,4.5,6.25,7.5,False
38005649,7.4,8.25,4.6,0,0,0,8.5,9.25,9.25,False
38005650,3.6,4.75,4.2,0,0,0,4.5,5.25,4.25,False
38005651,7.6,7.75,6.0,8.0,8.0,6.75,0,0,0,True
38005652,3.2,5.0,3.6,0,0,0,5.25,7.0,6.5,False
38005653,4.4,3.25,4.4,0,0,0,6.25,6.75,6.0,False
38005654,4.8,7.25,3.4,0,0,0,6.5,7.25,8.75,False
38005655,4.8,5.75,2.8,0,0,0,6.0,6.0,6.0,False
38005656,7.2,7.25,5.4,0,0,0,8.5,8.75,8.75,False
38005657,4.0,5.75,4.4,0,0,0,5.75,6.5,6.25,False
38005658,4.6,5.75,3.2,0,0,0,4.25,8.0,8.5,False
38005659,5.2,7.25,7.0,0,0,0,9.25,9.25,9.5,False
38005660,4.8,5.0,4.0,0,0,0,6.75,7.0,7.25,False
38005661,3.6,6.0,3.6,0,0,0,5.0,5.5,6.0,False
38005662,4.2,3.5,2.6,0,0,0,6.25,6.75,7.0,False
38005663,7.6,0,0,5.75,8.75,0,0,0,0,True
38005664,5.4,8.0,4.4,0,0,0,8.25,7.5,8.75,False
38005665,2.8,5.5,3.2,0,0,0,7.0,6.0,6.0,False
38005666,6.6,6.5,4.2,0,0,0,7.25,7.0,8.5,False
38005667,3.2,6.0,4.6,0,0,0,5.5,8.0,7.25,False
38005668,6.0,5.5,3.4,0,0,0,6.75,8.25,8.0,False
38005669,4.8,7.0,4.0,0,0,0,7.0,5.75,6.75,False
38005670,0,7.25,0,0,0,0,9.0,8.25,0,False
38005671,4.4,7.0,3.4,0,0,0,8.5,9.5,9.25,False
38005672,4.4,5.75,3.4,0,0,0,6.25,7.25,7.25,False
38005673,4.8,5.0,4.4,0,0,0,6.0,5.5,7.25,False
38005674,4.2,5.25,2.6,0,0,0,5.25,5.25,6.5,False
38005675,3.2,4.75,3.8,0,0,0,6.25,5.0,7.75,False
38005676,4.6,5.5,3.0,0,0,0,6.25,7.0,8.0,False
38005677,8.6,5.5,7.2,7.25,8.5,7.75,0,0,0,True
38005678,4.4,5.25,3.6,0,0,0,6.5,7.0,7.75,False
38005679,3.8,5.5,2.8,0,0,0,5.75,5.75,6.75,False
38005680,1.8,4.75,3.6,0,0,0,4.5,4.25,6.75,False
38005681,4.6,6.0,2.8,0,0,0,5.75,7.0,8.0,False
38005682,3.6,5.0,4.8,0,0,0,7.5,7.75,9.25,False
38005683,3.2,7.0,3.0,0,0,0,7.0,6.25,7.25,False
38005684,3.2,4.0,3.0,0,0,0,6.25,3.5,3.5,False
38005685,3.0,4.0,2.2,0,0,0,6.25,6.0,5.5,False
38005686,4.2,6.5,4.4,0,0,0,6.75,7.5,8.75,False
38005687,5.4,5.5,4.2,0,0,0,7.0,7.25,8.25,False
38005688,2.0,3.75,2.4,0,0,0,5.75,4.5,6.0,False
38005689,5.0,8.25,4.6,0,0,0,5.25,7.75,8.75,False
38005690,4.2,5.0,2.6,0,0,0,5.5,5.5,6.75,False
38005691,3.0,6.0,3.6,0,0,0,4.5,6.75,8.0,False
38005692,8.4,7.25,7.4,5.0,7.75,7.75,0,0,0,True
38005693,3.8,5.0,4.2,0,0,0,7.25,7.75,8.0,False
38005694,3.0,3.75,2.8,0,0,0,6.0,6.0,7.0,False
38005695,8.4,7.25,8.0,0,0,0,5.25,6.0,8.25,False
38005696,5.2,5.75,5.8,5.25,4.75,6.0,0,0,0,True
38005697,8.2,7.5,9.0,0,0,0,0,0,0,False
38005698,3.4,5.75,4.6,0,0,0,5.5,6.5,8.0,False
38005699,3.8,4.25,4.6,0,0,0,3.25,6.0,7.25,False
38005700,6.0,8.25,5.2,0,0,0,6.25,7.5,8.25,False
38005701,7.6,5.5,3.8,6.0,8.0,5.25,0,0,0,True
38005702,7.0,7.75,4.2,0,0,0,8.0,7.0,9.0,False
38005703,8.0,8.0,7.0,0,0,0,6.5,7.75,8.5,False
38005704,7.4,7.75,5.0,0,0,0,7.25,7.0,9.25,False
38005705,7.2,8.25,6.2,0,0,0,5.5,6.5,8.0,False
38005706,8.0,5.25,5.0,5.0,5.25,5.75,0,0,0,True
38005707,4.8,7.25,2.2,0,0,0,6.5,5.75,9.25,False
38005708,5.8,5.25,3.2,0,0,0,5.75,6.25,7.75,False
38005709,6.6,7.75,6.2,0,0,0,6.25,7.25,9.25,False
38005710,7.4,7.75,6.0,0,0,0,6.75,8.25,9.75,False
38005711,7.0,6.5,4.4,0,0,0,5.75,7.0,8.5,False
38005712,6.4,6.75,4.2,0,0,0,7.5,8.0,8.75,False
38005713,5.2,6.0,3.4,0,0,0,4.75,5.0,8.25,False
38005714,7.8,5.25,3.4,7.0,6.5,6.0,0,0,0,True
38005715,5.8,6.5,4.4,0,0,0,7.5,6.75,8.5,False
38005716,4.2,5.25,5.2,0,0,0,4.75,4.5,7.5,False
38005717,4.4,4.75,3.4,0,0,0,6.5,6.75,8.5,False
38005718,3.8,5.0,2.2,0,0,0,4.75,6.5,6.75,False
38005719,8.2,6.75,0,7.5,7.75,7.0,0,0,0,True
38005720,2.8,4.0,3.2,0,0,0,6.75,4.0,8.0,False
38005721,6.4,5.5,4.4,0,0,0,7.25,6.25,8.25,False
38005722,3.8,5.25,6.6,0,0,0,5.75,6.0,8.0,False
38005723,4.8,6.5,2.8,0,0,0,7.0,7.25,9.0,False
38005724,6.8,5.25,5.0,6.25,7.0,6.25,0,0,0,True
38005725,6.8,8.25,6.6,0,0,0,6.75,7.0,9.25,False
38005726,6.0,7.25,9.0,0,0,0,8.25,7.75,9.0,False
38005727,6.2,3.25,5.8,0,0,0,8.0,4.25,7.75,False
38005728,7.4,7.75,5.6,6.25,7.75,6.0,0,0,0,True
38005729,7.2,7.75,8.8,7.0,6.75,6.75,0,0,0,True
38005730,4.8,4.75,6.4,3.75,5.25,5.25,0,0,0,True
38005731,7.0,7.25,5.0,0,0,0,8.25,7.25,8.0,False
38005732,7.2,7.5,5.4,0,0,0,7.0,7.25,8.75,False
38005733,7.0,7.5,6.0,0,0,0,7.5,7.75,9.25,False
38005734,6.6,4.5,3.8,6.0,5.75,7.0,0,0,0,True
38005735,4.2,5.0,4.0,0,0,0,6.25,5.25,6.25,False
38005736,6.6,8.25,4.0,5.25,5.5,6.0,0,0,0,True
38005737,5.2,6.0,5.2,0,0,0,8.75,6.75,8.75,False
38005738,4.6,5.0,6.0,0,0,0,5.75,6.25,9.0,False
38005739,6.2,5.5,6.0,0,0,0,6.25,8.0,7.0,False
38005740,5.8,6.25,5.0,0,0,0,6.25,7.0,7.75,False
38005741,0,5.25,0,0,0,0,8.5,6.75,0,False
38005742,6.8,4.75,4.6,0,0,0,6.25,6.5,8.75,False
38005743,7.8,6.5,4.4,0,0,0,8.0,8.0,9.5,False
38005744,5.2,5.75,3.4,0,0,0,7.0,8.25,9.0,False
38005745,3.2,6.0,6.8,0,0,0,5.75,6.5,7.0,False
38005746,7.2,8.75,8.6,0,0,0,8.25,8.0,8.75,False
38005747,8.6,7.0,8.6,8.75,5.75,7.75,0,0,0,True
38005748,8.2,8.0,7.0,0,0,0,6.5,7.0,8.5,False
38005749,6.8,7.25,6.4,3.25,6.25,5.25,0,0,0,True
38005750,5.4,6.25,3.6,0,0,0,7.25,7.25,8.25,False
38005751,6.4,6.5,4.4,0,0,0,7.25,7.75,7.25,False
38005752,7.6,6.25,5.6,8.25,7.75,7.5,0,0,0,True
38005753,7.4,6.25,5.0,6.5,6.75,5.75,0,0,0,True
38005754,5.6,6.5,4.8,0,0,0,8.5,8.75,7.75,False
38005755,6.6,5.0,3.0,4.25,4.0,5.5,0,0,0,True
38005756,7.4,6.25,5.4,6.75,5.25,5.25,0,0,0,True
38005757,0,7.0,0,0,0,0,7.75,7.0,0,False
38005758,8.0,7.5,4.2,8.25,6.75,6.25,0,0,0,True
38005759,5.4,6.75,4.2,0,0,0,6.25,5.0,6.5,False
38005760,4.6,6.5,3.0,0,0,0,7.5,5.75,7.25,False
38005761,7.4,6.5,4.8,4.75,5.25,4.75,0,0,0,True
38005762,8.6,5.75,8.4,8.5,8.5,6.75,0,0,0,True
38005763,6.8,5.75,5.8,4.75,6.25,5.75,0,0,0,True
38005764,5.2,5.0,7.0,0,0,0,6.75,6.5,6.5,False
38005765,8.8,6.75,6.8,9.25,9.75,7.5,0,0,0,True
38005766,6.2,5.0,5.8,0,0,0,6.0,7.75,7.25,False
38005767,5.2,5.0,4.6,0,0,0,8.5,8.25,8.5,False
38005768,8.4,6.5,4.6,8.75,8.25,5.5,0,0,0,True
38005769,4.8,5.75,5.2,0,0,0,6.5,7.0,9.0,False
38005770,0,6.25,0,0,0,0,8.5,8.75,0,False
38005771,4.2,7.0,6.6,0,0,0,7.25,7.75,8.0,False
38005772,7.0,4.25,5.4,4.75,8.0,5.0,0,0,0,True
38005773,7.2,7.0,6.2,4.0,6.75,7.0,0,0,0,True
38005774,4.8,7.25,7.4,0,0,0,7.25,7.0,8.25,False
38005775,5.0,7.25,5.4,0,0,0,5.75,7.25,8.5,False
38005776,7.0,7.0,4.6,4.25,6.75,6.25,0,0,0,True
38005777,6.0,5.5,4.4,0,0,0,8.25,6.25,8.5,False
38005778,6.8,7.0,5.0,0,0,0,0,0,0,False
38005779,6.4,7.75,5.4,0,0,0,7.25,6.5,9.25,False
38005780,7.4,7.75,5.2,6.5,5.75,6.0,0,0,0,True
38005781,0,8.25,0,0,0,0,9.25,9.0,0,False
38005782,7.0,6.5,5.6,0,0,0,8.25,8.0,8.75,False
38005783,7.6,0,0,0,6.25,8.0,0,0,0,True
38005784,5.2,4.25,1.8,0,0,0,4.5,5.5,7.0,False
38005785,3.8,6.25,3.8,0,0,0,8.25,6.5,8.25,False
38005786,7.2,7.75,8.2,0,0,0,0,0,0,False
38005787,0,8.25,0,0,0,0,9.75,9.25,0,False
38005788,7.4,7.5,7.0,0,0,0,7.25,8.0,8.0,False
38005789,6.2,6.25,4.8,0,0,0,6.25,7.75,7.75,False
38005790,4.8,7.75,3.2,0,0,0,8.75,8.75,8.5,False
38005791,7.6,9.0,5.4,0,0,0,8.5,8.0,9.75,False
38005792,7.6,7.75,6.0,7.5,8.0,6.5,0,0,0,True
38005793,8.0,5.5,5.2,6.75,8.0,7.75,0,0,0,True
38005794,6.2,8.0,6.6,0,0,0,8.5,8.75,10.0,False
38005795,7.8,5.25,6.6,7.25,8.25,5.25,0,0,0,True
38005796,8.4,0,0,7.75,7.25,0,0,0,0,True
38005797,7.0,7.0,4.6,0,0,0,7.0,7.0,8.75,False
38005798,5.0,5.25,3.8,0,0,0,7.25,5.75,5.75,False
38005799,6.0,5.0,3.6,0,0,0,5.5,6.0,8.25,False
38005800,8.8,7.25,5.6,7.0,8.0,8.0,0,0,0,True
38005801,7.6,8.5,5.2,0,0,0,8.75,9.25,8.5,False
38005802,7.8,9.0,5.8,0,0,0,8.25,7.25,9.5,False
38005803,4.6,6.5,4.6,0,0,0,6.75,6.0,8.75,False
38005804,8.4,8.5,7.4,7.25,6.0,7.75,0,0,0,True
38005805,7.4,7.75,5.6,4.75,7.0,6.25,0,0,0,True
38005806,4.8,7.25,2.2,0,0,0,6.75,7.0,8.75,False
38005807,7.6,8.0,4.8,0,0,0,6.25,8.25,8.75,False
38005808,7.6,9.0,9.0,0,0,0,7.5,8.25,9.0,False
38005809,5.8,5.75,6.2,4.5,6.5,7.0,0,0,0,True
38005810,7.4,4.0,3.2,6.5,8.0,5.0,0,0,0,True
38005811,0,7.5,0,0,0,0,9.75,9.75,0,False
38005812,8.2,6.25,5.0,8.25,7.75,5.5,0,0,0,True
38005813,8.4,9.25,6.0,0,0,0,9.75,10.0,8.25,False
38005814,7.8,7.25,5.6,7.0,8.0,7.0,0,0,0,True
38005815,8.6,7.25,5.4,8.0,8.5,6.5,0,0,0,True
38005816,7.2,9.25,7.8,0,0,0,7.25,6.5,8.25,False
38005817,6.2,6.0,3.0,0,0,0,5.0,6.25,7.25,False
38005818,6.8,7.5,4.6,0,0,0,7.75,8.75,9.5,False
38005819,7.8,8.5,4.0,6.0,8.25,7.75,0,0,0,True
38005820,7.2,5.5,3.8,0,0,0,6.0,6.25,7.25,False
38005821,0,7.25,0,0,0,0,9.75,10.0,0,False
38005822,5.6,7.0,3.4,0,0,0,6.75,7.5,9.25,False
38005823,6.8,6.0,4.0,4.0,6.25,5.25,0,0,0,True
38005824,6.2,4.75,4.8,0,0,0,7.0,6.5,8.75,False
38005825,3.0,4.0,3.6,0,0,0,5.25,4.25,7.0,False
38005826,4.0,4.25,5.0,0,0,0,6.0,7.0,8.5,False
38005827,6.4,4.75,4.6,0,0,0,5.5,5.25,7.75,False
38005828,7.4,6.0,6.8,8.5,8.0,6.25,0,0,0,True
38005829,6.6,5.25,4.6,0,0,0,6.5,6.5,7.0,False
38005830,7.0,5.5,5.2,0,0,0,5.25,6.5,6.25,False
38005831,5.2,7.5,4.2,0,0,0,9.0,7.0,8.5,False
38005832,6.6,6.5,3.4,0,0,0,8.5,7.75,8.25,False
38005833,6.4,8.25,5.4,0,0,0,8.75,7.5,9.0,False
38005834,7.2,7.5,4.4,0,0,0,6.75,7.5,8.5,False
38005835,6.0,5.0,2.2,0,0,0,6.0,6.0,8.25,False
38005836,7.6,5.0,4.8,7.75,5.75,5.75,0,0,0,True
38005837,6.4,4.75,2.8,0,0,0,4.0,6.75,8.25,False
38005838,5.6,4.25,4.2,0,0,0,5.0,5.25,6.75,False
38005840,5.6,4.5,2.2,0,0,0,3.75,6.0,5.5,False
38005841,4.6,5.5,4.0,0,0,0,5.25,7.5,8.25,False
38005842,7.6,5.5,6.6,0,0,0,7.5,7.75,7.25,False
38005843,7.8,7.5,6.8,0,0,0,6.25,7.5,8.0,False
38005844,8.4,4.0,8.6,6.5,5.5,6.0,0,0,0,True
38005845,5.8,6.25,4.4,0,0,0,7.25,6.0,7.25,False
38005846,6.4,5.75,5.8,0,0,0,5.75,7.5,8.5,False
38005847,3.8,5.5,2.8,0,0,0,5.25,5.5,7.0,False
38005848,5.8,6.75,0,0,0,0,0,0,0,False
38005849,4.6,7.5,3.6,0,0,0,6.75,7.5,9.0,False
38005850,3.6,7.25,4.0,0,0,0,6.5,7.0,6.5,False
38005851,6.6,7.75,6.2,0,0,0,7.5,7.0,8.25,False
38005852,6.2,7.25,4.0,0,0,0,6.75,6.5,9.5,False
38005853,8.0,8.0,8.0,0,0,0,7.25,9.0,8.75,False
38005854,6.6,5.0,5.0,0,0,0,5.25,5.75,5.25,False
38005855,3.2,1.75,4.0,0,0,0,5.0,4.75,0,False
38005856,7.4,8.5,7.6,0,0,0,5.25,6.0,7.5,False
38005857,3.2,4.5,3.2,0,0,0,3.75,6.0,5.75,False
38005858,6.8,9.25,7.2,4.75,6.0,5.5,0,0,0,True
38005859,0,7.0,0,0,0,0,6.25,5.25,0,False
38005860,7.0,7.5,6.2,0,0,0,9.75,9.0,8.75,False
38005861,5.2,7.0,4.4,6.0,4.25,7.5,0,0,0,True
38005862,4.0,4.5,5.4,0,0,0,6.75,7.25,7.5,False
38005863,6.0,6.5,3.6,0,0,0,6.75,6.5,8.75,False
38005864,5.0,4.75,3.0,0,0,0,6.75,7.0,9.75,False
38005865,7.0,8.5,6.4,4.5,9.0,8.75,0,0,0,True
38005866,6.4,4.75,5.2,6.25,5.75,6.25,0,0,0,True
38005867,3.2,3.5,4.2,0,0,0,4.0,4.0,6.25,False
38005868,7.6,7.5,7.2,0,0,0,8.0,7.25,8.5,False
38005869,5.8,4.75,3.2,0,0,0,8.25,6.0,9.5,False
38005870,3.2,4.25,3.0,0,0,0,4.25,4.75,6.25,False
38005871,5.8,4.75,5.0,2.75,5.0,6.0,0,0,0,True
38005872,4.6,5.5,3.2,0,0,0,6.75,7.5,6.5,False
38005873,2.8,0,2.2,0,0,0,0,6.0,0,False
38005874,2.6,5.75,3.2,0,0,0,6.0,6.25,6.5,False
38005875,3.6,5.5,2.4,0,0,0,4.0,5.0,7.25,False
38005876,5.0,5.75,4.4,0,0,0,7.5,8.0,9.25,False
38005877,8.6,8.5,6.0,6.25,5.5,7.25,0,0,0,True
38005878,7.2,8.5,5.6,0,0,0,7.5,8.0,8.5,False
38005879,5.6,6.0,2.8,0,0,0,5.5,6.5,8.5,False
38005880,8.0,9.0,6.6,0,0,0,7.5,8.0,9.25,False
38005881,5.4,8.25,4.8,0,0,0,6.75,7.75,8.0,False
38005882,5.0,3.75,4.6,0,0,0,4.75,6.25,9.5,False
38005883,7.0,8.75,4.4,0,0,0,7.75,9.25,8.5,False
38005884,7.8,6.75,6.2,8.25,7.75,5.25,0,0,0,True
38005885,6.4,8.5,5.2,0,0,0,6.75,6.75,8.75,False
38005886,5.0,6.75,5.2,0,0,0,6.25,6.25,8.5,False
38005887,5.2,6.0,4.2,0,0,0,5.25,5.75,8.75,False
38005888,7.2,6.25,3.8,6.25,4.5,5.5,0,0,0,True
38005889,8.4,7.75,7.6,3.75,7.5,7.25,0,0,0,True
38005890,6.8,7.5,5.2,0,0,0,5.5,8.75,9.0,False
38005891,6.8,5.0,6.4,0,0,0,7.0,5.75,8.0,False
38005892,7.6,8.5,8.6,0,0,0,0,0,0,False
38005893,3.2,3.75,2.8,0,0,0,4.75,3.75,6.75,False
38005894,6.8,6.75,6.6,8.25,4.5,6.75,0,0,0,True
38005895,8.2,6.25,7.4,6.25,7.5,7.25,0,0,0,True
38005896,8.6,6.0,6.2,7.25,4.5,4.5,0,0,0,True
38005897,4.8,6.5,2.6,0,0,0,5.5,5.0,6.75,False
38005898,4.2,6.25,3.2,0,0,0,6.0,5.75,8.5,False
38005899,5.2,6.25,2.4,0,0,0,5.0,6.5,8.75,False
38005900,6.0,9.0,5.2,0,0,0,8.0,7.5,8.5,False
38005901,8.4,8.0,6.0,7.25,6.0,6.0,0,0,0,True
38005902,6.0,4.75,5.2,0,0,0,7.25,7.0,9.25,False
38005903,3.4,7.0,4.8,0,0,0,7.0,7.25,7.75,False
38005904,2.4,4.75,2.8,0,0,0,5.75,5.25,7.25,False
38005905,3.2,4.5,3.0,0,0,0,7.25,6.25,8.0,False
38005906,6.8,6.66,5.6,0,0,0,6.75,7.0,9.25,False
38005907,3.6,5.25,4.0,0,0,0,7.25,6.0,7.5,False
38005908,6.6,5.5,5.4,0,0,0,5.75,6.25,7.5,False
38005909,8.4,7.25,5.2,0,0,0,0,0,0,False
38005910,5.8,5.0,4.6,6.75,5.0,3.5,0,0,0,True
38005911,5.6,6.75,4.8,0,0,0,8.0,8.0,8.0,False
38005912,7.4,7.0,3.6,6.25,6.75,4.5,0,0,0,True
38005913,6.4,5.0,5.4,7.75,6.0,7.25,0,0,0,True
38005914,4.2,3.75,3.4,0,0,0,4.0,3.5,7.5,False
38005915,7.4,7.25,6.6,7.0,5.25,6.0,0,0,0,True
38005916,4.8,8.75,5.2,0,0,0,7.25,6.75,9.25,False
38005917,6.6,7.75,5.6,0,0,0,5.75,7.0,8.5,False
38005918,5.4,9.25,5.4,0,0,0,9.5,9.75,7.25,False
38005919,5.2,5.25,4.0,0,0,0,5.0,6.0,7.25,False
38005920,7.2,7.0,6.0,5.75,5.75,5.25,0,0,0,True
38005921,5.4,7.25,5.6,0,0,0,6.0,6.75,8.5,False
38005922,8.0,7.25,6.8,7.75,4.0,5.25,0,0,0,True
38005923,8.4,9.5,8.6,0,0,0,9.25,9.75,9.25,False
38005924,0,8.75,0,0,0,0,9.25,9.25,0,False
38005925,6.6,6.0,2.6,0,0,0,6.0,8.0,8.0,False
38005926,6.8,6.25,3.0,0,0,0,7.25,7.0,7.5,False
38005927,6.2,7.5,3.8,0,0,0,5.5,6.5,7.25,False
38005928,6.6,6.5,4.2,4.5,3.25,5.25,0,0,0,True
38005929,5.0,6.5,2.8,0,0,0,7.25,8.25,8.0,False
38005930,4.0,7.0,3.2,0,0,0,4.75,5.75,7.25,False
38005931,8.2,6.25,5.0,6.75,6.5,4.25,0,0,0,True
38005932,7.4,6.5,5.0,4.5,2.75,7.25,0,0,0,True
38005933,7.4,6.25,6.6,0,0,0,7.0,8.0,9.25,False
38005934,2.2,3.25,5.2,0,0,0,3.25,3.0,5.0,False
38005935,8.4,6.5,4.0,7.0,6.25,6.75,0,0,0,True
38005936,8.4,7.0,6.2,7.75,4.5,4.5,0,0,0,True
38005937,7.0,7.75,5.8,0,0,0,5.5,5.75,8.0,False
38005938,8.2,7.5,6.6,7.25,5.25,6.5,0,0,0,True
38005939,3.2,4.75,4.6,0,0,0,4.75,4.0,7.5,False
38005940,8.4,8.75,6.6,0,0,0,9.25,8.5,9.0,False
38005941,6.2,7.75,6.0,6.75,3.75,6.5,0,0,0,True
38005942,5.6,6.25,4.8,0,0,0,5.75,6.25,8.25,False
38005943,8.4,8.75,8.4,8.25,6.0,7.5,0,0,0,True
38005944,4.6,8.25,0,0,0,0,8.0,6.75,0,False
38005945,8.4,9.5,6.0,9.0,9.75,5.25,0,0,0,True
38005946,5.8,6.0,2.6,0,0,0,3.5,6.75,7.75,False
38005947,7.6,7.75,4.6,3.75,5.5,5.75,0,0,0,True
38005948,7.0,8.25,6.2,0,0,0,6.0,8.5,9.5,False
38005949,7.4,6.75,6.0,8.0,7.0,6.0,0,0,0,True
38005950,7.6,8.5,7.6,0,0,0,0,0,0,False
38005951,6.2,6.0,6.0,0,0,0,7.0,6.25,8.5,False
38005952,7.6,8.5,6.4,8.0,5.5,4.25,0,0,0,True
38005953,7.2,8.75,7.8,0,0,0,6.75,8.25,9.75,False
38005954,6.6,8.5,5.4,5.5,5.75,4.5,0,0,0,True
38005955,6.4,5.75,5.6,0,0,0,5.0,6.25,8.0,False
38005956,0,5.75,0,0,0,0,5.25,5.25,0,False
38005957,4.6,4.5,2.8,0,0,0,7.25,6.75,8.25,False
38005958,5.2,6.0,4.8,0,0,0,7.0,6.75,7.5,False
38005959,5.0,7.0,6.0,0,0,0,6.0,6.25,8.75,False
38005960,7.6,6.0,4.0,7.25,6.25,5.25,0,0,0,True
38005961,7.6,5.5,4.0,8.0,4.25,6.0,0,0,0,True
38005962,2.4,6.25,3.4,0,0,0,8.0,7.5,7.75,False
38005963,8.0,5.0,5.2,8.5,4.5,4.0,0,0,0,True
38005964,7.4,5.25,4.4,8.75,6.25,4.25,0,0,0,True
38005965,7.0,6.25,4.4,4.75,5.25,4.0,0,0,0,True
38005966,5.6,9.0,5.6,0,0,0,9.0,9.75,8.25,False
38005967,6.2,6.0,5.2,0,0,0,6.75,6.5,7.5,False
38005968,5.4,7.0,3.8,0,0,0,7.75,6.5,9.0,False
38005969,6.8,5.5,4.0,7.0,4.5,4.25,0,0,0,True
38005970,0,6.0,0,0,0,0,4.75,6.25,0,False
38005971,6.8,5.75,6.6,8.0,5.5,5.5,0,0,0,True
38005972,6.2,0,0,5.0,7.0,0,0,0,0,True
38005973,8.2,7.0,7.2,5.75,8.0,5.5,0,0,0,True
38005974,3.8,5.75,3.2,0,0,0,6.5,6.0,8.0,False
38005975,7.2,5.75,4.2,7.75,6.0,5.0,0,0,0,True
38005976,3.6,6.75,3.4,0,0,0,5.25,6.0,6.75,False
38005977,7.4,7.75,4.0,0,0,0,4.5,6.5,6.5,False
38005978,7.6,5.0,7.0,8.25,7.0,5.75,0,0,0,True
38005979,7.4,8.25,5.2,0,0,0,8.25,6.5,8.75,False
38005980,5.0,8.0,3.0,0,0,0,5.75,5.25,7.75,False
38005981,3.4,5.75,2.8,0,0,0,4.0,4.75,8.0,False
38005982,3.8,3.25,3.6,0,0,0,4.0,0,5.25,False
38005983,4.4,5.25,4.0,0,0,0,6.5,6.5,7.5,False
38005984,4.4,3.75,3.6,0,0,0,5.0,6.5,6.5,False
38005985,8.2,7.25,6.4,8.25,7.5,4.75,0,0,0,True
38005986,5.2,5.0,3.0,0,0,0,4.75,5.25,5.25,False
38005987,5.4,9.0,3.2,0,0,0,9.5,9.75,8.75,False
38005988,5.4,6.75,3.0,0,0,0,7.25,5.25,7.0,False
38005989,5.2,7.75,5.0,0,0,0,7.75,7.75,8.5,False
38005990,8.4,8.5,9.2,0,0,0,9.25,8.5,8.75,False
38005991,6.4,7.0,4.4,0,0,0,6.75,7.5,9.25,False
38005992,3.4,5.5,2.6,0,0,0,5.25,5.75,7.5,False
38005993,6.6,5.75,3.2,5.5,6.75,6.0,0,0,0,True
38005994,8.6,0,7.8,6.0,0,0,0,0,0,True
38005995,4.4,3.75,4.2,0,0,0,6.75,3.0,6.75,False
38005996,5.0,8.0,0,0,0,0,0,0,0,False
38005997,2.8,3.75,3.2,0,0,0,3.5,4.5,6.75,False
38005998,0,4.75,0,0,0,0,6.25,6.25,0,False
38005999,3.8,5.5,2.4,0,0,0,4.5,5.25,7.5,False
38006000,4.0,5.75,3.4,0,0,0,6.25,6.0,7.5,False
38006001,7.4,6.0,4.2,0,0,0,6.75,8.25,7.5,False
38006002,4.8,5.75,2.8,0,0,0,5.0,4.25,7.25,False
38006003,8.2,5.5,7.4,7.0,4.75,6.5,0,0,0,True
38006004,6.4,7.25,3.6,0,0,0,7.25,7.5,9.25,False
38006005,8.2,7.5,7.8,3.75,8.25,5.25,0,0,0,True
38006006,7.6,0,6.8,0,8.25,0,0,0,0,True
38006007,4.0,7.41,4.6,0,0,0,8.75,8.5,8.25,False
38006008,7.8,6.75,3.8,0,0,0,6.75,7.25,8.75,False
38006009,7.2,7.5,2.8,5.5,5.5,4.0,0,0,0,True
38006010,5.4,6.5,4.4,3.75,7.0,8.0,0,0,0,True
38006011,8.0,6.25,5.2,8.0,6.5,7.0,0,0,0,True
38006012,5.6,7.0,4.0,0,0,0,7.0,7.75,9.0,False
38006013,7.6,6.25,3.6,6.25,6.25,7.75,0,0,0,True
38006014,7.4,5.75,4.0,4.25,7.75,4.5,0,0,0,True
38006015,6.4,5.0,4.8,0,0,0,6.0,6.25,8.0,False
38006016,8.8,4.5,5.6,7.75,7.75,7.75,0,0,0,True
38006017,6.8,7.5,4.6,0,0,0,7.75,7.75,9.5,False
38006018,4.8,5.0,3.0,3.0,4.5,5.25,0,0,0,True
38006019,6.0,6.0,3.8,0,0,0,5.75,6.5,8.75,False
38006020,7.4,6.25,4.2,7.75,7.5,4.5,0,0,0,True
38006021,5.2,6.0,5.4,0,0,0,6.0,6.5,7.5,False
38006022,6.6,7.75,6.4,0,0,0,6.75,7.0,8.25,False
38006023,6.0,7.0,4.0,0,0,0,6.25,7.0,8.25,False
38006024,8.0,6.25,5.8,7.75,7.75,5.5,0,0,0,True
38006025,8.2,7.75,6.6,0,0,0,8.0,8.5,9.5,False
38006026,6.4,3.75,6.4,0,0,0,6.0,5.0,7.25,False
38006027,8.2,6.25,5.2,0,0,0,5.75,7.5,7.5,False
38006028,6.8,7.5,8.0,4.75,6.75,5.25,0,0,0,True
38006029,6.6,6.75,3.4,0,0,0,4.0,7.0,7.75,False
38006030,7.0,6.75,3.2,0,0,0,7.5,8.0,9.25,False
38006031,3.0,6.25,5.0,0,0,0,5.5,5.5,6.75,False
38006032,7.6,7.75,4.2,0,0,0,7.75,7.25,9.75,False
38006033,6.0,0,0,7.0,5.5,0,0,0,0,True
38006034,8.0,9.0,9.2,8.25,6.0,6.5,0,0,0,True
38006035,8.2,8.5,9.0,0,0,0,8.5,8.25,10.0,False
38006036,4.2,7.0,6.2,0,0,0,6.25,6.75,8.25,False
38006037,3.6,6.5,3.6,0,0,0,5.5,6.75,7.75,False
38006038,4.4,4.25,3.6,0,0,0,6.25,6.25,6.75,False
38006039,5.2,5.0,2.8,0,0,0,7.25,7.75,8.75,False
38006040,6.6,0,3.0,7.0,7.0,5.25,0,0,0,True
38006041,4.2,5.25,3.4,0,0,0,6.5,7.5,8.25,False
38006042,7.0,7.5,6.6,5.0,7.25,8.0,0,0,0,True
38006043,5.4,7.5,5.2,0,0,0,6.25,7.5,9.5,False
38006044,0,5.5,0,0,0,0,5.75,6.25,0,False
38006045,4.8,5.25,3.4,0,0,0,5.75,6.0,8.5,False
38006046,4.6,3.5,2.0,0,0,0,6.5,6.25,8.25,False
38006047,5.2,5.5,4.4,0,0,0,5.25,5.0,7.5,False
38006048,5.4,6.42,4.6,0,0,0,6.75,6.75,8.5,False
38006049,4.6,4.75,5.0,0,0,0,6.0,6.25,7.0,False
38006050,4.6,5.75,4.4,0,0,0,6.0,6.75,8.25,False
38006051,4.8,6.25,4.6,0,0,0,6.25,5.5,7.25,False
38006052,7.0,9.5,7.0,5.75,6.5,7.5,0,0,0,True
38006053,4.8,5.5,6.2,0,0,0,6.0,6.0,7.25,False
38006054,8.4,8.0,7.0,6.75,9.0,8.0,0,0,0,True
38006055,5.8,5.25,7.4,7.5,3.25,3.75,0,0,0,True
38006056,8.2,7.75,6.8,0,0,0,7.0,8.25,8.75,False
38006057,8.0,7.5,6.8,8.0,9.25,6.75,0,0,0,True
38006058,7.0,8.0,6.8,0,0,0,8.25,8.5,9.75,False
38006059,8.0,7.5,7.8,0,0,0,7.75,8.0,9.0,False
38006060,4.8,6.75,5.2,0,0,0,5.5,5.0,7.5,False
38006061,6.0,7.25,0,0,0,0,9.25,9.25,0,False
38006062,7.0,7.0,6.2,0,0,0,5.75,6.25,8.5,False
38006063,7.6,8.0,5.6,0,0,0,6.25,5.75,7.0,False
38006064,8.8,7.0,8.0,8.5,8.75,4.5,0,0,0,True
38006065,7.0,7.25,4.6,0,0,0,7.25,8.25,9.5,False
38006066,8.2,8.0,5.4,8.5,9.5,6.75,0,0,0,True
38006067,6.6,7.5,8.0,0,0,0,7.5,8.0,9.0,False
38006068,8.6,0,0,8.25,8.0,0,0,0,0,True
38006069,3.0,4.75,5.6,0,0,0,5.5,5.75,6.75,False
38006070,7.6,8.25,7.2,0,0,0,7.0,7.25,9.0,False
38006071,5.0,5.0,5.0,0,0,0,5.0,6.5,8.75,False
38006072,6.6,6.0,6.2,0,0,0,6.25,5.75,8.5,False
38006073,7.4,8.75,8.2,0,0,0,6.0,7.0,7.75,False
38006074,8.0,7.75,7.4,6.75,7.25,6.25,0,0,0,True
38006075,6.4,7.5,6.6,0,0,0,8.5,8.25,9.25,False
38006076,8.4,8.75,6.8,0,0,0,9.25,8.75,9.25,False
38006077,8.0,6.5,8.2,9.0,5.75,6.0,0,0,0,True
38006078,6.2,7.5,6.0,0,0,0,8.5,8.5,9.0,False
38006079,5.6,6.0,2.0,0,0,0,5.25,5.0,6.5,False
38006080,8.0,7.25,6.4,0,0,0,6.5,8.5,9.75,False
38006081,0,7.5,0,0,0,0,8.25,6.25,0,False
38006082,6.6,8.5,3.8,0,0,0,7.0,7.75,9.25,False
38006083,6.4,6.75,3.0,0,0,0,6.25,8.25,7.75,False
38006084,6.4,7.0,4.6,0,0,0,4.75,7.0,8.0,False
38006085,7.8,8.17,5.2,0,0,0,4.0,5.0,8.25,False
38006086,7.0,7.0,4.6,0,0,0,5.5,6.75,8.25,False
38006087,3.6,1.5,2.8,0,0,0,4.0,6.25,8.25,False
38006088,8.0,8.5,5.0,0,0,0,7.5,6.5,8.5,False
38006089,6.2,7.0,5.6,4.75,6.5,5.0,0,0,0,True
38006090,8.0,6.75,7.2,6.5,8.25,8.0,0,0,0,True
38006091,7.6,8.25,7.8,0,0,0,8.25,8.0,8.75,False
38006092,7.0,7.5,5.2,0,0,0,5.75,0,0,False
38006093,7.8,6.5,5.0,7.25,7.0,4.5,0,0,0,True
38006094,8.4,6.75,9.0,8.25,6.75,5.5,0,0,0,True
38006095,3.8,5.5,3.6,0,0,0,6.5,7.0,7.75,False
38006096,7.6,8.75,5.6,0,0,0,7.0,6.0,8.25,False
38006097,7.6,7.0,5.0,6.5,7.0,4.25,0,0,0,True
38006098,5.0,5.0,3.8,0,0,0,7.0,6.75,8.75,False
38006099,8.2,6.0,4.2,7.25,6.0,5.0,0,0,0,True
38006100,7.0,4.25,4.8,0,0,0,5.5,7.0,7.25,False
38006101,7.4,5.75,5.0,7.0,6.25,4.75,0,0,0,True
38006102,7.4,4.0,6.4,0,0,0,7.75,6.75,8.5,False
38006103,7.2,9.0,7.0,0,0,0,6.5,7.75,8.5,False
38006104,7.4,5.5,4.0,7.25,7.0,4.0,0,0,0,True
38006105,7.0,6.0,4.4,4.25,5.5,5.25,0,0,0,True
38006106,4.2,3.75,3.2,0,0,0,4.75,5.25,7.25,False
38006107,7.6,5.0,4.2,6.75,8.25,6.75,0,0,0,True
38006108,5.4,6.5,3.0,0,0,0,7.75,6.25,8.75,False
38006109,5.4,5.25,3.8,0,0,0,6.5,6.25,9.0,False
38006110,6.0,5.0,4.0,0,0,0,3.0,5.5,5.75,False
38006111,5.6,6.5,4.6,0,0,0,6.75,7.25,8.0,False
38006112,7.6,6.75,3.6,6.75,5.0,5.5,0,0,0,True
38006113,5.2,6.0,5.2,0,0,0,8.0,7.5,8.75,False
38006114,4.6,5.25,2.6,0,0,0,4.25,6.0,7.75,False
38006115,8.8,7.0,6.4,8.75,8.75,7.25,0,0,0,True
38006116,7.8,8.0,5.4,0,0,0,7.25,7.25,9.5,False
38006117,4.2,6.0,4.8,0,0,0,6.0,6.0,7.75,False
38006118,5.8,6.0,5.0,0,0,0,6.0,7.25,7.5,False
38006119,7.2,6.75,5.2,0,0,0,7.0,7.5,8.75,False
38006120,7.6,6.0,7.4,8.5,4.5,6.5,0,0,0,True
38006121,5.2,6.5,5.4,0,0,0,3.5,6.0,8.0,False
38006122,6.6,6.25,5.8,7.0,5.0,5.25,0,0,0,True
38006123,8.0,6.75,4.8,6.75,7.75,5.25,0,0,0,True
38006124,8.4,7.0,7.0,5.5,7.0,5.0,0,0,0,True
38006125,0,6.75,0,0,0,0,7.75,7.5,0,False
38006126,7.8,8.5,7.8,0,0,0,5.5,5.5,7.5,False
38006127,5.8,7.0,5.4,0,0,0,8.75,8.0,9.75,False
38006128,6.8,6.25,3.0,0,0,0,7.0,8.25,9.25,False
38006129,5.4,0,3.2,0,0,0,6.25,6.5,0,False
38006130,7.2,7.75,6.6,4.25,5.5,4.75,0,0,0,True
38006131,7.2,8.0,6.6,6.0,7.5,4.0,0,0,0,True
38006132,5.2,4.25,4.4,0,0,0,5.75,6.0,8.0,False
38006133,0,7.33,0,0,0,0,9.5,8.5,0,False
38006134,4.6,3.75,2.8,0,0,0,5.0,5.5,7.25,False
38006135,5.8,6.83,4.6,0,0,0,7.25,6.75,8.0,False
38006136,7.4,7.0,4.8,0,0,0,7.0,7.5,9.25,False
38006137,7.0,7.5,6.6,0,0,0,6.75,8.0,9.0,False
38006138,7.2,8.0,6.0,5.75,7.0,6.25,0,0,0,True
38006139,7.8,7.25,4.4,5.5,6.25,5.0,0,0,0,True
38006140,4.8,4.41,3.4,0,0,0,3.25,4.5,5.25,False
38006141,6.0,7.0,8.4,0,0,0,7.0,7.25,8.0,False
38006142,7.0,8.25,5.2,0,0,0,8.25,9.25,8.75,False
38006143,6.8,8.25,6.2,0,0,0,9.5,9.5,8.25,False
38006144,6.2,8.0,4.2,0,0,0,7.75,9.75,9.0,False
38006145,4.4,5.0,3.2,0,0,0,6.5,8.5,7.25,False
38006146,7.8,8.0,4.2,0,0,0,8.5,9.25,8.75,False
38006147,2.8,5.08,2.8,0,0,0,6.0,7.75,7.5,False
38006148,3.8,6.5,2.2,0,0,0,4.5,8.0,7.5,False
38006149,6.2,6.0,4.6,0,0,0,5.0,6.25,8.25,False
38006150,0,7.0,0,0,0,0,6.25,6.75,0,False
38006151,4.0,5.41,2.4,0,0,0,5.25,6.5,8.75,False
38006152,7.0,7.0,6.8,0,0,0,6.75,8.0,8.5,False
38006153,3.8,5.42,3.0,0,0,0,3.75,4.0,6.25,False
38006154,0,8.25,0,0,0,0,9.75,9.75,0,False
38006155,5.2,7.5,3.0,0,0,0,8.0,8.5,9.25,False
38006156,7.6,5.75,5.0,7.75,7.25,6.25,0,0,0,True
38006157,3.8,3.75,2.8,0,0,0,4.75,6.0,6.0,False
38006158,6.0,5.0,5.4,0,0,0,5.5,4.0,6.5,False
38006159,2.4,4.0,0,0,0,0,4.75,5.0,0,False
38006160,2.8,5.0,0,0,0,0,4.75,5.75,0,False
38006161,5.8,6.25,6.2,0,0,0,6.25,8.0,8.5,False
38006162,5.0,2.0,0,0,0,0,5.25,2.75,0,False
38006163,4.8,4.75,5.6,0,0,0,4.25,5.25,6.5,False
38006164,2.2,5.0,0,0,0,0,4.75,2.25,0,False
38006165,2.2,4.75,0,0,0,0,5.25,4.75,0,False
38006166,2.4,6.0,3.6,0,0,0,3.5,5.5,4.5,False
38006167,4.0,4.75,0,0,0,0,4.5,3.5,0,False
38006168,5.8,4.25,0,0,0,0,4.0,4.5,0,False
38006169,6.4,8.25,7.4,0,0,0,8.0,9.5,9.0,False
38006170,3.2,5.25,0,0,0,0,6.0,4.75,0,False
38006171,4.4,7.5,0,0,0,0,6.25,7.75,0,False
38006172,4.0,7.0,4.2,0,0,0,7.5,7.75,8.0,False
38006173,3.4,5.0,4.4,0,0,0,3.5,6.0,6.0,False
38006174,4.8,6.25,5.0,0,0,0,8.75,8.75,9.0,False
38006175,4.6,9.0,5.6,0,0,0,9.5,9.75,8.75,False
38006176,4.4,7.25,4.6,0,0,0,9.25,10.0,9.25,False
38006177,2.0,6.25,4.0,0,0,0,8.25,8.25,9.0,False
38006178,3.2,2.5,3.8,0,0,0,5.5,4.0,6.25,False
38006179,3.4,5.5,3.0,0,0,0,4.25,6.25,7.5,False
38006180,6.2,5.0,3.2,0,0,0,7.5,6.25,8.25,False
38006181,5.0,6.0,3.2,0,0,0,6.75,6.75,7.0,False
38006182,3.6,6.5,6.6,0,0,0,4.5,7.5,7.5,False
38006183,3.4,2.0,0,0,0,0,3.75,3.0,0,False
38006184,7.6,7.41,8.8,0,0,0,7.25,7.5,7.0,False
38006185,2.8,3.66,3.2,0,0,0,3.0,3.25,4.5,False
38006186,4.4,8.5,3.8,0,0,0,8.5,9.0,8.5,False
38006187,4.2,5.75,2.4,0,0,0,5.25,8.75,7.0,False
38006188,3.0,5.25,3.4,0,0,0,4.5,6.5,6.5,False
38006189,0,5.5,0,0,0,0,9.25,8.75,0,False
38006190,3.6,4.0,3.0,0,0,0,4.0,5.5,5.75,False
38006191,1.6,2.25,0,0,0,0,4.0,3.0,0,False
38006192,2.8,5.25,2.4,0,0,0,5.5,6.75,5.5,False
38006193,2.2,5.25,0,0,0,0,6.25,5.0,0,False
38006194,7.0,5.0,8.4,5.0,6.5,6.75,0,0,0,True
38006195,3.2,3.5,0,0,0,0,3.5,3.0,0,False
38006196,3.2,0,0,0,0,0,6.0,0,0,False
38006197,4.6,7.25,3.8,0,0,0,6.75,7.75,8.25,False
38006198,6.0,5.33,6.2,0,0,0,4.75,6.75,7.5,False
38006199,4.0,3.0,5.2,0,0,0,5.0,5.5,6.5,False
38006200,5.2,5.25,5.6,4.75,6.0,6.0,0,0,0,True
38006201,4.8,7.0,5.2,0,0,0,8.75,9.0,9.25,False
38006202,3.0,5.25,3.2,0,0,0,5.5,4.5,5.5,False
38006203,7.2,3.75,3.8,4.5,7.5,8.0,0,0,0,True
38006204,6.6,9.0,8.0,0,0,0,7.0,9.25,9.25,False
38006205,5.8,6.5,5.6,0,0,0,8.5,9.25,9.5,False
38006206,1.6,5.75,2.0,0,0,0,5.25,4.75,4.75,False
38006207,5.6,6.5,3.8,0,0,0,5.0,7.0,7.0,False
38006208,5.4,5.75,2.8,0,0,0,5.75,6.0,7.75,False
38006210,2.8,8.0,3.8,0,0,0,7.0,7.75,7.5,False
38006211,4.6,5.75,2.6,0,0,0,6.0,7.25,7.75,False
38006212,8.4,7.5,3.4,8.0,4.75,8.5,0,0,0,True
38006213,5.4,5.25,3.8,0,0,0,7.0,8.0,9.5,False
38006214,4.4,4.75,3.6,0,0,0,4.75,5.75,7.0,False
38006215,2.0,2.25,0,0,0,0,5.25,3.5,0,False
38006216,2.2,4.0,2.6,0,0,0,3.75,3.75,4.25,False
38006217,0,6.25,0,0,0,0,9.0,8.75,0,False
38006218,4.4,6.5,3.6,0,0,0,6.75,7.0,8.0,False
38006219,7.4,6.5,3.4,5.25,7.25,5.5,0,0,0,True
38006220,8.0,6.5,9.0,6.5,8.75,8.0,0,0,0,True
38006221,7.0,5.0,5.0,0,0,0,6.5,6.25,8.0,False
38006222,8.6,7.5,5.6,7.75,8.0,7.75,0,0,0,True
38006223,7.4,8.5,5.8,0,0,0,7.75,9.25,8.0,False
38006224,4.4,7.0,4.6,0,0,0,7.25,9.25,9.0,False
38006225,3.8,7.0,3.6,0,0,0,6.25,6.5,7.5,False
38006226,3.2,6.25,4.6,0,0,0,7.75,7.0,6.75,False
38006227,7.4,8.0,8.0,0,0,0,8.25,9.0,9.5,False
38006228,2.0,5.5,4.0,0,0,0,5.25,7.0,8.0,False
38006229,4.4,4.5,3.2,0,0,0,5.25,7.0,7.25,False
38006230,4.4,5.25,3.6,0,0,0,6.5,7.0,8.0,False
38006231,2.6,0.5,0,0,0,0,3.5,4.5,0,False
38006232,3.4,6.5,3.8,0,0,0,6.5,7.75,8.5,False
38006233,3.8,3.0,0,0,0,0,4.0,5.0,0,False
38006234,5.4,6.25,5.4,0,0,0,5.0,7.25,8.25,False
38006235,6.2,7.0,5.6,0,0,0,5.0,5.5,8.75,False
38006236,3.8,5.5,2.8,0,0,0,7.0,7.5,7.75,False
38006237,6.6,6.0,5.0,5.25,6.0,5.25,0,0,0,True
38006238,2.0,4.0,2.4,0,0,0,4.0,3.5,5.0,False
38006239,4.2,7.75,3.6,0,0,0,5.75,6.75,8.5,False
38006240,4.4,6.25,3.6,0,0,0,8.25,8.25,8.0,False
38006241,7.0,5.75,5.2,6.5,6.0,6.5,0,0,0,True
38006242,0,7.0,0,0,0,0,9.75,9.25,0,False
38006243,4.0,7.5,3.2,0,0,0,4.25,7.25,8.0,False
38006244,4.4,5.0,4.2,0,0,0,4.5,5.25,6.75,False
38006245,4.2,5.75,0,0,0,0,6.5,7.75,0,False
38006246,4.4,5.5,0,0,0,0,6.5,6.75,0,False
38006247,2.4,3.5,0,0,0,0,4.5,3.75,0,False
38006248,7.0,6.5,7.4,0,0,0,7.5,8.75,9.5,False
38006249,3.6,6.5,2.8,0,0,0,6.75,7.25,8.0,False
38006250,4.6,7.0,5.4,0,0,0,8.25,7.25,8.75,False
38006251,5.8,6.75,3.8,0,0,0,6.25,7.25,7.75,False
38006252,6.8,5.75,3.2,3.25,4.75,5.5,0,0,0,True
38006253,3.6,8.0,4.0,0,0,0,7.0,7.75,8.25,False
38006254,0.8,4.5,3.8,0,0,0,6.5,7.0,7.75,False
38006255,2.8,5.75,4.8,0,0,0,5.75,7.0,8.0,False
38006256,5.6,6.25,0,0,0,0,7.0,8.75,0,False
38006257,5.8,3.25,2.8,0,0,0,5.25,7.0,8.5,False
38006258,2.4,2.0,0,0,0,0,2.75,5.0,0,False
38006259,4.2,7.0,4.4,0,0,0,7.5,9.25,8.75,False
38006260,8.0,8.0,5.6,0,0,0,7.75,9.0,8.25,False
38006261,4.6,4.25,5.4,0,0,0,2.75,7.5,4.25,False
38006262,3.0,5.5,2.0,0,0,0,7.0,5.5,7.0,False
38006263,3.8,6.25,4.6,0,0,0,7.25,6.75,8.5,False
38006264,5.2,7.25,3.4,0,0,0,7.25,8.25,8.75,False
38006265,4.4,6.25,0,0,0,0,7.25,6.75,0,False
38006266,5.0,5.75,5.6,0,0,0,3.25,5.0,6.25,False
38006267,6.0,6.0,6.6,0,0,0,6.5,8.0,8.0,False
38006268,3.6,7.5,6.0,0,0,0,7.5,8.0,9.0,False
38006269,3.8,7.0,3.2,0,0,0,7.25,6.5,8.5,False
38006270,5.2,8.0,3.6,0,0,0,4.75,8.0,8.75,False
38006271,3.6,6.75,3.8,0,0,0,7.75,9.25,8.25,False
38006272,7.2,4.75,3.6,0,0,0,5.0,6.5,7.0,False
38006273,7.4,6.08,5.6,0,0,0,6.0,6.75,7.75,False
38006274,4.4,7.0,3.2,0,0,0,6.0,8.25,8.25,False
38006275,3.4,6.5,3.4,0,0,0,5.5,7.5,7.75,False
38006276,6.0,7.5,6.2,0,0,0,7.0,7.25,8.75,False
38006277,3.6,4.25,3.6,0,0,0,5.25,5.75,7.75,False
38006278,5.8,4.5,0,0,0,0,5.25,4.5,0,False
38006279,7.6,6.0,1.4,3.0,7.75,6.75,0,0,0,True
38006280,8.4,6.0,7.4,5.25,7.25,7.0,0,0,0,True
38006281,3.6,5.5,0,0,0,0,5.0,5.25,0,False
38006282,7.8,5.75,5.8,5.75,6.5,5.75,0,0,0,True
38006283,8.0,8.0,5.6,7.75,5.5,5.5,0,0,0,True
38006284,3.4,5.25,0,0,0,0,4.75,6.5,0,False
38006285,1.4,5.5,0,0,0,0,5.0,7.0,0,False
38006286,6.6,6.5,4.8,0,0,0,5.75,7.0,7.25,False
38006287,6.6,5.08,3.2,0,0,0,4.75,7.75,8.25,False
38006288,7.8,6.25,7.8,7.75,5.75,7.0,0,0,0,True
38006289,5.4,5.75,5.6,0,0,0,5.75,4.75,7.0,False
38006290,3.8,7.0,5.6,0,0,0,7.75,7.25,8.5,False
38006291,3.8,3.0,0,0,0,0,4.0,1.5,0,False
38006292,6.0,8.25,5.4,0,0,0,8.75,9.5,9.75,False
38006293,4.8,2.5,3.6,0,0,0,6.0,6.0,7.75,False
38006294,2.0,2.0,0,0,0,0,2.75,4.75,0,False
38006295,7.6,4.25,7.0,8.0,2.75,5.5,0,0,0,True
38006296,3.8,5.75,2.6,0,0,0,6.5,7.5,7.75,False
38006297,7.0,5.75,3.8,5.0,4.75,6.75,0,0,0,True
38006298,7.0,7.25,3.8,0,0,0,8.75,9.75,8.75,False
38006299,3.0,5.5,4.0,0,0,0,7.0,7.5,7.75,False
38006300,8.6,7.0,3.0,8.5,6.0,4.75,0,0,0,True
38006301,4.8,7.25,3.4,0,0,0,8.75,9.25,9.0,False
38006302,4.0,4.25,2.6,0,0,0,5.0,6.25,7.25,False
38006303,5.8,8.75,5.4,0,0,0,5.25,8.0,7.25,False
38006304,4.2,6.25,3.0,0,0,0,5.5,6.75,7.5,False
38006305,6.2,7.5,4.6,0,0,0,7.5,9.25,8.25,False
38006306,6.4,6.5,5.8,5.25,6.0,7.5,0,0,0,True
38006307,6.2,5.5,5.4,0,0,0,6.5,7.75,7.75,False
38006308,7.8,8.5,7.0,6.5,6.75,7.25,0,0,0,True
38006309,5.0,6.5,2.6,0,0,0,4.5,8.0,8.25,False
38006310,0,5.0,0,0,0,0,6.25,8.0,0,False
38006311,7.6,8.0,8.4,7.5,3.75,5.75,0,0,0,True
38006312,4.8,6.5,3.4,0,0,0,6.5,8.0,9.25,False
38006313,2.8,4.75,2.6,0,0,0,7.0,7.25,7.75,False
38006314,4.4,3.5,0,0,0,0,4.0,2.75,0,False
38006315,3.0,6.5,4.4,0,0,0,6.25,6.25,8.0,False
38006316,6.8,8.5,5.0,0,0,0,5.5,7.75,8.75,False
38006317,6.2,5.0,4.8,0,0,0,3.75,6.5,7.25,False
38006318,6.0,8.5,5.2,0,0,0,6.25,6.0,8.75,False
38006319,4.4,5.75,3.6,0,0,0,6.0,7.5,8.5,False
38006320,2.8,3.25,0,0,0,0,4.75,3.25,0,False
38006321,3.8,3.5,5.2,0,0,0,3.25,5.75,7.25,False
38006322,5.8,7.0,8.0,0,0,0,6.25,8.0,8.5,False
38006323,5.4,5.75,4.8,0,0,0,6.5,8.0,8.5,False
38006324,6.0,4.0,4.4,0,0,0,4.75,6.75,6.75,False
38006325,6.4,4.25,4.2,0,0,0,6.5,5.5,7.25,False
38006326,4.6,5.25,5.2,0,0,0,5.0,7.0,7.25,False
38006327,6.6,5.75,5.6,0,0,0,7.75,8.25,8.75,False
38006328,6.6,7.0,5.4,4.0,7.25,6.75,0,0,0,True
38006329,5.8,3.5,4.0,0,0,0,6.75,6.5,7.25,False
38006330,5.4,7.5,6.2,0,0,0,6.0,7.0,9.0,False
38006331,8.6,8.25,8.4,8.5,8.75,8.5,0,0,0,True
38006332,2.6,6.5,4.2,0,0,0,4.75,5.5,6.0,False
38006333,2.0,4.0,3.2,0,0,0,4.75,6.75,7.0,False
38006334,3.6,7.25,6.0,0,0,0,7.0,8.25,8.0,False
38006335,6.2,7.75,6.0,0,0,0,5.5,7.5,6.5,False
38006336,4.0,5.25,5.6,0,0,0,4.25,8.0,7.0,False
38006337,3.2,5.5,3.8,0,0,0,4.5,6.75,6.5,False
38006338,3.4,6.25,3.2,0,0,0,4.5,7.25,6.5,False
38006339,6.2,6.75,2.8,0,0,0,8.25,8.75,7.5,False
38006340,3.6,6.5,0,0,0,0,5.75,6.5,0,False
38006341,4.2,5.75,0,0,0,0,5.25,7.0,0,False
38006342,4.2,6.0,0,0,0,0,4.5,6.25,0,False
38006343,7.4,6.75,5.4,7.0,3.25,5.75,0,0,0,True
38006344,7.0,4.0,4.2,0,0,0,5.75,6.75,8.25,False
38006345,7.6,6.5,6.2,7.25,7.75,8.25,0,0,0,True
38006346,3.2,3.5,2.4,0,0,0,2.25,6.5,6.75,False
38006347,5.2,7.0,5.4,0,0,0,5.25,8.0,7.0,False
38006348,5.2,7.75,4.0,0,0,0,3.5,7.75,7.75,False
38006349,6.2,9.0,7.4,0,0,0,7.0,9.0,9.5,False
38006350,3.2,4.58,3.8,0,0,0,5.75,5.75,5.5,False
38006351,4.0,5.17,4.0,0,0,0,2.5,4.25,6.25,False
38006352,4.0,5.58,4.4,0,0,0,6.5,6.75,8.25,False
38006353,5.2,7.5,2.6,0,0,0,8.0,8.25,8.25,False
38006354,4.0,4.25,0,0,0,0,3.75,2.5,0,False
38006355,6.8,6.0,4.4,0,0,0,4.5,5.5,8.25,False
38006356,7.6,6.25,7.8,6.5,4.75,7.0,0,0,0,True
38006357,4.2,5.0,3.6,0,0,0,3.75,6.25,7.0,False
38006358,4.8,5.0,3.4,0,0,0,3.5,6.25,7.5,False
38006359,7.8,6.25,8.8,6.0,5.0,7.5,0,0,0,True
38006360,4.6,8.5,8.0,0,0,0,6.75,7.0,8.75,False
38006361,6.2,7.5,6.0,0,0,0,9.0,8.0,9.75,False
38006362,5.2,5.75,3.6,0,0,0,4.5,7.0,8.25,False
38006363,5.6,6.5,4.0,0,0,0,4.5,6.0,7.25,False
38006364,4.6,4.75,5.4,0,0,0,6.0,6.75,5.5,False
38006365,2.0,4.0,2.6,0,0,0,8.0,6.75,6.5,False
38006366,3.0,3.0,0,0,0,0,4.25,3.75,0,False
38006367,3.0,4.5,2.4,0,0,0,5.5,4.5,7.0,False
38006368,3.4,3.75,3.6,0,0,0,6.0,5.0,8.25,False
38006369,5.6,4.5,5.2,0,0,0,6.25,6.25,8.0,False
38006370,3.2,6.25,3.4,2.75,3.25,4.5,0,0,0,True
38006371,5.8,7.25,5.6,0,0,0,6.75,7.25,8.5,False
38006372,3.0,3.5,4.0,0,0,0,3.25,7.25,6.5,False
38006373,3.4,7.75,3.6,0,0,0,7.75,9.25,8.75,False
38006374,3.6,5.16,0,0,0,0,5.75,5.25,0,False
38006375,5.0,4.5,3.4,0,0,0,6.75,7.75,7.25,False
38006376,5.6,6.5,4.8,0,0,0,7.5,7.5,9.0,False
38006377,3.8,4.75,0,0,0,0,4.0,3.5,0,False
38006378,8.0,5.25,3.8,5.75,7.25,6.5,0,0,0,True
38006379,7.0,6.0,4.6,4.25,6.5,6.5,0,0,0,True
38006380,7.2,6.25,4.2,0,0,0,7.0,7.25,8.25,False
38006381,7.2,4.0,4.2,0,0,0,5.25,6.0,7.25,False
38006382,2.4,3.0,0,0,0,0,4.0,3.5,0,False
38006383,7.0,5.25,5.8,0,0,0,5.25,6.5,8.75,False
38006384,4.6,6.5,4.4,0,0,0,7.75,7.5,8.25,False
38006385,6.6,5.75,6.0,0,0,0,5.5,6.75,8.25,False
38006386,7.2,6.25,5.6,7.25,7.0,6.75,0,0,0,True
38006387,0,6.25,0,0,0,0,8.5,8.75,0,False
38006388,0,5.25,0,0,0,0,5.0,5.0,0,False
38006389,4.0,5.75,3.4,0,0,0,3.5,3.5,4.5,False
38006390,5.2,8.5,4.4,0,0,0,7.25,7.0,8.0,False
38006391,3.8,4.25,0,0,0,0,4.25,4.75,0,False
38006392,2.6,4.42,0,0,0,0,3.75,5.0,0,False
38006393,3.2,3.75,0,0,0,0,3.75,3.25,0,False
38006394,1.6,5.25,2.8,0,0,0,3.75,6.0,7.5,False
38006395,3.4,6.25,3.0,0,0,0,7.0,8.0,8.75,False
38006396,3.0,5.0,4.6,0,0,0,4.25,5.5,7.25,False
38006397,4.8,4.5,4.2,0,0,0,7.0,5.25,7.5,False
38006398,8.0,8.5,8.6,0,0,0,7.5,8.5,8.75,False
38006399,0,4.5,0,0,0,0,5.5,5.0,0,False
38006400,3.0,5.5,6.2,0,0,0,5.25,7.25,8.25,False
38006401,4.4,5.0,3.6,0,0,0,3.0,5.0,8.0,False
38006402,3.8,2.0,4.0,0,0,0,4.5,3.75,5.5,False
38006403,7.4,8.25,6.0,0,0,0,7.25,8.75,8.75,False
38006404,6.6,7.75,3.6,0,0,0,8.5,9.5,8.75,False
38006405,2.6,2.75,0,0,0,0,4.5,3.5,0,False
38006406,4.4,4.75,2.4,0,0,0,4.75,4.75,5.75,False
38006407,8.8,4.75,6.6,6.0,5.25,7.25,0,0,0,True
38006408,2.8,2.0,0,0,0,0,3.5,5.0,0,False
38006409,2.8,5.25,5.2,0,0,0,3.5,3.75,5.5,False
38006410,4.0,4.5,3.6,0,0,0,6.5,5.75,7.5,False
38006411,2.4,5.75,3.0,0,0,0,6.25,6.0,7.5,False
38006412,3.6,5.0,4.6,0,0,0,5.5,5.75,7.0,False
38006413,3.8,2.5,3.4,0,0,0,5.75,6.0,6.75,False
38006414,5.0,7.5,4.4,0,0,0,9.0,9.0,7.0,False
38006415,2.8,3.5,3.4,0,0,0,4.5,6.5,7.75,False
38006416,3.2,4.75,0,0,0,0,4.5,5.5,0,False
38006417,3.0,5.75,3.4,0,0,0,4.5,6.0,7.75,False
38006418,3.2,5.25,3.6,0,0,0,4.25,7.75,8.0,False
38006419,4.2,5.25,3.0,0,0,0,5.25,6.75,7.0,False
38006420,4.0,5.25,2.2,0,0,0,4.75,6.75,7.75,False
38006421,8.6,5.75,5.2,7.25,5.5,6.5,0,0,0,True
38006422,5.0,6.0,2.6,0,0,0,8.5,8.5,7.25,False
38006423,3.0,4.25,3.2,0,0,0,4.25,3.75,5.75,False
38006424,7.2,8.0,8.2,0,0,0,7.0,9.0,9.25,False
38006425,7.2,8.0,7.4,6.5,6.0,6.75,0,0,0,True
38006426,4.8,6.0,4.2,0,0,0,6.75,7.0,8.25,False
38006427,4.4,1.75,3.2,0,0,0,2.75,4.0,6.75,False
38006428,3.8,4.75,3.2,0,0,0,5.25,4.5,5.75,False
38006429,3.4,3.25,3.4,0,0,0,6.75,3.5,7.75,False
38006430,7.0,7.0,5.0,4.25,6.5,7.75,0,0,0,True
38006431,3.8,5.0,3.0,0,0,0,5.25,7.0,8.0,False
38006432,3.2,4.75,2.0,0,0,0,4.75,6.25,5.75,False
38006433,2.6,6.25,5.6,0,0,0,3.75,7.0,7.0,False
38006434,3.2,2.75,0,0,0,0,6.0,6.25,0,False
38006435,3.6,4.5,0,0,0,0,6.0,6.75,0,False
38006436,6.6,7.0,6.4,0,0,0,7.5,8.0,9.25,False
38006437,5.6,7.25,2.8,0,0,0,7.75,9.75,9.25,False
38006438,3.4,4.0,0,0,0,0,5.25,4.0,0,False
38006439,4.0,5.0,0,0,0,0,3.5,4.5,0,False
38006440,4.6,2.0,0,0,0,0,4.75,3.25,0,False
38006441,4.4,5.0,3.2,0,0,0,5.25,6.75,5.75,False
38006442,5.6,4.0,0,0,0,0,5.0,7.5,0,False
38006443,3.8,4.25,0,0,0,0,4.5,4.5,0,False
38006444,4.4,5.5,1.6,0,0,0,5.0,8.75,7.25,False
38006445,4.4,2.25,3.8,0,0,0,4.25,3.5,5.0,False
38006446,8.2,7.5,7.0,0,0,0,6.75,7.25,8.5,False
38006447,4.6,6.0,0,0,0,0,4.25,5.75,0,False
38006448,3.8,6.25,4.2,0,0,0,4.25,7.5,5.75,False
38006449,3.0,2.0,0,0,0,0,3.25,4.0,0,False
38006450,6.6,7.5,6.4,0,0,0,9.25,9.0,8.0,False
38006451,6.2,7.5,4.0,0,0,0,4.75,6.75,7.25,False
38006452,6.4,7.5,5.8,0,0,0,7.25,7.5,8.75,False
38006453,5.0,5.75,0,0,0,0,6.0,7.75,0,False
38006454,4.4,5.0,2.8,0,0,0,5.75,3.25,6.75,False
38006455,5.0,6.75,3.0,0,0,0,8.0,8.5,9.0,False
38006456,4.2,5.5,3.0,0,0,0,4.5,5.25,7.0,False
38006457,3.8,6.25,2.6,0,0,0,4.5,6.5,7.5,False
38006458,5.8,6.0,6.6,0,0,0,6.75,7.0,7.25,False
38006459,7.2,7.25,8.6,0,0,0,6.75,7.5,8.0,False
38006460,3.8,4.5,3.2,0,0,0,6.25,7.75,8.0,False
38006461,3.4,5.5,0,0,0,0,7.0,7.5,0,False
38006462,4.4,6.25,4.4,0,0,0,6.5,7.75,7.5,False
38006463,4.8,5.75,3.8,0,0,0,6.25,5.75,8.0,False
38006464,7.4,8.0,4.2,3.25,3.75,6.0,0,0,0,True
38006465,5.2,7.0,5.0,0,0,0,4.25,7.0,6.5,False
38006466,7.4,9.0,7.6,0,0,0,6.25,8.25,9.0,False
38006467,6.8,7.25,4.4,0,0,0,7.25,9.25,9.25,False
38006468,7.4,8.5,8.0,0,0,0,5.5,8.0,8.0,False
38006469,4.2,6.5,0,0,0,0,6.0,7.75,0,False
38006470,7.8,8.75,6.6,0,0,0,9.5,8.0,9.25,False
38006471,2.8,5.75,5.2,0,0,0,6.0,7.25,8.0,False
38006472,6.0,7.25,3.2,0,0,0,4.5,7.5,8.0,False
38006473,3.2,4.0,3.2,0,0,0,4.75,6.75,6.0,False
38006474,2.0,4.25,3.4,0,0,0,5.0,5.5,7.75,False
38006475,4.8,7.75,4.8,0,0,0,6.75,7.0,8.0,False
38006476,9.0,6.25,4.4,5.0,9.25,9.25,0,0,0,True
38006477,6.6,9.0,6.2,0,0,0,7.5,8.0,8.5,False
38006478,6.0,8.0,6.0,0,0,0,6.5,7.75,9.0,False
38006479,2.8,5.75,2.2,0,0,0,4.75,3.5,6.0,False
38006480,0,8.0,0,0,0,0,9.5,9.5,0,False
38006481,6.2,6.5,3.4,0,0,0,5.75,8.75,8.75,False
38006482,4.2,6.5,3.6,0,0,0,8.0,8.5,7.5,False
38006483,4.4,3.5,0,0,0,0,5.25,6.25,0,False
38006484,6.6,0,0,5.0,7.25,5.25,0,0,0,True
38006485,2.6,4.5,2.6,0,0,0,4.25,5.25,6.75,False
38006486,3.6,7.0,0,0,0,0,6.5,5.75,0,False
38006487,6.8,7.5,0,0,0,0,10.0,9.25,0,False
38006488,3.8,3.25,3.0,0,0,0,5.0,4.5,6.25,False
38006489,4.0,2.0,2.8,0,0,0,4.25,5.0,3.5,False
38006490,3.2,6.75,2.8,0,0,0,4.5,6.25,7.0,False
38006491,7.0,8.5,5.6,0,0,0,8.5,9.5,9.25,False
38006492,6.0,8.25,4.4,0,0,0,6.25,7.0,8.5,False
38006493,4.8,7.25,2.4,0,0,0,4.75,7.0,7.75,False
38006494,6.6,5.75,4.4,5.5,5.0,6.0,0,0,0,True
38006495,3.0,5.0,0,0,0,0,5.25,7.5,0,False
38006496,4.6,5.5,2.4,0,0,0,4.0,7.75,6.75,False
38006497,4.6,3.0,3.6,0,0,0,2.25,5.25,5.5,False
38006498,2.6,3.25,0,0,0,0,3.75,4.75,0,False
38006499,3.2,5.75,0,0,0,0,5.5,7.25,8.0,False
38006500,2.0,3.25,0,0,0,0,4.75,4.5,0,False
38006501,3.4,6.0,2.8,0,0,0,6.75,7.25,8.25,False
38006502,6.4,6.75,3.6,0,0,0,5.0,7.5,7.75,False
38006503,7.0,6.75,3.2,0,0,0,5.75,7.5,8.0,False
38006504,6.0,4.75,3.6,0,0,0,7.5,6.75,7.5,False
38006505,7.8,6.5,6.6,6.0,7.0,8.25,0,0,0,True
38006506,3.6,5.0,3.4,0,0,0,4.75,5.75,6.75,False
38006507,3.6,5.75,2.8,0,0,0,4.75,5.75,7.5,False
38006508,3.8,4.75,3.2,0,0,0,4.0,6.25,6.5,False
38006509,2.4,5.5,4.6,0,0,0,7.0,7.0,8.0,False
38006510,6.6,7.25,6.6,0,0,0,8.0,7.75,7.25,False
38006511,6.4,7.75,6.2,0,0,0,6.5,7.75,7.5,False
38006512,5.0,7.25,5.0,0,0,0,6.25,6.75,8.0,False
38006513,7.2,9.0,8.4,0,0,0,8.0,7.25,9.5,False
38006514,5.2,8.75,6.6,0,0,0,9.0,9.5,9.0,False
38006515,7.0,8.25,5.0,0,0,0,7.0,8.0,8.25,False
38006516,5.2,5.75,3.2,0,0,0,4.0,8.0,7.25,False
38006517,8.4,8.25,7.2,7.25,6.0,7.0,0,0,0,True
38006518,4.6,6.25,0,0,0,0,6.75,7.5,0,False
38006519,5.2,6.75,3.6,0,0,0,6.75,8.25,7.5,False
38006520,3.6,2.75,0,0,0,0,4.75,3.75,0,False
38006521,5.8,6.25,2.6,5.25,5.0,6.25,0,0,0,True
38006522,6.0,7.75,3.6,0,0,0,7.25,7.25,9.5,False
38006523,6.0,7.25,4.0,0,0,0,6.0,6.5,8.75,False
38006524,8.0,6.75,6.2,7.25,6.25,6.0,0,0,0,True
38006525,7.6,7.0,3.6,7.75,5.75,7.0,0,0,0,True
38006526,5.6,0,0,3.5,3.0,5.75,0,0,0,True
38006527,7.2,8.75,5.2,0,0,0,8.25,8.5,8.25,False
38006528,7.6,8.5,5.6,7.0,8.5,5.25,0,0,0,True
38006529,5.0,8.25,4.4,0,0,0,6.25,9.0,7.5,False
38006530,5.6,8.75,3.8,0,0,0,6.75,7.75,7.75,False
38006531,7.6,5.75,4.0,5.0,6.5,6.5,0,0,0,True
38006532,4.8,8.0,6.8,0,0,0,7.5,7.5,9.25,False
38006533,5.8,7.0,3.2,0,0,0,8.0,9.5,8.75,False
38006534,5.0,7.25,5.0,0,0,0,6.0,8.0,9.0,False
38006535,9.4,7.25,8.8,6.75,10.0,9.75,0,0,0,True
38006536,5.6,7.25,4.4,0,0,0,7.25,8.25,8.25,False
38006537,3.4,7.25,2.6,0,0,0,6.5,9.5,9.0,False
38006538,7.2,8.75,7.0,0,0,0,7.5,6.75,8.25,False
38006539,5.4,8.0,6.6,0,0,0,8.25,9.5,9.0,False
38006540,3.6,6.25,4.2,0,0,0,5.5,6.25,6.75,False
38006542,3.2,5.25,2.8,0,0,0,5.75,8.0,8.0,False
38006543,5.4,8.25,4.6,0,0,0,8.75,9.0,9.0,False
38006544,3.8,6.5,2.0,0,0,0,5.5,4.75,7.75,False
38006545,5.2,8.0,4.0,0,0,0,7.25,8.0,9.25,False
38006546,8.2,5.25,4.2,6.0,8.75,7.5,0,0,0,True
38006547,7.6,7.75,8.4,0,0,0,6.75,6.25,8.25,False
38006548,4.6,5.75,0,0,0,0,6.5,6.75,0,False
38006549,2.0,2.0,0,0,0,0,3.25,4.25,0,False
38006550,7.8,4.5,5.2,7.5,5.75,5.5,0,0,0,True
38006551,8.6,5.0,8.6,8.5,4.5,5.75,0,0,0,True
38006552,5.2,5.75,1.8,0,0,0,6.75,6.25,7.25,False
38006553,6.0,5.0,2.2,5.25,4.25,5.75,0,0,0,True
38006554,4.0,5.0,0,0,0,0,5.25,5.5,0,False
38006555,6.2,5.25,3.8,0,0,0,7.0,7.25,8.5,False
38006556,7.0,7.25,4.6,0,0,0,6.75,7.25,9.0,False
38006557,4.4,7.0,1.4,0,0,0,6.25,7.25,8.5,False
38006558,8.4,6.5,3.4,8.0,8.0,4.5,0,0,0,True
38006559,8.0,7.0,5.0,8.5,9.5,8.25,0,0,0,True
38006560,7.8,7.5,4.8,0,0,0,9.5,9.5,8.75,False
38006561,6.8,5.0,6.4,5.5,7.25,5.0,0,0,0,True
38006562,4.2,5.75,2.2,0,0,0,5.75,7.25,8.25,False
38006563,3.8,5.25,3.6,0,0,0,5.75,6.0,7.25,False
38006565,5.0,6.75,2.6,0,0,0,8.0,7.75,7.75,False
38006566,5.0,7.25,4.0,0,0,0,7.25,9.0,7.0,False
38006567,5.0,6.75,4.4,0,0,0,7.0,7.75,7.75,False
38006568,8.2,6.5,3.8,5.0,6.75,7.25,0,0,0,True
38006569,6.8,7.75,4.0,7.25,7.5,6.0,0,0,0,True
38006570,4.4,6.5,3.8,0,0,0,8.25,6.75,8.0,False
38006571,7.8,7.25,3.8,6.0,7.25,7.5,0,0,0,True
38006572,8.6,7.5,6.0,9.0,9.5,6.75,0,0,0,True
38006573,5.6,5.5,3.4,0,0,0,4.0,4.25,6.75,False
38006574,7.6,7.0,2.6,8.25,8.5,7.0,0,0,0,True
38006575,0,4.0,0,0,0,0,5.75,4.75,0,False
38006576,3.8,5.0,2.8,0,0,0,3.75,6.75,8.0,False
38006577,5.2,6.25,4.0,0,0,0,7.0,7.25,8.5,False
38006578,2.4,4.25,3.6,0,0,0,4.5,6.75,8.5,False
38006579,6.6,7.5,4.6,0,0,0,6.5,7.75,8.5,False
38006580,4.6,7.0,2.4,0,0,0,7.0,7.0,8.0,False
38006581,3.6,6.75,5.4,0,0,0,6.25,6.0,7.5,False
38006582,5.0,6.75,0,0,0,0,6.75,5.5,0,False
38006583,7.4,7.75,7.4,0,0,0,7.75,7.75,9.0,False
38006584,6.0,6.25,5.6,0,0,0,4.75,6.5,6.75,False
38006585,6.2,6.75,3.2,0,0,0,4.75,7.0,7.0,False
38006586,5.4,6.75,3.0,0,0,0,6.5,9.0,8.0,False
38006587,4.0,3.0,2.2,0,0,0,6.75,5.75,7.0,False
38006588,7.8,8.75,3.8,7.25,7.5,5.5,0,0,0,True
38006589,5.4,6.25,3.4,0,0,0,5.5,6.0,8.0,False
38006590,6.4,8.25,5.0,0,0,0,9.75,9.5,9.25,False
38006591,5.8,6.25,5.0,0,0,0,5.5,7.0,7.0,False
38006592,8.2,7.75,8.4,0,0,0,7.25,6.25,8.25,False
38006593,5.8,8.0,5.0,0,0,0,8.75,8.25,8.5,False
38006594,4.6,5.75,3.2,0,0,0,6.0,6.25,7.5,False
38006595,4.2,5.0,3.8,0,0,0,6.5,7.0,8.5,False
38006596,8.8,6.0,3.4,7.75,8.5,6.5,0,0,0,True
38006597,6.6,6.5,2.6,0,0,0,5.5,6.75,8.5,False
38006598,3.6,6.75,1.6,0,0,0,7.5,7.25,7.75,False
38006599,5.0,5.0,2.8,0,0,0,5.5,7.25,7.0,False
38006600,8.2,6.5,3.0,5.75,6.0,8.25,0,0,0,True
38006601,8.4,6.0,7.2,8.75,9.75,7.0,0,0,0,True
38006602,6.2,7.25,3.4,0,0,0,6.75,7.5,7.25,False
38006603,6.6,5.83,2.8,4.25,4.25,6.0,0,0,0,True
38006604,5.8,6.75,5.6,5.5,5.25,4.75,0,0,0,True
38006605,5.2,6.0,5.2,0,0,0,6.5,7.5,9.25,False
38006606,7.6,6.25,5.6,8.5,7.5,5.0,0,0,0,True
38006607,0,6.0,0,0,0,0,8.75,9.0,0,False
38006608,0,7.25,0,0,0,0,8.5,8.0,0,False
38006609,5.2,2.5,0,0,0,0,5.5,5.25,0,False
38006610,0,7.0,0,0,0,0,7.5,9.25,8.75,False
38006611,3.4,5.75,3.0,0,0,0,5.75,5.25,7.0,False
38006612,6.6,5.5,4.2,0,0,0,6.0,7.25,8.0,False
38006613,7.2,4.75,4.4,6.25,7.25,7.25,0,0,0,True
38006614,7.4,6.25,4.2,8.5,5.75,6.0,0,0,0,True
38006615,8.0,6.0,4.8,7.5,8.0,6.75,0,0,0,True
38006616,7.6,0,0,8.0,7.75,0,0,0,0,True
38006617,7.8,4.0,4.0,7.25,8.5,6.0,0,0,0,True
38006618,7.8,0,0,8.25,8.25,0,0,0,0,True
38006619,7.6,8.0,6.2,0,0,0,8.25,6.5,8.0,False
38006620,3.6,6.0,2.4,0,0,0,5.75,7.5,8.25,False
38006621,0,6.0,0,0,0,0,7.75,8.75,0,False
38006622,5.8,6.75,6.2,0,0,0,6.75,8.0,9.0,False
38006623,8.6,6.75,8.8,8.5,6.5,6.5,0,0,0,True
38006624,6.8,7.75,4.4,0,0,0,8.25,8.75,7.75,False
38006625,4.6,5.5,3.8,0,0,0,6.5,6.5,8.5,False
38006626,5.4,8.0,5.6,0,0,0,7.5,7.25,9.25,False
38006627,6.4,7.0,5.0,7.25,5.5,5.25,0,0,0,True
38006628,6.2,7.75,5.4,0,0,0,5.25,7.0,9.25,False
38006629,4.6,6.5,0,0,0,0,6.25,6.5,0,False
38006630,6.8,4.75,2.8,4.75,7.25,5.5,0,0,0,True
38006631,6.2,7.5,4.4,0,0,0,5.25,9.5,8.25,False
38006632,6.0,9.25,4.0,0,0,0,6.5,8.0,8.5,False
38006633,6.8,5.5,3.6,7.25,7.5,6.0,0,0,0,True
38006634,8.2,7.0,5.4,8.5,8.25,5.5,0,0,0,True
38006635,6.8,7.75,4.0,0,0,0,8.0,8.0,9.0,False
38006636,7.8,7.25,4.8,8.0,6.75,8.25,0,0,0,True
38006637,8.0,7.25,5.4,6.25,9.25,7.75,0,0,0,True
38006638,3.6,7.0,2.6,0,0,0,7.25,6.75,7.25,False
38006639,3.8,5.25,1.8,0,0,0,7.75,8.0,9.25,False
38006640,5.4,7.75,2.6,0,0,0,9.75,9.0,9.5,False
38006641,2.6,7.0,4.0,0,0,0,7.0,8.0,9.0,False
38006642,8.2,7.5,6.2,7.0,8.5,7.0,0,0,0,True
38006643,6.0,7.5,3.8,0,0,0,6.25,8.0,7.75,False
38006644,4.2,6.0,2.6,0,0,0,5.75,6.5,7.0,False
38006645,3.6,6.5,2.6,0,0,0,6.25,7.75,7.75,False
38006646,8.6,8.5,5.4,8.5,9.0,7.5,0,0,0,True
38006647,6.4,8.5,4.2,0,0,0,6.75,8.0,7.5,False
38006648,8.6,9.0,7.4,0,0,0,6.5,7.0,8.75,False
38006649,5.6,7.5,3.2,0,0,0,4.75,6.5,7.5,False
38006650,6.8,8.25,4.4,0,0,0,6.5,7.75,8.25,False
38006651,3.2,7.0,2.8,0,0,0,5.25,8.0,7.25,False
38006652,3.2,7.5,4.4,0,0,0,6.5,7.75,8.25,False
38006653,7.8,5.5,3.6,6.5,5.75,5.5,0,0,0,True
38006654,6.0,7.75,6.0,0,0,0,9.25,8.75,8.75,False
38006655,4.8,6.25,2.8,0,0,0,5.0,6.75,7.75,False
38006656,8.0,8.75,7.8,0,0,0,6.75,6.75,9.0,False
38006657,7.0,6.5,3.2,0,0,0,7.25,6.5,8.5,False
38006658,4.4,6.25,2.2,0,0,0,7.5,6.75,7.0,False
38006659,5.0,6.5,3.6,0,0,0,6.25,6.5,8.0,False
38006660,4.0,5.25,3.2,0,0,0,7.5,7.75,8.5,False
38006661,5.2,5.75,2.6,3.75,3.0,5.25,0,0,0,True
38006662,2.6,2.5,0,0,0,0,5.5,4.5,0,False
38006663,5.0,4.5,2.6,0,0,0,6.75,6.25,8.25,False
38006664,5.8,6.25,4.2,0,0,0,6.0,7.5,9.25,False
38006665,4.6,7.25,4.2,0,0,0,7.5,6.5,9.0,False
38006666,5.6,5.75,2.2,0,0,0,6.75,8.75,9.0,False
38006667,4.4,7.75,3.0,0,0,0,9.5,9.5,9.0,False
38006668,7.6,5.75,3.4,0,0,0,6.75,7.0,8.25,False
38006669,4.2,5.75,2.4,0,0,0,6.75,7.5,7.25,False
38006670,4.2,6.5,0,0,0,0,4.5,4.5,0,False
38006671,4.4,5.75,3.0,0,0,0,6.25,6.0,8.25,False
38006672,6.8,6.0,5.2,0,0,0,7.25,7.5,8.5,False
38006673,6.0,7.5,6.8,0,0,0,8.0,7.0,8.75,False
38006674,6.8,9.0,4.4,7.5,8.0,9.0,0,0,0,True
38006675,6.2,8.0,5.0,6.5,7.5,5.0,0,0,0,True
38006676,6.0,9.0,8.0,0,0,0,6.75,8.25,9.5,False
38006677,4.6,8.25,4.0,0,0,0,7.75,8.25,9.75,False
38006678,5.0,7.0,4.6,0,0,0,8.75,8.5,9.0,False
38006679,5.0,7.5,2.4,0,0,0,7.5,6.25,9.25,False
38006680,4.0,5.0,0,0,0,0,7.5,6.0,0,False
38006681,4.2,6.0,4.2,0,0,0,6.0,5.0,8.25,False
38006682,7.4,7.75,6.8,0,0,0,6.25,7.75,7.25,False
38006683,7.2,7.0,5.8,8.0,6.75,6.75,0,0,0,True
38006684,3.4,5.5,3.8,0,0,0,5.5,6.75,8.0,False
38006685,8.2,7.75,9.4,0,0,0,7.75,7.75,8.25,False
38006686,6.6,7.25,6.6,0,0,0,8.5,7.5,8.75,False
38006687,7.4,5.5,6.8,6.25,5.0,7.5,0,0,0,True
38006688,6.8,5.75,4.4,7.0,6.0,5.5,0,0,0,True
38006689,7.6,5.25,7.0,6.75,6.5,6.5,0,0,0,True
38006690,4.8,6.5,3.4,3.0,5.75,6.5,0,0,0,True
38006691,5.6,7.0,3.4,0,0,0,6.5,9.5,9.5,False
38006692,7.6,6.33,5.4,0,0,0,5.25,6.25,7.75,False
38006693,3.6,8.75,2.2,0,0,0,9.0,9.5,9.0,False
38006694,6.8,7.0,4.6,5.5,5.0,7.25,0,0,0,True
38006695,0,7.5,0,0,0,0,6.25,4.5,0,False
38006696,8.0,6.5,8.0,8.0,4.25,7.25,0,0,0,True
38006697,6.8,6.75,4.6,0,0,0,8.25,8.5,8.75,False
38006698,7.6,7.5,3.8,8.75,7.25,6.0,0,0,0,True
38006699,5.2,8.0,4.6,0,0,0,7.0,7.5,9.75,False
38006700,3.8,4.25,0,0,0,0,4.25,4.75,0,False
38006701,3.4,4.0,0,0,0,0,2.25,2.75,0,False
38006702,3.4,4.25,2.8,0,0,0,5.0,3.5,7.5,False
38006703,3.8,6.5,3.6,0,0,0,5.75,6.0,8.0,False
38006704,5.6,5.5,0,0,0,0,5.5,5.25,0,False
38006705,8.4,7.25,4.6,9.25,9.0,5.0,0,0,0,True
38006706,5.0,7.25,5.8,0,0,0,6.75,7.5,9.5,False
38006707,7.8,4.75,7.8,7.5,4.75,7.0,0,0,0,True
38006708,3.4,6.25,3.6,0,0,0,6.75,7.75,7.75,False
38006709,4.6,6.25,3.4,0,0,0,3.75,6.5,8.25,False
38006710,6.0,8.5,9.0,0,0,0,6.25,8.25,9.25,False
38006711,4.6,6.0,4.0,0,0,0,6.5,7.25,8.75,False
38006712,5.6,6.0,3.2,0,0,0,6.0,7.25,8.0,False
38006713,5.8,6.0,2.0,0,0,0,6.25,5.25,8.5,False
38006714,4.0,6.5,2.6,0,0,0,8.5,7.75,9.5,False
38006715,2.6,5.25,0,0,0,0,4.25,6.0,0,False
38006716,6.8,6.75,5.8,6.5,5.0,5.0,0,0,0,True
38006717,6.2,7.0,3.2,4.75,8.25,8.25,0,0,0,True
38006718,0,7.0,0,0,0,0,0,0,0,False
38006719,4.2,7.75,4.0,0,0,0,6.0,6.0,9.0,False
38006720,6.6,8.5,6.0,0,0,0,7.25,8.5,8.5,False
38006721,8.0,7.5,6.2,0,0,0,8.25,8.75,9.75,False
38006722,8.6,5.75,3.0,0,0,0,5.25,7.5,7.75,False
38006723,7.6,6.0,8.0,7.5,3.5,5.75,0,0,0,True
38006724,3.4,6.0,7.8,0,0,0,7.25,6.5,9.0,False
38006725,6.2,6.5,2.4,5.5,6.75,4.75,0,0,0,True
38006726,5.6,6.5,3.8,7.5,7.0,5.0,0,0,0,True
38006727,8.2,8.25,8.8,0,0,0,0,0,0,False
38006728,8.8,9.0,7.6,8.5,9.5,7.5,0,0,0,True
38006729,8.2,7.5,6.0,8.5,8.75,5.75,0,0,0,True
38006730,8.4,8.0,8.4,8.5,6.5,7.75,0,0,0,True
38006731,7.6,7.5,6.2,6.75,7.25,7.25,0,0,0,True
38006732,6.8,7.0,3.6,6.5,8.0,6.0,0,0,0,True
38006733,6.6,7.0,4.0,7.0,7.0,6.25,0,0,0,True
38006734,8.2,8.25,6.2,0,0,0,6.75,8.25,9.0,False
38006735,3.8,8.5,4.2,0,0,0,7.0,8.75,8.75,False
38006736,6.4,0,0,0,4.25,5.75,0,0,0,True
38006737,8.0,7.5,4.0,0,0,0,8.0,9.0,9.0,False
38006738,4.4,5.25,0,0,0,0,6.25,6.25,0,False
38006739,4.8,7.25,3.0,0,0,0,6.5,7.5,7.5,False
38006740,3.8,6.5,0,0,0,0,5.25,6.75,0,False
38006741,4.4,7.0,3.8,0,0,0,7.25,8.25,8.75,False
38006742,5.2,6.25,5.8,0,0,0,8.0,6.75,8.0,False
38006743,9.0,5.75,8.2,9.0,9.0,6.5,0,0,0,True
38006744,6.2,6.5,5.6,7.5,6.0,5.5,0,0,0,True
38006745,7.8,6.25,0,0,0,0,9.0,9.75,0,False
38006746,4.0,4.25,2.8,0,0,0,5.25,6.0,7.5,False
38006747,8.0,6.75,4.4,8.5,6.5,6.0,0,0,0,True
38006748,5.4,7.5,0,0,0,0,8.75,6.5,0,False
38006749,4.4,7.0,3.8,0,0,0,8.5,7.75,8.5,False
38006750,7.4,5.5,2.8,0,0,0,8.5,8.5,9.5,False
38006751,3.6,4.5,0,0,0,0,4.75,3.25,0,False
38006752,3.4,5.5,3.4,0,0,0,5.0,6.0,7.25,False
38006753,7.6,6.5,4.8,8.0,8.25,6.0,0,0,0,True
38006754,5.4,8.75,3.6,0,0,0,6.75,8.0,9.0,False
38006755,5.4,7.5,5.0,0,0,0,6.5,7.25,9.0,False
38006756,6.4,7.5,4.0,6.0,6.5,5.25,0,0,0,True
38006757,5.4,6.25,3.6,0,0,0,5.5,7.0,8.25,False
38006758,4.2,6.25,3.4,0,0,0,6.5,7.25,8.25,False
38006759,4.0,7.25,3.6,0,0,0,5.5,6.75,7.25,False
38006760,8.8,8.0,9.0,8.75,5.25,5.75,0,0,0,True
38006761,7.0,6.25,3.0,0,0,0,8.25,7.75,9.25,False
38006762,5.0,5.0,3.8,0,0,0,6.5,7.5,8.25,False
38006763,8.0,7.5,3.2,0,0,0,9.75,9.75,9.5,False
38006764,8.4,7.75,4.8,8.75,7.5,6.5,0,0,0,True
38006765,7.4,5.5,5.2,7.25,4.25,4.75,0,0,0,True
38006766,6.4,8.25,4.6,0,0,0,6.0,7.25,9.0,False
38006767,4.0,6.75,4.0,0,0,0,8.0,7.0,9.0,False
38006768,7.2,7.25,4.6,0,0,0,5.5,6.5,8.75,False
38006769,3.8,7.0,5.0,0,0,0,6.5,6.5,7.75,False
38006770,2.8,6.75,0,0,0,0,6.75,5.75,0,False
38006771,5.0,7.75,6.0,0,0,0,5.25,8.25,8.75,False
38006772,7.0,8.0,7.4,0,0,0,8.25,6.75,8.5,False
38006773,0,6.75,0,0,0,0,7.0,8.25,0,False
38006774,6.2,8.0,7.6,0,0,0,7.0,6.75,9.5,False
38006775,2.8,6.5,3.8,0,0,0,4.25,4.75,7.5,False
38006776,4.6,5.5,3.6,0,0,0,7.75,8.75,9.0,False
38006777,4.4,7.75,5.2,0,0,0,7.0,7.75,8.25,False
38006778,7.8,7.75,5.4,7.75,4.75,5.0,0,0,0,True
38006779,7.8,9.25,8.2,0,0,0,5.75,8.25,8.0,False
38006780,6.0,7.25,3.4,0,0,0,7.5,7.75,8.75,False
38006781,7.2,7.5,4.0,0,0,0,7.25,9.0,9.25,False
38006782,8.6,8.25,5.8,7.75,8.5,6.75,0,0,0,True
38006783,7.8,8.75,4.0,5.5,5.5,6.75,0,0,0,True
38006784,7.4,9.25,6.8,0,0,0,7.5,7.5,9.0,False
38006785,8.0,5.75,5.4,8.0,7.0,6.5,0,0,0,True
38006786,6.4,6.75,3.6,0,0,0,5.75,6.75,9.0,False
38006787,6.2,7.25,4.2,0,0,0,5.25,6.75,9.25,False
38006788,3.8,7.25,6.4,0,0,0,0,0,0,False
38006789,9.0,9.0,6.6,8.75,4.75,5.75,0,0,0,True
38006790,5.8,8.0,2.6,0,0,0,6.5,7.75,7.25,False
38006791,7.6,7.0,3.8,7.25,6.75,5.25,0,0,0,True
38006792,3.2,5.25,2.4,0,0,0,5.0,4.75,6.75,False
38006793,4.8,5.75,3.4,0,0,0,5.75,7.75,8.5,False
38006794,4.0,6.0,0,0,0,0,7.5,6.75,0,False
38006795,9.2,6.25,9.2,9.5,7.0,7.5,0,0,0,True
38006796,2.6,4.25,0,0,0,0,7.5,5.75,0,False
38006797,7.2,6.75,7.0,4.5,3.75,4.0,0,0,0,True
38006798,7.8,5.75,3.4,7.25,7.5,7.25,0,0,0,True
38006799,7.0,8.5,5.6,0,0,0,7.25,8.5,10.0,False
38006800,5.4,8.25,5.4,0,0,0,5.75,8.25,8.75,False
38006801,4.8,8.25,3.4,0,0,0,7.0,7.75,7.5,False
38006802,5.8,8.25,5.0,0,0,0,7.25,8.75,9.0,False
38006803,6.2,6.5,0,0,0,0,6.25,7.0,0,False
38006804,0,7.5,0,0,0,0,9.25,9.5,0,False
38006805,8.2,9.25,8.2,6.5,6.25,6.5,0,0,0,True
38006806,5.0,7.75,3.0,0,0,0,7.0,7.25,9.0,False
38006807,7.8,8.25,6.8,0,0,0,0,0,0,False
38006808,4.8,5.5,4.6,0,0,0,4.5,7.25,7.25,False
38006809,7.0,7.25,4.8,6.25,6.75,5.75,0,0,0,True
38006810,7.2,7.0,3.6,7.5,4.0,5.25,0,0,0,True
38006811,4.2,7.75,3.2,0,0,0,7.25,7.25,8.5,False
38006812,3.6,8.0,2.8,0,0,0,7.25,7.0,7.75,False
38006813,7.6,6.0,4.2,7.25,6.75,4.75,0,0,0,True
38006814,8.8,7.5,6.6,8.25,7.75,6.75,0,0,0,True
38006815,5.0,7.5,4.8,4.0,2.75,6.0,0,0,0,True
38006816,4.4,7.25,2.6,0,0,0,4.5,6.5,7.25,False
38006817,2.6,6.25,3.0,0,0,0,4.5,6.75,5.75,False
38006818,4.2,7.25,3.0,0,0,0,6.25,5.5,8.75,False
38006819,6.6,7.25,3.6,0,0,0,7.75,7.75,9.5,False
38006820,5.2,7.25,0,0,0,0,7.75,8.25,0,False
38006821,9.0,8.75,8.2,7.0,8.5,9.25,0,0,0,True
38006822,4.6,6.25,2.8,0,0,0,6.0,7.75,5.75,False
38006823,6.0,6.25,4.2,0,0,0,5.25,5.75,7.75,False
38006824,5.8,8.25,2.6,0,0,0,8.0,7.5,8.5,False
38006825,7.2,7.5,4.2,3.25,6.75,6.5,0,0,0,True
38006826,6.0,7.0,4.6,0,0,0,5.25,5.5,7.75,False
38006827,2.2,6.25,3.0,0,0,0,7.0,0,0,False
38006828,4.4,7.0,2.4,0,0,0,5.0,5.25,7.5,False
38006829,4.8,6.75,3.0,0,0,0,8.25,8.25,8.75,False
38006830,2.6,3.08,0,0,0,0,3.75,2.25,0,False
38006831,3.8,5.5,2.8,0,0,0,7.0,7.25,8.25,False
38006832,4.2,4.75,0,0,0,0,4.0,4.75,0,False
38006833,5.4,8.25,4.2,0,0,0,8.0,7.25,8.5,False
38006834,5.2,7.5,1.8,0,0,0,7.5,6.25,7.75,False
38006835,7.0,8.75,6.0,0,0,0,8.5,8.5,9.0,False
38006836,7.6,6.75,4.2,7.5,7.5,4.75,0,0,0,True
38006837,6.6,5.25,4.2,7.5,6.75,6.25,0,0,0,True
38006838,6.6,7.0,5.2,0,0,0,5.75,8.5,8.75,False
38006839,7.8,7.0,7.6,7.75,6.25,5.0,0,0,0,True
38006840,4.2,7.5,3.4,0,0,0,8.0,8.75,8.75,False
38006841,5.8,5.75,0,0,0,0,5.75,5.5,0,False
38006842,5.0,7.0,3.8,0,0,0,7.75,7.5,8.25,False
38006843,5.2,6.75,4.6,0,0,0,6.25,6.75,8.75,False
38006844,7.6,6.5,4.0,8.5,9.0,8.0,0,0,0,True
38006845,7.2,5.25,4.4,7.0,8.25,5.5,0,0,0,True
38006846,3.6,6.25,0,0,0,0,5.25,6.5,0,False
38006847,7.8,7.0,4.4,6.75,8.0,4.5,0,0,0,True
38006848,3.0,5.5,5.6,0,0,0,7.0,6.25,7.0,False
38006849,5.2,8.25,4.4,0,0,0,7.5,7.5,9.0,False
38006850,5.4,7.0,3.6,0,0,0,7.75,7.5,9.5,False
38006851,7.8,7.5,5.6,7.5,7.5,6.75,0,0,0,True
38006852,5.2,6.75,4.2,0,0,0,5.0,7.0,7.5,False
38006853,9.0,6.5,3.6,8.25,8.0,6.25,0,0,0,True
38006854,5.6,7.0,5.6,0,0,0,4.25,6.75,8.75,False
38006855,2.4,4.25,2.8,0,0,0,5.0,6.5,6.0,False
38006856,0,6.25,0,0,0,0,6.25,7.75,0,False
38006857,7.8,6.5,7.2,8.25,4.5,6.5,0,0,0,True
38006858,7.4,6.75,3.6,7.5,7.5,6.5,0,0,0,True
38006859,4.6,6.75,0,0,0,0,7.0,5.75,0,False
38006860,8.4,7.5,6.2,6.5,8.75,9.0,0,0,0,True
38006861,7.2,7.25,3.4,0,0,0,6.5,7.0,8.25,False
38006862,7.6,6.25,4.6,6.25,7.75,6.0,0,0,0,True
38006863,6.6,7.5,6.4,3.75,3.75,5.0,0,0,0,True
38006864,4.4,5.5,4.6,0,0,0,7.0,8.25,9.0,False
38006865,7.0,5.25,3.6,0,0,0,6.0,5.75,8.75,False
38006866,4.6,5.5,0,0,0,0,7.25,5.5,0,False
38006867,5.4,6.75,4.8,0,0,0,5.75,7.5,8.0,False
38006868,6.4,5.75,7.4,5.75,3.5,4.75,0,0,0,True
38006869,7.8,7.25,4.6,0,0,0,6.5,7.5,8.25,False
38006870,4.4,6.5,4.4,0,0,0,5.5,5.75,8.25,False
38006871,1.6,5.0,0,0,0,0,5.25,5.0,0,False
38006872,8.6,6.0,5.4,7.75,8.0,6.0,0,0,0,True
38006873,6.2,7.25,1.8,0,0,0,5.75,6.0,8.75,False
38006874,6.0,6.75,3.8,0,0,0,5.75,6.75,7.75,False
38006875,5.2,5.5,0,0,0,0,6.75,6.0,0,False
38006876,5.6,5.75,3.6,0,0,0,7.0,7.75,8.75,False
38006877,6.6,4.5,3.2,6.75,4.75,6.0,0,0,0,True
38006878,8.0,7.5,5.6,6.75,7.25,6.5,0,0,0,True
38006879,5.6,4.25,0,0,0,0,7.5,5.75,0,False
38006880,4.8,6.5,3.8,0,0,0,5.75,7.0,8.5,False
38006881,8.0,8.75,8.2,9.0,5.5,7.0,0,0,0,True
38006882,7.8,0,9.0,8.0,6.25,0,0,0,0,True
38006883,8.0,6.75,3.6,8.75,8.5,6.75,0,0,0,True
38006884,7.8,7.0,6.8,7.25,5.25,7.25,0,0,0,True
38006885,7.6,6.0,4.0,7.25,7.5,7.25,0,0,0,True
38006886,4.0,6.25,3.8,0,0,0,6.5,7.0,8.5,False
38006887,6.8,7.0,6.6,6.75,6.0,7.5,0,0,0,True
38006888,4.4,6.75,2.8,0,0,0,6.25,6.0,8.5,False
38006889,1.8,6.0,2.8,0,0,0,4.0,7.0,8.25,False
38006890,3.8,5.0,0,0,0,0,5.25,5.0,0,False
38006891,4.0,6.5,2.6,0,0,0,9.25,9.0,8.75,False
38006892,6.6,5.5,4.0,6.75,5.0,5.5,0,0,0,True
38006893,3.8,5.5,3.8,0,0,0,6.0,7.0,8.0,False
38006894,7.6,6.0,4.2,8.25,7.5,6.5,0,0,0,True
38006895,7.0,6.25,4.6,0,0,0,6.25,6.25,7.75,False
38006896,5.6,7.25,3.4,0,0,0,5.5,7.5,8.0,False
38006897,7.6,6.0,4.6,8.5,9.75,6.5,0,0,0,True
38006898,3.8,6.5,3.4,0,0,0,4.25,7.0,9.25,False
38006899,7.8,9.0,8.2,0,0,0,6.75,8.0,8.75,False
38006900,7.6,7.0,8.2,6.75,5.0,5.25,0,0,0,True
38006901,8.0,8.0,3.8,7.5,8.75,5.5,0,0,0,True
38006902,7.8,7.25,5.4,7.5,8.0,6.75,0,0,0,True
38006903,2.8,7.25,3.2,0,0,0,5.5,6.75,8.0,False
38006904,7.6,8.75,7.2,0,0,0,6.75,8.25,8.75,False
38006905,4.8,7.25,3.4,0,0,0,6.0,7.75,9.5,False
38006906,7.2,6.25,8.8,0,0,0,0,0,0,False
38006907,8.6,0,0,2.0,6.25,0,0,0,0,True
38006908,8.4,6.5,4.6,8.0,7.75,6.5,0,0,0,True
38006909,8.0,7.75,6.0,4.5,8.75,7.75,0,0,0,True
38006910,4.6,8.08,4.8,0,0,0,5.75,7.0,9.25,False
38006911,5.0,6.0,3.4,0,0,0,6.0,5.25,7.25,False
38006912,3.8,5.0,0,0,0,0,8.25,5.75,0,False
38006913,4.0,6.5,3.2,0,0,0,6.25,7.5,8.75,False
38006914,5.0,4.75,2.6,0,0,0,6.75,6.25,7.75,False
38006915,8.0,0,6.0,8.5,0,0,0,0,0,True
38006916,5.4,7.5,4.2,0,0,0,7.75,8.75,8.5,False
38006917,8.0,8.0,6.0,0,0,0,6.75,8.0,9.25,False
38006918,5.8,6.25,2.6,6.5,4.0,4.75,0,0,0,True
38006919,5.0,7.5,1.4,0,0,0,5.25,8.0,9.0,False
38006920,7.8,6.5,6.8,5.75,4.25,5.5,0,0,0,True
38006921,3.4,7.5,0,0,0,0,6.25,6.5,0,False
38006922,4.0,6.5,0,0,0,0,6.0,7.5,0,False
38006923,3.4,5.25,2.4,0,0,0,5.25,6.0,6.75,False
38006924,6.4,8.0,3.6,0,0,0,7.25,8.0,9.0,False
38006925,8.4,7.25,5.8,9.0,9.0,6.5,0,0,0,True
38006926,3.8,8.25,0,0,0,0,6.75,6.5,0,False
38006927,0,7.0,0,0,0,0,8.5,8.0,0,False
38006928,4.0,7.25,4.0,0,0,0,4.5,6.5,9.25,False
38006929,5.6,7.25,3.4,0,0,0,8.5,9.0,8.75,False
38006930,7.0,0,0,0,7.75,7.5,0,0,0,True
38006931,4.8,5.66,0,0,0,0,6.25,6.25,0,False
38006932,3.0,3.5,0,0,0,0,6.5,4.75,0,False
38006933,7.6,8.5,0,8.0,7.25,8.5,0,0,0,True
38006934,5.4,7.5,4.2,0,0,0,9.0,9.0,9.25,False
38006935,4.8,7.25,2.8,0,0,0,7.75,8.75,9.25,False
38006936,3.2,4.75,0,0,0,0,3.75,4.5,0,False
38006937,8.0,8.25,7.0,0,0,0,8.25,7.5,9.25,False
38006938,8.8,8.0,6.0,8.25,7.0,7.25,0,0,0,True
38006939,6.4,6.0,5.0,6.5,5.25,5.75,0,0,0,True
38006940,5.8,6.5,4.4,4.5,3.75,4.5,0,0,0,True
38006941,9.0,6.75,4.4,9.5,9.5,7.0,0,0,0,True
38006942,2.8,6.75,0,0,0,0,5.5,5.25,0,False
38006943,7.8,6.5,4.4,8.5,6.75,4.75,0,0,0,True
38006944,5.0,6.33,3.6,0,0,0,6.0,8.0,8.5,False
38006945,7.0,4.25,3.0,7.5,6.25,5.0,0,0,0,True
38006946,6.4,9.25,3.8,0,0,0,7.5,8.75,8.75,False
38006947,8.2,8.25,4.4,8.0,9.25,6.5,0,0,0,True
38006948,7.0,8.5,4.8,0,0,0,7.5,7.5,8.25,False
38006949,5.0,7.5,2.6,0,0,0,6.75,7.0,8.25,False
38006950,5.0,5.0,2.2,0,0,0,4.25,6.75,8.5,False
38006951,3.2,8.0,3.2,0,0,0,6.5,6.75,8.25,False
38006952,6.0,7.5,3.8,0,0,0,7.0,6.25,8.5,False
38006953,7.2,8.75,7.0,0,0,0,6.0,5.5,9.0,False
38006954,5.6,8.25,6.6,0,0,0,6.25,7.25,8.0,False
38006955,5.6,8.0,4.6,0,0,0,8.25,8.75,8.75,False
38006956,8.2,8.25,7.0,0,0,0,7.25,7.5,9.0,False
38006957,4.8,8.0,3.4,0,0,0,8.25,8.75,8.5,False
38006958,5.4,6.75,3.4,0,0,0,6.5,6.25,8.25,False
38006959,8.6,8.25,5.8,8.0,8.25,5.75,0,0,0,True
38006960,5.8,7.75,4.2,6.75,5.25,5.0,0,0,0,True
38006961,7.6,6.75,5.2,5.5,7.0,4.25,0,0,0,True
38006962,6.8,8.25,7.2,0,0,0,6.75,6.5,8.0,False
38006963,5.2,7.5,2.8,0,0,0,6.5,6.75,9.25,False
38006964,6.0,7.67,2.4,0,0,0,8.5,9.0,8.75,False
38006965,8.4,6.5,5.8,8.25,9.5,6.5,0,0,0,True
38006966,9.0,8.25,7.4,0,0,0,6.0,7.75,8.75,False
38006967,8.2,7.0,5.6,9.75,8.25,7.0,0,0,0,True
38006968,4.8,5.25,4.2,0,0,0,5.0,6.5,7.0,False
38006969,6.2,6.5,3.2,0,0,0,6.0,7.25,8.25,False
38006970,3.6,5.5,3.2,0,0,0,5.5,7.0,7.5,False
38006971,6.8,5.75,4.8,7.25,6.25,5.5,0,0,0,True
38006972,8.4,6.0,4.8,7.5,9.0,8.0,0,0,0,True
38006973,3.2,5.25,2.2,0,0,0,5.0,7.25,8.0,False
38006974,8.8,6.25,6.8,7.75,8.75,7.5,0,0,0,True
38006975,4.6,5.25,2.4,0,0,0,6.5,7.75,8.25,False
38006976,3.6,7.5,2.2,0,0,0,7.25,9.0,9.25,False
38006977,6.6,4.25,4.6,6.5,6.75,3.5,0,0,0,True
38006978,3.2,6.75,2.0,0,0,0,6.0,6.5,7.25,False
38006979,8.2,7.25,4.8,8.5,8.75,6.5,0,0,0,True
38006980,7.0,7.25,5.4,8.5,8.75,5.25,0,0,0,True
38006981,4.8,7.75,4.6,0,0,0,5.25,7.25,7.75,False
38006982,5.2,6.5,2.8,0,0,0,8.25,9.25,7.75,False
38006983,6.0,7.75,3.6,0,0,0,9.75,10.0,9.0,False
38006984,3.8,8.5,2.4,0,0,0,8.5,9.25,8.0,False
38006985,2.8,6.5,2.6,0,0,0,6.75,5.5,7.0,False
38006986,7.0,8.75,6.4,0,0,0,8.75,9.25,9.5,False
38006987,7.0,8.0,4.0,0,0,0,6.5,7.0,8.5,False
38006988,4.6,6.5,3.6,0,0,0,4.25,6.75,7.25,False
38006989,3.6,6.0,0,0,0,0,4.0,5.25,0,False
38006990,6.0,7.0,3.4,0,0,0,5.0,6.0,7.0,False
38006991,7.8,7.5,5.0,6.5,7.0,6.5,0,0,0,True
38006992,8.2,7.0,5.4,8.25,8.75,5.75,0,0,0,True
38006993,4.6,6.5,2.8,0,0,0,7.0,8.75,7.75,False
38006994,2.8,4.5,1.6,0,0,0,6.25,5.25,7.5,False
38006995,6.4,6.75,3.2,0,0,0,7.25,7.25,8.0,False
38006996,4.2,4.0,3.2,0,0,0,6.25,5.5,8.25,False
38006997,3.2,5.25,3.0,0,0,0,3.0,4.75,8.0,False
38006998,8.4,7.75,4.4,8.5,8.75,6.0,0,0,0,True
38006999,9.4,0,0,9.25,9.0,0,0,0,0,True
38007000,7.8,6.0,3.4,7.0,5.25,4.5,0,0,0,True
38007001,8.8,0,0,8.25,7.5,0,0,0,0,True
38007002,3.2,3.75,0,0,0,0,4.75,3.5,0,False
38007003,5.0,7.25,3.0,0,0,0,6.25,7.25,8.5,False
38007004,0,7.0,0,0,0,0,9.0,9.75,0,False
38007005,9.2,6.0,6.6,9.5,9.75,6.0,0,0,0,True
38007006,5.6,4.1,2.2,0,0,0,5.25,5.25,7.5,False
38007007,2.6,5.25,2.2,0,0,0,4.25,6.0,8.25,False
38007008,5.0,7.5,4.6,0,0,0,6.25,6.0,7.75,False
38007009,8.0,9.0,8.8,0,0,0,7.75,6.75,9.25,False
38007010,2.4,5.0,0,0,0,0,5.0,4.0,0,False
38007011,3.6,7.75,5.2,0,0,0,5.5,6.5,8.25,False
38007012,7.2,8.25,8.8,0,0,0,5.25,8.25,7.25,False
38007013,7.8,5.5,4.6,9.0,8.5,8.25,0,0,0,True
38007014,5.6,8.0,2.4,0,0,0,7.25,8.5,8.5,False
38007015,4.4,8.25,4.0,0,0,0,8.25,9.5,10.0,False
38007016,7.8,9.0,9.0,0,0,0,7.25,7.5,8.75,False
38007017,4.4,3.75,4.2,0,0,0,7.0,8.0,7.75,False
38007018,4.4,5.5,3.6,0,0,0,6.75,6.25,7.75,False
38007019,5.4,4.25,3.6,0,0,0,5.0,6.5,8.0,False
38007020,5.8,6.75,3.4,0,0,0,7.75,8.25,9.0,False
38007021,4.0,1.75,2.6,0,0,0,4.5,3.5,6.75,False
38007022,5.8,5.25,3.8,0,0,0,7.5,7.0,9.25,False
38007023,6.2,8.5,4.8,0,0,0,8.5,8.0,9.0,False
38007024,7.2,7.25,5.4,0,0,0,7.75,7.5,9.5,False
38007025,3.6,5.75,4.4,0,0,0,7.5,7.75,9.75,False
38007026,2.8,4.75,3.6,0,0,0,5.75,5.25,5.5,False
38007027,5.4,4.75,3.6,0,0,0,7.0,7.0,7.75,False
38007028,4.0,6.5,3.0,0,0,0,7.0,7.0,8.75,False
38007029,3.8,5.5,3.0,0,0,0,5.25,5.0,7.5,False
38007030,4.4,3.75,2.6,0,0,0,7.25,5.5,8.25,False
38007031,4.8,6.25,4.0,0,0,0,5.5,5.5,8.0,False
38007032,5.6,5.75,4.0,0,0,0,6.75,5.75,8.25,False
38007033,5.2,5.25,2.6,0,0,0,6.0,7.0,8.0,False
38007034,5.8,7.25,3.8,0,0,0,6.0,6.75,8.5,False
38007035,3.8,4.0,3.6,0,0,0,6.25,5.75,8.0,False
38007036,5.2,4.75,3.0,0,0,0,7.75,6.5,8.25,False
38007037,3.6,5.25,3.4,0,0,0,5.5,7.25,6.75,False
38007038,3.8,6.5,3.0,0,0,0,6.5,5.0,8.5,False
38007039,4.4,3.25,3.2,0,0,0,6.5,6.75,9.0,False
38007040,6.4,6.5,3.6,0,0,0,7.5,7.5,8.75,False
38007041,5.8,7.25,2.6,0,0,0,8.75,6.75,8.75,False
38007042,5.8,6.75,2.6,0,0,0,6.5,6.75,8.25,False
38007043,4.4,6.75,3.0,0,0,0,6.25,5.0,7.25,False
38007044,3.4,4.25,2.6,0,0,0,4.5,5.25,6.5,False
38007045,3.2,6.25,4.2,0,0,0,7.75,6.75,8.25,False
38007046,4.2,5.75,2.6,0,0,0,6.5,7.25,8.25,False
38007047,5.4,6.5,3.6,0,0,0,8.5,7.25,8.75,False
38007048,5.2,7.25,3.2,0,0,0,7.0,6.5,8.25,False
38007049,6.8,0,0,4.5,4.0,0,0,0,0,True
38007050,5.0,6.5,3.8,0,0,0,6.25,7.75,9.0,False
38007051,4.2,6.75,2.8,0,0,0,7.5,8.0,8.25,False
38007052,3.8,6.5,3.6,0,0,0,4.25,5.25,6.75,False
38007053,6.4,6.75,3.6,0,0,0,8.75,7.0,9.0,False
38007054,6.2,7.75,4.4,0,0,0,7.5,6.75,9.5,False
38007055,5.4,6.75,3.0,0,0,0,5.75,6.75,8.0,False
38007056,7.4,6.75,4.8,4.75,5.75,6.25,0,0,0,True
38007057,5.6,5.0,3.8,0,0,0,6.5,5.5,7.0,False
38007058,7.4,6.25,5.0,0,0,0,7.5,7.0,8.5,False
38007059,3.6,6.25,4.0,0,0,0,7.0,6.25,8.0,False
38007060,4.4,5.0,3.4,0,0,0,5.5,6.75,8.75,False
38007061,2.8,5.75,3.8,0,0,0,5.5,6.5,6.0,False
38007062,5.0,7.0,2.8,0,0,0,6.5,6.0,8.25,False
38007063,4.2,5.75,3.0,0,0,0,6.0,5.75,7.25,False
38007064,3.2,7.5,3.6,0,0,0,7.25,7.75,8.75,False
38007065,4.4,7.0,4.2,0,0,0,5.25,6.25,8.5,False
38007066,5.0,5.75,4.2,0,0,0,6.75,6.25,8.75,False
38007067,4.8,6.25,4.0,0,0,0,5.75,7.5,7.75,False
38007068,6.0,4.75,1.8,0,0,0,7.25,8.0,9.25,False
38007069,5.4,5.75,2.4,0,0,0,5.75,7.0,8.25,False
38007070,7.8,6.5,4.4,7.75,7.25,6.75,0,0,0,True
38007071,2.8,5.5,2.4,0,0,0,6.5,4.5,5.75,False
38007072,3.2,5.75,2.8,0,0,0,4.25,6.5,6.25,False
38007073,4.2,4.5,4.2,0,0,0,5.25,5.0,7.75,False
38007074,4.8,6.5,3.2,0,0,0,6.0,5.25,7.25,False
38007075,5.4,6.25,3.0,0,0,0,6.75,5.75,7.25,False
38007076,3.6,5.75,2.6,0,0,0,7.0,7.0,7.75,False
38007077,3.8,6.0,4.4,0,0,0,6.5,4.75,6.75,False
38007078,7.2,8.25,3.4,0,0,0,7.75,9.0,9.75,False
38007079,6.4,6.5,3.0,0,0,0,6.75,6.5,8.25,False
38007080,4.8,6.25,3.2,0,0,0,8.0,5.5,9.0,False
38007081,5.0,5.25,2.6,0,0,0,8.5,8.25,9.0,False
38007082,3.8,4.25,2.2,0,0,0,6.0,4.75,7.0,False
38007083,1.0,6.75,2.4,0,0,0,5.25,6.25,8.0,False
38007084,3.6,6.75,3.8,0,0,0,6.25,6.75,7.0,False
38007085,5.8,8.0,6.8,0,0,0,8.5,8.25,8.75,False
38007086,2.2,7.0,2.4,0,0,0,6.0,6.75,7.25,False
38007087,4.4,6.75,3.0,0,0,0,6.5,6.25,8.25,False
38007088,7.4,5.5,4.6,5.75,7.75,5.5,0,0,0,True
38007089,4.0,5.5,3.8,0,0,0,6.0,5.0,7.75,False
38007090,2.8,7.5,4.0,0,0,0,6.5,6.75,7.5,False
38007091,3.2,4.25,4.4,0,0,0,6.25,5.0,6.75,False
38007092,3.8,4.75,2.4,0,0,0,5.25,7.0,6.5,False
38007093,5.2,5.5,4.0,0,0,0,6.25,7.5,6.25,False
38007094,5.8,6.5,4.4,0,0,0,8.0,7.0,7.75,False
38007095,5.8,5.5,4.0,0,0,0,8.0,8.0,8.25,False
38007096,4.6,6.75,4.4,0,0,0,7.5,7.25,8.5,False
38007097,3.8,5.25,3.2,0,0,0,6.75,7.0,8.25,False
38007098,3.6,5.25,4.6,0,0,0,6.0,5.5,7.75,False
38007099,4.4,6.75,3.6,0,0,0,6.25,7.0,8.75,False
38007100,7.0,8.25,3.6,0,0,0,8.5,7.0,9.0,False
38007101,3.2,7.25,4.6,0,0,0,3.75,5.75,7.75,False
38007102,5.0,7.25,4.2,0,0,0,6.5,6.5,8.75,False
38007103,5.4,7.25,4.4,0,0,0,7.25,7.25,9.0,False
38007104,2.2,4.0,3.6,0,0,0,4.0,5.5,5.75,False
38007105,5.4,8.0,5.0,0,0,0,7.75,6.75,9.5,False
38007106,6.2,7.75,5.6,7.5,7.5,7.25,0,0,0,True
38007107,5.8,5.75,3.8,0,0,0,8.0,6.5,9.0,False
38007108,4.8,5.25,3.4,0,0,0,6.25,6.5,9.25,False
38007109,3.0,3.75,4.4,0,0,0,5.0,5.5,7.0,False
38007110,3.6,5.75,5.6,0,0,0,7.0,6.5,7.5,False
38007111,3.4,5.75,3.2,0,0,0,6.5,7.0,7.75,False
38007112,7.0,6.75,4.0,0,0,0,6.25,7.25,9.25,False
38007113,3.8,6.5,3.4,0,0,0,5.0,5.5,8.0,False
38007114,4.4,6.75,3.4,0,0,0,6.0,5.0,7.5,False
38007115,3.6,6.25,3.6,0,0,0,6.5,5.75,8.75,False
38007116,3.4,6.25,3.8,0,0,0,6.5,5.5,7.5,False
38007117,2.6,5.0,2.6,0,0,0,4.25,5.5,7.25,False
38007118,2.6,5.0,2.6,0,0,0,4.5,7.0,6.5,False
38007119,3.6,4.5,5.0,0,0,0,4.5,6.5,6.75,False
38007120,5.2,7.0,2.8,0,0,0,6.5,6.5,8.25,False
38007121,4.6,5.75,3.2,0,0,0,7.0,7.5,7.25,False
38007122,4.2,7.75,2.8,0,0,0,6.0,6.25,8.75,False
38007123,5.8,6.5,2.2,0,0,0,5.75,7.0,8.25,False
38007124,6.4,7.25,4.6,0,0,0,7.75,7.5,8.25,False
38007125,4.2,6.0,4.4,0,0,0,5.5,5.0,6.75,False
38007126,0,0,4.2,0,0,0,0,0,0,False
38007127,3.8,4.25,3.8,0,0,0,7.75,7.25,8.75,False
38007128,5.0,6.75,2.8,0,0,0,6.25,6.75,6.5,False
38007129,3.0,5.25,3.2,0,0,0,5.25,6.75,7.75,False
38007130,4.2,6.25,2.8,0,0,0,7.75,7.25,9.5,False
38007131,6.8,4.5,8.0,6.0,6.75,7.0,0,0,0,True
38007132,3.8,4.25,3.0,0,0,0,5.75,7.25,7.5,False
38007133,3.6,7.75,3.8,0,0,0,6.75,7.25,9.5,False
38007134,3.0,4.25,2.0,0,0,0,4.5,5.25,7.75,False
38007135,3.0,3.0,3.2,0,0,0,6.0,7.0,6.5,False
38007136,5.2,5.75,3.6,0,0,0,4.75,6.75,7.75,False
38007137,2.6,5.0,2.6,0,0,0,5.5,7.25,9.5,False
38007138,6.8,7.75,6.8,0,0,0,9.0,8.5,9.5,False
38007139,6.2,7.5,4.0,0,0,0,7.75,6.5,8.25,False
38007140,4.2,6.25,4.0,0,0,0,5.25,3.75,7.0,False
38007141,4.2,4.25,4.6,0,0,0,7.0,6.5,6.75,False
38007142,4.2,5.75,5.0,0,0,0,4.0,3.75,6.5,False
38007143,6.4,8.25,5.2,0,0,0,6.75,7.5,9.25,False
38007144,5.8,7.25,5.4,0,0,0,8.5,8.5,8.5,False
38007145,8.6,8.75,5.8,6.25,7.25,7.75,0,0,0,True
38007146,4.4,6.0,5.4,0,0,0,7.25,6.75,7.75,False
38007147,7.2,7.5,4.2,0,0,0,8.25,7.0,9.0,False
38007148,7.4,8.25,5.8,0,0,0,7.75,8.75,9.25,False
38007149,8.6,8.0,5.4,0,0,0,8.0,8.5,9.5,False
38007150,4.6,6.0,2.8,0,0,0,4.5,6.0,8.0,False
38007151,3.4,4.25,3.8,0,0,0,5.25,7.75,8.0,False
38007152,6.2,6.75,5.2,0,0,0,8.75,8.0,9.5,False
38007153,8.2,7.5,4.0,8.25,7.25,6.75,0,0,0,True
38007154,5.8,8.0,4.6,0,0,0,6.5,6.5,8.5,False
38007155,3.6,4.5,5.4,0,0,0,4.5,6.5,7.5,False
38007156,6.4,8.0,4.4,0,0,0,7.25,8.5,9.25,False
38007157,8.8,6.0,5.0,7.0,7.0,6.5,0,0,0,True
38007158,5.6,4.0,2.6,0,0,0,5.5,7.5,7.75,False
38007159,4.4,5.5,4.8,0,0,0,5.75,5.5,9.0,False
38007160,5.2,5.5,6.0,0,0,0,6.25,6.75,7.5,False
38007161,5.8,7.5,5.0,0,0,0,8.0,6.0,9.5,False
38007162,7.0,7.75,3.8,0,0,0,7.5,8.25,8.75,False
38007163,5.6,5.25,1.8,0,0,0,6.5,7.0,7.75,False
38007164,5.0,6.25,3.8,0,0,0,8.0,7.5,9.25,False
38007165,6.2,7.5,3.4,0,0,0,6.75,7.5,9.0,False
38007166,7.0,7.75,3.4,0,0,0,8.25,8.0,9.0,False
38007167,7.6,6.25,3.8,6.5,7.0,7.25,0,0,0,True
38007168,4.8,5.0,3.2,0,0,0,6.5,6.25,8.5,False
38007169,4.2,5.75,3.4,0,0,0,5.75,6.25,6.25,False
38007170,6.0,7.5,2.6,0,0,0,9.0,6.75,9.0,False
38007171,3.6,6.25,1.8,0,0,0,6.25,5.0,6.5,False
38007172,4.6,6.0,3.4,0,0,0,6.75,7.0,8.0,False
38007173,3.6,5.0,3.6,0,0,0,6.75,6.75,6.75,False
38007174,5.4,7.5,3.6,0,0,0,7.5,7.75,9.0,False
38007175,6.2,5.75,3.0,0,0,0,6.5,8.0,7.5,False
38007176,5.0,5.75,3.6,0,0,0,6.5,6.0,6.75,False
38007177,5.0,4.25,3.2,0,0,0,5.5,5.75,7.5,False
38007178,3.8,5.25,2.2,0,0,0,4.5,6.25,7.75,False
38007179,4.0,6.5,2.0,0,0,0,6.25,6.0,6.75,False
38007180,4.4,4.75,2.2,0,0,0,5.75,3.75,6.5,False
38007181,4.6,4.75,3.2,0,0,0,5.0,5.25,6.75,False
38007182,8.4,7.75,6.2,0,0,0,7.0,8.5,9.0,False
38007183,4.4,4.5,2.4,0,0,0,5.25,6.75,7.25,False
38007184,8.2,7.75,7.2,0,0,0,0,0,0,False
38007185,2.2,2.75,1.8,0,0,0,5.25,4.5,5.25,False
38007186,3.2,5.0,3.0,0,0,0,6.0,5.25,6.75,False
38007187,2.0,4.5,2.8,0,0,0,5.25,4.0,6.75,False
38007188,3.6,6.75,2.4,0,0,0,4.0,6.75,7.5,False
38007189,5.6,7.25,3.2,0,0,0,5.75,7.5,7.5,False
38007190,5.0,7.0,3.4,0,0,0,6.25,6.75,8.25,False
38007191,7.4,3.5,2.2,7.0,5.75,6.0,0,0,0,True
38007192,2.8,6.0,4.0,0,0,0,6.0,6.25,5.75,False
38007193,4.4,6.0,3.2,0,0,0,7.0,7.25,8.25,False
38007194,3.4,3.0,3.4,0,0,0,5.25,4.0,7.5,False
38007195,3.4,6.75,3.4,0,0,0,6.75,6.75,7.25,False
38007196,3.8,7.25,2.6,0,0,0,6.5,5.75,8.25,False
38007197,3.8,5.75,4.2,0,0,0,4.5,6.0,7.25,False
38007198,5.8,6.5,5.0,0,0,0,8.25,7.25,8.5,False
38007199,4.0,7.0,4.0,0,0,0,3.5,5.75,8.0,False
38007200,7.6,8.5,6.0,0,0,0,8.25,9.25,9.75,False
38007201,5.4,6.5,2.2,0,0,0,6.5,8.25,8.75,False
38007202,5.4,8.0,2.0,0,0,0,7.25,6.75,8.25,False
38007203,5.2,8.0,3.2,0,0,0,6.0,6.0,8.0,False
38007204,3.2,7.75,3.8,0,0,0,7.0,7.0,8.5,False
38007205,5.0,5.5,3.8,0,0,0,6.5,7.0,8.5,False
38007206,2.4,5.25,1.8,0,0,0,6.5,6.5,9.0,False
38007207,4.4,5.5,3.0,0,0,0,6.0,7.5,9.0,False
38007208,4.2,5.25,2.6,0,0,0,4.25,4.25,7.5,False
38007209,4.4,8.0,3.6,0,0,0,6.5,6.25,8.75,False
38007210,3.2,6.0,2.8,0,0,0,6.0,5.75,8.5,False
38007211,5.6,6.5,3.2,0,0,0,5.25,5.25,8.0,False
38007212,4.2,6.25,2.8,0,0,0,6.0,6.0,6.0,False
38007213,6.4,6.25,4.6,0,0,0,7.75,7.75,8.5,False
38007214,1.8,3.0,3.6,0,0,0,6.0,4.75,5.75,False
38007215,4.8,4.5,3.2,0,0,0,6.5,7.75,9.0,False
38007216,4.6,7.25,3.8,0,0,0,5.25,7.25,7.5,False
38007217,4.0,6.25,4.8,0,0,0,5.0,5.0,7.25,False
38007218,7.0,6.0,4.2,0,0,0,8.75,8.0,8.75,False
38007219,7.4,7.25,6.2,6.75,8.25,7.5,0,0,0,True
38007220,4.4,6.25,4.6,0,0,0,6.5,6.25,6.5,False
38007221,3.4,5.0,4.0,0,0,0,6.0,6.25,8.25,False
38007222,2.6,5.25,3.6,0,0,0,6.25,6.0,8.75,False
38007223,5.0,5.0,3.0,0,0,0,8.5,8.0,8.0,False
38007224,2.2,5.0,4.0,0,0,0,5.0,6.25,8.25,False
38007225,2.0,5.0,3.8,0,0,0,4.5,5.0,5.5,False
38007226,4.6,5.0,2.0,0,0,0,8.25,8.25,8.25,False
38007227,6.6,6.75,3.0,4.5,3.5,5.25,0,0,0,True
38007228,4.4,6.25,1.8,0,0,0,6.0,6.75,7.75,False
38007229,3.6,5.5,2.6,0,0,0,5.25,5.5,8.0,False
38007230,3.0,6.25,3.6,0,0,0,5.5,6.25,8.0,False
38007231,4.0,4.75,3.6,0,0,0,6.5,5.75,8.0,False
38007232,4.8,6.0,2.8,0,0,0,4.75,7.0,8.0,False
38007233,6.4,7.25,3.6,0,0,0,6.75,7.0,8.5,False
38007234,5.0,5.75,3.4,0,0,0,6.25,6.5,8.25,False
38007235,5.2,6.5,4.6,0,0,0,8.0,8.0,9.75,False
38007236,3.2,5.0,2.6,0,0,0,5.0,4.5,8.0,False
38007237,5.6,6.0,3.6,0,0,0,6.25,5.75,7.75,False
38007238,4.4,6.0,3.2,0,0,0,7.0,5.75,7.5,False
38007239,3.0,3.75,4.0,0,0,0,6.0,5.0,7.25,False
38007240,3.2,5.0,3.0,0,0,0,5.75,6.0,6.5,False
38007241,7.4,8.75,6.0,0,0,0,8.0,8.0,9.0,False
38007242,6.4,7.5,4.0,0,0,0,6.0,7.25,8.5,False
38007243,4.2,7.25,4.4,0,0,0,5.0,6.0,7.0,False
38007244,6.4,6.75,6.6,0,0,0,7.25,7.5,7.5,False
38007245,6.4,7.5,5.4,0,0,0,7.0,7.25,9.0,False
38007246,5.8,7.75,5.2,0,0,0,8.5,8.5,9.0,False
38007247,5.6,8.0,4.2,0,0,0,8.0,7.0,9.0,False
38007248,8.0,5.75,3.6,6.5,7.75,7.25,0,0,0,True
38007249,7.4,7.5,6.2,0,0,0,9.25,9.25,9.75,False
38007250,7.2,7.0,5.8,0,0,0,6.0,8.0,9.5,False
38007251,7.4,7.5,5.8,0,0,0,8.5,7.5,9.25,False
38007252,8.8,7.25,5.4,7.25,8.5,6.25,0,0,0,True
38007253,6.8,9.25,4.8,0,0,0,8.25,7.5,9.0,False
38007254,5.6,7.0,4.6,0,0,0,6.5,7.25,8.0,False
38007255,7.0,7.5,3.2,3.75,6.75,5.5,0,0,0,True
38007256,4.8,7.25,2.6,0,0,0,6.25,6.25,7.75,False
38007257,5.6,6.25,4.0,0,0,0,4.5,6.25,7.0,False
38007258,4.2,7.0,4.8,0,0,0,6.5,5.25,8.25,False
38007259,4.6,5.75,4.4,0,0,0,6.75,5.25,6.75,False
38007260,5.6,7.25,4.6,0,0,0,4.5,5.5,7.5,False
38007261,7.0,7.25,4.6,0,0,0,6.25,6.5,8.5,False
38007262,5.6,5.75,5.6,0,0,0,5.5,4.75,7.25,False
38007263,4.8,5.5,4.0,0,0,0,2.75,5.0,8.0,False
38007264,5.0,5.75,3.0,0,0,0,4.0,5.75,6.0,False
38007265,8.2,9.25,8.2,6.5,5.75,6.5,0,0,0,True
38007266,5.8,7.0,3.6,0,0,0,6.25,7.75,8.75,False
38007267,8.8,8.0,6.6,7.5,7.5,6.5,0,0,0,True
38007268,5.4,8.0,4.6,0,0,0,6.0,7.0,9.5,False
38007269,6.6,8.25,5.8,0,0,0,8.5,7.5,9.25,False
38007270,5.8,6.0,5.6,0,0,0,5.25,7.0,8.0,False
38007271,7.2,6.75,4.8,0,0,0,7.25,7.5,8.75,False
38007272,4.0,8.25,4.2,0,0,0,6.0,6.75,8.5,False
38007273,6.2,7.0,5.4,0,0,0,6.25,5.0,9.0,False
38007274,7.6,7.0,4.2,0,0,0,7.75,7.25,8.5,False
38007275,8.0,7.0,4.8,0,0,0,9.25,9.0,9.5,False
38007276,7.4,7.5,7.2,0,0,0,9.5,9.0,10.0,False
38007277,5.0,6.5,2.6,0,0,0,5.25,6.0,8.75,False
38007278,5.0,6.25,2.4,0,0,0,4.25,7.0,8.5,False
38007279,6.8,8.0,6.2,0,0,0,9.0,7.25,8.0,False
38007280,7.6,7.5,4.4,0,0,0,6.0,7.75,9.25,False
38007281,8.0,8.0,7.2,0,0,0,7.0,7.5,9.25,False
38007282,4.8,6.5,4.0,0,0,0,6.0,6.25,7.0,False
38007283,2.0,6.0,3.6,0,0,0,3.75,4.75,7.0,False
38007284,3.6,3.75,3.0,0,0,0,3.75,5.25,6.25,False
38007285,6.4,7.5,7.4,0,0,0,8.5,7.5,9.5,False
38007286,6.6,7.5,5.6,3.25,4.5,4.75,0,0,0,True
38007287,6.6,8.0,4.8,0,0,0,7.75,9.0,9.5,False
38007288,3.8,6.25,5.4,0,0,0,7.0,6.25,7.75,False
38007289,7.0,8.0,5.0,0,0,0,7.5,7.75,8.75,False
38007290,8.4,6.75,5.0,8.0,8.25,4.75,0,0,0,True
38007291,5.4,6.0,3.2,0,0,0,5.25,5.75,9.0,False
38007292,4.0,5.5,3.4,0,0,0,6.0,5.5,6.5,False
38007293,7.4,5.5,5.0,0,0,0,7.0,6.25,9.0,False
38007294,7.0,9.0,3.8,0,0,0,6.5,7.0,9.5,False
38007295,4.8,9.5,5.0,0,0,0,7.5,7.75,9.5,False
38007296,7.4,8.0,4.4,0,0,0,7.25,6.75,8.0,False
38007297,7.4,6.0,6.0,6.5,7.25,5.75,0,0,0,True
38007298,5.2,7.25,5.6,0,0,0,7.0,7.25,8.0,False
38007299,6.6,7.5,4.6,0,0,0,7.0,9.5,9.75,False
38007300,5.2,6.75,4.6,0,0,0,5.5,6.25,8.0,False
38007301,4.8,6.25,3.6,0,0,0,6.25,5.25,7.75,False
38007302,6.4,8.25,4.2,0,0,0,8.25,7.0,9.0,False
38007303,7.4,7.75,5.2,0,0,0,7.5,7.75,8.5,False
38007304,6.8,7.75,4.4,0,0,0,5.25,6.25,8.0,False
38007305,5.2,7.0,2.6,0,0,0,5.5,5.75,8.0,False
38007306,7.4,7.0,5.6,0,0,0,6.75,8.75,8.25,False
38007307,5.4,7.0,3.6,0,0,0,5.75,5.75,8.0,False
38007308,3.0,5.25,2.6,0,0,0,6.25,6.5,7.25,False
38007309,6.2,6.5,4.0,0,0,0,7.5,7.75,9.25,False
38007310,5.0,6.25,4.2,0,0,0,8.0,5.5,7.75,False
38007311,5.8,8.25,3.8,0,0,0,7.75,7.25,8.5,False
38007312,6.6,9.5,4.0,0,0,0,7.5,7.5,9.25,False
38007313,6.0,7.25,4.6,0,0,0,6.0,5.25,8.25,False
38007314,7.4,7.25,6.2,4.75,7.25,7.75,0,0,0,True
38007315,7.2,5.5,3.6,7.25,7.25,5.25,0,0,0,True
38007316,7.2,5.5,4.6,0,0,0,4.75,5.75,7.75,False
38007317,5.0,4.75,4.8,0,0,0,7.25,6.75,9.0,False
38007318,6.8,6.25,4.2,0,0,0,6.5,5.75,9.0,False
38007319,5.8,7.75,5.2,0,0,0,7.25,7.5,9.5,False
38007320,4.6,5.5,4.8,0,0,0,5.5,6.5,6.75,False
38007321,7.6,8.0,8.6,7.25,4.75,7.25,0,0,0,True
38007322,5.0,6.75,4.2,0,0,0,8.75,8.75,9.0,False
38007323,7.0,6.75,4.8,3.75,7.0,7.5,0,0,0,True
38007324,6.8,7.75,5.6,0,0,0,5.75,7.0,9.0,False
38007325,7.0,8.5,4.4,0,0,0,7.75,7.75,9.75,False
38007326,7.8,7.25,6.4,6.25,7.0,6.75,0,0,0,True
38007327,6.6,7.5,6.6,2.25,5.5,7.75,0,0,0,True
38007328,5.8,5.0,5.4,0,0,0,5.0,4.25,7.5,False
38007329,6.4,8.75,5.6,0,0,0,7.0,6.0,7.0,False
38007330,5.0,8.25,4.2,0,0,0,6.75,7.0,9.25,False
38007331,7.6,8.75,7.4,0,0,0,5.75,8.25,9.0,False
38007332,5.6,5.5,4.2,0,0,0,6.75,5.75,9.25,False
38007333,5.0,5.75,4.2,0,0,0,5.25,5.75,8.5,False
38007334,7.8,8.0,6.8,5.5,5.75,7.25,0,0,0,True
38007335,7.4,7.0,5.8,8.25,8.5,6.75,0,0,0,True
38007336,7.8,8.0,6.2,0,0,0,5.75,5.75,9.25,False
38007337,5.0,6.0,5.2,0,0,0,6.75,7.25,9.75,False
38007338,7.0,8.25,4.6,0,0,0,4.5,7.5,9.25,False
38007339,5.6,5.25,5.2,0,0,0,6.75,7.75,8.25,False
38007340,7.0,4.5,7.0,8.0,4.75,5.75,0,0,0,True
38007341,7.6,8.0,5.0,0,0,0,9.25,9.25,9.75,False
38007342,5.8,6.25,4.2,0,0,0,5.5,6.75,6.75,False
38007343,7.6,5.0,5.4,0,0,0,8.5,8.75,9.25,False
38007344,6.0,7.17,3.6,0,0,0,5.25,6.0,8.75,False
38007345,6.0,7.25,4.8,0,0,0,7.25,8.0,8.25,False
38007346,5.4,6.75,2.8,0,0,0,5.0,4.5,6.5,False
38007347,7.8,8.5,4.6,0,0,0,7.25,7.75,9.5,False
38007348,6.8,9.0,5.0,0,0,0,7.0,7.0,9.25,False
38007349,4.2,6.75,4.8,0,0,0,5.25,4.25,9.0,False
38007350,3.8,4.75,3.8,0,0,0,5.75,6.5,7.5,False
38007351,6.6,7.25,6.0,0,0,0,7.25,8.25,8.5,False
38007352,6.6,7.5,5.0,0,0,0,7.5,6.5,8.75,False
38007353,6.4,6.5,4.6,0,0,0,6.0,6.5,9.0,False
38007354,7.4,8.5,5.8,0,0,0,7.25,7.75,9.0,False
38007355,6.2,4.5,5.0,0,0,0,6.5,6.0,7.5,False
38007356,6.8,6.5,4.8,6.25,7.5,7.0,0,0,0,True
38007357,4.2,6.75,4.6,0,0,0,7.0,7.25,9.75,False
38007358,5.4,6.75,4.0,0,0,0,5.75,6.0,8.5,False
38007359,6.4,7.5,4.8,2.5,5.25,5.5,0,0,0,True
38007360,6.6,6.75,4.4,0,0,0,6.25,7.5,9.0,False
38007361,5.2,5.0,3.6,0,0,0,8.5,6.75,9.5,False
38007362,6.6,7.25,3.8,0,0,0,7.0,6.25,8.75,False
38007363,6.8,7.75,5.0,0,0,0,6.75,6.5,8.5,False
38007364,6.0,6.5,0,0,0,0,7.75,8.0,0,False
38007365,9.0,7.75,7.2,6.25,8.75,7.0,0,0,0,True
38007366,7.6,9.5,4.4,0,0,0,8.0,7.25,8.75,False
38007367,5.8,8.75,6.2,0,0,0,7.5,8.5,9.25,False
38007368,5.0,7.25,4.0,0,0,0,5.0,7.0,8.25,False
38007369,7.0,8.5,4.6,0,0,0,7.0,8.0,8.75,False
38007370,4.6,5.75,3.6,0,0,0,6.5,6.75,8.25,False
38007371,6.4,6.5,4.8,0,0,0,6.5,8.25,9.0,False
38007372,6.2,6.5,4.0,0,0,0,7.5,7.75,9.25,False
38007373,2.6,3.75,2.6,0,0,0,5.5,6.0,8.0,False
38007374,8.0,7.0,5.4,7.25,7.75,6.75,0,0,0,True
38007375,8.6,6.25,6.2,7.25,5.5,7.5,0,0,0,True
38007376,4.8,6.5,4.4,0,0,0,3.75,5.25,7.75,False
38007377,5.6,6.25,3.6,0,0,0,5.0,5.0,7.25,False
38007378,8.0,6.5,4.6,7.25,8.25,7.0,0,0,0,True
38007379,7.6,6.0,5.2,7.5,7.25,7.25,0,0,0,True
38007380,4.4,7.0,3.4,0,0,0,6.25,6.0,7.5,False
38007381,8.2,6.5,7.0,6.5,8.25,7.0,0,0,0,True
38007382,5.6,9.25,4.6,0,0,0,7.0,7.0,8.0,False
38007383,7.4,8.25,5.2,7.75,7.0,5.75,0,0,0,True
38007384,3.8,6.75,3.4,0,0,0,5.75,7.5,8.25,False
38007385,6.0,8.0,4.2,0,0,0,6.75,7.75,9.0,False
38007386,7.4,9.0,5.2,0,0,0,6.75,7.0,8.5,False
38007387,7.2,8.0,4.0,0,0,0,7.0,6.25,8.75,False
38007388,8.4,7.75,5.8,8.25,7.5,7.5,0,0,0,True
38007389,6.8,6.5,4.0,0,0,0,6.25,4.75,8.0,False
38007390,7.6,7.25,3.8,3.5,8.25,8.25,0,0,0,True
38007391,5.8,7.25,4.6,0,0,0,7.5,8.25,8.75,False
38007392,6.8,6.25,5.4,0,0,0,6.5,5.25,8.75,False
38007393,8.8,0,0,0,8.25,8.25,0,0,0,True
38007394,8.2,5.25,3.8,0,0,0,5.0,7.5,8.5,False
38007395,6.6,8.0,5.6,0,0,0,7.25,7.75,8.75,False
38007396,5.8,7.0,5.0,0,0,0,6.5,6.75,8.5,False
38007397,3.8,5.25,4.0,0,0,0,5.75,5.25,8.25,False
38007398,7.8,7.75,4.8,0,0,0,8.25,8.5,9.25,False
38007399,7.2,8.25,5.8,0,0,0,9.75,9.75,9.75,False
38007400,7.0,8.5,6.0,0,0,0,7.0,7.25,8.75,False
38007401,6.2,6.5,3.8,0,0,0,6.25,7.25,8.25,False
38007402,6.0,5.75,4.6,0,0,0,5.75,6.25,7.75,False
38007403,6.2,7.5,4.8,0,0,0,3.75,4.5,8.25,False
38007404,4.4,5.75,2.4,0,0,0,6.5,6.0,8.25,False
38007405,7.4,9.0,7.4,3.25,5.25,6.5,0,0,0,True
38007406,6.6,8.0,5.2,0,0,0,7.5,8.0,9.0,False
38007407,3.6,5.5,3.8,0,0,0,7.0,5.75,8.0,False
38007408,5.8,7.5,5.0,0,0,0,7.0,7.25,8.5,False
38007409,5.6,8.25,4.4,0,0,0,7.75,8.5,9.5,False
38007410,4.4,6.5,3.2,0,0,0,5.75,4.25,8.25,False
38007411,8.0,7.0,5.6,5.5,6.5,6.75,0,0,0,True
38007412,6.4,8.5,5.0,0,0,0,8.25,8.5,8.75,False
38007413,6.6,8.0,5.0,0,0,0,8.25,9.25,9.0,False
38007414,7.0,8.0,3.8,0,0,0,7.5,7.0,8.75,False
38007415,5.8,7.5,4.8,0,0,0,5.5,7.75,8.75,False
38007416,5.0,8.25,4.2,0,0,0,7.75,6.75,8.75,False
38007417,6.2,7.0,5.2,0,0,0,5.25,6.5,9.25,False
38007418,4.4,5.25,3.6,0,0,0,5.0,4.25,6.75,False
38007419,7.2,8.75,5.4,4.75,5.75,7.75,0,0,0,True
38007420,5.8,7.0,5.0,0,0,0,6.75,6.5,9.25,False
38007421,6.6,8.5,5.6,0,0,0,5.5,5.75,9.25,False
38007422,6.8,7.75,4.0,2.75,6.5,7.75,0,0,0,True
38007423,5.4,6.75,3.6,0,0,0,6.5,8.5,9.0,False
38007424,7.0,5.75,4.8,0,0,0,7.75,9.0,9.25,False
38007425,5.8,7.25,5.2,0,0,0,5.25,7.75,9.25,False
38007426,6.6,6.5,6.4,3.75,5.75,8.25,0,0,0,True
38007427,7.8,7.0,6.6,6.25,7.0,7.75,0,0,0,True
38007428,8.2,6.75,5.4,8.0,7.5,5.75,0,0,0,True
38007429,6.6,7.0,4.8,3.5,4.0,5.0,0,0,0,True
38007430,6.8,7.75,4.8,0,0,0,7.25,8.5,9.5,False
38007431,7.2,7.75,4.4,4.0,6.5,7.5,0,0,0,True
38007432,7.0,7.0,5.8,0,0,0,4.75,7.75,9.25,False
38007433,7.6,5.0,5.6,0,0,0,6.5,7.5,8.0,False
38007434,6.0,6.75,5.2,0,0,0,6.5,5.5,9.0,False
38007435,8.4,8.0,5.8,3.25,8.25,6.5,0,0,0,True
38007436,7.0,6.5,2.4,0,0,0,6.0,7.0,8.75,False
38007437,6.0,6.0,4.6,0,0,0,6.0,5.5,8.5,False
38007438,6.6,7.25,5.0,0,0,0,7.75,7.25,9.5,False
38007439,7.8,8.75,7.8,6.75,8.75,7.75,0,0,0,True
38007440,4.0,4.25,4.0,0,0,0,5.0,4.5,6.5,False
38007441,6.2,6.5,1.8,0,0,0,6.5,8.25,9.0,False
38007442,3.2,4.75,4.2,0,0,0,5.5,4.0,6.25,False
38007443,6.0,8.75,5.6,0,0,0,8.0,6.5,9.25,False
38007444,5.2,7.5,5.0,0,0,0,6.75,7.25,8.75,False
38007445,6.4,7.5,5.4,2.5,5.25,7.25,0,0,0,True
38007446,5.4,5.0,4.6,0,0,0,6.25,6.25,8.0,False
38007447,7.0,8.0,5.6,0,0,0,7.0,7.0,9.0,False
38007448,5.8,6.75,4.2,0,0,0,5.25,5.5,8.5,False
38007449,5.6,7.5,5.4,0,0,0,6.5,7.5,9.0,False
38007450,7.8,7.5,4.0,0,0,0,3.25,4.75,8.75,False
38007451,4.6,6.25,4.0,0,0,0,4.5,7.0,7.5,False
38007452,4.4,4.5,3.8,0,0,0,5.5,6.5,6.75,False
38007453,8.4,8.25,8.4,8.0,7.5,7.0,0,0,0,True
38007454,6.8,6.0,5.8,3.75,7.0,7.5,0,0,0,True
38007455,0,4.0,0,0,0,0,3.5,4.0,0,False
38007456,7.8,6.25,4.6,7.75,8.5,5.75,0,0,0,True
38007457,8.0,6.25,3.6,5.75,6.0,6.75,0,0,0,True
38007458,7.6,8.0,6.4,7.75,7.75,6.25,0,0,0,True
38007459,5.8,5.5,3.2,0,0,0,4.75,7.25,8.25,False
38007460,4.6,4.5,5.4,0,0,0,1.75,3.5,4.75,False
38007461,5.8,7.25,2.4,0,0,0,6.0,7.5,8.5,False
38007462,6.0,5.0,4.4,0,0,0,5.25,5.5,6.75,False
38007463,5.4,7.0,4.8,0,0,0,4.5,6.25,8.0,False
38007464,7.6,6.0,7.2,8.0,7.75,7.0,0,0,0,True
38007465,6.4,5.75,5.6,0,0,0,6.75,7.25,8.5,False
38007466,5.0,7.25,5.6,0,0,0,5.0,8.0,7.75,False
38007467,5.6,6.25,5.2,0,0,0,6.0,7.75,9.0,False
38007468,3.4,5.0,3.0,0,0,0,4.25,3.5,4.75,False
38007469,3.6,5.25,5.6,0,0,0,3.5,5.25,8.0,False
38007470,6.2,6.0,4.2,0,0,0,5.5,8.25,7.0,False
38007471,3.2,3.75,3.6,0,0,0,4.25,5.5,4.75,False
38007472,8.0,5.75,5.4,7.25,8.25,4.75,0,0,0,True
38007473,0,5.0,0,0,0,0,4.0,6.5,0,False
38007474,3.4,2.25,0,0,0,0,4.25,2.25,0,False
38007475,5.4,6.5,4.4,0,0,0,7.25,7.5,7.25,False
38007476,6.2,5.25,4.4,0,0,0,6.5,8.0,8.0,False
38007477,4.6,5.75,3.8,0,0,0,5.0,6.25,6.5,False
38007478,4.6,3.5,3.8,0,0,0,4.25,6.0,7.0,False
38007479,3.0,2.75,0,0,0,0,4.25,3.5,0,False
38007480,5.0,7.0,4.6,0,0,0,6.75,8.25,8.25,False
38007481,4.8,5.0,2.6,0,0,0,3.5,6.75,6.0,False
38007482,3.2,5.5,3.2,0,0,0,6.5,7.5,6.5,False
38007483,3.2,2.0,0,0,0,0,4.5,3.0,0,False
38007484,4.6,6.0,3.8,0,0,0,4.0,6.75,6.75,False
38007485,6.0,6.0,4.2,0,0,0,6.25,7.25,7.75,False
38007486,0,7.0,0,0,0,0,6.75,6.0,0,False
38007487,8.4,8.5,6.0,8.75,9.0,7.5,0,0,0,True
38007488,7.6,7.75,6.0,5.75,8.25,5.0,0,0,0,True
38007489,2.8,3.0,3.2,0,0,0,3.25,5.0,5.25,False
38007490,2.8,3.0,0,0,0,0,3.75,5.25,0,False
38007491,7.0,8.25,6.2,0,0,0,9.75,9.0,9.0,False
38007492,7.2,6.75,5.0,3.0,4.0,6.25,0,0,0,True
38007493,4.8,4.5,3.0,0,0,0,5.0,7.0,7.75,False
38007494,5.0,6.0,3.8,0,0,0,5.75,4.5,5.75,False
38007495,5.0,7.5,6.0,0,0,0,7.0,7.5,9.25,False
38007496,3.6,5.0,3.6,0,0,0,3.0,5.25,4.5,False
38007497,2.8,5.0,0,0,0,0,5.0,4.5,0,False
38007498,6.2,5.75,6.0,0,0,0,6.5,7.75,8.5,False
38007499,4.6,5.0,3.4,0,0,0,4.5,6.5,7.25,False
38007500,3.8,5.75,3.4,0,0,0,4.0,6.0,7.0,False
38007501,5.0,6.0,4.8,0,0,0,7.25,8.5,7.5,False
38007502,5.4,5.5,4.6,0,0,0,6.0,8.5,8.5,False
38007503,5.4,8.25,5.4,0,0,0,8.5,7.75,7.75,False
38007504,7.6,8.75,5.8,0,0,0,8.75,9.5,9.0,False
38007505,0,4.75,0,0,0,0,4.5,5.0,0,False
38007506,3.8,3.5,3.6,0,0,0,2.75,5.0,6.0,False
38007507,3.4,3.58,3.6,0,0,0,3.25,3.75,4.75,False
38007508,6.4,5.0,4.0,0,0,0,4.75,7.25,7.0,False
38007509,7.0,6.75,5.8,0,0,0,7.25,6.5,8.5,False
38007510,5.2,7.25,5.6,0,0,0,6.5,6.25,8.75,False
38007511,6.2,8.25,6.0,5.5,7.5,6.5,0,0,0,True
38007512,0,6.25,0,0,0,0,5.0,8.0,0,False
38007513,5.0,6.25,5.8,0,0,0,3.75,6.5,7.25,False
38007514,7.0,7.0,6.4,0,0,0,8.0,8.5,9.0,False
38007515,4.6,6.0,5.0,0,0,0,4.25,4.5,6.0,False
38007516,3.2,6.25,6.2,0,0,0,4.25,6.25,6.5,False
38007517,3.6,5.0,5.0,0,0,0,3.75,5.0,5.75,False
38007518,4.0,2.5,0,0,0,0,5.0,4.75,0,False
38007519,6.8,6.75,6.8,0,0,0,7.75,8.5,8.75,False
38007520,3.8,7.25,6.4,0,0,0,6.5,7.25,8.0,False
38007521,6.8,7.75,8.6,0,0,0,8.0,7.25,9.5,False
38007522,4.4,6.0,5.2,0,0,0,6.25,6.5,8.75,False
38007523,4.4,6.25,5.4,0,0,0,4.5,6.5,7.0,False
38007524,4.0,4.92,2.8,0,0,0,5.25,5.75,6.5,False
38007525,3.2,3.25,4.4,0,0,0,2.25,2.75,3.5,False
38007526,7.4,7.75,5.8,0,0,0,6.5,6.75,9.25,False
38007527,5.4,3.25,0,0,0,0,3.25,3.75,0,False
38007528,3.6,3.75,3.4,0,0,0,3.75,5.75,5.75,False
38007529,6.2,6.25,5.4,0,0,0,5.25,6.75,8.75,False
38007530,6.0,3.5,5.6,0,0,0,7.75,8.25,9.25,False
38007531,7.8,5.0,8.4,6.25,7.5,5.75,0,0,0,True
38007532,8.8,8.0,7.4,0,0,0,9.5,9.5,9.75,False
38007533,6.0,2.0,3.8,0,0,0,3.25,3.0,3.75,False
38007534,0,6.0,0,0,0,0,7.5,8.75,0,False
38007535,4.2,5.75,5.8,0,0,0,4.75,4.25,5.75,False
38007536,5.6,2.75,3.6,2.75,3.0,3.75,0,0,0,True
38007537,6.2,5.75,4.8,0,0,0,4.25,6.75,8.5,False
38007538,7.0,5.25,6.2,8.0,6.25,5.5,0,0,0,True
38007539,7.6,6.25,5.0,8.0,8.25,5.75,0,0,0,True
38007540,3.6,4.5,3.8,0,0,0,4.75,7.25,7.25,False
38007541,4.2,6.0,5.0,0,0,0,6.75,7.25,7.75,False
38007542,5.2,6.0,4.0,0,0,0,4.25,7.25,6.75,False
38007543,7.0,6.25,4.2,6.25,7.75,6.25,0,0,0,True
38007544,3.2,4.75,3.6,0,0,0,5.0,5.75,7.75,False
38007545,3.8,5.75,2.4,0,0,0,5.25,5.5,7.0,False
38007546,7.4,7.0,4.8,7.5,8.0,6.75,0,0,0,True
38007547,5.6,4.0,0,0,0,0,4.5,4.0,0,False
38007548,5.2,5.75,3.8,0,0,0,5.25,6.0,8.75,False
38007549,6.2,6.0,5.6,0,0,0,7.0,7.0,8.75,False
38007550,6.4,5.5,4.6,0,0,0,4.75,6.5,7.5,False
38007551,6.4,6.25,3.8,0,0,0,7.25,8.75,9.0,False
38007552,2.4,2.0,1.6,0,0,0,3.5,6.0,3.0,False
38007553,3.4,5.0,2.8,0,0,0,6.0,6.5,8.0,False
38007554,3.8,7.0,4.0,0,0,0,6.5,6.0,8.75,False
38007555,5.8,7.25,4.4,0,0,0,7.25,7.5,8.75,False
38007556,4.0,5.5,4.4,0,0,0,5.25,8.25,9.25,False
38007557,3.2,6.5,3.4,0,0,0,5.25,7.25,7.5,False
38007558,3.8,3.5,3.6,0,0,0,5.25,5.5,6.75,False
38007559,4.8,6.75,4.2,0,0,0,5.75,7.5,7.75,False
38007560,4.6,4.5,2.8,0,0,0,4.5,5.5,5.75,False
38007561,2.4,3.75,4.6,0,0,0,5.0,4.0,5.5,False
38007562,7.2,5.75,4.6,0,0,0,5.25,5.75,6.5,False
38007563,4.4,5.5,3.8,0,0,0,7.75,7.5,7.75,False
38007564,7.6,8.25,4.8,7.5,5.0,6.75,0,0,0,True
38007565,7.4,5.75,4.0,7.75,8.0,5.5,0,0,0,True
38007566,4.4,6.25,2.8,0,0,0,6.5,6.75,8.0,False
38007567,6.6,7.5,4.6,0,0,0,7.75,9.25,9.0,False
38007568,5.6,7.0,3.6,0,0,0,6.75,7.25,9.0,False
38007569,8.8,6.75,5.0,8.75,9.5,7.0,0,0,0,True
38007570,5.8,8.75,4.6,0,0,0,8.0,8.0,9.75,False
38007571,4.8,6.25,3.4,0,0,0,3.75,6.5,7.75,False
38007572,5.8,5.0,3.6,0,0,0,5.25,5.5,6.75,False
38007573,6.0,6.5,4.8,0,0,0,4.0,5.75,7.25,False
38007574,5.8,6.5,4.6,0,0,0,5.75,6.5,8.5,False
38007575,8.0,5.5,7.8,7.25,6.0,7.5,0,0,0,True
38007577,5.4,5.25,5.0,0,0,0,5.75,8.0,8.0,False
38007578,5.4,3.5,4.2,0,0,0,4.5,6.0,7.25,False
38007579,4.6,6.5,4.8,0,0,0,9.5,8.75,9.0,False
38007580,0,5.75,0,0,0,0,4.0,3.5,0,False
38007581,4.2,4.75,4.2,0,0,0,5.25,7.0,8.75,False
38007582,2.8,4.5,2.8,0,0,0,4.75,6.75,5.75,False
38007583,4.8,6.5,2.8,0,0,0,6.0,6.75,8.25,False
38007584,5.0,5.25,4.4,0,0,0,4.5,5.5,6.25,False
38007585,4.2,6.25,4.2,0,0,0,6.5,7.0,8.5,False
38007586,5.6,4.5,3.0,0,0,0,5.0,7.25,7.25,False
38007587,5.4,6.5,3.6,0,0,0,5.25,6.5,8.0,False
38007588,2.4,4.0,2.2,0,0,0,3.5,4.75,5.5,False
38007589,0,8.25,0,0,0,0,9.0,9.0,0,False
38007590,8.4,6.25,8.0,7.25,4.25,7.0,0,0,0,True
38007591,2.6,5.75,4.8,0,0,0,6.75,5.75,6.25,False
38007592,2.4,5.75,3.4,0,0,0,4.75,5.0,7.0,False
38007593,3.8,6.75,3.6,0,0,0,5.0,6.75,7.0,False
38007594,3.0,5.25,0,0,0,0,0,0,0,False
38007595,3.4,5.75,1.8,0,0,0,4.25,6.75,7.75,False
38007596,4.6,3.75,3.6,0,0,0,4.5,6.25,5.75,False
38007597,5.6,6.25,3.2,0,0,0,5.5,7.75,8.25,False
38007598,4.2,4.0,0,0,0,0,4.5,5.0,0,False
38007599,4.2,3.5,0,0,0,0,4.75,6.25,0,False
38007600,7.2,5.5,4.6,2.75,4.25,6.5,0,0,0,True
38007601,7.8,6.5,4.2,5.25,6.5,5.75,0,0,0,True
38007602,7.2,4.5,6.6,7.75,3.5,5.25,0,0,0,True
38007603,6.4,5.58,6.0,7.0,3.5,7.25,0,0,0,True
38007604,6.6,5.0,3.0,0,0,0,8.25,9.5,9.25,False
38007605,3.8,5.0,3.6,0,0,0,4.5,4.75,6.75,False
38007606,6.4,6.25,5.0,0,0,0,7.0,7.75,8.5,False
38007607,4.4,5.75,2.8,0,0,0,5.5,7.25,8.0,False
38007608,4.0,4.0,3.8,0,0,0,5.25,7.25,7.25,False
38007609,5.2,5.0,6.0,6.5,3.0,5.0,0,0,0,True
38007610,0,7.5,0,0,0,0,7.5,9.0,0,False
38007611,4.2,5.25,3.8,0,0,0,5.75,6.75,7.25,False
38007612,6.0,5.5,3.8,0,0,0,5.5,7.0,7.75,False
38007613,5.2,6.0,4.4,0,0,0,4.75,5.75,7.25,False
38007614,3.2,1.75,2.6,0,0,0,4.25,4.5,3.5,False
38007615,5.0,7.0,2.8,0,0,0,4.5,8.25,8.0,False
38007616,3.4,4.25,2.2,0,0,0,3.25,5.0,6.0,False
38007617,2.4,2.75,1.8,0,0,0,5.0,5.0,4.25,False
38007618,5.6,4.17,3.0,0,0,0,4.75,6.25,6.75,False
38007619,7.4,6.5,5.0,0,0,0,6.0,7.0,8.5,False
38007620,7.0,7.0,4.4,0,0,0,6.25,7.5,9.0,False
38007621,8.2,8.75,9.2,0,0,0,7.5,8.25,8.75,False
38007622,6.8,6.5,4.4,0,0,0,6.0,7.25,8.0,False
38007623,6.6,7.5,5.4,6.25,4.0,4.0,0,0,0,True
38007624,6.2,6.75,3.6,0,0,0,5.75,6.0,7.25,False
38007625,6.4,6.5,4.2,0,0,0,4.75,7.25,7.75,False
38007626,2.8,7.0,3.2,0,0,0,5.5,5.75,8.75,False
38007627,3.2,5.75,3.2,0,0,0,6.25,6.25,6.75,False
38007628,3.6,4.0,4.0,0,0,0,6.75,4.5,7.75,False
38007629,4.8,6.0,3.6,0,0,0,6.5,7.5,8.5,False
38007630,4.0,3.25,3.4,0,0,0,3.5,5.0,4.5,False
38007631,4.6,5.25,4.6,0,0,0,4.75,6.75,9.0,False
38007632,4.8,5.25,3.2,0,0,0,4.25,6.75,8.0,False
38007633,4.8,4.75,3.0,0,0,0,4.5,6.0,8.5,False
38007634,4.6,1.25,2.8,0,0,0,4.0,3.75,5.5,False
38007635,3.6,3.75,3.0,0,0,0,3.5,5.0,5.25,False
38007636,4.8,5.25,0,0,0,0,0,0,0,False
38007637,3.2,4.75,2.6,0,0,0,4.25,5.0,6.0,False
38007638,3.2,3.75,5.0,0,0,0,4.25,2.75,6.75,False
38007639,4.8,6.25,4.2,0,0,0,6.25,6.75,7.0,False
38007640,8.0,6.75,5.0,8.0,8.25,7.25,0,0,0,True
38007641,0,6.0,0,0,0,0,6.0,7.75,0,False
38007642,6.8,7.0,5.4,0,0,0,6.0,7.75,8.5,False
38007643,0,2.25,0,0,0,0,2.5,3.5,0,False
38007644,6.8,6.25,3.6,6.0,7.0,6.0,0,0,0,True
38007645,5.4,7.25,3.8,0,0,0,5.5,6.5,6.75,False
38007646,4.8,5.0,0,0,0,0,5.25,5.75,0,False
38007647,2.8,5.75,3.4,0,0,0,5.0,6.5,8.0,False
38007648,4.4,6.75,3.8,0,0,0,7.25,8.25,8.75,False
38007649,5.0,4.25,3.2,0,0,0,5.75,6.25,6.0,False
38007650,6.4,6.0,3.6,0,0,0,5.5,6.25,8.0,False
38007651,5.2,5.0,2.0,0,0,0,5.25,2.75,6.0,False
38007652,3.6,6.0,3.4,0,0,0,6.75,8.0,9.0,False
38007653,3.4,4.25,2.8,0,0,0,4.25,4.75,8.0,False
38007654,2.6,4.25,0,0,0,0,4.25,2.75,0,False
38007655,5.6,7.5,5.2,0,0,0,7.75,7.25,9.0,False
38007656,4.2,6.5,3.4,0,0,0,5.0,5.5,6.75,False
38007657,4.8,6.75,3.8,0,0,0,5.75,8.25,8.5,False
38007658,5.8,6.25,3.6,0,0,0,6.5,6.0,8.5,False
38007659,0,4.75,0,0,0,0,8.5,8.5,0,False
38007660,5.8,7.25,4.4,0,0,0,6.25,7.75,7.5,False
38007661,7.8,7.0,4.4,7.75,7.75,6.5,0,0,0,True
38007662,8.8,8.0,3.8,7.25,8.25,7.0,0,0,0,True
38007663,0,6.0,0,0,0,0,8.5,8.75,0,False
38007664,7.6,6.75,4.6,0,0,0,6.5,7.25,8.75,False
38007665,3.0,2.0,0,0,0,0,3.75,3.75,0,False
38007666,5.6,6.0,4.8,0,0,0,5.25,7.75,7.75,False
38007667,5.8,6.25,5.6,0,0,0,6.75,8.25,9.25,False
38007668,3.4,2.25,0,0,0,0,3.5,4.25,0,False
38007669,0,2.0,0,0,0,0,4.75,5.75,0,False
38007670,3.6,7.0,4.0,0,0,0,5.0,6.75,7.75,False
38007671,0,7.5,0,0,0,0,5.25,7.25,7.5,False
38007672,3.6,5.0,3.6,0,0,0,4.0,6.5,7.5,False
38007673,3.2,5.25,2.8,0,0,0,3.5,6.0,6.5,False
38007674,3.6,5.0,4.4,0,0,0,3.25,4.5,4.75,False
38007675,1.8,3.5,0,0,0,0,6.0,5.25,0,False
38007676,4.6,6.25,4.6,0,0,0,6.0,6.5,7.75,False
38007677,3.6,3.75,3.6,0,0,0,4.25,6.0,4.5,False
38007678,5.0,6.75,4.4,0,0,0,5.5,7.0,7.0,False
38007679,4.6,3.25,3.4,0,0,0,4.0,6.0,5.5,False
38007680,7.2,8.25,5.4,0,0,0,9.25,9.25,10.0,False
38007681,2.4,6.0,2.2,0,0,0,3.75,4.5,5.0,False
38007682,4.4,7.25,4.4,0,0,0,4.5,7.0,6.75,False
38007683,4.6,6.0,3.4,0,0,0,6.25,6.75,8.5,False
38007684,4.0,3.75,3.4,0,0,0,4.75,5.25,6.25,False
38007685,5.6,7.25,4.2,0,0,0,7.25,7.0,8.5,False
38007686,5.2,6.25,3.8,0,0,0,5.5,6.5,7.0,False
38007687,6.0,6.0,0,0,0,0,6.0,8.0,0,False
38007688,4.0,4.5,4.8,0,0,0,4.5,5.0,5.75,False
38007689,6.2,7.75,4.6,0,0,0,8.75,9.0,9.0,False
38007690,8.4,5.25,8.8,6.25,9.0,6.25,0,0,0,True
38007691,4.0,5.0,3.8,0,0,0,6.0,6.25,7.0,False
38007692,4.2,5.0,3.2,0,0,0,4.0,4.25,6.25,False
38007693,3.6,4.5,3.8,0,0,0,6.25,5.75,7.5,False
38007694,2.8,3.25,4.0,0,0,0,2.75,5.0,3.75,False
38007695,5.4,6.5,4.4,0,0,0,8.0,8.0,9.25,False
38007696,4.4,2.75,0,0,0,0,6.0,6.0,0,False
38007697,4.2,5.25,3.4,0,0,0,5.5,6.5,8.25,False
38007698,0,5.25,0,0,0,0,5.5,4.25,0,False
38007699,2.6,4.0,2.4,0,0,0,5.0,5.25,5.5,False
38007700,2.6,5.75,5.0,0,0,0,4.5,4.5,5.5,False
38007701,4.6,6.0,4.4,0,0,0,5.25,6.0,7.5,False
38007702,5.6,7.25,3.6,0,0,0,5.0,7.75,7.75,False
38007703,0,6.0,0,0,0,0,3.25,5.25,0,False
38007704,7.6,9.5,9.2,0,0,0,8.0,8.5,8.25,False
38007705,6.4,8.0,5.6,4.5,4.5,6.5,0,0,0,True
38007706,4.2,5.25,4.4,0,0,0,4.0,5.5,5.5,False
38007707,8.4,0,0,9.0,8.5,1.25,0,0,0,True
38007708,4.8,4.75,3.6,0,0,0,4.75,5.75,7.5,False
38007709,3.2,6.0,0,0,0,0,4.5,6.0,0,False
38007710,5.4,8.0,4.6,0,0,0,8.0,8.0,9.25,False
38007711,3.6,4.5,0,0,0,0,4.75,4.0,0,False
38007712,5.8,7.0,4.0,0,0,0,6.75,7.75,9.25,False
38007713,4.2,5.0,3.8,0,0,0,5.75,5.75,5.0,False
38007714,3.0,4.75,4.4,0,0,0,4.5,5.75,5.5,False
38007715,6.2,5.25,3.8,5.25,5.25,5.25,0,0,0,True
38007716,4.2,7.25,4.6,0,0,0,6.75,6.5,8.25,False
38007717,4.6,7.0,3.2,0,0,0,3.5,6.5,8.25,False
38007718,0,5.25,0,0,0,0,4.25,6.0,0,False
38007719,3.2,4.25,3.6,0,0,0,3.5,4.5,5.25,False
38007720,3.8,5.75,3.8,0,0,0,4.5,5.0,5.75,False
38007721,4.8,7.0,3.6,4.25,5.0,5.75,0,0,0,True
38007722,3.6,8.75,6.0,0,0,0,9.75,10.0,9.0,False
38007723,2.2,3.25,3.2,0,0,0,3.0,3.5,4.5,False
38007724,2.0,4.0,2.8,0,0,0,4.0,4.25,4.5,False
38007725,3.8,5.25,3.6,0,0,0,3.75,3.25,6.25,False
38007726,7.2,6.0,5.2,7.75,8.75,6.0,0,0,0,True
38007727,7.2,8.0,4.0,0,0,0,4.5,7.25,7.5,False
38007728,4.0,4.5,4.0,0,0,0,2.25,4.0,5.75,False
38007729,0,6.25,0,0,0,0,7.75,7.25,0,False
38007730,5.8,7.25,4.0,0,0,0,6.5,5.75,9.0,False
38007731,5.4,6.0,5.4,0,0,0,5.5,8.0,8.5,False
38007732,4.0,4.75,3.6,0,0,0,4.75,7.0,7.0,False
38007733,2.4,0,0,0,0,0,4.5,5.25,0,False
38007734,4.2,4.75,4.2,0,0,0,4.5,6.75,5.75,False
38007735,4.6,4.0,4.0,0,0,0,4.25,4.5,6.75,False
38007736,0,7.5,0,0,0,0,9.0,9.0,0,False
38007737,0,7.0,0,0,0,0,6.5,6.25,0,False
38007738,4.8,6.25,3.4,0,0,0,4.5,5.75,7.0,False
38007739,0,5.0,0,0,0,0,4.75,6.75,0,False
38007740,3.6,4.0,3.4,0,0,0,5.75,5.25,5.0,False
38007741,3.6,6.0,4.0,0,0,0,4.25,4.75,6.5,False
38007742,4.0,6.0,3.2,0,0,0,5.0,5.75,7.25,False
38007743,4.2,5.0,0,0,0,0,5.25,4.0,0,False
38007744,8.2,8.25,6.8,8.25,8.75,6.25,0,0,0,True
38007745,3.6,5.0,3.2,0,0,0,4.75,6.25,7.25,False
38007746,4.0,5.25,3.0,0,0,0,3.75,5.0,4.75,False
38007747,3.0,3.75,2.8,0,0,0,5.0,2.75,5.25,False
38007748,6.2,8.25,4.8,0,0,0,8.5,8.75,9.25,False
38007749,3.0,3.75,3.0,0,0,0,3.75,5.5,6.5,False
38007750,3.6,6.5,4.4,0,0,0,5.5,6.5,8.0,False
38007751,8.4,8.25,6.0,0,0,0,8.25,9.0,9.5,False
38007752,4.2,6.0,4.0,0,0,0,5.0,4.0,6.25,False
38007753,5.8,6.25,4.2,0,0,0,9.0,8.25,9.0,False
38007754,5.2,7.5,4.6,0,0,0,5.0,7.0,8.0,False
38007755,5.4,5.5,4.6,0,0,0,3.75,6.25,6.75,False
38007756,2.4,4.5,2.6,0,0,0,5.0,4.5,6.25,False
38007757,4.0,7.0,4.2,0,0,0,2.5,5.0,4.5,False
38007758,5.4,6.25,4.2,0,0,0,5.75,6.5,7.5,False
38007759,8.4,7.0,7.2,8.75,7.25,6.25,0,0,0,True
38007760,6.4,6.75,5.2,0,0,0,6.0,7.75,8.0,False
38007761,6.8,7.5,6.4,0,0,0,7.0,5.5,8.0,False
38007762,6.4,7.25,4.0,4.25,5.25,5.5,0,0,0,True
38007763,7.2,7.75,5.6,0,0,0,8.75,9.25,9.25,False
38007764,6.4,5.5,3.6,0,0,0,3.25,4.75,6.75,False
38007765,5.2,5.75,4.8,0,0,0,6.5,5.75,6.75,False
38007766,0,6.0,0,0,0,0,6.25,6.5,0,False
38007767,4.4,3.75,3.2,0,0,0,4.25,4.75,7.25,False
38007768,3.6,5.75,3.2,0,0,0,5.0,5.75,6.75,False
38007769,4.2,7.0,4.6,0,0,0,6.5,4.5,8.25,False
38007770,8.4,5.5,7.4,8.25,8.0,5.0,0,0,0,True
38007771,7.6,7.0,4.4,7.5,7.5,4.25,0,0,0,True
38007772,6.4,8.75,6.4,0,0,0,6.5,6.25,8.75,False
38007773,5.2,7.25,5.0,0,0,0,5.5,7.25,7.75,False
38007774,5.4,8.0,4.6,0,0,0,4.75,7.5,8.0,False
38007775,4.4,7.75,4.4,0,0,0,6.25,7.0,8.5,False
38007776,2.0,6.25,2.8,0,0,0,5.25,4.75,4.25,False
38007777,2.8,3.75,3.2,0,0,0,3.25,4.0,4.75,False
38007778,4.0,5.25,3.4,0,0,0,5.5,5.25,6.0,False
38007779,2.8,4.0,3.6,0,0,0,3.0,4.75,4.5,False
38007780,4.8,4.75,3.2,0,0,0,5.75,6.5,8.5,False
38007781,4.6,6.0,2.4,0,0,0,4.75,5.5,7.75,False
38007782,4.6,3.25,3.4,0,0,0,3.75,4.0,5.75,False
38007783,6.2,6.5,4.0,0,0,0,5.5,9.0,7.75,False
38007784,7.0,6.5,4.4,0,0,0,5.25,7.75,7.25,False
38007785,6.4,6.75,4.0,0,0,0,5.25,7.0,7.0,False
38007786,3.4,3.25,2.8,0,0,0,4.25,4.0,4.75,False
38007787,7.0,8.25,5.0,0,0,0,7.0,8.75,8.25,False
38007788,5.0,7.5,4.0,0,0,0,7.0,8.25,8.0,False
38007789,6.8,8.5,3.8,0,0,0,6.0,5.25,8.75,False
38007790,2.4,3.0,2.6,0,0,0,4.5,4.5,5.0,False
38007791,1.4,2.58,0,0,0,0,6.0,3.0,0,False
38007792,5.6,4.0,4.4,0,0,0,5.0,6.25,8.0,False
38007793,5.0,6.0,3.4,0,0,0,3.75,5.5,6.25,False
38007795,5.2,6.0,4.0,0,0,0,6.75,5.0,6.75,False
38007796,8.2,8.5,8.6,6.0,9.75,6.0,0,0,0,True
38007797,2.6,4.5,3.6,0,0,0,6.0,5.25,6.75,False
38007798,0,3.75,0,0,0,0,5.25,5.75,0,False
38007799,3.4,6.0,2.8,0,0,0,6.0,4.75,7.0,False
38007800,7.6,6.25,8.2,4.25,7.25,6.5,0,0,0,True
38007801,5.8,7.0,4.2,0,0,0,7.5,8.0,9.0,False
38007802,7.4,7.0,6.0,0,0,0,7.0,7.0,7.75,False
38007803,0,5.25,0,0,0,0,3.5,6.5,0,False
38007804,5.0,6.5,2.8,0,0,0,6.25,8.75,8.25,False
38007805,3.8,5.25,4.0,0,0,0,4.0,6.0,6.0,False
38007807,2.6,4.0,0,0,0,0,5.5,4.0,0,False
38007808,8.6,7.25,4.0,8.0,7.75,6.75,0,0,0,True
38007809,5.4,6.0,4.4,0,0,0,5.0,5.25,7.5,False
38007810,3.2,3.5,3.2,0,0,0,5.75,4.5,5.5,False
38007811,4.8,5.75,3.2,0,0,0,2.5,5.5,4.75,False
38007812,5.6,7.0,4.2,0,0,0,5.25,6.25,7.5,False
38007813,6.6,7.25,5.0,0,0,0,8.5,8.25,9.5,False
38007814,5.4,8.5,5.2,0,0,0,6.5,7.25,9.25,False
38007815,2.6,3.0,0,0,0,0,5.5,7.25,0,False
38007816,3.0,4.5,3.8,0,0,0,3.5,5.5,3.75,False
38007817,0,4.25,0,0,0,0,6.75,6.25,0,False
38007818,4.0,7.75,2.4,0,0,0,5.0,6.0,8.5,False
38007819,4.6,7.75,3.8,0,0,0,7.0,7.25,8.25,False
38007820,5.0,6.5,3.8,0,0,0,4.5,7.75,7.25,False
38007821,6.0,6.75,4.6,0,0,0,8.25,9.25,8.25,False
38007822,6.4,7.5,3.4,6.75,6.25,6.0,0,0,0,True
38007823,0,5.75,0,0,0,0,6.25,5.75,0,False
38007824,6.6,5.75,5.8,0,0,0,7.25,6.75,9.0,False
38007825,0,5.08,0,0,0,0,6.0,7.0,0,False
38007826,5.4,5.92,2.0,0,0,0,5.5,4.75,5.0,False
38007827,5.0,8.25,6.4,0,0,0,9.5,8.5,8.75,False
38007828,3.8,2.25,2.6,0,0,0,3.75,3.75,3.25,False
38007829,6.0,5.25,4.4,0,0,0,5.75,6.25,5.0,False
38007830,2.6,4.0,2.4,0,0,0,3.75,5.25,4.0,False
38007831,7.0,6.25,5.0,7.25,7.5,8.0,0,0,0,True
38007832,3.8,6.0,2.6,0,0,0,3.0,6.5,6.5,False
38007833,4.4,6.0,3.8,0,0,0,5.5,5.5,8.0,False
38007834,8.0,5.5,4.6,9.0,8.5,7.75,0,0,0,True
38007835,5.8,5.5,2.6,0,0,0,4.75,6.5,7.75,False
38007836,7.4,7.25,8.2,0,0,0,8.25,6.75,8.75,False
38007837,4.6,6.75,3.6,0,0,0,5.5,7.0,6.5,False
38007838,5.6,4.25,4.6,0,0,0,5.75,7.0,7.75,False
38007839,5.0,8.5,3.6,0,0,0,7.75,9.0,8.75,False
38007840,3.2,5.0,3.4,0,0,0,4.75,4.25,5.75,False
38007841,6.8,7.75,4.4,0,0,0,8.5,9.5,9.25,False
38007842,3.6,3.5,0,0,0,0,5.0,6.25,0,False
38007843,0,4.75,0,0,0,0,5.75,4.0,0,False
38007844,2.4,4.5,2.8,0,0,0,2.75,5.75,6.75,False
38007845,7.4,7.5,5.2,8.5,5.0,5.0,0,0,0,True
38007846,5.0,5.25,3.2,0,0,0,5.0,5.0,8.5,False
38007847,6.2,5.5,3.8,0,0,0,6.25,9.0,9.0,False
38007848,6.6,5.25,4.6,0,0,0,6.25,7.5,8.0,False
38007849,6.8,6.0,4.8,0,0,0,8.0,8.75,8.75,False
38007850,6.0,6.25,5.2,4.5,5.75,5.0,0,0,0,True
38007851,4.0,6.0,4.6,0,0,0,4.5,6.75,7.0,False
38007852,5.8,5.75,2.4,0,0,0,5.75,6.0,7.5,False
38007853,6.0,7.5,4.0,0,0,0,6.5,8.5,8.75,False
38007854,5.8,3.0,3.6,0,0,0,4.5,6.25,7.25,False
38007855,6.4,7.75,5.2,0,0,0,6.25,6.25,7.75,False
38007856,5.0,5.0,3.0,0,0,0,6.0,6.25,8.0,False
38007857,3.4,5.0,3.8,0,0,0,4.5,6.0,5.5,False
38007858,2.8,4.5,0,0,0,0,3.75,5.5,0,False
38007859,4.6,6.5,3.6,0,0,0,4.25,7.5,7.0,False
38007860,3.4,4.25,2.8,0,0,0,5.25,6.75,7.25,False
38007861,3.6,2.75,2.2,0,0,0,5.0,5.75,3.25,False
38007862,2.8,4.25,2.8,0,0,0,6.25,5.5,7.5,False
38007863,4.2,4.25,3.4,0,0,0,4.25,4.25,6.0,False
38007864,5.0,5.0,4.0,0,0,0,7.0,7.25,6.5,False
38007865,5.2,5.0,4.0,0,0,0,5.25,5.75,7.0,False
38007866,3.0,4.75,2.8,0,0,0,4.25,7.25,6.5,False
38007867,2.2,3.25,3.6,0,0,0,4.0,3.5,3.5,False
38007868,3.4,4.17,4.8,0,0,0,3.75,4.5,2.75,False
38007869,6.8,6.5,4.6,0,0,0,6.25,7.0,7.5,False
38007870,4.8,4.0,2.6,0,0,0,5.25,5.75,6.75,False
38007871,5.0,4.25,3.4,0,0,0,5.25,6.75,8.25,False
38007872,3.4,2.5,0,0,0,0,3.75,2.5,0,False
38007873,0,5.75,0,0,0,0,8.5,9.0,0,False
38007874,6.4,6.75,4.6,7.25,6.25,4.25,0,0,0,True
38007875,3.4,3.5,0,0,0,0,4.0,4.25,0,False
38007876,4.6,3.75,3.2,0,0,0,6.0,6.0,6.75,False
38007877,0,7.5,0,0,0,0,4.75,6.75,0,False
38007878,3.0,4.25,4.0,0,0,0,3.75,5.25,6.25,False
38007879,6.2,5.5,3.6,0,0,0,6.0,7.25,8.75,False
38007880,5.4,6.0,3.8,0,0,0,5.25,7.5,8.5,False
38007881,5.8,5.75,3.4,0,0,0,3.75,7.25,6.5,False
38007882,4.6,6.0,3.4,0,0,0,4.5,5.5,7.0,False
38007883,3.8,5.42,5.6,0,0,0,4.75,5.25,7.25,False
38007884,3.0,5.83,2.8,0,0,0,4.25,6.75,5.5,False
38007885,7.4,7.0,8.8,4.25,7.5,5.75,0,0,0,True
38007886,4.8,5.75,4.4,0,0,0,4.5,6.5,7.75,False
38007887,5.8,5.75,3.6,0,0,0,4.75,4.5,6.0,False
38007888,8.4,4.5,5.4,7.75,9.75,7.0,0,0,0,True
38007889,6.0,5.25,2.0,0,0,0,4.75,5.25,7.0,False
38007890,7.2,6.75,4.2,0,0,0,6.75,7.5,8.25,False
38007891,8.0,6.0,4.2,7.75,9.25,5.25,0,0,0,True
38007892,2.0,5.25,4.4,0,0,0,7.5,7.25,7.0,False
38007893,7.8,7.75,8.4,8.5,9.75,6.5,0,0,0,True
38007894,0,6.25,0,0,0,0,4.75,5.75,0,False
38007895,8.6,7.25,4.2,8.25,8.75,7.0,0,0,0,True
38007896,5.6,7.0,4.2,0,0,0,6.5,6.75,9.0,False
38007897,8.6,6.75,6.8,9.25,9.5,7.0,0,0,0,True
38007898,3.0,5.5,4.0,0,0,0,3.0,4.0,7.25,False
38007899,7.4,4.5,5.4,9.0,8.5,5.0,0,0,0,True
38007900,5.8,5.0,2.6,0,0,0,5.25,6.0,7.0,False
38007901,0,5.0,0,0,0,0,6.75,7.0,0,False
38007902,5.4,5.75,4.4,0,0,0,7.25,5.75,7.75,False
38007903,5.4,5.75,4.0,0,0,0,5.5,6.25,8.5,False
38007904,6.4,8.0,4.8,0,0,0,6.5,8.5,8.5,False
38007905,3.6,3.25,3.6,0,0,0,4.0,6.25,4.75,False
38007906,4.0,4.0,4.2,0,0,0,4.0,3.5,6.25,False
38007907,5.8,7.5,9.0,3.75,7.5,6.0,0,0,0,True
38007908,5.0,3.25,5.4,0,0,0,5.0,5.75,5.5,False
38007909,0,7.0,0,0,0,0,5.75,8.25,0,False
38007910,5.0,6.5,4.8,0,0,0,6.5,6.5,8.25,False
38007911,4.4,6.0,4.6,0,0,0,5.0,6.5,7.25,False
38007912,2.2,7.0,4.0,0,0,0,3.75,4.75,5.75,False
38007913,6.8,6.5,6.4,0,0,0,6.0,7.5,8.75,False
38007914,5.0,7.25,5.6,0,0,0,6.0,6.25,8.5,False
38007915,7.0,7.0,4.8,0,0,0,4.75,7.25,8.5,False
38007916,6.8,7.5,7.0,0,0,0,8.5,9.0,9.0,False
38007917,7.2,8.0,4.6,8.25,5.5,5.25,0,0,0,True
38007918,4.4,5.0,3.2,0,0,0,4.5,5.5,5.75,False
38007919,2.4,0,2.2,0,0,0,0,0,0,False
38007920,7.8,5.75,4.4,8.5,8.5,5.75,0,0,0,True
38007921,5.0,7.25,4.0,0,0,0,3.0,6.0,7.25,False
38007922,5.8,6.17,5.4,0,0,0,5.0,6.25,7.5,False
38007923,7.0,5.25,3.4,5.25,7.5,6.75,0,0,0,True
38007924,5.2,5.0,4.8,0,0,0,4.0,6.0,5.5,False
38007925,7.6,6.0,5.4,7.5,8.0,5.75,0,0,0,True
38007926,4.4,4.0,0,0,0,0,4.25,4.0,0,False
38007927,0,9.25,0,0,0,0,9.25,9.0,0,False
38007928,7.6,5.0,6.8,8.75,8.25,6.25,0,0,0,True
38007929,7.0,6.5,6.4,0,0,0,5.0,6.25,8.25,False
38007930,7.4,9.5,8.8,6.25,7.25,7.25,0,0,0,True
38007931,4.6,4.5,3.8,0,0,0,4.25,6.5,6.25,False
38007932,6.8,7.75,5.4,5.5,4.75,6.25,0,0,0,True
38007933,7.6,7.5,4.4,7.75,7.25,8.25,0,0,0,True
38007934,4.2,4.75,4.0,0,0,0,3.5,3.25,4.25,False
38007935,5.6,5.25,3.4,0,0,0,5.0,6.75,7.25,False
38007936,3.8,5.25,3.2,0,0,0,5.0,6.0,8.75,False
38007937,2.0,3.5,3.0,0,0,0,4.75,5.5,4.75,False
38007938,5.2,6.0,3.4,0,0,0,6.75,6.5,9.25,False
38007939,4.0,3.25,4.6,0,0,0,4.25,6.25,5.5,False
38007940,5.2,6.25,5.0,0,0,0,4.5,6.0,6.75,False
38007941,7.2,6.25,3.8,7.0,6.25,7.5,0,0,0,True
38007942,6.6,7.75,4.8,0,0,0,5.25,7.75,8.5,False
38007943,5.8,8.25,4.4,0,0,0,8.5,8.25,9.75,False
38007944,3.2,7.0,4.8,0,0,0,6.25,6.0,7.0,False
38007945,6.2,6.25,0,0,0,0,6.0,6.75,8.0,False
38007946,4.8,5.25,2.8,0,0,0,3.25,5.75,6.75,False
38007947,5.8,7.0,4.6,0,0,0,5.0,7.5,8.75,False
38007948,0,5.75,0,0,0,0,4.25,7.25,0,False
38007949,5.4,6.5,3.4,0,0,0,3.75,6.75,8.25,False
38007950,0,4.5,0,0,0,0,5.25,7.5,0,False
38007951,6.2,7.25,4.6,0,0,0,6.5,8.25,8.25,False
38007952,7.0,8.5,4.8,7.0,7.5,6.25,0,0,0,True
38007953,5.8,8.25,7.6,0,0,0,9.25,6.75,9.5,False
38007954,2.4,3.5,3.2,0,0,0,6.75,2.75,3.25,False
38007955,0,6.75,0,0,0,0,5.25,4.75,0,False
38007956,5.2,5.5,4.4,0,0,0,5.0,7.5,9.0,False
38007957,2.4,3.0,0,0,0,0,3.0,4.25,0,False
38007958,3.8,4.25,2.0,0,0,0,5.0,5.5,7.25,False
38007959,4.8,5.5,3.4,0,0,0,5.75,6.0,8.0,False
38007960,7.8,6.75,3.6,8.0,7.5,7.5,0,0,0,True
38007961,5.4,3.75,4.2,0,0,0,5.5,6.75,6.75,False
38007962,4.0,5.0,3.8,0,0,0,5.25,6.0,6.75,False
38007963,7.8,5.0,4.6,7.75,4.75,7.0,0,0,0,True
38007964,8.0,6.0,2.6,7.75,7.0,7.0,0,0,0,True
38007965,5.2,5.5,5.4,0,0,0,4.25,5.25,7.75,False
38007966,4.8,5.0,3.0,0,0,0,4.75,7.25,7.5,False
38007967,0,7.0,0,0,0,0,5.5,7.5,0,False
38007968,3.0,4.5,2.0,0,0,0,5.0,6.0,7.5,False
38007969,6.8,6.25,4.2,0,0,0,6.5,7.5,8.5,False
38007970,4.6,7.0,3.0,0,0,0,6.25,8.75,8.75,False
38007971,7.6,7.5,4.0,6.5,5.5,7.0,0,0,0,True
38007972,3.4,3.25,2.8,0,0,0,5.0,5.75,5.75,False
38007973,4.4,6.75,4.6,0,0,0,5.75,6.25,9.0,False
38007974,4.0,5.5,4.2,0,0,0,4.25,4.5,6.5,False
38007975,5.0,7.0,3.0,0,0,0,4.0,7.75,9.75,False
38007976,0,7.0,0,0,0,0,3.5,5.5,0,False
38007977,3.0,4.0,2.8,0,0,0,3.0,3.0,5.0,False
38007978,2.4,5.0,2.8,0,0,0,4.25,4.25,4.0,False
38007980,4.8,6.25,3.6,0,0,0,5.5,5.25,8.0,False
38007981,7.0,5.75,4.2,0,0,0,5.5,5.75,6.0,False
38007982,5.0,7.0,2.2,0,0,0,6.25,7.5,8.25,False
38007983,0,6.25,0,0,0,0,7.25,6.75,0,False
38007984,4.4,3.75,3.8,0,0,0,5.25,5.0,6.5,False
38007985,5.4,7.0,5.4,0,0,0,4.75,5.5,6.5,False
38007986,6.4,6.5,5.0,6.0,7.5,5.25,0,0,0,True
38007987,6.6,8.25,4.4,0,0,0,5.75,6.25,9.25,False
38007988,3.0,6.75,3.4,0,0,0,5.25,6.5,5.5,False
38007989,6.6,6.75,6.8,7.0,7.25,6.0,0,0,0,True
38007990,3.8,6.25,3.4,0,0,0,5.25,5.25,6.0,False
38007991,2.2,6.0,4.2,0,0,0,4.5,3.25,7.0,False
38007992,6.2,7.0,4.8,6.0,7.0,5.5,0,0,0,True
38007993,7.4,9.0,9.0,0,0,0,8.75,9.0,9.75,False
38007994,4.0,6.75,4.2,0,0,0,4.5,6.5,8.25,False
38007995,4.0,6.75,5.2,0,0,0,7.25,6.25,7.5,False
38007996,3.4,5.5,4.2,0,0,0,4.0,6.0,6.5,False
38007997,6.4,6.0,3.8,3.25,6.5,7.25,0,0,0,True
38007998,2.6,5.25,3.0,0,0,0,4.0,5.25,4.25,False
38007999,8.2,5.0,4.0,8.0,8.0,7.0,0,0,0,True
38008000,5.2,6.0,4.6,0,0,0,4.5,7.25,6.5,False
38008001,8.0,8.0,6.8,8.75,9.25,8.25,0,0,0,True
38008002,2.2,3.25,0,0,0,0,6.75,5.25,0,False
38008003,6.0,6.5,4.2,0,0,0,7.0,7.25,8.25,False
38008004,3.6,6.0,2.8,0,0,0,4.0,6.25,6.75,False
38008005,5.0,6.25,4.8,0,0,0,4.75,7.0,8.0,False
38008006,3.0,2.0,2.0,0,0,0,3.0,4.0,4.75,False
38008007,2.6,3.75,3.2,0,0,0,3.75,6.0,5.25,False
38008008,3.8,4.75,2.2,0,0,0,3.75,5.5,7.25,False
38008009,4.0,5.75,3.6,0,0,0,5.25,8.25,8.0,False
38008010,3.0,4.5,2.0,0,0,0,5.0,5.25,5.0,False
38008011,3.8,6.75,4.0,0,0,0,5.0,7.25,8.75,False
38008012,6.8,6.0,0,0,0,0,0,0,0,False
38008013,3.4,4.5,3.8,0,0,0,4.5,6.0,6.75,False
38008014,5.6,6.75,4.2,0,0,0,5.25,7.25,8.0,False
38008015,8.2,7.25,8.0,8.25,9.5,7.25,0,0,0,True
38008016,3.4,6.25,4.8,0,0,0,6.5,5.0,7.5,False
38008017,6.4,5.5,4.8,0,0,0,6.0,7.25,8.25,False
38008018,4.4,6.75,3.8,0,0,0,7.5,6.5,8.5,False
38008019,4.0,6.0,4.2,0,0,0,6.5,8.0,9.0,False
38008020,7.6,7.0,5.0,0,0,0,8.75,9.0,9.75,False
38008021,5.0,4.75,4.8,0,0,0,8.75,8.25,9.25,False
38008022,7.2,8.0,8.0,6.25,7.25,7.5,0,0,0,True
38008023,3.6,4.5,6.8,0,0,0,6.75,7.0,7.0,False
38008024,7.6,7.5,7.0,6.0,6.25,7.0,0,0,0,True
38008025,4.4,2.5,5.2,0,0,0,7.0,4.25,5.0,False
38008026,5.0,5.41,4.6,0,0,0,3.5,5.0,5.5,False
38008027,4.6,5.25,3.8,0,0,0,7.0,5.25,7.75,False
38008028,5.2,6.25,4.2,0,0,0,6.25,7.25,8.5,False
38008029,0,6.75,0,0,0,0,7.0,9.5,0,False
38008030,4.6,6.75,4.8,0,0,0,7.0,6.5,9.0,False
38008031,5.2,6.5,5.6,0,0,0,7.25,6.75,8.75,False
38008032,3.6,6.0,4.8,0,0,0,4.5,6.0,8.25,False
38008033,3.8,5.75,5.0,0,0,0,4.25,5.0,7.75,False
38008034,3.6,5.5,4.0,0,0,0,6.0,7.5,7.5,False
38008035,0,7.0,0,0,0,0,6.75,8.0,0,False
38008036,5.6,7.0,5.6,0,0,0,6.0,6.0,7.5,False
38008037,7.8,0,7.2,5.25,8.5,9.0,0,0,0,True
38008038,5.4,6.25,4.2,0,0,0,4.5,8.0,8.0,False
38008039,3.8,6.75,3.2,0,0,0,6.0,7.75,9.5,False
38008040,4.6,3.25,3.2,0,0,0,4.0,5.5,7.25,False
38008041,3.0,5.25,4.6,0,0,0,5.5,6.25,7.5,False
38008042,7.2,6.5,4.8,5.25,8.25,7.25,0,0,0,True
38008043,6.0,7.25,4.2,3.25,6.5,5.75,0,0,0,True
38008044,6.8,7.25,4.6,0,0,0,8.5,9.5,8.75,False
38008045,6.2,6.75,5.2,0,0,0,7.5,6.75,9.5,False
38008046,4.6,5.0,4.0,0,0,0,4.5,7.25,8.0,False
38008047,4.2,4.25,4.4,0,0,0,5.75,4.0,7.0,False
38008048,4.0,4.25,4.2,0,0,0,8.0,7.75,8.25,False
38008049,5.0,4.75,4.4,0,0,0,8.5,4.5,8.0,False
38008050,4.8,6.25,6.2,0,0,0,9.0,8.5,9.5,False
38008051,6.4,7.0,3.0,0,0,0,7.0,8.5,8.25,False
38008052,4.6,8.25,3.6,0,0,0,6.5,8.75,8.25,False
38008053,5.4,6.0,4.6,0,0,0,5.0,7.0,7.25,False
38008054,6.8,7.0,3.8,0,0,0,6.75,7.75,9.25,False
38008055,5.2,6.75,5.8,0,0,0,6.0,7.75,8.75,False
38008056,4.0,6.0,4.2,0,0,0,6.5,6.75,8.0,False
38008057,7.2,5.75,6.2,6.0,6.0,7.5,0,0,0,True
38008058,4.0,6.25,4.8,0,0,0,6.25,8.25,8.75,False
38008059,5.2,5.5,3.8,0,0,0,4.0,4.25,6.5,False
38008060,3.6,4.5,5.2,0,0,0,4.5,5.75,7.25,False
38008061,8.0,6.75,6.2,6.0,7.5,7.5,0,0,0,True
38008062,6.4,5.25,5.4,0,0,0,7.75,7.0,9.25,False
38008063,4.8,8.0,4.8,0,0,0,5.75,5.25,8.5,False
38008064,5.2,5.25,4.4,0,0,0,5.5,3.25,8.25,False
38008065,5.4,7.0,4.8,0,0,0,5.0,7.5,9.25,False
38008066,2.0,3.25,4.0,0,0,0,4.5,7.25,7.5,False
38008067,3.8,3.0,3.0,0,0,0,5.5,4.75,7.75,False
38008068,5.4,3.5,4.8,0,0,0,6.75,6.75,7.75,False
38008069,6.6,6.75,4.8,0,0,0,5.75,7.5,8.5,False
38008070,3.2,5.0,3.8,0,0,0,5.25,6.0,6.0,False
38008071,5.8,4.75,4.6,0,0,0,6.25,7.0,8.5,False
38008072,5.8,6.25,4.6,0,0,0,5.25,7.0,8.25,False
38008073,6.4,5.0,5.4,5.5,7.5,7.5,0,0,0,True
38008074,5.0,6.0,4.8,0,0,0,5.5,8.0,9.0,False
38008075,7.0,7.75,7.0,5.25,6.0,6.5,0,0,0,True
38008076,4.6,6.75,5.0,0,0,0,6.25,7.25,9.0,False
38008077,7.6,7.5,5.0,0,0,0,6.25,6.25,8.75,False
38008078,6.0,7.5,4.8,0,0,0,6.5,8.0,9.25,False
38008079,3.6,6.5,3.2,0,0,0,6.25,8.75,8.25,False
38008080,3.8,6.25,5.6,0,0,0,4.5,7.0,8.0,False
38008081,4.6,5.75,5.6,0,0,0,6.25,7.75,8.5,False
38008082,5.2,6.75,4.8,0,0,0,7.0,6.25,8.5,False
38008083,5.8,6.75,4.0,0,0,0,6.5,7.25,7.25,False
38008084,5.2,4.5,3.8,0,0,0,5.25,7.0,8.25,False
38008085,5.0,4.75,4.0,0,0,0,6.75,7.25,6.75,False
38008086,8.6,7.0,7.0,8.0,5.5,7.25,0,0,0,True
38008087,3.0,4.25,5.0,0,0,0,6.25,5.75,7.0,False
38008088,8.4,6.5,7.2,8.5,6.75,6.5,0,0,0,True
38008089,8.0,7.25,8.2,7.0,8.75,7.0,0,0,0,True
38008090,6.0,7.5,5.6,0,0,0,8.25,8.0,9.75,False
38008091,6.6,7.0,5.0,0,0,0,9.5,8.5,9.0,False
38008092,5.8,5.25,4.4,0,0,0,7.5,7.5,8.5,False
38008093,5.6,4.25,3.6,0,0,0,4.0,5.0,7.25,False
38008094,7.0,8.0,7.0,5.5,9.0,7.25,0,0,0,True
38008095,8.2,7.5,6.6,6.25,9.25,8.25,0,0,0,True
38008096,7.0,0,6.4,0,0,0,5.25,5.75,0,False
38008097,4.6,6.0,3.0,0,0,0,6.25,6.0,7.75,False
38008098,7.6,8.5,6.4,0,0,0,8.25,9.25,9.0,False
38008099,8.8,8.5,6.8,6.5,8.0,7.75,0,0,0,True
38008100,7.0,5.25,4.6,0,0,0,7.5,9.0,7.75,False
38008101,6.8,5.25,5.6,5.75,7.75,7.0,0,0,0,True
38008102,3.8,5.75,5.2,0,0,0,6.25,5.5,6.5,False
38008103,5.2,3.0,3.6,0,0,0,6.5,5.25,6.0,False
38008104,5.8,6.75,2.6,0,0,0,7.25,6.75,9.0,False
38008105,5.8,6.5,4.8,0,0,0,5.0,8.0,7.75,False
38008106,4.2,6.25,3.0,0,0,0,5.25,6.5,6.75,False
38008107,6.0,5.0,4.4,0,0,0,7.25,6.75,8.25,False
38008108,0,6.75,0,0,0,0,8.25,8.5,0,False
38008109,5.4,6.25,3.6,0,0,0,7.25,8.0,8.75,False
38008110,6.8,6.0,3.0,0,0,0,6.5,6.25,9.5,False
38008111,4.2,5.0,3.8,0,0,0,4.5,6.75,7.75,False
38008112,6.0,4.5,3.0,0,0,0,4.0,8.5,5.0,False
38008113,0,4.0,0,0,0,0,3.5,4.75,0,False
38008114,7.0,6.5,5.0,5.25,7.5,6.25,0,0,0,True
38008115,4.6,5.75,4.4,0,0,0,8.0,8.0,8.5,False
38008116,1.8,2.75,2.8,0,0,0,5.0,5.25,4.75,False
38008117,4.4,6.5,3.6,0,0,0,5.25,6.25,9.0,False
38008118,5.6,5.75,3.6,0,0,0,5.25,7.5,8.25,False
38008119,6.6,6.25,4.4,0,0,0,6.5,7.5,8.75,False
38008120,5.8,8.25,6.6,6.75,7.25,6.5,0,0,0,True
38008121,4.8,4.0,4.2,0,0,0,7.5,6.5,8.25,False
38008122,7.2,9.0,4.2,0,0,0,9.25,9.75,9.5,False
38008123,4.6,3.5,3.0,0,0,0,4.5,3.0,5.5,False
38008124,7.6,0,0,7.25,7.25,6.0,0,0,0,True
38008125,4.2,3.25,3.6,0,0,0,5.5,6.0,7.5,False
38008126,6.6,7.0,5.0,0,0,0,8.75,9.0,9.5,False
38008127,6.2,6.75,4.0,0,0,0,6.5,8.5,8.25,False
38008128,4.6,6.25,4.2,0,0,0,6.25,7.25,8.0,False
38008129,7.0,6.5,5.2,0,0,0,8.25,7.25,8.0,False
38008130,2.8,5.75,4.4,0,0,0,6.25,5.25,6.5,False
38008131,3.2,5.25,4.8,0,0,0,7.0,7.0,8.5,False
38008132,6.6,6.75,5.0,0,0,0,7.75,7.75,9.25,False
38008133,5.6,7.0,3.8,0,0,0,6.75,7.0,9.25,False
38008134,6.0,6.5,0,0,0,0,6.75,7.75,0,False
38008135,4.4,8.25,3.6,0,0,0,7.25,7.0,9.25,False
38008136,3.2,5.0,3.4,0,0,0,5.0,8.0,7.75,False
38008137,6.0,7.25,4.8,0,0,0,6.0,7.75,8.5,False
38008138,5.2,4.0,3.2,0,0,0,6.25,4.25,7.75,False
38008139,8.4,5.5,6.6,8.25,6.5,7.25,0,0,0,True
38008140,5.6,5.5,4.2,0,0,0,6.5,7.25,7.5,False
38008141,5.6,4.5,5.0,0,0,0,4.5,6.0,8.25,False
38008142,5.8,3.5,3.0,0,0,0,6.25,5.5,7.75,False
38008143,8.2,3.75,5.8,8.0,8.25,7.0,0,0,0,True
38008144,7.6,7.75,3.2,0,0,0,7.25,7.75,9.0,False
38008145,7.2,7.0,2.6,0,0,0,7.5,7.75,9.25,False
38008146,6.4,7.5,3.4,0,0,0,6.0,6.5,6.5,False
38008147,6.8,6.25,4.2,4.5,4.0,6.0,0,0,0,True
38008148,6.8,5.5,4.2,0,0,0,6.25,6.75,7.25,False
38008149,7.6,6.25,4.4,0,0,0,7.0,8.75,9.75,False
38008150,7.8,7.75,8.2,6.75,7.75,6.75,0,0,0,True
38008151,7.8,8.75,9.0,0,0,0,7.25,9.25,9.25,False
38008152,5.6,6.75,4.0,0,0,0,5.5,7.25,9.0,False
38008153,3.4,7.5,2.4,0,0,0,7.75,6.25,8.75,False
38008154,8.2,8.0,6.0,0,0,0,7.5,8.0,9.25,False
38008155,5.2,5.0,4.2,0,0,0,4.5,5.5,6.75,False
38008156,0,6.75,0,0,0,0,6.75,7.75,0,False
38008157,8.2,6.5,4.4,0,0,0,6.25,7.5,8.25,False
38008158,6.2,7.0,3.4,0,0,0,5.25,6.5,8.25,False
38008159,7.0,7.25,5.4,0,0,0,7.5,8.0,9.25,False
38008160,7.6,7.25,4.0,0,0,0,8.5,8.25,9.5,False
38008161,5.2,5.25,5.4,0,0,0,5.5,6.75,7.25,False
38008162,6.6,8.0,5.4,0,0,0,8.75,8.25,9.25,False
38008163,6.4,5.25,4.6,0,0,0,7.75,7.5,8.0,False
38008164,4.4,6.0,4.2,0,0,0,7.5,8.75,9.0,False
38008165,3.2,6.0,4.6,0,0,0,6.0,6.25,8.5,False
38008166,4.2,6.25,3.6,0,0,0,6.0,5.25,8.5,False
38008167,5.4,5.0,4.2,0,0,0,6.0,6.5,7.75,False
38008168,4.6,7.25,4.4,0,0,0,5.75,7.25,7.75,False
38008169,7.6,7.5,4.8,0,0,0,6.0,7.75,8.75,False
38008170,5.6,6.0,4.6,0,0,0,6.75,6.25,8.5,False
38008171,2.6,5.0,3.6,0,0,0,7.0,7.25,8.5,False
38008172,4.6,6.5,3.8,0,0,0,6.25,6.0,8.75,False
38008173,0,8.0,0,0,0,0,6.75,6.25,0,False
38008174,4.8,6.0,4.0,0,0,0,8.5,8.25,9.25,False
38008175,6.4,6.25,3.8,0,0,0,8.0,8.75,9.5,False
38008176,9.2,6.25,5.2,0,0,0,7.5,7.25,8.0,False
38008177,0,6.0,0,0,0,0,6.5,5.0,0,False
38008178,5.8,5.25,5.4,4.5,5.5,5.25,0,0,0,True
38008179,6.0,7.5,4.8,0,0,0,7.0,8.25,9.75,False
38008180,4.8,6.5,3.4,0,0,0,6.75,7.5,8.0,False
38008181,6.4,7.75,5.6,0,0,0,7.5,7.75,9.0,False
38008182,2.2,5.0,3.6,0,0,0,4.75,6.0,7.25,False
38008183,4.2,8.0,3.8,0,0,0,6.75,7.5,8.25,False
38008184,3.8,6.0,4.2,0,0,0,7.5,7.5,9.25,False
38008185,3.6,4.0,3.2,0,0,0,5.75,6.25,7.5,False
38008186,6.0,7.5,5.0,0,0,0,6.5,6.75,9.0,False
38008187,2.0,4.0,4.0,0,0,0,5.5,5.25,8.5,False
38008188,7.0,9.0,7.2,0,0,0,8.75,9.25,9.5,False
38008189,4.8,5.0,3.0,0,0,0,6.25,6.75,7.0,False
38008190,3.2,6.5,4.6,0,0,0,5.75,7.0,6.75,False
38008191,4.6,7.0,3.8,0,0,0,7.75,5.75,8.25,False
38008192,5.0,4.5,4.4,0,0,0,6.25,5.75,7.5,False
38008193,4.8,4.5,3.0,0,0,0,6.5,6.75,8.5,False
38008194,6.8,7.0,6.0,0,0,0,6.75,7.5,9.0,False
38008195,6.8,7.75,5.0,0,0,0,5.75,7.0,8.75,False
38008196,4.8,6.5,4.6,0,0,0,6.5,7.5,8.75,False
38008197,6.4,3.0,7.8,5.25,5.75,5.5,0,0,0,True
38008198,7.0,7.0,7.8,7.25,6.25,7.5,0,0,0,True
38008199,5.6,5.25,4.0,0,0,0,6.25,5.75,5.5,False
38008200,0,5.25,0,0,0,0,6.5,7.25,0,False
38008201,6.2,8.0,5.8,0,0,0,7.5,7.0,8.5,False
38008202,7.4,8.25,6.4,0,0,0,7.0,7.5,9.5,False
38008203,5.0,5.42,4.2,0,0,0,4.0,5.0,7.25,False
38008204,7.2,7.25,6.2,0,0,0,7.75,8.0,9.5,False
38008205,4.8,6.0,6.0,0,0,0,6.25,8.25,9.0,False
38008206,6.4,5.75,5.2,0,0,0,6.75,6.75,8.75,False
38008207,9.0,8.25,7.6,6.25,8.75,9.25,0,0,0,True
38008208,3.4,5.0,4.2,0,0,0,4.75,4.5,7.0,False
38008209,6.8,7.75,5.8,8.25,8.25,6.25,0,0,0,True
38008210,4.2,6.0,2.4,0,0,0,5.0,4.5,8.5,False
38008211,4.4,5.25,4.6,0,0,0,5.75,6.75,7.25,False
38008212,8.0,7.25,5.6,9.0,7.5,8.25,0,0,0,True
38008213,7.2,9.0,5.4,8.25,8.0,7.75,0,0,0,True
38008214,4.8,5.5,3.8,0,0,0,5.5,7.25,8.75,False
38008215,4.4,6.25,3.8,0,0,0,5.0,6.25,9.0,False
38008216,4.6,4.75,4.2,0,0,0,6.75,7.0,7.25,False
38008217,8.2,7.75,7.4,7.5,7.0,7.5,0,0,0,True
38008218,6.8,4.75,6.2,0,0,0,6.25,8.0,9.25,False
38008219,4.6,7.0,5.4,5.0,5.25,6.25,0,0,0,True
38008220,7.2,7.0,6.8,7.5,7.5,7.0,0,0,0,True
38008221,4.2,6.5,5.8,0,0,0,4.75,6.25,7.5,False
38008222,6.8,7.75,8.0,0,0,0,7.0,8.25,9.0,False
38008223,4.6,4.5,7.2,0,0,0,6.5,6.5,9.0,False
38008224,6.0,7.75,7.0,0,0,0,7.0,8.5,9.0,False
38008225,5.6,5.5,7.0,0,0,0,6.75,7.0,8.75,False
38008226,6.4,6.5,6.8,0,0,0,6.75,5.0,9.0,False
38008227,4.6,5.5,5.8,0,0,0,6.5,6.25,7.75,False
38008228,6.8,7.66,7.2,0,0,0,6.25,8.0,8.5,False
38008229,5.8,8.5,6.2,0,0,0,6.75,7.25,9.25,False
38008230,2.2,4.25,5.6,0,0,0,4.5,4.75,8.25,False
38008231,3.2,5.25,5.6,0,0,0,5.0,5.75,8.75,False
38008232,7.6,7.5,7.2,7.75,8.5,7.75,0,0,0,True
38008233,5.8,5.5,6.8,0,0,0,8.25,6.75,8.5,False
38008234,4.4,6.75,7.2,0,0,0,7.75,3.75,9.0,False
38008235,3.2,2.25,6.8,0,0,0,5.5,5.75,6.75,False
38008236,3.8,5.0,3.4,0,0,0,4.5,3.0,5.5,False
38008237,6.0,8.0,3.6,0,0,0,7.75,7.0,8.5,False
38008238,7.2,5.0,6.0,6.75,6.75,6.25,0,0,0,True
38008239,8.4,6.5,5.8,6.75,6.75,7.25,0,0,0,True
38008240,6.6,7.5,5.2,4.5,4.5,7.0,0,0,0,True
38008241,4.0,6.0,4.8,0,0,0,7.75,8.0,9.0,False
38008242,5.0,4.25,5.8,0,0,0,6.75,6.0,8.25,False
38008243,3.4,4.0,3.8,0,0,0,5.25,5.75,6.5,False
38008244,6.0,6.5,2.4,0,0,0,7.25,9.0,10.0,False
38008245,3.4,2.75,4.4,0,0,0,5.75,5.5,7.0,False
38008246,3.4,5.5,3.0,0,0,0,5.25,5.0,8.0,False
38008247,5.8,6.5,2.4,0,0,0,7.75,8.25,8.75,False
38008248,3.8,4.5,3.6,0,0,0,6.5,6.0,8.75,False
38008249,8.6,6.5,6.0,8.5,8.25,8.5,0,0,0,True
38008250,3.4,2.75,3.8,0,0,0,3.75,5.75,7.25,False
38008251,6.4,6.5,3.2,0,0,0,7.0,7.75,8.75,False
38008252,4.0,6.0,3.2,0,0,0,5.5,6.25,8.0,False
38008253,5.4,6.5,3.6,0,0,0,5.0,8.0,8.25,False
38008254,3.6,6.0,2.6,0,0,0,4.25,6.25,6.0,False
38008255,4.6,6.0,4.2,0,0,0,4.75,3.25,7.5,False
38008256,2.6,4.0,3.4,0,0,0,4.0,5.75,7.25,False
38008257,5.4,7.75,3.8,0,0,0,8.25,7.75,8.5,False
38008258,6.6,5.25,3.0,0,0,0,7.25,6.75,8.25,False
38008259,6.4,8.0,5.8,4.75,6.0,6.5,0,0,0,True
38008260,7.0,6.0,5.6,6.0,5.25,3.0,0,0,0,True
38008261,5.8,5.75,3.8,0,0,0,5.0,4.25,7.25,False
38008262,6.8,8.75,6.4,0,0,0,7.75,8.5,9.25,False
38008263,8.2,5.25,4.8,4.75,7.0,5.75,0,0,0,True
38008264,6.6,6.75,3.0,4.75,6.0,4.75,0,0,0,True
38008265,5.0,6.0,2.6,0,0,0,6.25,8.25,8.75,False
38008266,4.8,6.25,4.4,0,0,0,5.75,5.75,7.75,False
38008267,3.0,6.0,2.8,0,0,0,4.0,6.25,5.25,False
38008268,3.4,4.75,2.8,0,0,0,5.5,7.25,6.0,False
38008269,5.8,6.5,7.0,0,0,0,7.5,6.5,9.25,False
38008270,6.6,6.0,4.2,0,0,0,4.75,7.75,7.75,False
38008271,4.2,4.0,4.0,0,0,0,5.75,5.0,6.0,False
38008272,5.6,5.5,4.8,0,0,0,5.5,5.25,7.25,False
38008273,4.0,5.5,3.0,0,0,0,4.75,5.75,7.0,False
38008274,5.8,0,0,0,4.25,5.75,0,0,0,True
38008275,8.4,6.5,5.8,6.25,8.0,6.25,0,0,0,True
38008276,5.6,3.5,3.0,0,0,0,5.5,6.75,7.25,False
38008277,6.4,0,0,0,4.0,5.0,0,0,0,True
38008278,8.2,6.5,2.8,5.75,6.75,7.0,0,0,0,True
38008279,3.8,4.75,2.0,0,0,0,6.0,5.25,8.0,False
38008280,4.8,8.0,7.8,0,0,0,7.75,6.5,8.75,False
38008281,8.6,0,0,8.75,8.5,4.0,0,0,0,True
38008282,2.0,5.25,2.4,0,0,0,5.25,4.5,5.5,False
38008283,7.0,7.75,3.8,0,0,0,7.25,7.75,8.5,False
38008284,4.0,4.5,5.8,0,0,0,6.0,6.25,7.0,False
38008285,6.4,7.0,7.8,6.25,7.5,5.75,0,0,0,True
38008286,6.4,5.75,7.4,4.25,5.75,6.0,0,0,0,True
38008287,5.2,7.0,5.6,0,0,0,6.5,6.75,7.75,False
38008288,4.2,5.75,4.4,0,0,0,5.75,4.5,7.5,False
38008289,3.2,3.0,3.6,0,0,0,5.75,4.5,6.0,False
38008290,8.8,8.0,7.4,8.5,8.75,8.0,0,0,0,True
38008291,2.6,6.5,3.6,0,0,0,5.25,8.0,8.25,False
38008292,2.8,5.25,2.8,0,0,0,4.25,2.75,4.5,False
38008293,4.2,4.0,4.2,0,0,0,5.5,7.0,7.75,False
38008294,5.6,7.75,4.6,0,0,0,9.0,9.0,9.75,False
38008295,5.0,4.5,3.2,0,0,0,4.75,7.0,6.75,False
38008296,5.8,5.75,3.0,0,0,0,3.25,4.75,6.0,False
38008297,7.2,5.25,4.8,4.5,6.0,7.5,0,0,0,True
38008298,5.8,6.0,5.4,6.75,2.75,4.5,0,0,0,True
38008299,6.8,6.25,4.4,5.0,4.0,4.75,0,0,0,True
38008300,5.2,6.0,4.4,0,0,0,5.5,5.25,7.75,False
38008301,5.6,6.25,4.6,4.25,6.0,5.5,0,0,0,True
38008302,7.0,6.5,3.4,0,0,0,8.0,8.5,9.25,False
38008303,4.2,6.0,2.6,0,0,0,6.5,7.25,7.5,False
38008304,2.4,2.25,2.2,0,0,0,5.0,4.0,4.75,False
38008305,2.2,4.0,3.2,0,0,0,5.25,5.5,5.75,False
38008306,3.6,6.5,3.0,0,0,0,6.0,8.0,6.25,False
38008307,4.2,6.75,3.2,0,0,0,7.0,7.75,8.75,False
38008308,7.0,7.25,8.2,8.0,6.0,5.25,0,0,0,True
38008309,5.0,7.0,5.6,0,0,0,7.0,7.75,8.25,False
38008310,5.0,6.0,4.4,0,0,0,7.5,8.0,8.75,False
38008311,5.6,6.75,4.6,5.0,4.75,6.25,0,0,0,True
38008312,4.0,7.0,3.4,0,0,0,6.25,7.5,8.0,False
38008313,6.4,6.5,4.0,0,0,0,6.25,7.0,7.75,False
38008314,3.2,4.0,2.6,0,0,0,4.75,5.25,5.5,False
38008315,4.0,4.5,3.4,0,0,0,4.0,4.75,5.25,False
38008316,5.2,6.25,2.6,0,0,0,7.25,6.75,8.25,False
38008317,0,3.75,0,0,0,0,4.5,5.75,0,False
38008318,4.0,6.5,3.4,0,0,0,8.25,9.5,8.5,False
38008319,1.6,1.5,2.0,0,0,0,4.0,3.0,3.75,False
38008320,3.6,5.75,2.0,0,0,0,4.5,4.0,6.75,False
38008321,6.4,8.5,5.4,0,0,0,8.5,8.25,9.5,False
38008322,2.8,3.0,2.8,0,0,0,4.25,3.0,4.75,False
38008323,5.0,5.25,3.8,0,0,0,6.25,6.0,8.0,False
38008324,4.0,3.75,3.4,0,0,0,4.25,6.5,6.0,False
38008325,2.6,2.25,3.2,0,0,0,6.0,3.0,3.5,False
38008326,5.0,4.25,4.4,0,0,0,4.0,6.25,4.0,False
38008327,5.6,8.5,5.4,2.25,5.0,6.25,0,0,0,True
38008328,2.8,4.25,3.6,0,0,0,2.75,5.0,5.0,False
38008329,5.8,7.0,4.4,0,0,0,7.75,7.75,9.25,False
38008330,4.4,4.25,4.8,0,0,0,6.25,6.0,6.0,False
38008331,3.8,7.75,4.2,0,0,0,9.5,9.75,7.5,False
38008332,3.6,4.0,3.6,0,0,0,4.0,5.5,5.75,False
38008333,6.4,7.16,3.0,2.5,6.25,4.75,0,0,0,True
38008334,6.4,8.25,5.6,0,0,0,9.25,8.0,8.75,False
38008335,6.2,6.0,5.0,0,0,0,7.25,5.25,8.25,False
38008336,3.8,4.5,4.8,0,0,0,3.25,4.25,6.5,False
38008337,3.2,6.0,4.0,0,0,0,4.25,6.75,6.0,False
38008338,4.6,6.5,3.2,3.75,3.25,6.0,0,0,0,True
38008339,3.2,3.25,2.6,0,0,0,5.75,4.25,5.5,False
38008340,4.8,5.0,3.0,0,0,0,7.25,7.5,7.0,False
38008341,5.0,6.25,4.6,0,0,0,6.75,6.5,8.0,False
38008342,5.4,5.5,3.0,0,0,0,7.0,6.25,7.0,False
38008343,4.8,6.5,3.4,0,0,0,4.0,5.5,7.5,False
38008344,2.6,5.5,2.8,0,0,0,5.25,5.75,8.25,False
38008345,0,3.5,0,0,0,0,4.5,6.5,0,False
38008346,3.8,5.75,5.4,0,0,0,4.25,6.5,8.25,False
38008347,5.0,4.25,5.6,4.5,4.5,3.5,0,0,0,True
38008348,0,7.0,0,0,0,0,7.5,7.25,0,False
38008349,0,6.0,0,0,0,0,5.75,5.25,0,False
38008350,7.2,4.5,8.6,8.5,5.75,6.0,0,0,0,True
38008351,3.8,3.25,2.8,0,0,0,4.25,4.75,5.75,False
38008352,6.0,4.75,3.6,4.5,5.0,4.75,0,0,0,True
38008353,5.0,6.75,4.8,4.0,4.5,5.75,0,0,0,True
38008354,8.0,6.5,5.0,4.25,5.25,7.5,0,0,0,True
38008355,4.0,4.0,3.4,0,0,0,7.25,3.75,4.5,False
38008356,6.8,5.75,3.8,7.25,6.75,6.75,0,0,0,True
38008357,6.6,6.75,4.4,0,0,0,7.25,8.75,9.5,False
38008358,5.4,5.5,4.6,0,0,0,6.0,5.0,7.5,False
38008359,3.2,2.25,2.8,0,0,0,5.25,5.25,6.75,False
38008360,3.6,2.5,2.6,0,0,0,5.25,5.0,6.25,False
38008361,4.8,5.0,3.0,0,0,0,6.25,5.75,8.5,False
38008362,5.4,5.25,4.4,0,0,0,5.25,7.75,6.25,False
38008363,5.0,7.75,4.4,0,0,0,5.5,7.5,8.25,False
38008364,4.8,7.0,3.6,2.0,3.0,4.25,0,0,0,True
38008365,7.8,6.5,3.8,7.0,8.5,3.75,0,0,0,True
38008366,6.0,5.75,4.4,0,0,0,8.75,7.25,8.5,False
38008367,7.0,6.75,4.4,4.25,6.5,6.0,0,0,0,True
38008368,3.2,3.75,2.0,0,0,0,3.25,6.0,4.5,False
38008369,4.0,5.25,3.8,0,0,0,6.25,6.75,8.25,False
38008370,6.8,7.0,6.0,0,0,0,8.5,7.5,9.25,False
38008371,6.0,3.25,4.6,0,0,0,7.25,6.5,7.75,False
38008372,4.6,8.0,4.0,0,0,0,8.5,8.75,7.75,False
38008374,4.4,2.5,3.4,2.25,3.0,6.25,0,0,0,True
38008375,0,6.75,0,0,0,0,6.5,8.75,0,False
38008376,4.6,6.0,3.6,0,0,0,5.75,6.25,8.5,False
38008377,4.0,6.0,4.2,0,0,0,7.0,6.5,8.25,False
38008378,3.6,5.75,4.0,3.5,3.0,6.0,0,0,0,True
38008379,4.8,7.25,4.8,0,0,0,8.0,8.5,9.25,False
38008380,2.8,5.0,2.4,0,0,0,4.0,4.25,5.5,False
38008381,7.6,7.25,4.2,0,0,0,8.75,9.25,8.5,False
38008382,5.4,6.25,5.0,0,0,0,9.0,6.25,8.75,False
38008383,3.6,3.5,3.2,0,0,0,8.25,4.5,8.25,False
38008384,3.6,4.75,2.8,0,0,0,5.0,5.25,5.25,False
38008385,3.0,4.0,4.4,0,0,0,4.5,6.5,6.75,False
38008386,6.8,7.25,5.0,0,0,0,5.75,6.5,7.25,False
38008387,4.2,6.75,4.6,0,0,0,8.75,8.25,7.75,False
38008388,2.2,3.25,3.4,0,0,0,4.75,4.75,5.5,False
38008389,5.0,5.0,4.0,0,0,0,5.25,5.5,7.25,False
38008390,4.4,6.0,3.2,0,0,0,8.0,6.5,6.5,False
38008391,7.4,4.0,0,0,7.75,8.0,0,0,0,True
38008392,5.6,4.25,3.8,0,0,0,4.0,5.75,7.5,False
38008393,5.4,5.5,4.6,0,0,0,5.25,5.5,8.5,False
38008394,6.8,6.5,4.6,0,0,0,6.5,7.5,7.75,False
38008395,3.0,3.5,3.8,0,0,0,3.0,5.0,4.5,False
38008396,2.8,5.75,3.0,0,0,0,4.75,4.75,4.75,False
38008397,3.8,3.25,3.8,0,0,0,4.5,5.75,5.75,False
38008398,0,5.5,0,0,0,0,5.75,7.5,0,False
38008399,7.0,6.75,4.4,2.5,7.25,5.0,0,0,0,True
38008400,3.0,5.25,3.2,0,0,0,5.5,5.25,7.5,False
38008401,4.6,6.33,5.6,5.0,6.25,5.5,0,0,0,True
38008402,4.4,4.75,4.0,0,0,0,5.0,4.5,6.5,False
38008403,6.8,6.5,5.6,6.0,5.75,6.0,0,0,0,True
38008404,2.4,4.5,2.4,0,0,0,2.5,4.0,4.75,False
38008405,2.8,5.5,3.2,0,0,0,6.0,6.0,7.75,False
38008406,2.8,6.5,3.0,0,0,0,7.75,7.75,8.25,False
38008407,2.8,6.0,3.4,0,0,0,6.5,5.75,7.0,False
38008408,3.4,2.5,3.2,0,0,0,3.75,5.0,4.75,False
38008409,6.0,7.25,5.6,0,0,0,7.75,8.25,8.5,False
38008410,0,9.0,0,0,0,0,9.5,8.75,0,False
38008411,7.6,0,0,0,7.5,7.75,0,0,0,True
38008412,4.4,5.75,2.8,0,0,0,5.75,4.25,7.5,False
38008413,2.0,5.25,2.4,0,0,0,6.0,5.0,7.75,False
38008414,5.0,8.0,3.8,0,0,0,7.5,8.25,7.75,False
38008415,4.6,6.5,3.4,0,0,0,5.5,8.75,7.0,False
38008416,6.6,7.0,4.8,7.25,6.75,6.5,0,0,0,True
38008417,3.0,4.5,3.0,0,0,0,4.5,5.75,4.25,False
38008418,1.4,8.5,3.2,0,0,0,9.75,10.0,8.5,False
38008419,3.2,7.0,4.2,0,0,0,6.25,6.75,7.75,False
38008420,5.6,4.41,4.0,3.5,3.75,5.5,0,0,0,True
38008421,4.6,4.83,4.8,0,0,0,6.25,7.25,8.25,False
38008422,7.6,7.0,6.4,6.25,7.0,6.5,0,0,0,True
38008423,4.2,4.25,4.4,0,0,0,6.75,6.75,8.0,False
38008424,7.6,6.5,7.0,7.5,3.0,5.75,0,0,0,True
38008425,6.2,5.41,3.6,0,0,0,5.0,7.0,7.0,False
38008426,3.6,6.0,3.2,0,0,0,4.5,6.75,7.75,False
38008427,4.2,7.25,6.0,0,0,0,7.0,8.25,8.5,False
38008428,3.4,8.0,5.2,2.75,3.25,3.75,0,0,0,True
38008429,4.4,4.5,4.4,4.0,2.5,4.75,0,0,0,True
38008430,3.8,4.0,2.8,0,0,0,4.25,5.75,7.25,False
38008431,3.8,4.5,2.8,0,0,0,4.75,4.25,7.75,False
38008432,3.8,5.75,4.8,0,0,0,6.25,6.75,7.25,False
38008433,3.2,3.75,2.8,0,0,0,6.0,4.75,6.75,False
38008434,3.8,2.5,3.4,0,0,0,3.75,5.75,4.75,False
38008435,3.2,4.75,3.4,0,0,0,6.5,3.75,6.0,False
38008436,3.2,5.5,3.0,0,0,0,4.75,5.5,5.0,False
38008437,5.6,6.0,2.8,0,0,0,7.5,8.75,9.25,False
38008438,4.4,6.0,4.0,0,0,0,6.0,5.75,9.0,False
38008439,6.6,5.25,6.2,4.0,6.5,7.25,0,0,0,True
38008440,3.4,5.5,4.4,0,0,0,5.5,5.75,6.25,False
38008441,6.8,7.0,3.8,6.75,6.25,6.0,0,0,0,True
38008442,3.4,5.75,3.0,0,0,0,4.75,6.75,7.75,False
38008443,3.0,8.25,6.4,0,0,0,8.25,8.0,9.5,False
38008444,2.6,3.75,1.8,0,0,0,2.75,4.0,5.5,False
38008445,4.8,4.25,2.6,0,0,0,6.25,5.75,7.75,False
38008446,3.8,4.5,6.6,0,0,0,8.0,7.0,7.5,False
38008447,4.6,5.25,4.0,0,0,0,6.25,7.25,8.5,False
38008448,2.2,4.5,2.6,0,0,0,4.75,4.75,6.0,False
38008449,7.6,0,0,8.0,8.25,0,0,0,0,True
38008450,2.4,5.0,2.6,0,0,0,5.25,4.75,5.25,False
38008451,5.0,5.75,3.8,3.5,6.0,4.75,0,0,0,True
38008452,7.0,6.25,5.2,5.5,6.25,6.0,0,0,0,True
38008453,4.2,3.75,3.6,0,0,0,5.75,2.25,4.25,False
38008454,0,5.0,0,0,0,0,8.75,8.25,0,False
38008455,4.8,6.5,4.0,0,0,0,7.0,7.75,8.75,False
38008456,6.2,8.25,5.4,0,0,0,8.75,8.25,9.0,False
38008457,4.4,6.5,4.2,0,0,0,8.75,9.5,7.75,False
38008458,8.2,6.25,5.2,7.75,8.75,4.5,0,0,0,True
38008459,3.4,4.75,4.6,0,0,0,4.75,6.5,7.0,False
38008460,4.6,8.25,3.4,3.25,3.25,5.5,0,0,0,True
38008461,4.8,5.5,3.8,0,0,0,4.0,5.25,6.0,False
38008462,3.6,4.5,3.2,0,0,0,5.0,6.75,6.5,False
38008463,3.6,4.5,4.0,0,0,0,5.5,7.0,6.0,False
38008464,5.2,7.75,3.0,0,0,0,9.5,10.0,8.5,False
38008465,2.6,4.0,0,0,0,0,4.5,4.25,0,False
38008466,3.0,5.25,2.6,0,0,0,5.75,6.5,7.0,False
38008467,2.2,3.0,2.4,0,0,0,3.25,5.75,4.75,False
38008468,3.2,4.75,3.4,0,0,0,4.75,7.75,8.0,False
38008469,3.8,4.0,4.2,0,0,0,3.25,5.75,6.25,False
38008470,1.4,4.75,3.2,0,0,0,4.0,4.25,6.25,False
38008471,3.8,4.0,3.6,0,0,0,4.75,5.0,6.0,False
38008472,2.6,4.0,2.4,0,0,0,5.5,4.75,4.75,False
38008473,3.0,5.0,3.4,0,0,0,5.25,6.25,6.0,False
38008474,3.4,5.0,4.0,0,0,0,7.5,6.25,7.5,False
38008475,2.6,4.5,3.4,0,0,0,7.25,5.0,7.5,False
38008476,4.6,7.75,3.4,0,0,0,7.25,7.25,8.5,False
38008477,2.6,4.5,4.0,0,0,0,2.75,6.0,4.75,False
38008478,2.2,4.0,2.2,0,0,0,5.5,5.75,5.25,False
38008479,2.8,3.5,3.2,0,0,0,3.75,4.0,4.0,False
38008480,5.8,6.75,5.4,5.75,5.5,5.25,0,0,0,True
38008481,5.6,6.0,4.2,0,0,0,8.0,8.0,9.5,False
38008482,3.8,4.25,2.6,0,0,0,4.0,5.75,4.5,False
38008483,5.0,6.5,4.8,0,0,0,5.75,7.0,8.0,False
38008484,4.8,8.0,3.0,3.0,4.75,4.0,0,0,0,True
38008485,3.2,5.5,3.2,0,0,0,6.0,5.5,7.5,False
38008486,4.6,5.25,4.0,0,0,0,3.75,4.75,7.0,False
38008487,0,8.5,0,0,0,0,9.75,9.75,0,False
38008488,2.4,5.33,4.2,0,0,0,3.75,5.5,7.25,False
38008489,5.4,8.5,5.4,0,0,0,6.75,5.5,8.25,False
38008490,3.2,4.92,4.4,0,0,0,5.75,4.0,6.5,False
38008491,6.2,5.17,3.0,0,0,0,4.5,6.25,4.5,False
38008492,8.0,7.5,6.2,5.0,6.5,7.0,0,0,0,True
38008493,3.8,6.08,4.8,0,0,0,3.25,4.0,8.0,False
38008494,3.6,6.75,3.8,0,0,0,8.25,7.5,8.25,False
38008495,4.0,8.0,3.4,0,0,0,8.0,8.25,8.75,False
38008496,4.4,5.75,3.8,0,0,0,5.5,5.5,5.25,False
38008497,4.2,7.0,4.2,0,0,0,6.75,6.25,8.5,False
38008498,3.6,3.25,2.2,0,0,0,4.25,6.25,7.0,False
38008499,5.0,5.0,3.6,0,0,0,6.0,8.25,8.25,False
38008500,3.4,3.5,3.4,0,0,0,5.0,5.75,7.75,False
38008501,6.8,7.17,5.8,5.0,8.25,6.0,0,0,0,True
38008502,5.6,8.25,5.0,0,0,0,7.0,7.75,8.75,False
38008503,5.6,7.5,3.4,0,0,0,6.75,6.0,7.5,False
38008504,8.4,6.5,1.8,8.5,8.5,6.0,0,0,0,True
38008505,6.4,6.5,3.2,3.5,5.0,4.0,0,0,0,True
38008506,4.0,5.0,1.8,0,0,0,5.5,6.75,7.75,False
38008507,3.0,5.25,3.6,0,0,0,5.5,5.0,6.75,False
38008508,3.6,8.25,3.0,0,0,0,8.25,7.0,9.25,False
38008509,6.8,6.25,3.8,0,0,0,7.25,6.5,8.5,False
38008510,5.6,6.5,2.8,0,0,0,4.0,3.25,6.5,False
38008511,5.6,8.5,3.6,0,0,0,8.0,8.0,8.0,False
38008512,7.8,6.75,6.2,5.75,8.25,6.25,0,0,0,True
38008513,7.0,9.0,7.2,0,0,0,8.75,9.75,9.25,False
38008514,6.6,7.25,7.4,5.5,6.75,6.75,0,0,0,True
38008515,4.8,6.25,4.2,0,0,0,6.25,5.75,5.75,False
38008516,0,4.5,0,0,0,0,6.75,6.0,0,False
38008517,8.0,6.75,7.0,7.25,7.0,6.75,0,0,0,True
38008518,7.4,8.0,7.4,4.75,7.0,5.5,0,0,0,True
38008519,4.4,7.75,3.6,0,0,0,6.25,5.5,7.75,False
38008520,5.2,6.5,5.2,0,0,0,6.75,7.0,8.75,False
38008521,5.2,5.25,4.8,0,0,0,5.75,4.75,8.5,False
38008522,4.6,4.67,3.4,0,0,0,4.75,6.5,7.25,False
38008523,4.6,5.5,3.8,0,0,0,6.25,7.0,5.5,False
38008524,5.6,5.0,4.2,0,0,0,6.0,7.25,7.0,False
38008525,7.4,6.75,7.6,2.5,7.0,3.0,0,0,0,True
38008526,7.6,7.0,9.0,3.0,6.5,6.0,0,0,0,True
38008527,5.4,6.25,6.0,0,0,0,5.0,7.0,7.75,False
38008528,5.4,3.75,5.2,0,0,0,5.0,6.0,8.5,False
38008529,3.6,8.0,4.8,0,0,0,9.75,9.75,8.25,False
38008530,4.0,6.5,3.4,0,0,0,7.0,6.5,7.0,False
38008531,5.6,4.75,4.4,0,0,0,5.5,7.5,7.0,False
38008532,4.6,6.75,3.0,0,0,0,6.25,6.75,8.25,False
38008533,4.2,5.0,4.2,0,0,0,3.0,4.75,3.25,False
38008534,5.0,5.25,4.0,0,0,0,6.75,7.75,7.75,False
38008535,5.0,7.25,4.4,0,0,0,7.5,8.25,9.25,False
38008536,7.0,2.75,5.2,0,0,0,7.0,7.75,6.75,False
38008537,3.6,7.0,4.6,2.5,4.25,4.75,0,0,0,True
38008538,4.2,5.75,4.2,3.0,4.5,3.75,0,0,0,True
38008539,4.8,3.5,4.2,0,0,0,6.0,4.25,7.0,False
38008540,8.0,8.0,6.6,3.75,7.75,6.25,0,0,0,True
38008541,3.8,5.5,3.2,0,0,0,6.0,8.0,8.0,False
38008542,5.2,5.75,8.6,0,0,0,7.75,6.5,8.5,False
38008543,7.2,5.75,5.8,3.75,4.25,4.75,0,0,0,True
38008544,5.6,6.0,4.4,0,0,0,8.0,9.0,8.5,False
38008545,4.2,4.17,2.6,0,0,0,4.75,5.0,6.5,False
38008546,4.2,7.25,2.8,0,0,0,7.5,6.75,7.5,False
38008547,5.8,8.25,4.6,0,0,0,7.5,8.75,9.25,False
38008548,7.6,7.83,6.8,6.0,5.75,6.0,0,0,0,True
38008549,3.6,5.25,4.4,0,0,0,6.0,7.25,9.25,False
38008550,0,6.75,0,0,0,0,7.75,8.75,0,False
38008551,3.4,4.0,3.8,0,0,0,4.0,5.75,7.0,False
38008552,2.8,0,0,3.75,3.75,0,0,0,0,True
38008553,7.2,9.0,7.6,4.75,6.5,5.25,0,0,0,True
38008554,8.4,8.5,9.4,5.25,8.25,7.25,0,0,0,True
38008555,8.2,8.0,9.4,9.25,8.75,7.5,0,0,0,True
38008556,7.4,6.0,6.6,0,0,0,5.5,5.5,7.5,False
38008557,7.2,4.5,6.4,0,0,0,6.0,5.0,6.25,False
38008558,8.4,8.5,7.6,6.25,9.5,9.5,0,0,0,True
38008559,4.4,7.5,4.6,0,0,0,6.0,6.75,7.25,False
38008560,8.6,8.25,8.6,7.0,9.5,7.25,0,0,0,True
38008561,6.0,8.0,6.4,0,0,0,6.5,6.5,8.25,False
38008562,5.8,8.5,6.4,0,0,0,7.25,8.0,9.0,False
38008563,7.4,8.0,6.8,6.25,9.25,8.5,0,0,0,True
38008564,7.0,6.5,5.0,0,0,0,5.75,5.0,8.0,False
38008565,8.2,8.75,9.6,0,0,0,8.75,7.75,9.25,False
38008566,7.6,8.5,8.6,8.0,8.5,7.5,0,0,0,True
38008567,6.4,5.25,4.8,5.5,5.75,5.75,0,0,0,True
38008568,8.0,6.5,7.4,7.75,7.5,4.25,0,0,0,True
38008569,7.2,8.75,5.4,0,0,0,8.0,7.0,9.75,False
38008570,8.6,8.5,9.4,8.5,7.25,7.0,0,0,0,True
38008571,7.8,6.25,5.6,8.0,8.5,7.25,0,0,0,True
38008572,7.4,6.25,6.6,0,0,0,7.5,5.5,8.25,False
38008573,8.2,7.5,6.8,8.75,9.0,6.75,0,0,0,True
38008574,8.0,8.25,7.8,5.75,9.5,7.0,0,0,0,True
38008575,8.2,6.25,5.6,8.5,9.5,7.5,0,0,0,True
38008576,0,4.75,0,0,0,0,6.75,7.0,0,False
38008577,6.2,6.5,5.2,0,0,0,7.0,7.5,7.25,False
38008578,8.0,6.5,6.4,7.5,8.0,8.0,0,0,0,True
38008579,7.6,6.75,8.8,7.0,8.25,7.25,0,0,0,True
38008580,6.8,6.75,4.0,0,0,0,5.75,7.75,9.25,False
38008581,7.8,7.5,5.2,9.5,9.0,7.25,0,0,0,True
38008582,6.4,7.5,5.2,0,0,0,7.0,7.75,9.0,False
38008583,6.0,7.5,2.8,0,0,0,4.5,8.25,5.75,False
38008584,7.2,6.0,5.0,0,0,0,7.0,5.25,7.25,False
38008585,8.6,8.75,8.0,9.25,7.5,8.0,0,0,0,True
38008586,6.2,3.5,4.0,0,0,0,0,0,0,False
38008587,7.6,5.25,5.8,7.5,7.75,6.25,0,0,0,True
38008588,6.8,8.5,6.8,0,0,0,6.0,6.5,7.25,False
38008589,8.2,6.5,8.6,6.25,9.5,5.75,0,0,0,True
38008590,7.8,6.0,7.0,5.25,6.25,7.75,0,0,0,True
38008591,6.6,5.25,5.0,0,0,0,6.75,6.75,6.25,False
38008592,8.0,7.0,5.2,0,0,0,7.0,8.25,7.75,False
38008593,7.6,8.25,5.0,0,0,0,7.75,8.5,9.5,False
38008594,7.4,7.5,5.4,7.0,8.25,6.75,0,0,0,True
38008595,6.0,7.75,4.4,0,0,0,7.0,7.75,8.5,False
38008596,7.2,5.75,6.4,0,0,0,6.25,8.0,8.25,False
38008597,0,5.5,0,0,0,0,8.25,8.0,0,False
38008598,8.4,7.5,8.8,7.5,10.0,9.0,0,0,0,True
38008599,6.8,6.75,3.8,0,0,0,5.25,6.75,7.75,False
38008600,4.2,7.0,4.4,0,0,0,4.75,6.0,7.75,False
38008601,7.6,8.0,5.2,5.75,6.75,6.25,0,0,0,True
38008602,8.4,3.5,5.2,5.25,3.0,4.25,0,0,0,True
38008603,6.2,5.0,5.4,0,0,0,6.75,7.0,7.5,False
38008604,6.0,6.5,5.0,0,0,0,6.0,5.25,7.5,False
38008605,3.2,5.5,5.0,0,0,0,6.25,8.0,7.0,False
38008606,7.4,8.75,3.6,0,0,0,6.5,7.0,8.0,False
38008607,7.6,6.75,2.8,0,0,0,5.75,6.75,6.5,False
38008608,6.0,6.75,3.4,0,0,0,7.0,7.25,7.5,False
38008609,7.2,6.5,5.8,4.5,5.75,5.5,0,0,0,True
38008610,0,5.75,0,0,0,0,8.75,8.25,0,False
38008611,7.2,7.0,3.6,0,0,0,5.5,7.25,8.5,False
38008612,8.2,6.75,3.6,0,0,0,7.75,8.5,9.0,False
38008613,6.8,4.75,3.6,0,0,0,7.25,7.0,7.5,False
38008614,8.8,7.75,4.8,7.75,9.5,5.75,0,0,0,True
38008615,6.2,6.75,4.4,0,0,0,6.5,6.25,6.0,False
38008616,6.8,4.5,5.0,0,0,0,5.5,6.25,7.0,False
38008617,6.0,6.75,4.2,3.25,4.5,6.0,0,0,0,True
38008618,6.6,6.5,6.0,6.5,4.75,5.0,0,0,0,True
38008619,7.4,6.5,6.0,5.75,4.25,4.25,0,0,0,True
38008620,6.4,6.0,6.2,0,0,0,6.75,6.5,8.0,False
38008621,7.2,7.75,6.6,4.0,5.25,4.75,0,0,0,True
38008622,7.4,7.5,6.4,0,0,0,6.25,7.25,9.0,False
38008623,6.8,7.0,7.8,5.0,5.5,5.25,0,0,0,True
38008624,6.8,5.5,7.0,0,0,0,6.0,4.5,7.25,False
38008625,7.4,6.5,9.6,7.75,8.5,7.25,0,0,0,True
38008626,5.4,0,0,4.0,4.5,4.5,0,0,0,True
38008627,7.2,6.75,7.4,0,0,0,6.0,4.5,6.0,False
38008628,7.6,8.5,8.6,7.0,5.25,7.5,0,0,0,True
38008629,6.8,5.5,4.4,0,0,0,5.5,6.0,7.0,False
38008630,6.8,7.0,6.6,7.75,4.25,6.25,0,0,0,True
38008631,6.8,8.75,8.2,0,0,0,7.75,7.5,9.25,False
38008632,8.0,9.0,8.8,0,0,0,8.25,9.0,9.5,False
38008633,6.0,7.25,6.4,0,0,0,7.75,7.25,7.75,False
38008634,7.4,6.25,5.2,0,0,0,8.5,7.75,7.75,False
38008635,7.6,6.75,5.6,0,0,0,7.5,6.75,7.75,False
38008636,6.8,6.0,5.4,0,0,0,7.25,7.25,8.5,False
38008637,7.4,8.5,6.2,0,0,0,8.5,6.25,8.25,False
38008638,3.2,8.5,4.6,0,0,0,6.75,6.75,7.0,False
38008639,8.2,6.0,8.8,6.0,7.75,6.0,0,0,0,True
38008640,6.2,4.5,6.6,0,0,0,6.75,7.75,7.25,False
38008641,7.2,7.75,5.8,0,0,0,6.25,7.5,8.5,False
38008642,5.6,6.5,2.6,0,0,0,6.75,4.75,6.25,False
38008643,5.8,7.25,3.8,5.5,6.0,5.25,0,0,0,True
38008644,7.2,6.75,4.8,0,0,0,7.5,6.5,8.0,False
38008645,5.0,5.0,3.8,0,0,0,7.25,5.75,7.5,False
38008646,6.0,9.0,3.6,5.0,5.25,4.5,0,0,0,True
38008647,6.4,6.5,4.6,0,0,0,6.5,6.0,7.75,False
38008648,6.6,6.0,5.0,0,0,0,6.5,7.75,8.5,False
38008649,3.4,5.75,3.0,0,0,0,5.25,6.5,8.0,False
38008650,7.4,7.5,7.8,7.5,8.75,8.75,0,0,0,True
38008651,7.0,6.75,7.4,3.5,6.0,6.0,0,0,0,True
38008652,6.8,7.25,5.6,0,0,0,6.5,7.0,9.25,False
38008653,6.0,5.75,7.6,5.0,4.0,8.0,0,0,0,True
38008654,6.4,5.75,6.0,0,0,0,6.0,6.5,8.0,False
38008655,0,3.0,0,0,0,0,5.25,6.25,0,False
38008656,5.8,5.75,5.8,4.5,5.0,7.0,0,0,0,True
38008657,8.4,6.5,6.2,8.25,8.0,6.75,0,0,0,True
38008658,6.8,5.25,5.0,0,0,0,5.75,5.5,6.0,False
38008659,6.4,4.75,4.8,0,0,0,5.75,7.5,7.25,False
38008660,5.8,5.5,6.4,0,0,0,7.75,7.75,8.0,False
38008661,6.6,5.5,5.4,0,0,0,7.75,7.25,7.0,False
38008662,6.0,6.0,6.4,0,0,0,7.25,6.75,7.5,False
38008663,8.6,4.75,6.6,7.75,9.25,5.75,0,0,0,True
38008664,8.2,7.0,6.8,8.0,8.5,5.25,0,0,0,True
38008665,4.0,6.25,6.0,0,0,0,6.25,5.75,6.5,False
38008666,5.0,6.0,6.8,0,0,0,7.0,7.0,7.0,False
38008667,8.0,6.25,7.6,0,0,0,8.25,8.5,8.5,False
38008668,8.6,7.5,7.2,6.75,9.0,8.75,0,0,0,True
38008669,7.4,8.75,7.6,0,0,0,8.5,7.75,8.75,False
38008670,3.2,5.5,5.6,0,0,0,6.0,5.75,6.5,False
38008671,4.6,8.25,5.6,0,0,0,10.0,9.5,9.0,False
38008672,5.4,9.0,8.0,0,0,0,9.25,9.0,8.5,False
38008673,8.0,5.5,8.8,6.75,4.75,5.75,0,0,0,True
38008674,0,5.5,0,0,0,0,6.25,6.5,0,False
38008675,8.8,5.0,8.0,8.5,6.5,6.0,0,0,0,True
38008676,6.6,8.25,8.0,0,0,0,6.75,4.75,6.75,False
38008677,6.0,8.0,7.2,0,0,0,6.75,7.75,7.75,False
38008678,7.2,7.0,7.6,6.25,6.75,5.25,0,0,0,True
38008679,3.8,6.75,4.0,0,0,0,5.5,3.5,6.5,False
38008680,7.4,7.25,3.6,2.75,6.0,6.25,0,0,0,True
38008681,6.6,8.0,3.8,7.0,8.0,6.0,0,0,0,True
38008682,5.2,5.5,4.4,0,0,0,5.5,7.0,6.5,False
38008683,7.2,6.0,4.2,5.5,6.75,5.25,0,0,0,True
38008684,4.2,5.75,7.4,6.75,6.0,8.25,0,0,0,True
38008685,7.6,7.0,6.8,5.75,8.75,8.25,0,0,0,True
38008686,8.0,6.0,7.2,9.25,8.5,7.75,0,0,0,True
38008687,6.4,5.5,5.0,0,0,0,5.5,7.0,6.25,False
38008688,7.4,5.5,5.6,4.0,6.25,6.75,0,0,0,True
38008689,7.6,6.5,5.4,0,0,0,6.25,7.0,8.25,False
38008690,8.8,7.0,5.8,8.75,8.5,7.25,0,0,0,True
38008691,7.2,7.75,5.8,7.5,8.25,6.0,0,0,0,True
38008692,8.4,8.75,8.2,0,0,0,0,0,0,False
38008693,5.4,5.25,5.2,0,0,0,6.0,6.25,7.75,False
38008694,8.6,5.5,4.8,7.0,7.25,5.25,0,0,0,True
38008695,0,6.75,0,0,0,0,9.5,9.75,0,False
38008696,5.0,7.25,5.0,0,0,0,8.25,7.0,8.75,False
38008697,5.6,6.0,4.6,0,0,0,7.0,7.25,6.75,False
38008698,5.0,7.0,4.0,0,0,0,5.75,6.75,7.0,False
38008699,5.2,4.5,6.6,0,0,0,4.5,4.75,5.25,False
38008700,8.8,8.0,6.6,4.75,9.25,7.0,0,0,0,True
38008701,7.4,6.75,8.0,6.25,9.25,5.75,0,0,0,True
38008702,5.4,4.25,6.2,0,0,0,5.25,6.5,6.75,False
38008703,8.2,6.5,8.6,8.5,6.75,6.5,0,0,0,True
38008704,5.6,3.0,4.6,0,0,0,0,4.5,5.75,False
38008705,6.8,8.25,6.2,0,0,0,8.0,8.0,8.25,False
38008706,6.0,4.5,4.4,0,0,0,7.25,5.5,7.5,False
38008707,6.8,5.25,5.6,5.25,7.25,6.75,0,0,0,True
38008708,5.6,5.0,3.2,0,0,0,6.0,5.75,6.25,False
38008709,5.6,5.5,2.4,0,0,0,5.5,6.0,8.5,False
38008710,6.2,4.75,5.0,0,0,0,5.5,5.0,7.5,False
38008711,5.2,6.5,4.4,0,0,0,5.5,6.25,7.75,False
38008712,6.6,6.5,5.0,0,0,0,7.5,7.25,8.0,False
38008713,8.2,6.75,7.8,7.75,4.5,6.0,0,0,0,True
38008714,5.6,5.5,5.4,3.75,4.25,5.75,0,0,0,True
38008715,8.6,6.0,8.6,8.5,9.0,9.0,0,0,0,True
38008716,7.6,8.25,5.0,0,0,0,7.75,8.0,9.0,False
38008717,6.8,6.25,5.0,0,0,0,7.25,6.25,8.25,False
38008718,7.4,8.0,6.6,0,0,0,7.25,8.25,8.5,False
38008719,5.6,6.0,5.2,0,0,0,8.5,7.0,7.75,False
38008720,7.2,8.75,7.2,0,0,0,8.75,9.25,9.5,False
38008721,8.0,5.0,5.6,7.5,8.75,8.75,0,0,0,True
38008722,6.4,4.0,5.2,0,0,0,5.5,7.0,9.25,False
38008723,5.8,6.5,6.4,0,0,0,5.5,6.5,8.25,False
38008724,3.0,5.75,5.0,0,0,0,5.75,5.75,6.0,False
38008725,3.8,7.5,4.0,0,0,0,8.75,7.5,7.5,False
38008726,7.0,4.5,5.8,5.0,8.75,8.0,0,0,0,True
38008727,7.0,6.25,5.0,0,0,0,6.5,7.0,7.5,False
38008728,7.4,7.0,4.2,0,0,0,5.75,7.0,8.0,False
38008729,4.2,6.5,3.0,0,0,0,7.25,5.5,7.75,False
38008730,7.8,8.25,6.8,8.0,8.25,8.0,0,0,0,True
38008731,6.0,6.5,4.4,0,0,0,7.0,4.75,7.25,False
38008732,7.6,6.5,6.8,7.5,5.25,6.75,0,0,0,True
38008733,8.4,7.25,5.4,6.25,7.5,7.0,0,0,0,True
38008734,8.4,7.25,7.6,7.5,9.25,7.5,0,0,0,True
38008735,8.2,6.08,9.2,0,0,0,5.5,8.0,7.75,False
38008736,7.2,5.75,3.6,0,0,0,7.25,7.0,6.25,False
38008737,5.8,4.25,3.8,0,0,0,6.0,5.75,7.5,False
38008738,6.6,7.25,5.6,0,0,0,7.5,7.75,8.0,False
38008739,7.0,8.5,6.6,5.75,7.75,8.75,0,0,0,True
38008740,8.2,8.75,7.2,0,0,0,8.0,7.75,9.0,False
38008741,8.0,7.75,6.8,5.0,8.0,7.5,0,0,0,True
38008742,8.0,6.5,6.0,7.5,8.0,7.0,0,0,0,True
38008743,7.8,6.25,8.2,8.25,6.75,6.0,0,0,0,True
38008744,8.4,6.5,5.6,9.0,9.0,4.5,0,0,0,True
38008745,6.2,5.25,2.0,0,0,0,7.25,7.25,7.5,False
38008746,8.4,5.75,7.6,7.75,8.0,5.5,0,0,0,True
38008747,5.8,7.25,5.8,0,0,0,8.0,7.75,7.5,False
38008748,7.8,8.0,6.8,6.0,8.25,8.5,0,0,0,True
38008749,8.6,5.16,7.8,8.75,9.5,6.75,0,0,0,True
38008750,7.6,6.25,5.2,8.0,9.0,7.5,0,0,0,True
38008751,7.4,7.75,5.2,0,0,0,7.25,7.75,7.75,False
38008752,8.2,7.25,7.2,5.5,9.5,7.75,0,0,0,True
38008753,5.8,5.75,4.2,0,0,0,5.25,5.0,7.5,False
38008754,6.6,2.75,3.8,0,0,0,6.0,7.0,7.0,False
38008755,7.0,7.5,4.6,0,0,0,6.25,6.75,9.25,False
38008756,6.8,7.25,2.8,0,0,0,7.25,5.75,8.0,False
38008757,8.2,8.25,5.8,0,0,0,8.25,7.0,7.5,False
38008758,8.4,8.5,6.4,0,0,0,6.25,7.25,8.25,False
38008759,7.6,7.5,6.2,6.5,6.75,6.75,0,0,0,True
38008760,7.8,7.75,6.6,7.0,8.5,6.75,0,0,0,True
38008761,6.8,5.0,6.0,0,0,0,4.25,5.25,7.25,False
38008762,6.0,3.5,5.2,0,0,0,8.0,7.25,7.75,False
38008763,8.6,7.5,5.4,7.75,9.0,8.25,0,0,0,True
38008764,6.4,5.25,4.0,0,0,0,5.5,5.0,7.5,False
38008765,7.2,6.75,6.0,7.75,8.75,7.25,0,0,0,True
38008766,9.0,7.0,7.6,8.0,8.75,6.5,0,0,0,True
38008767,8.2,6.75,5.4,0,0,0,6.75,5.25,7.75,False
38008768,5.8,7.25,4.0,0,0,0,5.5,5.5,6.5,False
38008769,6.6,8.0,3.8,0,0,0,5.75,7.0,8.0,False
38008770,7.0,5.0,6.2,0,0,0,6.0,8.0,8.5,False
38008771,6.8,5.0,6.2,0,0,0,6.5,6.25,6.5,False
38008772,6.4,5.5,5.6,0,0,0,5.0,7.25,9.0,False
38008773,8.2,9.0,7.0,5.5,9.0,7.25,0,0,0,True
38008774,7.6,5.75,7.8,4.5,9.0,5.0,0,0,0,True
38008775,7.8,6.5,7.2,0,0,0,6.75,7.0,8.25,False
38008776,6.2,8.5,6.0,0,0,0,5.75,7.0,8.0,False
38008777,7.0,7.0,5.6,0,0,0,5.75,5.0,6.75,False
38008778,4.6,5.75,5.8,0,0,0,6.25,5.25,4.0,False
38008779,5.8,5.75,6.8,0,0,0,6.5,5.75,7.25,False
38008780,5.8,7.5,5.4,0,0,0,8.0,7.25,9.5,False
38008781,6.8,6.0,5.0,0,0,0,5.25,6.25,8.5,False
38008782,5.0,5.0,4.8,0,0,0,5.0,7.0,6.75,False
38008783,7.0,7.75,7.4,5.25,7.5,8.0,0,0,0,True
38008784,5.0,5.25,5.4,0,0,0,5.0,7.75,7.25,False
38008785,6.0,2.0,5.4,0,0,0,5.25,5.75,7.25,False
38008786,5.0,4.75,3.0,0,0,0,4.75,4.75,7.25,False
38008787,8.2,9.0,8.2,5.25,6.5,7.75,0,0,0,True
38008788,5.2,5.0,3.0,0,0,0,5.0,6.5,8.0,False
38008789,5.8,7.5,4.0,0,0,0,6.0,7.25,8.5,False
38008790,6.2,5.25,3.2,0,0,0,4.75,5.75,5.5,False
38008791,5.6,7.25,5.0,0,0,0,5.75,5.5,7.25,False
38008792,6.8,5.25,5.4,0,0,0,6.5,5.5,8.25,False
38008793,7.0,5.25,5.4,3.75,7.0,7.25,0,0,0,True
38008794,4.8,5.5,4.0,0,0,0,6.5,5.5,8.75,False
38008795,5.6,6.25,5.2,0,0,0,8.25,7.75,7.5,False
38008796,7.6,7.25,5.4,0,0,0,9.0,8.25,7.5,False
38008797,0,5.75,0,0,0,0,8.5,8.25,0,False
38008798,0,4.0,0,0,0,0,7.0,7.25,0,False
38008799,7.8,6.0,5.8,7.75,9.0,7.5,0,0,0,True
38008800,4.6,6.0,5.4,0,0,0,6.75,6.5,8.0,False
38008801,7.2,4.5,5.2,0,0,0,5.75,7.75,7.25,False
38008802,5.2,5.25,3.8,0,0,0,5.0,7.0,8.0,False
38008803,3.8,4.5,4.6,0,0,0,6.25,6.5,7.75,False
38008804,6.8,9.25,7.6,0,0,0,9.75,8.5,8.5,False
38008805,6.4,8.75,8.0,5.5,8.75,8.5,0,0,0,True
38008806,5.6,7.5,4.0,0,0,0,7.0,7.0,7.25,False
38008807,6.6,8.25,4.6,0,0,0,7.0,7.75,7.75,False
38008808,5.6,5.5,3.6,0,0,0,6.5,6.75,6.5,False
38008809,5.8,6.25,4.4,0,0,0,6.5,6.0,7.25,False
38008810,5.0,6.25,4.4,0,0,0,6.5,7.0,8.0,False
38008811,7.6,3.75,6.2,4.75,7.75,6.5,0,0,0,True
38008812,5.2,6.75,6.0,0,0,0,7.5,8.5,7.5,False
38008813,7.2,8.0,7.0,0,0,0,9.75,9.5,9.5,False
38008814,7.0,6.5,8.4,7.5,8.25,4.5,0,0,0,True
38008815,9.0,8.5,9.0,7.75,7.75,5.25,0,0,0,True
38008816,6.8,6.25,7.0,0,0,0,9.0,7.5,8.25,False
38008817,8.6,6.0,6.4,8.5,8.75,7.0,0,0,0,True
38008818,6.6,6.75,7.4,4.75,7.75,7.75,0,0,0,True
38008819,7.6,8.25,5.6,0,0,0,9.25,9.0,9.75,False
38008820,7.0,6.5,6.4,0,0,0,7.5,7.25,9.0,False
38008821,6.4,5.0,5.4,0,0,0,7.75,5.75,7.0,False
38008822,5.8,8.0,5.6,0,0,0,7.75,7.5,8.75,False
38008823,6.6,6.25,4.8,0,0,0,4.5,6.5,5.5,False
38008824,6.0,8.25,4.4,0,0,0,7.0,8.0,8.25,False
38008825,8.4,8.5,9.6,7.75,8.25,7.5,0,0,0,True
38008826,8.4,6.5,5.4,3.75,8.0,8.25,0,0,0,True
38008827,5.2,5.25,5.4,0,0,0,6.0,5.5,7.5,False
38008828,7.2,6.25,7.0,5.0,6.75,7.75,0,0,0,True
38008829,8.0,8.5,9.0,0,0,0,0,0,0,False
38008830,6.6,6.5,6.2,0,0,0,3.25,5.0,7.5,False
38008831,7.0,7.25,7.6,0,0,0,5.0,4.0,7.25,False
38008832,5.2,4.66,4.6,0,0,0,3.75,5.5,6.0,False
38008833,4.0,8.0,4.6,0,0,0,8.0,9.0,8.75,False
38008835,7.8,7.25,6.4,0,0,0,6.75,6.0,7.5,False
38008836,5.8,6.75,7.2,5.25,7.0,6.5,0,0,0,True
38008837,6.2,7.75,6.8,5.25,6.75,7.5,0,0,0,True
38008838,4.8,5.5,5.6,0,0,0,5.5,6.75,7.0,False
38008839,5.8,6.5,4.4,0,0,0,5.0,6.0,7.5,False
38008840,5.6,6.25,5.4,0,0,0,6.0,5.5,5.0,False
38008841,6.6,6.25,5.4,0,0,0,5.5,4.5,7.0,False
38008842,6.2,4.25,5.6,0,0,0,5.5,7.0,7.0,False
38008843,7.6,7.0,6.2,6.75,6.25,7.5,0,0,0,True
38008844,5.0,5.5,5.4,0,0,0,5.5,5.5,5.75,False
38008845,5.4,7.25,5.6,0,0,0,7.0,8.0,8.0,False
38008846,6.6,7.75,7.0,3.25,6.0,7.5,0,0,0,True
38008847,4.2,5.25,4.6,0,0,0,5.5,5.5,7.0,False
38008848,5.6,5.5,5.4,0,0,0,6.25,4.5,6.25,False
38008849,7.0,7.5,8.4,6.0,5.0,5.75,0,0,0,True
38008850,6.4,5.5,6.2,0,0,0,6.0,8.75,8.25,False
38008851,7.8,8.5,6.0,0,0,0,5.0,6.75,8.5,False
38008852,6.0,5.75,5.0,0,0,0,5.75,7.0,7.5,False
38008853,7.6,8.5,6.4,5.25,5.0,6.25,0,0,0,True
38008854,8.8,7.0,8.0,8.5,6.25,6.75,0,0,0,True
38008855,5.4,6.25,5.8,0,0,0,5.5,5.5,5.5,False
38008856,6.0,7.5,7.4,0,0,0,6.75,7.25,6.75,False
38008857,8.2,7.5,9.6,8.5,9.0,6.5,0,0,0,True
38008858,6.0,6.5,7.2,0,0,0,5.75,7.5,7.0,False
38008859,8.2,7.25,9.0,8.75,4.75,7.75,0,0,0,True
38008860,8.2,6.75,5.8,5.75,8.25,6.25,0,0,0,True
38008861,8.2,5.5,5.0,8.5,8.0,5.25,0,0,0,True
38008862,7.2,8.5,5.2,4.75,6.25,6.5,0,0,0,True
38008863,0,5.5,0,0,0,0,6.75,7.75,0,False
38008864,5.2,6.5,6.4,0,0,0,6.75,7.25,8.5,False
38008865,5.4,5.75,5.8,0,0,0,6.5,7.0,7.5,False
38008866,7.8,7.25,5.4,8.5,7.25,4.25,0,0,0,True
38008867,6.6,5.5,7.2,6.5,4.5,7.0,0,0,0,True
38008868,6.0,6.25,6.0,4.75,4.75,5.75,0,0,0,True
38008869,6.4,5.25,6.6,0,0,0,6.25,6.75,8.25,False
38008870,5.0,5.25,2.6,0,0,0,4.25,5.0,7.25,False
38008871,7.0,6.25,5.0,0,0,0,7.0,5.75,6.75,False
38008872,3.8,5.75,4.2,0,0,0,3.75,7.0,7.25,False
38008873,5.0,5.0,3.4,0,0,0,4.25,5.0,8.0,False
38008874,5.6,5.5,3.4,0,0,0,4.5,6.75,6.0,False
38008875,5.8,5.75,2.6,0,0,0,4.75,4.75,7.25,False
38008876,6.2,6.75,5.0,4.0,6.5,7.25,0,0,0,True
38008877,7.0,6.75,4.8,0,0,0,7.0,6.5,8.5,False
38008878,5.8,5.25,5.2,0,0,0,6.25,6.5,6.5,False
38008879,6.2,6.75,6.0,5.0,8.0,6.75,0,0,0,True
38008880,7.8,7.75,5.8,5.25,9.5,8.25,0,0,0,True
38008881,5.0,5.75,3.6,0,0,0,5.5,7.0,8.75,False
38008882,8.8,6.5,5.6,7.0,9.25,8.75,0,0,0,True
38008883,5.6,4.25,4.6,0,0,0,5.25,6.0,7.0,False
38008884,7.2,5.0,5.8,0,0,0,5.75,7.25,7.25,False
38008885,8.6,8.0,6.6,8.25,8.25,7.0,0,0,0,True
38008886,6.8,5.75,7.4,0,0,0,5.0,7.0,6.25,False
38008887,8.2,6.25,5.0,7.25,7.25,8.5,0,0,0,True
38008888,7.0,6.75,5.8,4.5,5.5,7.75,0,0,0,True
38008889,6.6,7.5,6.6,0,0,0,6.0,7.0,8.75,False
38008890,5.6,7.75,5.2,0,0,0,5.25,5.75,4.75,False
38008891,7.4,0,0,9.0,5.75,0,0,0,0,True
38008892,4.8,4.25,5.8,0,0,0,5.0,4.25,7.0,False
38008893,6.4,5.25,8.0,0,0,0,6.5,4.5,6.0,False
38008894,6.8,5.75,7.6,0,0,0,7.75,4.75,6.75,False
38008895,0,6.75,0,0,0,0,0,0,0,False
38008896,7.0,9.25,8.4,0,0,0,7.75,7.5,9.25,False
38008897,8.2,8.75,8.4,6.5,9.5,8.0,0,0,0,True
38008898,7.2,9.0,8.2,0,0,0,6.5,6.25,7.75,False
38008899,7.8,8.75,7.6,5.25,8.0,6.75,0,0,0,True
38008900,6.6,6.25,7.6,0,0,0,6.25,7.5,6.25,False
38008901,6.0,8.0,3.6,0,0,0,8.75,6.5,7.5,False
38008902,6.4,7.0,8.0,0,0,0,6.25,6.5,7.75,False
38008903,8.0,4.0,8.6,6.0,7.5,7.25,0,0,0,True
38008904,7.4,6.75,8.8,6.5,6.75,8.0,0,0,0,True
38008905,7.2,7.5,8.6,0,0,0,0,0,0,False
38008906,5.6,4.5,7.2,0,0,0,6.75,6.75,7.75,False
38008907,5.8,6.5,6.4,0,0,0,6.75,7.0,8.5,False
38008908,4.6,7.25,4.4,0,0,0,6.0,7.25,8.0,False
38008909,3.8,5.25,3.2,0,0,0,7.0,5.75,6.75,False
38008910,4.8,4.75,5.0,0,0,0,5.0,6.25,6.75,False
38008911,6.0,6.75,4.0,0,0,0,8.25,9.0,7.75,False
38008912,4.6,5.5,2.8,0,0,0,5.25,6.25,5.75,False
38008913,3.8,6.75,4.0,0,0,0,8.0,5.5,6.75,False
38008914,3.0,2.75,3.0,0,0,0,6.0,2.0,5.25,False
38008915,5.0,4.25,4.0,0,0,0,7.0,6.25,6.75,False
38008916,2.8,3.5,3.0,0,0,0,6.0,4.75,6.0,False
38008917,5.4,4.75,3.8,0,0,0,7.0,7.25,6.5,False
38008918,5.0,5.25,3.0,0,0,0,8.25,7.0,8.5,False
38008919,6.8,7.5,2.8,0,0,0,8.0,8.25,9.0,False
38008920,3.8,3.75,3.8,0,0,0,6.25,3.5,5.75,False
38008921,3.4,4.5,4.2,0,0,0,5.5,5.25,5.75,False
38008922,3.0,5.5,0,0,0,0,5.75,5.75,0,False
38008923,4.0,5.25,3.2,0,0,0,7.25,7.5,7.25,False
38008924,5.2,5.5,3.4,0,0,0,6.5,6.5,6.75,False
38008925,2.6,3.25,3.4,0,0,0,4.0,4.75,5.5,False
38008926,3.4,4.0,4.2,0,0,0,6.25,6.5,6.0,False
38008927,4.8,5.5,4.8,0,0,0,7.0,4.5,4.5,False
38008928,0,6.75,0,0,0,0,9.25,8.5,0,False
38008929,5.2,7.0,4.4,0,0,0,8.75,6.5,8.5,False
38008930,5.8,6.25,3.8,0,0,0,6.0,8.25,5.75,False
38008931,3.0,5.5,2.4,0,0,0,4.25,4.75,5.75,False
38008932,4.0,5.25,4.8,0,0,0,4.0,6.75,7.0,False
38008933,4.8,4.5,4.0,0,0,0,6.25,5.75,6.5,False
38008934,4.6,4.75,3.4,0,0,0,6.75,7.0,8.0,False
38008935,3.8,5.0,2.8,0,0,0,6.0,6.25,7.25,False
38008936,5.8,5.0,3.6,0,0,0,7.0,6.0,7.5,False
38008937,5.0,3.25,4.0,0,0,0,3.75,3.75,3.25,False
38008938,3.8,6.25,2.0,0,0,0,5.75,5.75,6.75,False
38008939,3.8,5.0,2.8,0,0,0,7.25,5.5,7.75,False
38008940,5.8,7.25,5.6,0,0,0,8.75,7.25,8.75,False
38008941,3.8,5.0,4.6,0,0,0,5.5,6.25,6.75,False
38008942,5.8,3.75,5.0,0,0,0,7.75,6.0,7.0,False
38008943,5.6,3.75,5.6,0,0,0,7.25,5.5,8.25,False
38008944,4.0,5.5,2.8,0,0,0,7.25,7.0,7.75,False
38008945,4.8,5.25,3.4,0,0,0,7.5,6.25,7.25,False
38008946,7.8,7.75,5.0,0,0,0,8.0,9.0,8.5,False
38008947,6.0,8.25,4.2,0,0,0,8.0,9.0,7.75,False
38008948,6.6,7.25,3.6,0,0,0,8.25,7.75,8.5,False
38008949,4.4,5.0,3.2,0,0,0,8.0,7.25,8.0,False
38008950,5.6,5.5,3.2,0,0,0,5.75,6.25,4.5,False
38008951,2.6,5.58,4.6,0,0,0,7.5,7.25,7.25,False
38008952,5.6,5.25,3.4,0,0,0,7.75,6.75,7.25,False
38008953,0,8.0,0,0,0,0,7.0,4.75,0,False
38008954,4.6,4.75,3.0,0,0,0,5.25,5.25,3.75,False
38008955,2.6,4.5,3.0,0,0,0,5.25,6.0,4.75,False
38008956,4.8,6.75,4.8,0,0,0,7.5,7.5,7.5,False
38008957,5.4,2.75,3.2,0,0,0,5.75,4.5,8.25,False
38008958,5.6,4.0,3.8,0,0,0,5.25,7.0,6.5,False
38008959,3.6,4.0,3.8,0,0,0,4.75,4.5,5.0,False
38008960,5.6,6.25,3.4,0,0,0,4.75,6.25,6.0,False
38008961,8.2,6.5,3.6,6.75,5.75,5.25,0,0,0,True
38008962,4.4,3.25,3.6,0,0,0,4.5,5.0,6.75,False
38008963,4.8,6.5,3.0,0,0,0,6.5,8.25,6.25,False
38008964,5.6,6.5,4.2,0,0,0,6.5,8.0,8.0,False
38008965,6.6,6.25,5.2,0,0,0,7.0,6.75,7.5,False
38008966,6.4,7.0,3.4,0,0,0,8.0,8.0,9.0,False
38008967,4.4,3.75,4.6,0,0,0,6.75,6.0,6.75,False
38008968,4.2,3.75,4.0,0,0,0,5.5,3.75,6.75,False
38008969,5.4,6.5,3.6,0,0,0,6.5,7.0,7.0,False
38008970,5.0,6.83,2.2,0,0,0,6.75,6.25,7.75,False
38008971,6.2,6.0,3.6,0,0,0,7.0,8.0,7.25,False
38008972,5.6,1.5,3.2,0,0,0,4.5,4.25,4.5,False
38008973,2.2,3.5,3.8,0,0,0,5.25,5.5,5.25,False
38008974,6.2,3.5,3.6,0,0,0,7.0,5.75,7.0,False
38008975,5.0,4.5,3.8,0,0,0,6.75,7.0,7.0,False
38008976,4.4,4.5,3.0,0,0,0,7.0,6.75,5.0,False
38008977,3.8,2.0,3.0,0,0,0,5.0,3.75,4.75,False
38008978,5.2,5.0,4.6,0,0,0,5.0,6.75,6.5,False
38008979,5.8,4.0,3.4,0,0,0,5.5,5.75,6.0,False
38008980,2.6,4.0,2.6,0,0,0,4.25,5.75,5.5,False
38008981,6.4,5.5,4.6,0,0,0,8.25,8.0,8.5,False
38008982,4.4,2.0,4.8,0,0,0,5.0,6.75,4.0,False
38008983,6.4,4.5,3.6,0,0,0,7.25,6.75,7.25,False
38008984,5.6,2.0,2.4,0,0,0,7.75,3.75,6.75,False
38008985,3.8,5.5,5.0,0,0,0,7.75,6.25,8.75,False
38008986,6.4,0,0,2.75,6.25,0,0,0,0,True
38008987,3.8,4.5,4.6,0,0,0,6.0,6.0,6.75,False
38008988,6.0,2.75,3.6,0,0,0,5.75,6.75,5.0,False
38008989,0,3.25,0,0,0,0,7.5,6.25,0,False
38008990,5.8,7.5,3.8,0,0,0,7.5,5.75,7.25,False
38008991,5.0,6.25,4.6,0,0,0,5.5,7.0,6.5,False
38008992,4.0,4.75,3.4,0,0,0,6.5,8.0,6.0,False
38008993,7.4,7.75,4.8,0,0,0,8.25,9.25,8.5,False
38008994,4.0,5.5,4.4,0,0,0,7.25,6.25,7.0,False
38008995,6.0,5.0,5.4,0,0,0,7.5,6.75,8.75,False
38008996,4.4,6.0,4.8,0,0,0,6.75,6.75,8.0,False
38008997,6.0,6.0,4.4,0,0,0,8.25,7.25,8.25,False
38008998,6.6,8.75,5.6,0,0,0,9.5,8.75,9.0,False
38008999,0,6.83,0,0,0,0,8.0,7.75,0,False
38009000,5.8,5.75,3.4,0,0,0,6.5,8.0,7.75,False
38009001,6.8,7.5,4.0,0,0,0,7.25,9.0,8.75,False
38009002,4.4,4.0,4.6,0,0,0,4.5,5.0,4.75,False
38009003,5.2,5.75,3.8,0,0,0,7.75,6.25,8.75,False
38009004,5.4,6.08,4.4,0,0,0,7.25,6.25,7.25,False
38009005,3.4,2.75,2.8,0,0,0,6.75,6.0,5.5,False
38009006,5.0,6.0,3.8,0,0,0,6.0,4.5,7.5,False
38009007,4.8,5.25,4.4,0,0,0,7.0,7.0,6.25,False
38009008,7.0,7.75,6.0,0,0,0,9.5,9.25,9.75,False
38009009,4.4,6.0,5.4,0,0,0,6.0,8.25,7.0,False
38009010,0,6.75,0,0,0,0,6.5,5.5,0,False
38009011,3.0,4.0,3.6,0,0,0,6.5,7.0,5.75,False
38009012,6.0,6.75,4.0,0,0,0,6.5,8.5,8.25,False
38009013,5.8,5.25,5.4,0,0,0,7.0,7.5,7.0,False
38009014,4.0,5.0,4.0,0,0,0,6.0,6.0,6.75,False
38009015,4.8,6.0,4.8,0,0,0,6.75,7.75,8.0,False
38009016,5.8,8.25,4.2,0,0,0,8.0,9.5,9.75,False
38009017,0,8.0,0,0,0,0,0,8.0,8.25,False
38009018,4.4,5.25,4.2,0,0,0,7.25,7.5,7.75,False
38009019,6.0,5.5,2.8,0,0,0,6.75,4.25,6.5,False
38009020,5.0,6.75,4.6,0,0,0,6.0,4.0,6.25,False
38009021,4.2,2.5,4.8,0,0,0,7.5,7.25,9.75,False
38009022,2.4,5.25,3.0,0,0,0,5.75,4.0,6.75,False
38009023,0,6.75,0,0,0,0,7.0,7.0,0,False
38009024,6.2,4.5,3.8,0,0,0,7.75,9.0,8.75,False
38009025,7.0,4.5,3.6,7.25,7.25,5.25,0,0,0,True
38009026,4.8,6.5,4.6,0,0,0,7.0,7.5,8.0,False
38009027,5.0,5.0,3.2,0,0,0,6.0,6.0,6.75,False
38009028,0,7.5,0,0,0,0,7.25,6.75,0,False
38009029,4.0,5.5,4.0,0,0,0,6.25,6.0,5.0,False
38009030,4.2,6.0,2.8,0,0,0,6.25,6.25,6.75,False
38009031,6.0,4.75,3.0,0,0,0,6.25,7.0,8.0,False
38009032,6.8,7.0,5.4,0,0,0,7.0,6.75,7.25,False
38009033,4.0,6.25,4.8,0,0,0,6.75,7.75,7.75,False
38009034,6.2,7.0,5.6,0,0,0,9.5,8.5,8.25,False
38009035,4.2,5.25,2.6,0,0,0,6.25,5.5,5.75,False
38009036,6.6,7.25,5.2,0,0,0,8.25,8.5,8.25,False
38009037,6.4,2.25,4.8,0,0,0,6.5,6.25,7.0,False
38009038,5.0,5.25,6.2,0,0,0,5.0,4.25,5.75,False
38009039,6.6,6.5,5.6,0,0,0,7.75,7.75,8.0,False
38009040,4.8,6.25,5.0,0,0,0,7.25,6.5,7.25,False
38009041,4.4,4.0,4.6,0,0,0,5.75,5.5,5.75,False
38009042,4.0,5.0,4.8,0,0,0,6.5,7.0,8.0,False
38009043,5.0,7.0,4.8,0,0,0,8.0,8.5,8.5,False
38009044,4.0,5.5,5.8,0,0,0,6.75,6.25,7.5,False
38009045,6.2,5.75,6.0,0,0,0,7.0,7.0,7.75,False
38009046,5.8,5.5,3.0,0,0,0,7.25,8.75,9.0,False
38009047,4.6,6.25,6.0,0,0,0,5.0,4.75,6.5,False
38009048,4.6,5.67,3.6,0,0,0,6.25,6.25,5.75,False
38009049,6.8,5.25,5.2,0,0,0,7.25,7.0,7.0,False
38009050,6.2,6.0,5.2,0,0,0,7.5,9.0,8.5,False
38009051,7.0,7.5,5.6,0,0,0,9.0,9.5,9.0,False
38009052,5.6,8.25,5.2,0,0,0,8.75,7.25,8.25,False
38009053,5.8,5.5,6.0,0,0,0,6.25,6.0,7.0,False
38009054,4.8,6.25,5.8,0,0,0,6.75,6.75,6.75,False
38009055,5.4,5.5,6.2,0,0,0,6.25,7.0,7.0,False
38009056,5.6,7.0,6.6,0,0,0,6.75,7.25,8.5,False
38009057,3.4,7.25,4.6,0,0,0,6.0,6.0,6.5,False
38009058,5.2,5.25,4.4,0,0,0,4.5,5.25,6.75,False
38009059,4.0,6.0,2.8,0,0,0,6.5,5.25,7.5,False
38009060,0,5.25,0,0,0,0,3.0,4.25,0,False
38009061,6.6,9.25,6.0,0,0,0,8.25,8.0,8.5,False
38009062,2.6,3.0,6.0,0,0,0,6.25,6.5,8.0,False
38009063,3.8,4.5,3.4,0,0,0,7.25,6.0,6.5,False
38009064,0,5.25,0,0,0,0,0,0,0,False
38009065,7.6,6.25,4.6,0,0,0,6.75,7.75,8.0,False
38009066,6.4,5.75,3.0,0,0,0,7.25,8.0,6.5,False
38009067,6.2,5.5,3.0,0,0,0,9.0,8.5,7.0,False
38009068,3.4,4.25,3.6,0,0,0,7.75,5.5,4.5,False
38009069,5.8,4.75,3.8,0,0,0,6.0,6.5,7.0,False
38009070,4.6,4.0,2.0,0,0,0,6.0,6.0,7.5,False
38009071,6.4,4.25,2.8,0,0,0,5.0,7.5,6.5,False
38009072,5.6,3.5,2.8,0,0,0,6.0,3.25,6.0,False
38009073,6.4,5.0,5.2,0,0,0,6.5,5.75,6.25,False
38009074,5.0,6.75,2.2,0,0,0,7.5,8.5,8.0,False
38009075,0,4.5,0,0,0,0,5.75,7.75,0,False
38009076,6.0,5.0,4.0,0,0,0,7.75,5.75,6.25,False
38009077,5.0,5.5,0,0,0,0,0,0,0,False
38009078,3.8,3.66,3.2,0,0,0,6.5,5.5,4.5,False
38009079,4.0,4.75,4.6,0,0,0,5.75,7.25,7.75,False
38009080,5.0,5.25,3.4,0,0,0,5.75,5.25,6.75,False
38009081,6.0,4.5,3.4,0,0,0,5.75,5.5,6.25,False
38009082,3.6,5.25,3.0,0,0,0,5.5,7.0,8.0,False
38009083,6.2,2.75,3.2,0,0,0,5.75,5.25,5.75,False
38009084,3.6,7.5,2.6,0,0,0,5.25,6.25,7.25,False
38009085,5.0,6.25,2.8,0,0,0,6.5,5.5,5.75,False
38009086,6.4,5.0,3.2,0,0,0,6.5,6.0,7.25,False
38009087,0,7.0,0,0,0,0,5.0,6.75,0,False
38009088,5.8,3.75,3.2,0,0,0,6.0,7.0,6.75,False
38009089,4.4,5.5,2.4,0,0,0,5.75,6.0,6.5,False
38009090,4.2,4.5,4.0,0,0,0,6.25,4.75,6.75,False
38009091,5.2,6.0,2.8,0,0,0,7.25,7.5,7.25,False
38009092,4.0,6.0,2.2,0,0,0,5.75,5.75,4.25,False
38009093,0,6.0,0,0,0,0,5.75,6.5,0,False
38009094,2.8,5.25,2.8,0,0,0,5.0,5.0,5.5,False
38009095,4.8,8.25,0,0,0,0,0,0,0,False
38009096,5.6,5.75,3.4,0,0,0,6.5,7.0,7.0,False
38009097,6.2,6.75,5.2,0,0,0,6.5,9.0,8.0,False
38009098,6.6,8.0,3.0,0,0,0,8.0,8.5,8.25,False
38009099,4.0,5.25,1.6,0,0,0,7.5,7.0,8.25,False
38009100,4.2,4.75,3.6,0,0,0,8.0,5.75,6.75,False
38009101,5.0,4.25,3.2,0,0,0,6.75,6.0,7.25,False
38009102,5.8,2.75,1.6,0,0,0,6.0,4.25,7.75,False
38009103,6.6,6.5,5.6,0,0,0,8.75,8.0,8.0,False
38009104,7.2,8.25,4.6,0,0,0,9.5,9.75,9.5,False
38009105,6.6,6.5,4.2,0,0,0,8.5,9.25,9.25,False
38009106,6.4,5.0,2.0,0,0,0,7.0,5.25,7.25,False
38009107,4.8,7.75,3.8,0,0,0,8.0,8.25,8.75,False
38009108,6.6,5.0,4.0,0,0,0,7.0,5.25,8.5,False
38009109,6.8,7.0,4.2,0,0,0,6.5,7.75,7.5,False
38009110,3.0,4.5,3.0,0,0,0,6.0,3.0,4.0,False
38009111,5.8,7.25,5.8,0,0,0,8.0,8.25,7.5,False
38009112,5.0,4.5,2.4,0,0,0,4.5,8.25,7.25,False
38009113,6.8,0,0,0,5.25,5.5,0,0,0,True
38009114,7.4,9.0,7.0,7.0,8.5,5.75,0,0,0,True
38009115,4.6,6.25,3.8,0,0,0,6.5,5.75,5.75,False
38009116,4.8,5.0,3.8,0,0,0,6.25,4.5,5.75,False
38009117,3.4,6.25,3.0,0,0,0,6.5,6.0,7.0,False
38009118,5.4,7.0,4.6,0,0,0,8.5,7.25,8.75,False
38009119,3.2,4.0,4.2,0,0,0,6.75,6.75,7.0,False
38009120,5.0,5.0,2.2,0,0,0,6.5,5.0,5.5,False
38009121,4.2,5.0,3.2,0,0,0,6.5,7.0,6.0,False
38009122,4.8,4.75,3.2,0,0,0,6.75,6.75,6.75,False
38009123,4.6,6.5,3.6,0,0,0,7.25,5.5,7.0,False
38009124,6.2,8.5,4.4,0,0,0,8.75,8.0,8.5,False
38009125,4.4,6.5,5.4,0,0,0,7.75,8.5,9.0,False
38009126,6.8,7.5,4.6,0,0,0,8.0,8.25,8.75,False
38009127,4.2,6.0,6.2,0,0,0,8.25,6.0,5.75,False
38009128,4.2,3.5,2.0,0,0,0,7.0,4.0,6.0,False
38009129,4.0,3.75,3.2,0,0,0,5.75,5.0,6.25,False
38009130,4.2,6.0,3.0,0,0,0,7.25,7.75,7.5,False
38009131,3.4,3.0,2.2,0,0,0,4.25,4.0,5.0,False
38009132,4.4,2.5,2.0,0,0,0,5.0,5.5,5.75,False
38009133,6.8,6.75,4.4,0,0,0,6.5,7.5,8.5,False
38009134,3.8,5.0,2.8,0,0,0,6.75,6.5,7.0,False
38009135,6.2,5.0,3.0,0,0,0,6.5,7.25,5.5,False
38009136,4.2,5.0,2.2,0,0,0,6.5,5.5,5.75,False
38009137,4.2,6.25,2.0,0,0,0,8.0,6.75,8.25,False
38009138,4.4,4.25,1.8,0,0,0,7.25,6.75,6.0,False
38009139,6.0,6.25,5.2,0,0,0,5.75,7.25,6.5,False
38009140,5.2,6.25,4.2,0,0,0,7.25,5.75,7.0,False
38009141,5.6,4.5,3.6,0,0,0,7.75,6.25,7.75,False
38009142,6.0,3.25,5.6,0,0,0,6.25,7.0,8.25,False
38009143,5.6,4.75,4.8,0,0,0,7.0,6.0,7.0,False
38009144,7.2,8.5,7.8,0,0,0,8.25,8.5,9.0,False
38009145,4.8,4.5,4.4,0,0,0,7.5,6.5,8.5,False
38009146,5.2,5.0,4.6,0,0,0,5.5,5.5,8.0,False
38009147,3.6,5.0,2.6,0,0,0,6.5,5.5,7.25,False
38009148,3.8,4.0,4.4,0,0,0,6.25,8.25,8.25,False
38009149,6.4,5.0,4.2,0,0,0,6.75,5.0,6.75,False
38009150,5.6,4.5,5.6,0,0,0,5.75,3.5,6.0,False
38009151,4.2,7.25,4.6,0,0,0,6.5,7.0,7.75,False
38009152,5.0,3.5,3.0,0,0,0,6.0,6.5,6.25,False
38009153,3.0,3.5,4.6,0,0,0,5.25,5.0,4.75,False
38009154,4.0,6.5,6.0,0,0,0,6.0,5.5,5.75,False
38009155,6.6,8.0,5.0,0,0,0,8.75,8.5,8.75,False
38009156,5.4,5.75,5.2,0,0,0,8.5,6.5,7.75,False
38009157,4.8,4.5,2.6,0,0,0,5.75,5.5,6.25,False
38009158,7.0,7.0,3.2,0,0,0,6.75,7.25,7.75,False
38009159,5.0,6.25,4.4,0,0,0,7.25,6.0,8.5,False
38009160,4.0,3.25,3.6,0,0,0,6.25,5.75,6.25,False
38009161,6.8,7.25,4.0,0,0,0,7.0,8.5,8.0,False
38009162,6.0,7.0,3.8,0,0,0,7.5,7.5,9.25,False
38009163,3.0,5.0,4.0,0,0,0,3.5,7.5,6.75,False
38009164,7.2,6.5,4.0,0,0,0,8.5,7.0,8.0,False
38009165,8.6,5.75,6.6,8.75,9.0,7.25,0,0,0,True
38009166,4.2,7.5,5.6,0,0,0,5.25,7.75,8.0,False
38009167,7.2,7.0,5.0,8.75,9.0,7.5,0,0,0,True
38009168,6.8,8.5,7.2,4.75,4.75,7.75,0,0,0,True
38009169,8.2,7.25,5.8,7.0,8.75,6.5,0,0,0,True
38009170,7.8,7.0,6.4,8.0,9.0,7.25,0,0,0,True
38009171,5.6,6.5,4.6,0,0,0,6.25,7.0,8.5,False
38009172,0,7.0,0,0,0,0,8.5,8.0,0,False
38009173,8.0,6.25,6.4,6.5,9.25,7.75,0,0,0,True
38009174,6.2,7.0,3.2,0,0,0,6.25,7.0,8.5,False
38009175,7.2,3.5,6.2,7.5,5.5,6.0,0,0,0,True
38009176,6.2,7.5,3.8,0,0,0,5.25,8.0,8.25,False
38009177,4.0,6.75,4.2,0,0,0,4.5,5.5,6.75,False
38009178,3.2,2.25,3.0,0,0,0,6.0,5.75,8.0,False
38009179,3.8,4.5,5.2,0,0,0,6.0,5.75,7.5,False
38009180,4.0,3.25,3.0,0,0,0,5.75,7.5,7.0,False
38009181,3.0,7.5,3.8,0,0,0,7.5,7.25,8.75,False
38009182,5.4,7.75,4.4,0,0,0,7.75,6.5,9.75,False
38009183,4.2,6.25,3.0,0,0,0,8.25,8.0,8.75,False
38009184,2.8,5.5,4.0,0,0,0,5.75,5.25,7.25,False
38009185,4.4,4.5,2.2,0,0,0,4.25,3.0,6.25,False
38009186,3.0,3.25,4.0,0,0,0,3.5,3.5,5.75,False
38009187,6.2,5.0,5.0,0,0,0,7.75,8.75,8.25,False
38009188,8.8,8.5,8.4,8.5,5.25,7.0,0,0,0,True
38009189,8.2,8.0,4.4,8.0,7.0,5.5,0,0,0,True
38009190,4.8,4.0,2.6,0,0,0,4.75,5.75,7.0,False
38009191,5.6,8.0,6.0,0,0,0,6.5,6.75,6.5,False
38009192,4.8,7.75,4.4,0,0,0,7.5,8.0,8.75,False
38009193,4.8,5.75,4.8,0,0,0,5.0,6.75,7.5,False
38009194,3.0,5.75,4.6,0,0,0,5.25,5.25,5.75,False
38009195,5.4,6.0,2.4,0,0,0,7.0,8.0,7.5,False
38009196,5.2,6.75,5.0,0,0,0,6.5,6.5,6.25,False
38009197,0,5.0,0,0,0,0,0,0,7.5,False
38009198,5.6,6.0,6.6,0,0,0,6.25,6.75,8.75,False
38009199,4.8,6.5,4.2,0,0,0,7.0,7.5,8.75,False
38009200,3.6,5.25,2.8,0,0,0,4.75,6.75,8.0,False
38009201,0,4.25,0,0,0,0,0,0,0,False
38009202,6.4,6.75,4.0,0,0,0,6.75,7.75,8.75,False
38009203,7.4,4.75,4.4,6.75,7.75,8.25,0,0,0,True
38009204,3.8,4.5,4.6,0,0,0,4.75,6.75,7.75,False
38009205,4.2,6.75,3.6,0,0,0,7.0,8.25,7.5,False
38009206,5.2,5.75,4.4,0,0,0,5.5,6.5,8.0,False
38009207,7.2,5.75,4.2,8.5,6.75,6.0,0,0,0,True
38009208,5.2,5.5,4.4,0,0,0,8.25,7.25,7.75,False
38009209,8.8,8.0,7.6,9.0,9.0,9.0,0,0,0,True
38009210,7.4,6.0,3.8,0,0,0,6.5,6.75,5.5,False
38009211,0,8.0,0,0,0,0,8.25,7.25,8.25,False
38009212,7.0,5.25,4.6,6.5,7.25,5.25,0,0,0,True
38009213,5.0,6.0,5.6,0,0,0,6.25,8.5,7.75,False
38009214,9.0,6.5,7.4,9.25,10.0,7.25,0,0,0,True
38009215,8.6,6.0,5.0,8.5,8.75,6.5,0,0,0,True
38009216,8.6,6.75,4.6,5.5,7.5,4.75,0,0,0,True
38009217,4.8,6.75,4.4,0,0,0,7.0,7.25,7.25,False
38009218,3.4,6.25,3.2,0,0,0,5.75,8.25,7.75,False
38009219,6.6,7.0,6.4,5.5,6.0,8.0,0,0,0,True
38009220,7.4,6.75,5.2,0,0,0,8.0,8.0,8.5,False
38009221,8.8,6.5,5.6,4.5,8.75,7.5,0,0,0,True
38009222,6.8,8.0,4.4,0,0,0,6.0,6.5,7.75,False
38009223,6.6,3.5,3.8,0,0,0,7.5,7.5,8.0,False
38009224,5.8,6.75,4.2,0,0,0,7.5,7.75,8.5,False
38009225,8.0,6.25,5.2,7.75,7.75,6.75,0,0,0,True
38009226,2.2,5.5,3.6,0,0,0,6.5,5.5,7.75,False
38009227,7.4,5.25,4.6,7.0,7.25,7.0,0,0,0,True
38009228,5.2,3.0,5.2,0,0,0,6.5,4.5,8.0,False
38009229,5.6,7.0,4.6,0,0,0,9.25,9.0,8.0,False
38009230,6.8,5.75,5.0,4.25,7.0,5.25,0,0,0,True
38009231,4.0,5.5,4.0,0,0,0,5.0,5.75,7.0,False
38009232,8.0,5.5,5.0,8.25,7.75,7.75,0,0,0,True
38009233,4.6,5.5,3.8,0,0,0,5.75,5.75,8.0,False
38009234,8.2,5.5,5.6,7.75,6.5,6.25,0,0,0,True
38009235,4.6,5.25,3.8,0,0,0,4.75,5.5,5.75,False
38009236,5.2,7.0,5.0,0,0,0,8.25,7.0,8.75,False
38009237,3.4,7.25,4.0,0,0,0,6.5,5.5,7.75,False
38009238,5.8,5.25,4.6,0,0,0,7.5,7.5,8.75,False
38009239,5.8,7.25,4.8,0,0,0,7.75,9.0,8.0,False
38009240,4.0,5.0,2.8,0,0,0,7.0,5.75,6.75,False
38009241,7.8,6.25,6.6,7.75,8.0,6.5,0,0,0,True
38009242,5.8,5.75,3.4,0,0,0,5.25,5.5,7.25,False
38009243,3.4,6.5,2.8,0,0,0,5.5,5.0,7.25,False
38009244,4.6,6.0,3.8,0,0,0,6.5,6.25,7.5,False
38009245,5.6,7.5,3.0,0,0,0,6.75,8.0,8.5,False
38009246,8.0,8.0,5.2,8.75,8.5,7.0,0,0,0,True
38009247,3.6,5.5,3.0,0,0,0,5.75,6.0,7.25,False
38009248,6.8,6.5,5.8,5.5,8.75,5.5,0,0,0,True
38009249,4.2,6.25,5.8,0,0,0,7.0,7.0,8.25,False
38009250,3.8,6.5,2.6,0,0,0,7.75,5.25,7.75,False
38009251,4.6,5.75,4.2,0,0,0,6.75,6.75,8.0,False
38009252,4.4,7.5,3.2,0,0,0,7.25,6.5,7.0,False
38009253,7.4,6.75,5.0,7.75,6.25,4.0,0,0,0,True
38009254,7.2,7.75,6.6,0,0,0,6.75,7.75,8.5,False
38009255,8.6,6.5,8.8,7.75,7.5,8.0,0,0,0,True
38009256,4.4,5.5,2.6,0,0,0,6.25,6.5,7.75,False
38009257,4.0,3.75,2.8,0,0,0,5.5,3.5,4.5,False
38009258,4.8,4.25,1.6,4.0,5.25,5.25,0,0,0,True
38009259,6.4,4.92,3.8,0,0,0,6.25,7.25,8.0,False
38009260,7.4,6.75,5.4,3.0,5.0,5.5,0,0,0,True
38009261,8.6,7.0,5.4,9.25,7.25,7.0,0,0,0,True
38009262,5.8,8.0,4.8,0,0,0,8.25,9.75,8.5,False
38009263,3.2,6.75,2.8,0,0,0,6.25,5.75,8.25,False
38009264,4.4,7.0,5.0,0,0,0,7.0,8.5,8.75,False
38009265,4.8,4.25,3.0,0,0,0,6.25,7.25,7.25,False
38009266,6.8,8.5,7.4,6.25,8.5,8.0,0,0,0,True
38009267,7.2,7.75,6.0,0,0,0,6.5,7.5,8.5,False
38009268,5.4,6.25,4.8,0,0,0,9.25,7.25,9.0,False
38009269,6.0,3.75,4.4,2.5,5.5,5.5,0,0,0,True
38009270,6.2,6.25,3.6,0,0,0,9.0,8.75,9.0,False
38009271,3.6,5.0,2.6,0,0,0,5.75,5.5,8.0,False
38009272,2.2,4.25,3.4,0,0,0,4.25,4.0,6.25,False
38009273,5.8,5.0,3.2,3.75,6.0,7.75,0,0,0,True
38009274,4.2,6.0,4.8,0,0,0,4.0,7.25,7.0,False
38009275,8.4,9.25,9.4,5.75,4.75,6.5,0,0,0,True
38009276,6.2,8.25,6.2,0,0,0,9.0,10.0,9.5,False
38009277,7.8,7.0,5.6,7.25,6.0,5.25,0,0,0,True
38009278,3.4,4.0,2.6,0,0,0,4.5,4.25,7.0,False
38009279,4.8,5.25,3.0,0,0,0,8.5,8.25,7.75,False
38009280,4.2,3.25,3.2,0,0,0,4.75,6.0,5.75,False
38009281,5.2,5.25,4.0,0,0,0,7.5,7.75,7.5,False
38009282,6.0,6.25,3.8,0,0,0,7.75,8.25,8.75,False
38009283,5.0,7.0,2.6,0,0,0,8.5,8.0,8.5,False
38009284,5.6,5.5,4.8,0,0,0,5.75,6.75,6.5,False
38009285,3.6,6.5,3.0,0,0,0,9.0,8.75,9.75,False
38009286,8.0,4.75,5.0,8.0,9.0,6.75,0,0,0,True
38009287,3.2,6.75,3.2,0,0,0,5.25,6.0,7.0,False
38009288,4.4,5.5,4.0,0,0,0,3.75,6.75,6.25,False
38009289,4.6,7.25,3.8,0,0,0,8.0,8.0,7.75,False
38009290,3.2,6.75,3.0,0,0,0,4.5,7.0,6.75,False
38009291,5.0,5.0,4.2,0,0,0,4.75,3.75,7.25,False
38009292,6.0,4.0,4.0,0,0,0,6.25,7.75,7.25,False
38009293,4.8,4.0,3.8,0,0,0,7.0,6.5,6.75,False
38009294,5.4,3.25,3.6,0,0,0,5.75,6.25,6.75,False
38009295,4.0,3.25,4.4,0,0,0,5.75,4.75,6.0,False
38009296,5.0,6.5,3.2,0,0,0,6.75,7.5,8.0,False
38009297,4.8,6.5,2.6,0,0,0,6.25,7.25,9.0,False
38009298,7.0,5.75,4.6,5.75,6.0,6.5,0,0,0,True
38009299,6.4,7.0,2.4,0,0,0,8.75,7.25,8.0,False
38009300,5.6,4.5,4.0,4.0,4.75,3.5,0,0,0,True
38009301,4.6,3.0,3.0,0,0,0,5.5,5.75,5.75,False
38009302,6.8,3.75,3.0,4.5,7.5,5.5,0,0,0,True
38009303,3.8,5.25,3.8,0,0,0,6.25,7.5,7.25,False
38009304,4.8,6.0,4.6,0,0,0,5.25,6.5,7.75,False
38009305,8.6,8.25,5.0,8.25,8.5,7.0,0,0,0,True
38009306,4.2,7.25,2.8,0,0,0,9.5,8.0,7.75,False
38009307,5.6,4.75,4.0,0,0,0,7.5,8.0,8.0,False
38009308,2.6,3.0,5.8,0,0,0,3.25,4.75,4.5,False
38009309,4.8,7.5,3.6,0,0,0,7.0,7.75,8.0,False
38009310,8.4,8.0,8.4,8.75,9.75,8.0,0,0,0,True
38009311,7.2,5.5,5.4,8.5,8.25,6.5,0,0,0,True
38009312,5.6,5.0,5.8,0,0,0,5.25,4.75,5.75,False
38009313,8.2,0,0,7.75,7.5,0,0,0,0,True
38009314,3.4,7.25,3.2,0,0,0,7.5,7.25,9.0,False
38009315,1.4,4.0,3.0,0,0,0,5.0,4.0,6.5,False
38009316,3.6,4.75,2.6,0,0,0,6.0,5.5,6.5,False
38009317,4.6,7.75,3.6,0,0,0,6.0,7.5,8.25,False
38009318,6.8,4.25,4.4,6.5,7.25,4.75,0,0,0,True
38009319,6.6,6.75,6.2,0,0,0,7.25,7.0,8.25,False
38009320,6.2,6.0,3.0,0,0,0,6.0,6.75,8.5,False
38009321,5.8,5.25,4.0,3.25,4.25,3.25,0,0,0,True
38009322,4.4,6.75,2.4,0,0,0,5.75,6.5,8.5,False
38009323,0,6.75,0,0,0,0,6.5,8.5,0,False
38009324,6.6,6.5,6.6,5.25,5.5,5.25,0,0,0,True
38009325,5.4,6.25,3.6,0,0,0,6.75,6.5,7.5,False
38009326,7.8,8.5,6.0,0,0,0,8.0,7.5,8.5,False
38009327,5.0,8.0,4.6,0,0,0,6.0,6.5,8.0,False
38009328,4.4,5.75,3.4,0,0,0,5.5,7.5,7.25,False
38009329,3.8,6.0,3.4,0,0,0,5.25,6.0,5.5,False
38009330,8.6,4.0,5.8,8.5,8.0,6.5,0,0,0,True
38009331,4.6,7.25,2.6,0,0,0,5.25,5.5,5.0,False
38009332,5.6,8.25,4.8,0,0,0,8.5,8.5,9.25,False
38009333,4.4,5.5,4.0,0,0,0,5.25,5.25,6.25,False
38009334,3.6,6.5,4.4,0,0,0,4.0,7.25,7.25,False
38009335,6.8,6.25,3.4,0,0,0,7.0,8.0,8.5,False
38009336,3.6,6.25,3.6,0,0,0,5.25,6.0,6.5,False
38009337,3.6,6.5,3.0,0,0,0,5.5,6.0,7.5,False
38009338,7.2,5.0,3.2,8.25,8.0,6.0,0,0,0,True
38009339,6.2,9.25,4.4,0,0,0,9.0,9.25,8.5,False
38009340,3.8,7.0,3.8,0,0,0,7.75,7.25,9.25,False
38009341,8.2,6.5,4.6,9.75,9.75,8.25,0,0,0,True
38009342,6.2,8.5,3.8,0,0,0,8.5,7.5,7.5,False
38009343,5.4,7.75,3.0,0,0,0,5.5,7.0,8.0,False
38009344,6.8,6.25,3.4,0,0,0,6.5,7.25,6.75,False
38009345,5.0,6.5,3.6,0,0,0,7.25,7.25,8.5,False
38009346,4.2,8.75,6.6,4.75,4.5,4.5,0,0,0,True
38009347,6.4,8.25,5.6,0,0,0,7.25,8.5,9.75,False
38009348,8.2,7.0,4.6,6.25,7.5,6.0,0,0,0,True
38009349,7.0,7.75,4.8,0,0,0,8.25,9.25,9.5,False
38009350,4.0,5.75,4.0,0,0,0,5.25,6.25,7.5,False
38009351,4.8,6.5,4.0,0,0,0,4.0,6.5,6.0,False
38009352,5.0,4.0,2.0,0,0,0,5.5,5.75,5.0,False
38009353,6.8,5.75,4.2,5.75,7.25,6.0,0,0,0,True
38009354,7.8,5.75,5.8,8.5,8.75,5.75,0,0,0,True
38009355,3.4,5.75,4.4,0,0,0,4.5,6.0,5.25,False
38009356,6.8,7.0,3.4,4.25,5.5,6.5,0,0,0,True
38009357,5.4,7.0,3.4,0,0,0,6.5,7.75,7.75,False
38009358,6.6,6.75,7.6,6.5,5.25,4.75,0,0,0,True
38009359,4.0,6.0,1.8,3.5,3.5,5.25,0,0,0,True
38009360,6.4,6.25,4.6,0,0,0,8.25,7.25,9.0,False
38009361,8.8,9.25,8.8,6.75,6.25,7.75,0,0,0,True
38009362,4.4,8.75,5.6,0,0,0,7.25,8.0,9.0,False
38009363,4.2,4.5,6.0,0,0,0,6.0,5.75,6.5,False
38009364,0,7.75,0,0,0,0,7.25,8.5,0,False
38009365,4.2,6.5,3.6,0,0,0,5.5,5.5,6.75,False
38009366,5.6,7.25,4.0,0,0,0,7.0,8.25,8.25,False
38009367,4.4,8.0,2.4,0,0,0,7.25,7.5,9.5,False
38009368,7.0,5.75,4.4,0,0,0,7.75,8.25,7.75,False
38009369,0,6.75,0,0,0,0,9.0,9.0,0,False
38009370,5.6,5.67,4.0,0,0,0,7.25,6.75,7.25,False
38009371,6.2,7.75,4.2,0,0,0,9.25,7.25,8.25,False
38009372,4.2,6.75,5.2,0,0,0,7.25,7.0,9.0,False
38009373,6.4,8.25,6.2,0,0,0,6.0,8.0,8.0,False
38009374,7.4,7.75,7.2,0,0,0,0,0,0,False
38009375,6.6,7.5,4.0,0,0,0,6.0,7.5,8.0,False
38009376,6.8,3.66,5.8,4.75,6.5,5.75,0,0,0,True
38009377,7.0,6.5,6.4,0,0,0,0,0,0,False
38009378,7.0,7.75,7.8,0,0,0,7.75,6.0,7.75,False
38009379,8.2,0,0,4.5,7.5,0,0,0,0,True
38009380,4.8,5.5,3.0,0,0,0,6.0,7.5,9.0,False
38009381,5.8,8.25,4.0,0,0,0,5.75,7.5,8.75,False
38009382,6.0,8.25,3.8,0,0,0,8.25,9.25,8.75,False
38009383,6.4,8.0,3.6,6.0,5.75,5.5,0,0,0,True
38009384,2.8,5.75,4.2,0,0,0,4.75,5.75,7.0,False
38009385,4.6,5.75,3.2,0,0,0,3.75,5.75,6.75,False
38009386,3.0,4.0,5.2,0,0,0,5.25,5.25,7.0,False
38009387,7.4,8.5,5.4,0,0,0,8.0,9.25,9.0,False
38009388,7.6,5.75,3.8,7.5,5.5,5.5,0,0,0,True
38009389,3.6,6.25,4.6,0,0,0,5.0,6.5,7.5,False
38009390,4.6,4.0,2.8,0,0,0,5.25,6.25,6.75,False
38009391,4.0,3.5,4.6,0,0,0,3.75,5.75,6.0,False
38009392,2.6,4.5,2.8,0,0,0,5.0,4.5,6.25,False
38009393,8.2,6.5,5.6,8.0,9.25,5.5,0,0,0,True
38009394,6.4,7.25,5.6,5.0,3.75,6.75,0,0,0,True
38009395,5.4,9.0,5.8,0,0,0,7.25,8.25,9.0,False
38009396,5.4,5.25,5.2,0,0,0,6.5,5.25,7.0,False
38009397,6.6,7.0,4.4,0,0,0,8.75,8.5,9.5,False
38009398,8.0,6.5,6.6,5.25,8.25,7.75,0,0,0,True
38009399,7.4,5.25,5.2,6.75,7.0,7.0,0,0,0,True
38009400,8.4,6.25,5.6,8.5,9.5,4.75,0,0,0,True
38009401,0,7.0,0,0,0,0,8.75,9.0,0,False
38009402,0,7.5,0,0,0,0,10.0,9.25,0,False
38009403,4.0,6.5,3.6,0,0,0,6.0,6.25,8.5,False
38009404,4.8,7.25,4.4,0,0,0,6.75,7.25,8.25,False
38009405,5.6,6.5,3.0,0,0,0,6.25,7.25,8.25,False
38009406,3.8,5.75,3.4,0,0,0,5.0,6.75,7.5,False
38009407,7.6,7.5,4.6,4.0,7.75,7.5,0,0,0,True
38009408,7.4,3.75,6.2,7.5,6.75,6.0,0,0,0,True
38009409,5.2,8.5,4.4,0,0,0,7.75,8.25,8.25,False
38009410,6.4,6.25,4.4,0,0,0,7.0,8.25,8.25,False
38009411,8.4,8.5,8.2,7.25,7.25,8.75,0,0,0,True
38009412,2.6,6.0,4.4,0,0,0,7.0,7.5,7.5,False
38009413,4.6,6.0,3.8,0,0,0,5.5,4.5,8.5,False
38009414,3.4,4.5,3.8,0,0,0,6.0,6.0,7.25,False
38009415,6.0,7.5,4.6,3.75,5.5,5.25,0,0,0,True
38009416,7.2,8.75,6.2,0,0,0,7.0,6.75,8.5,False
38009417,8.0,8.75,7.4,7.0,6.25,6.75,0,0,0,True
38009418,3.4,9.25,4.4,0,0,0,9.0,9.5,9.0,False
38009419,5.4,5.0,4.0,0,0,0,6.25,5.0,6.25,False
38009420,6.0,6.5,3.8,0,0,0,7.75,8.0,8.5,False
38009421,4.0,7.25,5.0,0,0,0,5.5,7.5,7.0,False
38009422,4.8,6.25,2.8,0,0,0,6.0,6.0,7.25,False
38009423,5.8,7.25,5.6,0,0,0,7.5,8.75,9.0,False
38009424,3.6,4.5,4.0,0,0,0,5.25,4.75,5.75,False
38009425,7.2,5.0,5.6,8.0,7.25,5.25,0,0,0,True
38009426,4.6,5.25,3.6,0,0,0,6.0,6.25,7.5,False
38009427,6.0,6.0,4.8,5.0,4.75,4.75,0,0,0,True
38009428,3.2,5.75,1.4,0,0,0,4.5,4.0,7.25,False
38009429,4.6,5.25,5.6,0,0,0,6.5,7.0,8.25,False
38009430,7.2,8.0,3.8,5.25,8.0,7.5,0,0,0,True
38009431,4.8,5.0,3.4,0,0,0,5.5,5.75,7.75,False
38009432,5.8,7.5,5.6,3.75,4.0,5.5,0,0,0,True
38009433,7.8,6.25,3.2,6.0,7.0,8.0,0,0,0,True
38009434,4.6,7.75,4.0,0,0,0,7.25,7.75,8.5,False
38009435,3.6,7.25,3.2,0,0,0,6.75,7.25,8.0,False
38009436,7.4,5.75,3.0,8.75,8.0,6.25,0,0,0,True
38009437,7.8,6.75,5.2,8.5,9.25,6.25,0,0,0,True
38009438,4.0,3.75,2.2,0,0,0,6.5,7.0,7.0,False
38009439,6.6,6.0,3.2,5.0,7.5,8.25,0,0,0,True
38009440,3.6,5.75,2.8,0,0,0,4.75,5.5,6.75,False
38009441,8.0,5.25,4.4,8.75,8.75,6.0,0,0,0,True
38009442,3.4,5.75,3.2,0,0,0,4.75,5.75,7.5,False
38009443,4.6,7.75,3.2,0,0,0,7.0,7.25,8.75,False
38009444,0,6.42,0,0,0,0,9.25,9.0,0,False
38009445,4.6,8.0,4.6,0,0,0,8.5,9.0,9.0,False
38009446,7.8,6.92,7.2,0,0,0,7.0,7.0,9.0,False
38009447,4.2,8.0,4.0,0,0,0,4.5,7.25,7.25,False
38009448,8.2,7.5,5.4,8.5,7.75,7.25,0,0,0,True
38009449,4.6,8.5,3.6,0,0,0,5.25,7.75,8.75,False
38009450,4.4,5.75,2.2,0,0,0,5.0,7.25,8.25,False
38009451,3.0,5.0,3.6,0,0,0,5.5,3.0,6.5,False
38009452,4.6,5.75,3.0,0,0,0,5.5,7.25,6.75,False
38009453,8.8,5.75,5.0,7.5,9.25,8.75,0,0,0,True
38009454,6.0,4.58,4.8,0,0,0,6.5,5.25,8.0,False
38009455,9.4,4.75,4.2,8.0,8.5,5.5,0,0,0,True
38009456,2.6,6.25,3.4,0,0,0,5.25,5.75,7.5,False
38009457,5.6,6.75,4.2,0,0,0,7.0,8.0,7.5,False
38009458,6.4,8.5,4.2,0,0,0,7.5,7.5,8.0,False
38009459,6.4,4.5,5.6,4.75,4.5,3.75,0,0,0,True
38009460,6.0,8.75,4.2,0,0,0,7.25,7.0,8.0,False
38009461,3.6,6.0,5.0,0,0,0,5.25,6.25,6.5,False
38009462,2.4,3.0,2.4,0,0,0,4.0,4.5,6.75,False
38009463,4.8,5.5,3.6,0,0,0,6.25,7.0,7.0,False
38009464,6.4,7.75,3.4,0,0,0,6.0,8.25,9.25,False
38009465,5.4,8.0,4.4,0,0,0,7.25,7.5,8.0,False
38009466,7.0,9.25,4.4,0,0,0,8.5,8.5,9.5,False
38009467,4.2,6.75,2.0,0,0,0,0,0,0,False
38009468,4.6,7.5,3.4,0,0,0,6.75,7.75,8.25,False
38009469,6.6,9.0,4.0,0,0,0,8.25,9.5,9.25,False
38009470,4.4,5.58,3.0,0,0,0,8.25,8.0,8.0,False
38009471,4.0,4.25,2.4,0,0,0,4.0,3.5,3.5,False
38009472,3.2,5.25,3.6,0,0,0,6.75,7.5,8.0,False
38009473,5.8,5.75,5.0,0,0,0,5.25,5.75,5.75,False
38009474,6.8,6.5,5.4,7.25,8.0,4.5,0,0,0,True
38009475,7.8,7.25,8.4,8.25,6.75,5.5,0,0,0,True
38009476,8.6,7.0,7.2,7.75,9.0,9.0,0,0,0,True
38009477,7.6,7.75,8.2,8.5,6.5,7.5,0,0,0,True
38009478,8.0,5.0,4.8,8.75,7.5,5.5,0,0,0,True
38009479,5.2,6.0,4.0,0,0,0,6.75,6.5,7.0,False
38009480,6.8,4.5,3.4,0,0,0,6.75,6.75,6.5,False
38009481,5.6,6.5,2.8,0,0,0,6.5,7.25,8.25,False
38009482,7.0,7.75,5.4,8.5,8.0,6.75,0,0,0,True
38009483,4.2,4.75,2.6,0,0,0,6.5,5.75,6.75,False
38009484,4.4,5.75,2.6,0,0,0,5.0,5.75,7.0,False
38009485,5.8,4.75,3.2,4.25,6.75,5.0,0,0,0,True
38009486,7.2,5.5,3.8,7.25,8.25,7.0,0,0,0,True
38009487,3.6,6.25,5.0,0,0,0,4.75,5.75,6.25,False
38009488,0,5.5,0,0,0,0,7.25,8.75,0,False
38009489,8.2,7.5,0,0,0,0,9.5,0,0,False
38009490,6.4,6.58,5.2,0,0,0,8.0,7.75,9.75,False
38009491,7.0,7.0,3.4,6.0,6.5,7.0,0,0,0,True
38009492,7.6,6.17,3.2,7.5,8.25,5.25,0,0,0,True
38009493,8.2,7.58,7.4,4.75,8.25,8.5,0,0,0,True
38009494,4.6,5.5,4.0,0,0,0,7.25,7.75,8.25,False
38009495,3.8,6.75,3.6,0,0,0,6.0,6.0,8.25,False
38009496,4.0,8.25,4.2,0,0,0,6.75,6.25,7.5,False
38009497,5.6,6.25,3.8,0,0,0,6.75,7.0,6.25,False
38009498,7.8,7.5,4.4,4.25,9.25,8.5,0,0,0,True
38009499,5.8,6.5,4.6,0,0,0,5.75,5.25,7.25,False
38009500,3.8,8.25,1.8,0,0,0,7.75,6.75,9.25,False
38009501,8.2,6.25,3.4,5.0,8.25,8.0,0,0,0,True
38009502,3.4,6.25,2.4,0,0,0,5.25,6.25,7.0,False
38009503,3.0,3.75,3.4,0,0,0,7.5,5.0,6.75,False
38009504,6.4,7.0,4.0,0,0,0,8.25,7.5,8.5,False
38009505,2.8,4.75,4.6,0,0,0,5.5,6.0,8.25,False
38009506,8.2,6.75,7.8,8.5,9.0,5.75,0,0,0,True
38009507,5.0,4.0,3.8,0,0,0,5.5,4.75,7.5,False
38009508,3.2,5.25,3.6,0,0,0,3.5,4.5,4.75,False
38009509,7.4,6.0,3.2,7.0,8.75,8.0,0,0,0,True
38009510,5.6,5.5,2.6,0,0,0,5.75,5.25,6.25,False
38009511,3.0,3.5,1.8,0,0,0,5.5,3.5,7.5,False
38009512,7.4,7.75,3.2,0,0,0,8.25,8.0,7.75,False
38009513,3.0,6.75,2.8,0,0,0,4.0,5.5,6.0,False
38009514,3.4,3.25,3.4,0,0,0,6.75,5.0,7.5,False
38009515,4.6,5.92,3.4,0,0,0,5.25,6.5,7.5,False
38009516,4.8,3.5,3.6,0,0,0,8.25,4.25,7.0,False
38009517,5.0,3.5,3.4,0,0,0,5.5,5.25,5.5,False
38009518,5.0,8.5,4.6,2.75,4.25,5.5,0,0,0,True
38009519,8.4,7.25,6.2,5.5,8.0,8.25,0,0,0,True
38009520,8.4,6.5,4.6,4.0,7.75,8.5,0,0,0,True
38009521,3.8,6.25,3.6,0,0,0,7.75,5.5,7.25,False
38009522,0,7.0,0,0,0,0,8.5,7.25,0,False
38009523,2.2,5.0,2.8,0,0,0,6.0,5.0,6.25,False
38009524,7.4,7.75,4.4,5.5,9.0,7.5,0,0,0,True
38009525,4.4,6.75,3.4,0,0,0,5.5,4.75,7.25,False
38009526,7.0,6.75,3.2,0,0,0,8.75,7.0,8.75,False
38009527,5.2,6.0,5.4,0,0,0,6.5,5.75,7.25,False
38009528,4.0,6.0,3.0,0,0,0,5.25,6.75,7.5,False
38009529,5.4,7.5,3.6,0,0,0,5.0,6.0,6.75,False
38009530,6.4,5.83,0,5.75,4.75,5.25,0,0,0,True
38009531,3.6,4.25,3.8,0,0,0,4.75,5.25,6.25,False
38009532,9.8,6.0,6.4,9.25,10.0,7.5,0,0,0,True
38009533,4.0,4.0,3.6,0,0,0,4.5,7.25,8.25,False
38009534,4.0,6.5,3.6,0,0,0,5.0,6.75,6.75,False
38009535,5.6,6.25,4.6,0,0,0,6.0,6.0,5.75,False
38009536,3.4,5.5,3.0,0,0,0,6.75,6.75,8.5,False
38009537,5.6,7.5,4.8,0,0,0,8.5,8.75,8.0,False
38009538,7.6,7.0,4.8,8.0,6.0,6.5,0,0,0,True
38009539,4.4,6.5,3.8,0,0,0,6.0,6.75,6.75,False
38009540,7.2,5.25,4.4,5.0,6.0,5.5,0,0,0,True
38009541,7.0,7.75,5.2,0,0,0,9.75,9.0,10.0,False
38009542,7.4,8.5,6.2,0,0,0,7.25,7.75,8.25,False
38009543,7.2,5.75,4.0,0,0,0,7.25,7.5,8.5,False
38009544,8.4,6.5,5.0,7.75,8.0,6.5,0,0,0,True
38009545,5.0,5.75,4.6,0,0,0,5.0,5.75,7.0,False
38009546,7.8,0,0,2.75,8.5,8.25,0,0,0,True
38009547,4.0,6.0,5.0,0,0,0,5.0,6.0,7.0,False
38009548,7.4,4.5,6.2,8.25,6.0,7.0,0,0,0,True
38009549,7.0,7.0,5.8,6.25,6.25,7.25,0,0,0,True
38009550,5.2,3.75,4.2,0,0,0,6.75,7.5,7.25,False
38009551,5.4,7.5,3.0,0,0,0,6.75,6.25,7.5,False
38009552,3.8,6.75,3.8,0,0,0,3.75,6.5,7.25,False
38009553,0,3.25,0,0,0,0,7.0,7.25,8.5,False
38009554,8.6,7.25,6.4,8.0,5.0,8.0,0,0,0,True
38009555,6.0,7.0,4.2,0,0,0,5.5,6.0,8.0,False
38009556,4.6,7.0,5.0,0,0,0,5.25,7.25,8.5,False
38009557,4.4,3.25,3.0,0,0,0,5.0,6.75,7.0,False
38009558,4.2,5.0,3.2,0,0,0,5.75,6.5,7.75,False
38009559,5.6,6.5,3.8,0,0,0,8.25,7.75,9.25,False
38009560,3.4,5.5,5.2,0,0,0,7.5,6.75,8.0,False
38009561,3.6,4.0,5.2,0,0,0,4.0,4.75,7.0,False
38009562,4.0,4.25,4.0,0,0,0,5.5,7.25,7.75,False
38009563,3.2,5.5,4.0,0,0,0,5.5,6.25,8.5,False
38009564,5.4,5.75,3.0,0,0,0,5.25,5.25,6.25,False
38009565,4.0,6.42,4.0,0,0,0,6.25,7.5,7.5,False
38009566,5.6,8.0,2.4,0,0,0,7.25,7.25,8.5,False
38009567,3.6,5.0,2.6,0,0,0,4.75,6.0,6.5,False
38009568,2.6,5.75,2.8,0,0,0,5.25,5.75,7.5,False
38009569,7.2,5.5,4.6,6.25,8.25,6.75,0,0,0,True
38009570,3.6,5.17,2.6,0,0,0,3.75,5.75,5.75,False
38009571,6.8,6.5,2.8,7.5,7.5,5.0,0,0,0,True
38009572,3.6,4.25,2.2,0,0,0,5.75,5.5,7.25,False
38009573,8.6,6.25,5.6,8.5,9.25,6.0,0,0,0,True
38009574,4.0,6.25,3.8,0,0,0,6.25,6.5,7.0,False
38009575,4.8,6.42,3.4,0,0,0,5.25,7.0,8.25,False
38009576,7.2,7.0,7.4,0,0,0,6.75,7.25,8.5,False
38009577,3.6,5.5,4.0,0,0,0,4.5,6.0,5.75,False
38009578,6.4,8.25,6.0,0,0,0,8.25,8.5,8.25,False
38009579,4.4,7.0,3.6,0,0,0,5.75,6.25,8.75,False
38009580,5.2,6.25,5.4,5.25,6.5,6.25,0,0,0,True
38009581,3.4,5.25,2.8,0,0,0,4.0,3.0,5.75,False
38009582,4.4,7.25,2.6,0,0,0,5.75,7.0,8.25,False
38009583,4.8,7.25,4.0,0,0,0,5.5,7.25,8.0,False
38009584,5.8,7.25,4.4,0,0,0,6.0,6.75,8.75,False
38009585,5.2,5.75,2.4,0,0,0,5.25,3.25,6.25,False
38009586,6.4,7.0,3.0,6.5,6.75,7.25,0,0,0,True
38009587,2.8,4.25,3.6,0,0,0,4.25,4.5,6.25,False
38009588,5.2,5.0,3.0,0,0,0,5.25,5.75,7.0,False
38009589,3.8,4.5,3.0,0,0,0,4.0,4.75,5.75,False
38009590,3.6,4.0,3.4,0,0,0,7.0,5.75,6.75,False
38009591,7.6,7.0,5.8,7.5,8.0,6.5,0,0,0,True
38009592,3.4,5.0,3.0,0,0,0,5.25,6.25,6.25,False
38009593,6.2,5.75,3.0,0,0,0,6.75,6.75,8.5,False
38009594,7.4,6.0,5.0,7.75,8.25,7.0,0,0,0,True
38009595,7.0,5.5,2.4,6.0,5.75,5.25,0,0,0,True
38009596,6.4,6.25,4.4,6.75,6.25,7.75,0,0,0,True
38009597,6.4,7.0,3.2,0,0,0,6.75,6.75,8.0,False
38009598,8.8,7.41,3.0,8.75,8.0,6.25,0,0,0,True
38009599,7.6,6.67,5.6,4.75,8.5,9.0,0,0,0,True
38009600,2.2,4.25,2.8,0,0,0,7.0,6.5,7.75,False
38009601,7.4,8.5,6.6,7.75,7.75,7.5,0,0,0,True
38009602,6.4,7.5,4.4,0,0,0,6.0,7.25,7.75,False
38009603,5.0,6.0,4.4,0,0,0,7.5,7.25,8.5,False
38009604,6.0,6.25,2.8,0,0,0,6.0,7.5,7.5,False
38009605,3.2,5.75,3.2,0,0,0,6.5,6.75,7.5,False
38009606,4.0,5.5,3.4,0,0,0,8.0,8.75,7.5,False
38009607,4.8,7.09,3.6,0,0,0,6.25,4.75,8.25,False
38009608,5.6,6.09,4.8,0,0,0,8.0,8.5,7.75,False
38009609,5.2,8.09,3.6,0,0,0,6.75,6.25,8.25,False
38009610,7.0,7.25,4.0,0,0,0,6.5,7.0,8.25,False
38009611,6.0,6.58,2.8,4.25,7.0,6.75,0,0,0,True
38009612,5.2,6.5,3.6,0,0,0,5.25,5.75,6.0,False
38009613,4.2,7.0,3.8,0,0,0,6.5,6.75,8.0,False
38009614,5.6,5.75,2.2,0,0,0,5.0,3.75,6.25,False
38009615,5.8,7.5,4.2,0,0,0,6.75,8.75,8.5,False
38009616,3.8,5.75,2.0,0,0,0,4.25,5.25,6.0,False
38009617,7.0,5.75,4.2,0,0,0,7.0,8.25,9.25,False
38009618,7.0,6.17,4.6,4.0,8.0,8.25,0,0,0,True
38009619,5.2,3.25,4.4,0,0,0,4.75,6.0,5.5,False
38009620,5.6,6.0,3.6,0,0,0,4.5,5.0,7.0,False
38009621,4.4,4.0,4.2,0,0,0,5.5,5.25,7.0,False
38009622,3.8,2.75,4.0,0,0,0,5.25,4.25,6.25,False
38009623,4.6,5.5,4.6,0,0,0,6.5,8.0,8.0,False
38009624,4.8,5.75,3.8,1.75,4.0,5.25,0,0,0,True
38009625,5.2,5.75,4.0,0,0,0,5.75,6.0,8.0,False
38009626,2.2,3.25,3.6,0,0,0,3.75,5.25,6.25,False
38009627,8.0,4.75,6.2,7.5,7.5,6.25,0,0,0,True
38009628,3.4,5.0,3.8,0,0,0,5.0,5.75,7.5,False
38009629,4.2,4.5,4.4,0,0,0,6.0,5.0,7.0,False
38009630,4.2,6.0,4.6,0,0,0,7.0,7.0,7.75,False
38009631,7.2,7.25,6.8,5.75,5.75,7.5,0,0,0,True
38009632,4.0,5.5,4.0,0,0,0,6.25,7.25,7.5,False
38009633,3.6,4.0,5.4,0,0,0,6.0,5.75,7.25,False
38009634,4.2,5.0,4.0,0,0,0,4.0,6.0,7.5,False
38009635,5.4,6.5,4.4,0,0,0,5.5,7.0,9.25,False
38009636,3.4,5.25,3.4,0,0,0,3.25,3.5,6.0,False
38009637,7.4,6.92,6.6,5.25,7.0,7.25,0,0,0,True
38009638,6.8,0,0,0,5.75,5.0,0,0,0,True
38009639,7.2,7.67,3.8,0,0,0,9.25,9.75,8.75,False
38009640,5.2,7.92,4.8,0,0,0,5.75,7.75,8.25,False
38009641,4.2,7.5,4.4,0,0,0,6.0,7.0,8.25,False
38009642,5.8,8.25,3.2,0,0,0,8.5,8.25,9.25,False
38009643,4.4,4.75,2.2,0,0,0,7.5,7.25,8.75,False
38009644,3.8,6.0,3.6,0,0,0,6.25,5.5,7.75,False
38009645,4.4,7.0,3.0,0,0,0,4.75,6.5,8.25,False
38009646,3.4,3.25,2.2,0,0,0,5.0,4.0,5.5,False
38009647,3.8,4.5,3.2,0,0,0,4.0,6.5,7.25,False
38009648,7.6,7.0,6.0,8.25,7.5,7.25,0,0,0,True
38009649,6.6,6.75,4.4,4.5,6.5,7.25,0,0,0,True
38009650,7.6,6.0,7.0,6.5,7.25,7.5,0,0,0,True
38009651,4.2,5.0,4.8,0,0,0,6.0,7.5,7.0,False
38009652,4.0,6.5,4.6,0,0,0,4.75,6.75,8.5,False
38009653,4.2,5.75,3.2,0,0,0,7.5,8.5,8.75,False
38009654,5.6,6.25,4.8,5.25,7.0,8.0,0,0,0,True
38009655,6.4,4.5,2.8,0,0,0,8.0,8.25,9.0,False
38009656,6.4,5.5,3.2,0,0,0,6.25,7.75,8.5,False
38009657,5.0,5.33,2.4,0,0,0,4.75,4.0,7.0,False
38009658,5.2,6.5,3.8,0,0,0,5.5,7.0,7.5,False
38009659,3.4,5.92,3.6,0,0,0,6.0,7.0,7.75,False
38009660,4.0,7.25,3.8,0,0,0,5.25,6.25,8.0,False
38009661,3.4,3.25,3.8,0,0,0,6.5,7.0,6.0,False
38009662,4.4,8.0,5.0,0,0,0,5.75,6.75,8.75,False
38009663,5.8,5.5,4.0,3.75,7.0,6.25,0,0,0,True
38009664,0,7.0,0,0,0,0,6.5,8.5,0,False
38009665,4.2,4.5,4.8,0,0,0,7.0,7.5,7.5,False
38009666,5.6,7.25,4.6,0,0,0,5.75,7.0,9.0,False
38009667,8.8,7.25,4.0,8.25,9.0,7.0,0,0,0,True
38009668,5.4,5.5,2.2,0,0,0,5.0,5.25,6.5,False
38009669,4.0,4.0,2.8,0,0,0,4.75,4.25,5.75,False
38009670,6.4,5.5,7.4,4.5,7.0,7.0,0,0,0,True
38009671,6.4,5.75,2.6,0,0,0,7.5,6.75,8.75,False
38009672,7.0,7.5,4.6,0,0,0,9.75,9.0,9.0,False
38009673,3.2,4.25,1.8,0,0,0,6.5,5.75,8.0,False
38009674,4.6,6.25,3.8,0,0,0,5.0,5.75,9.25,False
38009675,4.8,5.0,2.6,0,0,0,6.75,6.5,6.75,False
38009676,4.2,7.0,2.4,0,0,0,6.0,8.0,9.0,False
38009677,3.6,6.0,2.4,0,0,0,3.0,7.0,6.0,False
38009678,3.8,8.0,2.6,0,0,0,6.75,7.0,7.75,False
38009679,4.0,3.5,1.8,0,0,0,5.75,5.25,5.25,False
38009680,5.4,5.0,3.6,0,0,0,6.0,8.0,6.5,False
38009681,3.6,5.5,2.8,0,0,0,5.0,4.75,6.75,False
38009682,2.4,6.5,3.2,0,0,0,4.75,6.0,7.75,False
38009683,4.0,5.0,2.2,0,0,0,5.0,4.5,6.75,False
38009684,3.2,4.0,3.8,0,0,0,4.25,2.75,4.75,False
38009685,3.6,4.25,3.6,0,0,0,3.75,5.25,7.0,False
38009686,6.6,7.0,2.6,0,0,0,6.5,8.25,9.0,False
38009687,6.0,6.0,2.4,0,0,0,8.0,7.5,9.25,False
38009688,5.4,6.5,3.4,0,0,0,7.25,7.0,7.5,False
38009689,5.0,5.5,3.2,0,0,0,6.0,6.75,7.75,False
38009690,6.6,5.25,3.6,0,0,0,7.25,8.0,8.75,False
38009691,3.2,3.0,2.6,0,0,0,3.0,2.5,5.25,False
38009692,7.0,6.5,3.2,0,0,0,8.5,7.5,9.25,False
38009693,4.8,4.0,2.0,0,0,0,6.0,5.25,6.25,False
38009694,3.4,6.0,2.0,0,0,0,5.75,6.25,7.25,False
38009695,4.6,8.0,2.8,0,0,0,7.75,7.75,8.5,False
38009696,3.4,3.5,3.2,0,0,0,4.25,5.25,7.0,False
38009697,3.6,7.0,2.6,0,0,0,8.25,7.0,9.25,False
38009698,3.8,5.25,3.0,0,0,0,5.0,6.0,8.25,False
38009699,3.8,6.92,4.6,0,0,0,5.25,5.75,7.25,False
38009700,3.2,5.25,1.8,0,0,0,5.5,6.0,6.75,False
38009701,3.2,5.5,2.0,0,0,0,4.75,6.25,6.5,False
38009702,8.0,7.0,5.4,9.0,10.0,7.75,0,0,0,True
38009703,7.0,5.75,2.6,0,0,0,4.75,7.0,8.0,False
38009704,6.6,6.5,3.6,3.25,6.0,7.25,0,0,0,True
38009705,8.0,8.0,3.2,4.75,7.75,6.75,0,0,0,True
38009706,6.8,6.75,3.0,0,0,0,4.75,7.5,8.5,False
38009707,5.6,8.0,2.8,0,0,0,7.25,8.0,8.75,False
38009708,4.2,5.0,2.2,0,0,0,5.0,6.25,7.5,False
38009709,0,8.5,0,0,0,0,8.5,9.0,0,False
38009710,4.6,6.5,3.2,0,0,0,6.25,6.25,6.5,False
38009711,3.6,5.5,3.0,0,0,0,3.75,5.0,7.25,False
38009712,3.8,5.5,3.2,0,0,0,5.75,6.5,8.0,False
38009713,2.4,5.5,3.8,0,0,0,4.5,6.0,7.25,False
38009714,2.4,3.0,3.2,0,0,0,3.0,3.75,7.25,False
38009715,6.6,6.0,4.0,4.5,8.0,8.5,0,0,0,True
38009716,4.2,5.0,3.6,0,0,0,4.5,7.25,7.25,False
38009717,4.8,5.75,2.8,0,0,0,6.5,6.25,7.75,False
38009718,7.8,7.5,4.4,0,0,0,6.75,8.0,7.75,False
38009719,8.2,8.5,3.8,0,0,0,6.75,7.75,8.5,False
38009720,6.2,5.5,4.0,0,0,0,5.25,6.5,8.5,False
38009721,3.4,4.75,3.4,0,0,0,4.25,3.75,6.25,False
38009722,4.8,3.25,4.2,3.25,6.25,8.0,0,0,0,True
38009723,3.6,3.75,2.6,0,0,0,4.0,4.0,6.25,False
38009724,6.6,5.75,5.8,5.0,8.0,7.75,0,0,0,True
38009725,3.8,5.5,3.6,0,0,0,5.25,6.5,7.5,False
38009726,5.2,5.25,4.6,0,0,0,5.25,6.25,7.25,False
38009727,5.6,7.75,2.4,0,0,0,5.75,8.0,8.75,False
38009728,3.4,5.0,3.6,0,0,0,3.5,5.0,7.25,False
38009729,3.6,6.25,3.4,0,0,0,6.25,6.75,6.25,False
38009730,5.0,5.0,4.0,0,0,0,5.25,8.25,8.5,False
38009731,6.6,8.25,2.4,0,0,0,9.75,9.75,9.5,False
38009732,6.0,6.75,3.8,0,0,0,6.0,7.75,8.5,False
38009733,8.0,7.25,3.0,5.0,7.5,7.75,0,0,0,True
38009734,6.2,7.5,5.2,0,0,0,7.75,8.5,9.0,False
38009735,6.2,8.25,3.4,0,0,0,7.75,9.5,8.25,False
38009736,7.4,6.5,6.4,4.5,8.0,8.0,0,0,0,True
38009737,3.0,4.0,2.8,0,0,0,5.25,5.75,7.5,False
38009738,3.2,3.25,4.8,0,0,0,3.25,5.0,4.25,False
38009739,3.8,7.75,3.0,0,0,0,5.25,5.5,8.5,False
38009740,4.6,6.08,2.6,0,0,0,6.75,7.5,8.5,False
38009741,5.6,6.75,4.4,0,0,0,6.25,8.5,8.5,False
38009742,3.2,3.75,1.8,0,0,0,7.0,4.75,6.0,False
38009743,5.0,7.5,4.4,0,0,0,6.0,7.75,8.75,False
38009744,3.2,3.5,3.0,0,0,0,5.75,7.5,8.0,False
38009745,4.6,6.75,3.0,4.0,4.5,6.0,0,0,0,True
38009746,5.2,7.75,3.0,5.0,6.0,7.25,0,0,0,True
38009747,4.0,4.0,2.8,0,0,0,4.75,4.75,7.5,False
38009748,3.0,2.25,1.8,0,0,0,4.25,4.5,5.0,False
38009749,6.6,7.25,3.4,0,0,0,7.0,8.75,9.0,False
38009750,6.8,8.5,3.6,0,0,0,7.25,8.25,9.5,False
38009751,4.2,8.0,3.8,0,0,0,5.75,8.5,7.5,False
38009752,6.2,8.25,3.8,0,0,0,5.5,6.5,8.75,False
38009753,5.4,4.5,2.6,0,0,0,5.5,5.0,6.75,False
38009754,3.2,4.0,3.0,0,0,0,4.75,5.75,7.0,False
38009755,6.0,8.0,3.0,0,0,0,6.0,8.5,9.5,False
38009756,5.8,7.0,2.4,0,0,0,7.0,9.25,9.5,False
38009757,7.0,7.75,2.8,5.25,7.5,7.75,0,0,0,True
38009758,6.0,6.5,5.0,3.25,6.0,5.25,0,0,0,True
38009759,2.2,4.75,2.8,0,0,0,6.25,6.75,6.75,False
38009760,4.0,6.75,4.6,0,0,0,6.0,7.25,8.25,False
38009761,4.8,7.5,3.2,0,0,0,7.75,9.0,9.75,False
38009762,8.2,6.5,5.2,5.5,7.75,7.5,0,0,0,True
38009763,5.6,7.25,2.0,0,0,0,5.75,7.5,9.0,False
38009764,5.2,6.25,3.4,3.75,6.25,7.25,0,0,0,True
38009765,5.4,6.25,1.6,0,0,0,3.0,5.5,6.75,False
38009766,4.6,6.0,3.0,0,0,0,6.5,6.75,8.75,False
38009767,4.6,3.75,2.0,0,0,0,4.25,4.75,7.25,False
38009768,3.2,6.25,1.8,0,0,0,6.5,7.0,9.0,False
38009769,3.4,3.25,2.2,0,0,0,7.0,4.25,7.75,False
38009770,3.4,6.25,3.2,0,0,0,5.75,6.75,7.25,False
38009771,3.4,8.0,2.2,0,0,0,6.0,5.0,8.0,False
38009772,4.6,4.5,2.2,2.25,5.0,4.75,0,0,0,True
38009773,3.8,6.5,2.8,0,0,0,4.75,5.5,8.0,False
38009774,6.4,6.5,3.4,0,0,0,8.25,8.25,9.25,False
38009775,2.4,4.25,3.4,0,0,0,5.5,6.0,7.75,False
38009776,2.8,2.0,2.4,0,0,0,5.75,5.5,7.25,False
38009777,8.2,9.0,8.6,5.25,8.25,7.25,0,0,0,True
38009778,7.2,6.5,4.4,3.0,5.0,7.75,0,0,0,True
38009779,4.8,5.5,4.2,0,0,0,6.25,8.0,7.5,False
38009780,3.6,4.5,3.2,0,0,0,4.5,2.75,6.0,False
38009781,3.4,6.75,4.4,0,0,0,3.25,3.75,6.0,False
38009782,2.8,5.75,2.2,0,0,0,3.75,5.75,5.25,False
38009783,4.8,8.0,2.6,0,0,0,5.5,7.25,7.75,False
38009784,3.8,4.5,3.0,0,0,0,3.25,5.25,6.75,False
38009785,7.2,8.75,5.6,0,0,0,8.0,9.0,8.75,False
38009786,7.4,7.0,5.6,7.0,6.25,6.0,0,0,0,True
38009787,6.4,5.0,4.8,0,0,0,6.0,7.25,7.5,False
38009788,3.2,5.25,4.4,0,0,0,2.5,4.0,7.25,False
38009789,6.6,6.25,5.0,5.0,7.0,7.0,0,0,0,True
38009790,6.4,6.5,4.6,0,0,0,5.75,7.75,9.0,False
38009791,8.2,8.5,8.0,6.0,7.0,6.25,0,0,0,True
38009792,4.6,7.5,2.8,0,0,0,5.75,5.0,6.5,False
38009793,4.0,5.25,3.6,0,0,0,6.25,6.5,7.0,False
38009794,7.2,6.0,4.0,0,0,0,6.25,6.5,7.0,False
38009795,7.2,8.75,5.2,6.25,7.0,5.5,0,0,0,True
38009796,7.2,6.92,4.6,0,0,0,5.25,5.75,7.0,False
38009797,5.6,7.25,3.6,3.25,5.0,3.75,0,0,0,True
38009798,5.8,5.25,4.8,0,0,0,4.5,6.75,7.5,False
38009799,0,7.5,0,0,0,0,7.5,9.25,0,False
38009800,6.0,8.0,5.0,0,0,0,6.0,6.25,7.0,False
38009801,7.4,7.0,5.0,6.5,4.75,5.25,0,0,0,True
38009802,6.2,7.25,4.0,4.0,5.0,5.25,0,0,0,True
38009803,5.0,6.5,6.0,0,0,0,5.5,5.0,7.75,False
38009804,5.2,6.5,5.2,0,0,0,4.0,4.0,5.5,False
38009805,7.2,7.75,6.4,5.75,3.75,5.25,0,0,0,True
38009806,7.2,9.0,4.6,5.25,5.75,7.5,0,0,0,True
38009807,8.0,8.5,8.6,4.5,8.0,6.75,0,0,0,True
38009808,6.8,8.25,4.0,6.25,3.5,6.0,0,0,0,True
38009809,5.8,7.5,3.2,0,0,0,7.75,8.75,8.0,False
38009810,5.6,7.5,6.2,3.25,3.75,5.25,0,0,0,True
38009811,8.6,6.25,7.2,8.25,9.0,7.0,0,0,0,True
38009812,4.8,6.75,3.6,0,0,0,8.0,7.75,9.0,False
38009813,4.6,6.75,5.0,0,0,0,6.0,7.0,8.0,False
38009814,7.4,8.25,6.8,6.25,6.5,6.0,0,0,0,True
38009815,3.6,6.75,5.6,0,0,0,5.5,6.5,6.75,False
38009816,3.8,5.25,5.8,0,0,0,4.0,4.5,7.5,False
38009817,7.4,7.25,9.2,2.5,6.5,6.0,0,0,0,True
38009818,5.6,6.58,6.4,0,0,0,6.0,7.75,7.75,False
38009819,5.6,5.92,5.8,0,0,0,6.75,7.5,8.5,False
38009820,7.4,6.25,6.2,7.0,7.75,7.75,0,0,0,True
38009821,5.8,6.5,4.8,0,0,0,5.0,5.5,6.75,False
38009822,4.6,6.5,4.0,0,0,0,4.5,7.75,7.25,False
38009823,5.4,7.0,5.0,0,0,0,6.0,8.0,9.0,False
38009824,8.2,9.25,8.8,0,0,0,6.5,7.75,8.25,False
38009825,5.8,5.5,4.6,0,0,0,4.5,6.75,7.0,False
38009826,5.2,7.25,4.6,0,0,0,7.5,8.25,9.0,False
38009827,7.2,8.0,4.6,4.0,7.75,7.75,0,0,0,True
38009828,5.8,4.25,3.2,0,0,0,7.5,6.0,7.25,False
38009829,7.0,7.0,4.8,4.5,6.75,6.25,0,0,0,True
38009830,6.6,8.0,4.2,0,0,0,7.25,6.75,8.0,False
38009831,4.6,6.25,4.8,0,0,0,5.25,4.5,6.25,False
38009832,6.0,7.25,4.2,0,0,0,7.25,8.0,8.0,False
38009833,5.8,7.75,5.0,0,0,0,7.75,9.0,8.25,False
38009834,7.0,7.5,5.4,0,0,0,8.5,8.0,8.25,False
38009835,0,5.5,0,0,0,0,6.5,6.75,0,False
38009836,5.2,5.5,3.8,0,0,0,5.75,3.5,5.75,False
38009837,6.6,7.75,5.6,6.5,6.5,6.5,0,0,0,True
38009838,5.6,5.0,5.0,0,0,0,6.75,7.0,7.25,False
38009839,4.4,5.25,1.4,0,0,0,5.25,5.5,5.25,False
38009840,4.0,5.25,3.2,0,0,0,4.5,4.0,5.5,False
38009841,5.0,6.75,4.0,0,0,0,5.25,7.0,7.5,False
38009842,7.0,6.75,3.4,0,0,0,6.0,6.75,7.5,False
38009843,6.4,7.25,3.6,0,0,0,5.5,6.0,7.0,False
38009844,7.8,7.0,3.8,4.0,5.5,6.5,0,0,0,True
38009845,4.8,6.0,3.8,0,0,0,5.25,6.25,6.0,False
38009846,4.4,6.25,4.0,0,0,0,5.25,5.75,7.0,False
38009847,7.4,8.0,6.0,5.25,5.25,5.75,0,0,0,True
38009848,5.4,7.75,5.6,0,0,0,6.25,8.0,5.25,False
38009849,6.6,6.5,4.0,3.75,5.5,6.0,0,0,0,True
38009850,8.2,7.75,7.6,0,0,0,8.0,8.75,9.5,False
38009851,6.4,7.25,5.6,0,0,0,5.75,4.5,6.5,False
38009852,6.4,7.0,2.8,0,0,0,9.5,9.5,7.5,False
38009853,3.8,7.5,3.0,0,0,0,5.5,5.75,6.25,False
38009854,5.0,4.5,4.8,0,0,0,6.75,6.25,8.0,False
38009855,8.6,6.5,6.4,8.75,8.5,6.5,0,0,0,True
38009856,8.8,5.75,5.0,7.25,7.0,6.5,0,0,0,True
38009857,3.8,5.75,4.4,0,0,0,6.5,5.0,6.75,False
38009858,7.0,6.5,5.2,5.5,5.75,7.0,0,0,0,True
38009859,3.2,4.25,4.8,0,0,0,4.25,5.75,4.25,False
38009860,4.8,4.92,3.0,0,0,0,5.25,6.0,8.5,False
38009861,5.4,4.25,3.2,0,0,0,4.75,3.0,7.25,False
38009862,3.8,5.5,2.4,0,0,0,5.5,6.25,7.25,False
38009863,5.8,7.75,4.6,0,0,0,6.5,7.0,6.75,False
38009864,3.8,5.25,4.6,0,0,0,6.25,6.0,6.75,False
38009865,6.2,7.0,3.4,0,0,0,7.75,7.0,8.0,False
38009866,5.2,6.25,3.0,0,0,0,7.75,6.75,8.25,False
38009867,6.8,7.5,5.0,0,0,0,8.0,7.5,8.5,False
38009868,5.8,5.75,5.8,0,0,0,6.75,7.5,7.0,False
38009869,7.2,8.0,4.2,6.25,5.75,6.0,0,0,0,True
38009870,4.8,8.25,4.0,0,0,0,7.0,6.0,8.0,False
38009871,5.0,3.5,4.8,0,0,0,5.75,5.0,5.75,False
38009872,6.0,6.92,4.8,6.25,7.5,7.25,0,0,0,True
38009873,4.2,6.5,5.4,0,0,0,4.75,6.0,6.75,False
38009874,5.0,7.25,5.4,0,0,0,5.75,6.5,8.25,False
38009875,5.0,8.0,4.2,0,0,0,0,0,0,False
38009876,6.0,8.0,4.2,3.75,6.75,5.75,0,0,0,True
38009877,7.4,7.75,6.0,7.25,7.75,6.25,0,0,0,True
38009878,7.0,7.0,5.4,4.75,5.0,4.5,0,0,0,True
38009879,8.4,9.25,6.8,4.75,7.75,7.0,0,0,0,True
38009880,6.4,8.25,6.4,6.25,5.25,5.75,0,0,0,True
38009881,3.8,6.0,3.6,0,0,0,2.75,4.75,5.0,False
38009882,7.2,7.5,5.2,2.5,6.0,7.25,0,0,0,True
38009883,8.6,6.75,4.6,7.5,6.5,5.75,0,0,0,True
38009884,4.4,5.75,3.2,0,0,0,6.0,6.5,8.5,False
38009885,6.4,8.5,4.4,6.0,5.0,6.25,0,0,0,True
38009886,6.6,5.0,3.8,0,0,0,5.25,8.75,7.0,False
38009887,7.2,6.25,4.0,0,0,0,6.25,7.0,9.5,False
38009888,6.8,4.75,3.8,0,0,0,4.75,5.25,6.75,False
38009889,5.2,6.0,4.6,0,0,0,5.25,7.75,9.0,False
38009890,5.0,7.25,4.6,0,0,0,6.0,5.25,6.25,False
38009891,6.2,8.25,0,0,0,0,0,0,0,False
38009892,4.4,6.5,3.0,0,0,0,5.75,6.25,6.75,False
38009893,7.8,5.75,3.8,8.0,6.75,6.5,0,0,0,True
38009894,7.6,8.5,5.8,5.75,7.0,6.75,0,0,0,True
38009895,8.6,5.0,5.6,7.75,8.25,6.5,0,0,0,True
38009896,7.4,7.5,4.6,0,0,0,8.25,8.25,8.5,False
38009897,6.6,5.5,4.2,0,0,0,6.25,7.0,7.25,False
38009898,6.8,4.0,4.6,4.75,4.75,6.5,0,0,0,True
38009899,5.2,8.0,3.6,0,0,0,6.75,7.0,7.5,False
38009900,8.0,5.25,4.6,6.0,6.5,4.25,0,0,0,True
38009901,6.4,4.0,4.6,0,0,0,8.0,5.75,6.75,False
38009902,8.6,7.5,4.0,5.75,5.5,7.25,0,0,0,True
38009903,7.0,7.5,4.6,0,0,0,8.0,6.5,7.0,False
38009904,5.8,6.25,4.4,0,0,0,7.25,7.0,5.75,False
38009905,5.4,5.25,4.2,0,0,0,5.0,7.5,6.5,False
38009906,7.6,6.0,6.4,5.25,7.5,7.5,0,0,0,True
38009907,8.2,7.5,4.2,7.0,7.5,7.0,0,0,0,True
38009908,5.8,5.0,4.6,0,0,0,5.25,5.5,5.75,False
38009909,4.8,7.25,4.2,0,0,0,7.0,6.75,8.0,False
38009910,5.2,6.25,4.6,0,0,0,5.0,7.75,7.75,False
38009911,8.0,6.5,4.8,0,0,0,5.0,4.75,6.5,False
38009912,0,9.0,0,0,0,0,8.75,9.0,0,False
38009913,8.6,7.5,6.0,7.75,8.5,7.75,0,0,0,True
38009914,5.2,6.25,4.8,0,0,0,5.0,6.25,7.25,False
38009915,6.0,7.25,5.0,0,0,0,7.0,6.75,8.0,False
38009916,8.6,6.75,5.2,6.5,7.75,6.75,0,0,0,True
38009917,5.0,6.5,4.0,0,0,0,7.75,5.25,6.75,False
38009918,8.4,5.0,4.8,9.0,8.0,7.5,0,0,0,True
38009919,5.8,6.0,4.2,0,0,0,6.5,6.75,6.25,False
38009920,4.4,7.5,3.4,0,0,0,6.0,6.25,7.25,False
38009921,6.6,7.75,5.4,0,0,0,6.75,7.75,8.0,False
38009922,5.6,6.75,4.6,0,0,0,6.0,7.75,6.5,False
38009923,8.6,7.5,3.8,0,0,0,6.25,8.25,8.75,False
38009924,7.4,8.0,4.4,3.25,5.25,7.0,0,0,0,True
38009925,6.2,7.5,4.8,0,0,0,4.75,5.5,7.5,False
38009926,6.2,8.0,3.8,0,0,0,6.75,8.75,9.25,False
38009927,5.2,5.92,2.6,0,0,0,6.0,7.25,5.25,False
38009928,7.0,7.75,2.6,4.0,6.75,7.5,0,0,0,True
38009929,4.6,5.75,2.6,0,0,0,5.5,5.75,6.75,False
38009930,8.0,8.0,4.4,7.25,7.75,6.5,0,0,0,True
38009931,6.0,5.25,3.6,0,0,0,6.0,6.75,7.0,False
38009932,7.8,7.25,4.4,6.25,6.0,6.0,0,0,0,True
38009933,6.2,6.75,4.0,0,0,0,6.25,7.5,7.25,False
38009934,8.0,7.0,5.2,5.25,6.5,6.0,0,0,0,True
38009935,6.0,5.5,4.6,0,0,0,5.5,6.0,5.5,False
38009936,8.4,7.0,4.8,0,0,0,8.5,8.0,9.0,False
38009937,5.6,6.25,2.8,0,0,0,7.0,6.25,6.75,False
38009938,6.6,5.25,4.6,5.0,6.75,5.25,0,0,0,True
38009939,4.4,6.75,4.0,0,0,0,5.0,7.75,6.0,False
38009940,6.0,4.75,4.8,0,0,0,3.75,6.25,8.0,False
38009941,7.0,6.67,4.0,0,0,0,7.5,6.25,8.25,False
38009942,5.6,6.75,4.4,0,0,0,6.5,7.75,8.75,False
38009943,8.4,7.5,6.2,6.75,8.0,6.5,0,0,0,True
38009944,5.0,6.75,4.0,0,0,0,6.0,6.75,7.5,False
38009945,4.8,7.5,3.2,0,0,0,5.5,5.5,6.75,False
38009946,5.2,6.5,4.8,0,0,0,5.0,6.75,6.0,False
38009947,7.2,6.0,5.0,5.75,7.5,7.25,0,0,0,True
38009948,5.2,6.75,4.6,0,0,0,4.75,6.0,7.5,False
38009949,8.4,0,0,7.5,6.5,0,0,0,0,True
38009950,4.4,6.0,5.4,0,0,0,4.25,5.0,6.75,False
38009951,5.4,7.0,4.0,0,0,0,7.0,8.25,9.0,False
38009952,5.2,6.0,4.4,0,0,0,5.75,6.0,7.0,False
38009953,6.4,8.25,5.4,4.25,4.75,5.25,0,0,0,True
38009954,8.2,6.75,4.6,4.0,8.25,7.0,0,0,0,True
38009955,3.6,7.0,3.0,0,0,0,5.75,6.0,5.75,False
38009956,3.8,6.5,2.8,0,0,0,4.0,6.0,7.25,False
38009957,7.0,7.5,6.2,2.5,6.0,6.25,0,0,0,True
38009958,5.6,7.5,4.6,0,0,0,4.75,8.0,9.0,False
38009959,6.4,7.0,5.0,0,0,0,5.75,6.25,8.0,False
38009960,5.6,8.0,4.6,0,0,0,5.75,5.5,8.0,False
38009961,5.2,6.75,3.2,0,0,0,6.0,4.0,7.0,False
38009962,6.4,6.25,4.2,5.75,5.25,6.75,0,0,0,True
38009963,6.6,6.5,4.0,4.75,4.25,5.5,0,0,0,True
38009964,6.8,7.0,3.6,0,0,0,6.25,7.0,6.5,False
38009965,5.4,6.25,4.8,0,0,0,5.75,6.25,6.5,False
38009966,6.6,7.25,5.0,0,0,0,5.75,7.25,7.75,False
38009967,6.2,5.25,5.0,4.0,7.5,4.75,0,0,0,True
38009968,8.6,6.25,4.6,7.75,7.75,8.75,0,0,0,True
38009969,7.0,6.25,3.2,4.0,7.0,6.5,0,0,0,True
38009970,5.6,7.5,4.6,0,0,0,5.5,5.5,7.25,False
38009971,4.0,6.25,5.2,0,0,0,4.75,5.25,4.75,False
38009972,3.8,5.0,5.4,0,0,0,5.25,7.0,7.75,False
38009973,7.2,8.75,6.0,0,0,0,8.0,8.75,8.0,False
38009974,6.4,6.75,4.0,0,0,0,8.5,7.25,8.0,False
38009975,4.8,6.75,6.2,0,0,0,8.75,7.5,8.0,False
38009976,7.6,6.5,5.4,5.75,7.25,5.0,0,0,0,True
38009977,7.4,7.75,7.6,4.75,7.0,7.25,0,0,0,True
38009978,5.8,7.0,6.2,4.0,6.0,5.75,0,0,0,True
38009979,7.8,8.5,8.6,0,0,0,5.25,6.5,9.0,False
38009980,6.6,7.25,3.8,0,0,0,6.0,7.5,7.75,False
38009981,6.2,7.75,4.0,0,0,0,6.25,7.25,8.0,False
38009982,5.0,5.0,5.0,0,0,0,7.0,6.75,7.25,False
38009983,5.6,6.75,4.4,0,0,0,6.25,7.5,8.5,False
38009984,2.2,7.0,4.0,0,0,0,5.75,4.75,6.75,False
38009985,4.8,5.0,2.4,0,0,0,5.5,6.75,5.5,False
38009986,5.6,7.0,4.2,0,0,0,5.75,7.0,7.75,False
38009987,6.6,8.5,4.8,0,0,0,5.25,5.75,7.25,False
38009988,3.2,6.75,4.4,0,0,0,4.75,6.0,7.25,False
38009989,4.2,6.0,3.6,0,0,0,5.25,5.25,6.0,False
38009990,7.8,7.75,4.6,7.5,6.25,7.75,0,0,0,True
38009991,7.8,7.75,3.4,7.5,7.0,5.75,0,0,0,True
38009992,6.4,7.5,4.4,0,0,0,7.25,7.25,8.75,False
38009993,7.2,7.5,5.8,2.75,4.75,5.25,0,0,0,True
38009994,7.8,7.0,4.8,7.5,7.25,6.25,0,0,0,True
38009995,5.6,8.0,3.6,0,0,0,6.75,6.5,8.25,False
38009996,5.0,6.75,4.2,0,0,0,4.0,5.25,6.0,False
38009997,5.0,6.75,4.4,0,0,0,4.75,4.5,8.0,False
38009998,4.4,7.25,4.4,0,0,0,3.25,7.0,7.0,False
38009999,2.8,5.25,3.8,0,0,0,5.0,5.0,7.0,False
38010000,4.4,5.5,5.0,0,0,0,5.5,7.0,7.75,False
38010001,6.2,7.75,3.8,0,0,0,8.0,7.0,8.5,False
38010002,3.8,8.0,5.2,0,0,0,6.5,5.75,7.5,False
38010003,2.2,7.25,4.6,0,0,0,4.25,3.25,6.0,False
38010004,8.0,7.75,6.0,6.0,8.75,8.25,0,0,0,True
38010005,5.6,7.75,5.6,0,0,0,6.25,6.5,7.5,False
38010006,7.8,8.0,8.8,9.0,7.5,8.5,0,0,0,True
38010007,7.4,7.0,5.6,0,0,0,3.5,7.0,7.25,False
38010008,5.4,7.75,5.0,0,0,0,7.0,6.25,8.5,False
38010009,6.0,5.75,4.4,0,0,0,6.5,6.75,7.5,False
38010010,6.8,4.75,3.2,0,0,0,5.5,7.25,8.75,False
38010011,5.4,8.0,4.4,3.0,5.25,5.5,0,0,0,True
38010012,7.2,5.25,6.6,5.25,7.5,6.0,0,0,0,True
38010013,8.0,0,0,7.5,8.0,0,0,0,0,True
38010014,4.6,6.25,4.6,0,0,0,6.5,7.25,8.25,False
38010015,7.4,8.5,6.4,3.25,5.25,6.75,0,0,0,True
38010016,6.6,5.25,5.6,5.75,7.75,6.75,0,0,0,True
38010017,6.0,6.0,6.2,0,0,0,5.5,6.75,8.25,False
38010018,6.4,8.75,5.8,0,0,0,6.25,7.0,7.0,False
38010019,6.2,6.5,4.4,0,0,0,7.0,7.0,6.75,False
38010020,8.2,7.58,5.2,6.75,7.75,8.25,0,0,0,True
38010021,5.8,7.25,3.0,0,0,0,5.5,6.25,7.75,False
38010022,5.6,6.25,4.6,0,0,0,5.5,6.0,7.0,False
38010023,6.0,6.25,4.8,0,0,0,7.0,6.75,7.0,False
38010024,7.4,6.25,4.6,0,0,0,5.75,7.5,8.25,False
38010025,8.8,8.5,8.0,0,0,0,0,0,0,False
38010026,3.4,5.33,2.4,0,0,0,4.25,4.75,5.0,False
38010027,7.0,7.0,4.0,3.5,6.5,5.5,0,0,0,True
38010028,3.6,7.25,2.8,0,0,0,5.5,5.0,6.75,False
38010029,5.4,7.0,4.4,0,0,0,0,0,0,False
38010030,6.2,5.75,4.8,2.75,4.75,4.0,0,0,0,True
38010031,6.6,7.75,4.6,0,0,0,7.0,7.75,8.25,False
38010032,7.0,9.0,5.0,4.75,4.5,7.0,0,0,0,True
38010033,6.2,7.0,4.6,0,0,0,5.0,5.5,8.5,False
38010034,8.0,7.5,6.4,2.75,5.5,6.5,0,0,0,True
38010035,5.6,6.0,5.6,0,0,0,3.25,5.5,6.0,False
38010036,7.0,8.75,4.6,6.5,5.75,5.75,0,0,0,True
38010037,5.4,7.75,5.2,0,0,0,5.75,8.25,7.0,False
38010038,7.2,0,0,3.0,4.25,0,0,0,0,True
38010039,3.2,6.0,4.2,0,0,0,4.5,5.75,5.25,False
38010040,5.0,6.75,4.2,0,0,0,6.0,5.5,6.5,False
38010041,6.0,7.0,5.6,0,0,0,6.75,7.5,7.5,False
38010042,5.8,6.75,3.2,0,0,0,5.75,5.75,8.0,False
38010043,5.2,6.25,4.6,0,0,0,6.25,7.5,7.5,False
38010044,5.0,6.5,2.2,0,0,0,5.25,7.5,8.25,False
38010045,6.6,7.5,3.8,0,0,0,7.0,7.5,8.0,False
38010046,4.8,3.5,4.4,0,0,0,7.0,7.5,7.75,False
38010047,7.0,8.5,5.6,5.25,6.75,6.5,0,0,0,True
38010048,6.8,7.0,5.0,3.25,5.5,5.75,0,0,0,True
38010049,5.4,6.75,4.2,0,0,0,5.5,6.5,7.75,False
38010050,6.6,7.75,5.6,0,0,0,5.5,7.25,8.0,False
38010051,5.0,6.83,4.8,0,0,0,5.0,5.5,6.25,False
38010052,5.8,6.75,5.2,0,0,0,5.0,6.5,7.0,False
38010053,4.2,6.5,4.6,0,0,0,5.75,6.5,6.25,False
38010054,3.6,7.25,4.4,0,0,0,6.25,6.5,6.75,False
38010055,0,7.75,0,0,0,0,8.75,6.25,0,False
38010056,6.6,6.5,4.6,2.75,5.5,6.75,0,0,0,True
38010057,5.4,6.0,4.6,0,0,0,5.0,5.75,6.5,False
38010058,6.2,7.0,3.6,0,0,0,8.25,7.75,8.5,False
38010059,2.2,4.25,3.2,0,0,0,4.5,4.5,4.25,False
38010060,4.4,6.5,3.6,0,0,0,6.25,7.25,6.75,False
38010061,7.6,7.5,5.0,6.25,6.75,7.25,0,0,0,True
38010062,4.8,6.0,3.6,0,0,0,6.5,6.0,8.25,False
38010063,6.4,8.25,3.8,0,0,0,5.5,7.0,8.25,False
38010064,7.0,8.5,5.4,4.75,5.5,5.75,0,0,0,True
38010065,3.6,6.75,3.8,0,0,0,5.75,6.75,7.25,False
38010066,6.0,7.75,4.4,0,0,0,7.75,7.5,7.75,False
38010067,5.8,5.0,4.8,0,0,0,5.75,6.0,5.0,False
38010068,3.6,4.75,4.0,0,0,0,5.75,6.75,8.0,False
38010069,7.2,7.25,3.2,5.75,6.0,6.75,0,0,0,True
38010070,6.8,7.75,4.6,0,0,0,5.75,5.25,9.25,False
38010071,5.6,7.75,3.6,4.25,5.5,4.25,0,0,0,True
38010072,3.4,6.75,3.2,0,0,0,4.5,4.75,5.75,False
38010073,7.2,7.5,5.0,0,0,0,6.0,5.75,8.25,False
38010074,4.0,6.75,4.0,0,0,0,5.75,6.75,7.75,False
38010075,5.0,7.0,4.2,0,0,0,5.75,6.0,6.75,False
38010076,6.2,5.5,4.8,0,0,0,6.25,6.0,7.5,False
38010077,7.8,6.0,5.4,5.0,7.0,6.75,0,0,0,True
38010078,5.2,7.5,4.6,0,0,0,6.75,8.75,7.5,False
38010079,5.8,6.0,3.4,0,0,0,5.25,5.25,7.75,False
38010080,6.8,7.0,4.6,0,0,0,6.25,7.5,8.75,False
38010081,8.2,0,6.6,7.75,7.5,0,0,0,0,True
38010082,7.2,6.75,5.0,0,0,0,5.25,6.75,7.25,False
38010083,6.6,7.75,5.6,0,0,0,7.0,7.5,7.25,False
38010084,7.2,7.25,4.2,0,0,0,6.75,7.25,7.25,False
38010085,5.6,8.75,8.2,0,0,0,8.75,8.5,9.0,False
38010086,7.6,5.75,6.0,4.75,6.0,5.75,0,0,0,True
38010087,6.4,7.5,5.2,0,0,0,8.0,8.0,7.25,False
38010088,7.2,7.75,4.8,3.5,7.25,7.0,0,0,0,True
38010089,7.0,7.0,5.0,0,0,0,6.75,8.25,8.25,False
38010090,6.2,9.25,7.8,4.0,7.25,7.0,0,0,0,True
38010091,5.6,7.75,5.4,0,0,0,6.75,7.75,8.75,False
38010092,4.0,5.25,4.0,0,0,0,4.75,3.5,4.75,False
38010093,5.4,8.0,4.0,5.25,4.75,5.25,0,0,0,True
38010094,7.2,7.5,4.8,5.75,8.25,7.5,0,0,0,True
38010095,5.0,7.0,3.4,0,0,0,4.75,6.5,6.5,False
38010096,7.8,6.75,8.2,4.25,6.25,7.25,0,0,0,True
38010097,7.6,8.25,8.4,5.0,7.0,7.75,0,0,0,True
38010098,4.0,6.0,4.8,0,0,0,4.5,5.75,6.5,False
38010099,8.2,7.25,6.0,8.5,7.75,7.25,0,0,0,True
38010100,7.4,7.0,4.8,8.0,7.75,7.75,0,0,0,True
38010101,2.8,5.0,6.0,0,0,0,5.75,6.0,6.5,False
38010102,6.8,7.5,7.2,0,0,0,7.0,7.0,9.0,False
38010103,5.8,8.25,4.8,0,0,0,6.75,4.25,8.25,False
38010104,2.4,5.25,4.0,0,0,0,5.0,6.25,7.0,False
38010105,6.0,6.5,4.4,0,0,0,5.0,6.0,6.0,False
38010106,0,7.75,0,0,0,0,7.5,9.0,0,False
38010107,5.0,6.75,3.0,0,0,0,6.25,7.5,7.75,False
38010108,7.4,6.25,5.2,0,0,0,6.25,7.75,8.75,False
38010109,6.8,5.5,4.8,0,0,0,7.25,7.75,8.5,False
38010110,4.6,6.5,2.4,0,0,0,4.75,6.75,6.75,False
38010111,7.8,6.25,4.6,7.75,6.0,7.25,0,0,0,True
38010112,5.2,7.25,4.4,0,0,0,7.0,6.5,9.25,False
38010113,4.4,7.25,4.2,4.0,4.0,6.0,0,0,0,True
38010114,4.6,8.0,5.0,0,0,0,7.0,6.25,8.5,False
38010115,7.2,8.5,5.2,6.5,8.0,9.0,0,0,0,True
38010116,4.4,6.5,4.8,0,0,0,5.5,7.25,7.25,False
38010117,5.8,6.25,3.0,0,0,0,6.0,7.25,6.75,False
38010118,8.0,7.0,3.4,6.25,5.75,6.75,0,0,0,True
38010119,6.2,8.25,5.0,6.25,6.25,8.0,0,0,0,True
38010120,6.8,7.0,5.4,5.5,8.0,8.0,0,0,0,True
38010121,5.2,6.0,4.8,0,0,0,5.5,6.5,6.75,False
38010122,7.0,5.0,3.8,7.0,7.0,5.75,0,0,0,True
38010123,5.2,6.0,2.8,0,0,0,3.75,6.75,6.25,False
38010124,4.2,6.75,3.2,0,0,0,5.25,7.0,7.0,False
38010125,7.0,7.25,3.6,0,0,0,6.75,6.25,8.0,False
38010126,7.4,5.5,5.6,7.25,8.75,5.5,0,0,0,True
38010127,7.2,5.75,3.8,6.5,6.25,7.0,0,0,0,True
38010128,7.2,6.75,4.0,0,0,0,0,0,0,False
38010129,6.2,6.25,5.0,5.25,6.0,6.5,0,0,0,True
38010130,8.0,8.75,7.0,5.75,6.25,8.25,0,0,0,True
38010131,6.4,7.75,2.6,0,0,0,6.75,7.75,7.5,False
38010132,4.4,6.83,3.4,0,0,0,5.0,7.75,8.25,False
38010133,5.0,6.75,3.8,0,0,0,3.75,5.0,5.75,False
38010134,3.6,6.5,4.6,0,0,0,7.75,7.5,8.5,False
38010135,4.4,7.5,4.8,0,0,0,3.75,7.5,7.25,False
38010136,4.6,7.25,4.4,3.0,4.0,5.5,0,0,0,True
38010137,7.4,8.5,5.0,6.5,7.75,6.75,0,0,0,True
38010138,4.6,8.75,4.2,0,0,0,7.0,5.0,8.25,False
38010139,5.4,7.75,4.2,0,0,0,5.25,7.0,8.0,False
38010140,6.2,5.92,3.8,7.0,6.75,5.75,0,0,0,True
38010141,4.4,6.0,4.4,0,0,0,5.25,5.25,4.5,False
38010142,6.2,8.0,4.8,0,0,0,6.5,6.75,8.5,False
38010143,7.8,7.5,5.4,7.0,7.75,5.75,0,0,0,True
38010144,7.8,8.5,8.0,5.75,5.5,6.75,0,0,0,True
38010145,5.4,5.75,6.2,0,0,0,5.5,5.5,6.75,False
38010146,6.0,6.08,3.6,0,0,0,6.5,7.5,6.75,False
38010147,4.8,4.5,3.6,0,0,0,4.75,7.0,6.25,False
38010148,8.0,7.75,4.6,2.75,7.25,5.75,0,0,0,True
38010149,4.4,8.0,4.2,0,0,0,5.0,7.0,6.5,False
38010150,4.8,7.5,5.2,0,0,0,5.75,7.5,7.5,False
38010151,7.4,9.0,7.2,4.75,5.0,6.25,0,0,0,True
38010152,7.0,8.25,6.0,0,0,0,5.75,7.25,8.25,False
38010153,7.6,8.0,4.4,4.5,5.75,7.0,0,0,0,True
38010154,6.2,8.75,5.0,0,0,0,7.75,8.75,8.5,False
38010155,7.4,8.25,4.4,0,0,0,7.75,8.0,8.0,False
38010156,7.6,7.0,4.6,6.75,7.5,5.5,0,0,0,True
38010157,6.0,8.75,4.4,0,0,0,6.0,6.75,8.25,False
38010158,4.4,6.75,3.8,0,0,0,6.25,5.75,7.25,False
38010159,4.8,4.5,4.0,4.25,4.5,5.0,0,0,0,True
38010160,5.4,5.25,3.8,0,0,0,5.0,6.25,7.0,False
38010161,6.4,7.0,4.8,7.75,8.25,6.25,0,0,0,True
38010162,5.8,6.75,3.0,0,0,0,6.25,7.25,8.75,False
38010163,5.0,6.0,5.4,0,0,0,5.25,6.75,9.0,False
38010164,4.8,5.5,5.0,0,0,0,5.5,6.25,5.5,False
38010165,5.2,7.25,3.2,0,0,0,6.5,7.25,8.0,False
38010166,4.8,5.75,3.6,0,0,0,6.5,6.5,6.75,False
38010167,5.8,6.25,4.6,5.25,7.25,5.75,0,0,0,True
38010168,6.4,6.0,4.8,4.75,4.25,5.5,0,0,0,True
38010169,6.6,7.0,5.6,0,0,0,6.75,8.75,9.25,False
38010170,0,7.25,0,0,0,0,9.0,9.75,0,False
38010171,6.8,8.5,5.6,0,0,0,9.25,9.25,8.75,False
38010172,6.8,7.0,4.6,5.25,6.5,8.0,0,0,0,True
38010173,4.4,7.0,3.8,0,0,0,6.5,6.75,6.75,False
38010174,6.0,7.5,4.6,0,0,0,5.5,6.75,6.25,False
38010175,6.6,9.0,5.2,0,0,0,9.5,9.25,8.75,False
38010176,5.4,6.75,4.2,0,0,0,5.5,6.0,6.25,False
38010177,4.4,5.0,4.4,0,0,0,5.5,6.25,6.75,False
38010178,5.4,7.75,5.0,0,0,0,6.25,6.5,7.75,False
38010179,6.0,7.0,4.6,0,0,0,5.75,5.5,7.0,False
38010180,7.8,9.0,5.2,7.5,8.25,8.75,0,0,0,True
38010181,5.2,7.25,5.0,0,0,0,5.5,5.5,8.0,False
38010182,4.0,5.5,4.8,0,0,0,5.5,6.0,6.5,False
38010183,5.4,6.0,4.0,0,0,0,6.5,7.75,5.75,False
38010184,7.4,6.75,4.0,3.25,8.25,9.25,0,0,0,True
38010185,6.2,9.25,5.8,3.5,7.75,7.5,0,0,0,True
38010186,3.4,7.0,2.2,0,0,0,3.75,5.0,6.0,False
38010187,8.4,7.25,5.8,8.75,9.0,8.25,0,0,0,True
38010188,5.0,7.5,5.6,4.5,7.25,6.5,0,0,0,True
38010189,5.8,5.5,3.4,0,0,0,5.0,3.5,7.25,False
38010190,7.4,8.0,5.2,4.0,5.0,6.75,0,0,0,True
38010191,6.0,8.5,4.2,0,0,0,5.75,7.25,7.75,False
38010192,6.4,6.5,2.8,4.5,3.25,5.25,0,0,0,True
38010193,5.2,8.5,2.8,0,0,0,5.75,5.75,7.75,False
38010194,4.2,4.75,4.2,0,0,0,5.75,6.0,6.75,False
38010195,4.0,5.75,3.6,0,0,0,5.25,7.0,6.75,False
38010196,8.0,7.0,5.2,7.0,7.25,7.5,0,0,0,True
38010197,3.4,6.25,2.4,0,0,0,7.25,7.75,9.25,False
38010198,3.4,6.5,3.4,0,0,0,5.5,6.5,7.5,False
38010199,7.0,7.5,3.8,7.75,7.0,6.0,0,0,0,True
38010200,7.0,4.5,4.6,8.0,6.75,7.0,0,0,0,True
38010201,4.8,6.5,2.4,0,0,0,5.5,6.0,6.25,False
38010202,3.2,4.5,3.6,0,0,0,3.5,4.0,4.0,False
38010203,3.2,7.5,4.4,0,0,0,4.5,6.0,7.75,False
38010204,6.8,6.75,4.0,0,0,0,7.5,8.0,8.5,False
38010205,7.4,7.5,5.0,5.0,7.0,8.5,0,0,0,True
38010206,5.0,8.0,5.0,0,0,0,5.25,5.0,6.25,False
38010207,7.8,8.25,5.4,0,0,0,9.5,9.25,9.25,False
38010208,4.8,7.5,3.6,5.25,5.75,6.75,0,0,0,True
38010209,4.0,6.25,3.4,5.5,8.0,7.0,0,0,0,True
38010210,5.4,7.0,3.2,0,0,0,6.75,7.75,7.5,False
38010211,4.2,6.25,2.8,0,0,0,5.25,5.25,7.0,False
38010212,4.0,6.75,2.8,0,0,0,5.75,3.25,6.5,False
38010213,8.0,7.5,5.6,0,0,0,7.5,8.25,7.75,False
38010214,6.0,7.25,4.8,0,0,0,7.25,6.5,7.25,False
38010215,4.0,5.5,4.0,0,0,0,5.25,6.25,6.75,False
38010216,6.8,4.25,3.0,4.0,4.25,4.5,0,0,0,True
38010217,7.6,7.5,4.2,6.5,6.5,7.0,0,0,0,True
38010218,7.0,8.0,4.8,4.0,6.5,6.25,0,0,0,True
38010219,6.6,7.0,5.2,4.5,7.0,7.25,0,0,0,True
38010220,7.2,8.5,5.4,8.25,7.25,6.5,0,0,0,True
38010221,7.0,8.0,8.4,7.25,6.5,7.5,0,0,0,True
38010222,5.6,5.25,3.4,0,0,0,5.25,7.5,6.25,False
38010223,6.4,6.0,4.0,0,0,0,7.5,7.75,7.5,False
38010224,8.2,4.0,4.2,7.75,8.25,5.75,0,0,0,True
38010225,3.4,6.75,3.0,0,0,0,6.0,7.25,8.25,False
38010226,8.6,7.0,4.6,8.75,8.0,7.0,0,0,0,True
38010227,4.2,7.25,4.4,0,0,0,6.0,7.25,7.75,False
38010228,3.8,6.25,4.0,0,0,0,4.0,4.25,5.0,False
38010229,6.2,7.25,4.0,0,0,0,7.0,6.75,7.0,False
38010230,3.4,5.25,3.2,0,0,0,4.25,5.5,5.25,False
38010231,2.8,5.75,2.8,0,0,0,5.0,5.25,7.25,False
38010232,5.8,8.5,4.2,0,0,0,7.25,7.25,7.5,False
38010233,5.8,8.25,5.0,0,0,0,7.25,8.0,8.5,False
38010234,3.8,6.5,2.6,0,0,0,3.25,5.75,6.75,False
38010235,4.8,8.0,4.2,0,0,0,6.25,6.5,7.0,False
38010236,6.8,8.75,7.2,6.0,7.75,7.25,0,0,0,True
38010237,7.6,6.0,8.6,7.75,4.5,6.75,0,0,0,True
38010238,8.8,7.75,7.4,7.0,5.25,7.5,0,0,0,True
38010239,6.6,6.75,4.4,3.25,4.5,6.25,0,0,0,True
38010240,5.4,5.25,3.2,0,0,0,6.75,6.0,9.0,False
38010241,6.4,5.5,3.4,8.25,6.75,6.75,0,0,0,True
38010242,5.2,6.75,5.6,0,0,0,7.75,7.5,9.25,False
38010243,6.0,6.5,3.0,5.5,6.25,5.0,0,0,0,True
38010244,6.8,5.75,6.2,7.0,7.0,6.0,0,0,0,True
38010245,8.4,7.75,7.4,7.75,5.5,6.25,0,0,0,True
38010246,8.2,7.5,8.2,6.75,0,0,0,0,0,True
38010247,5.4,7.5,4.6,0,0,0,6.5,7.5,7.5,False
38010248,7.4,9.25,8.8,0,0,0,8.25,8.75,8.5,False
38010249,4.0,6.0,2.8,0,0,0,5.5,6.25,8.0,False
38010250,7.8,7.0,6.8,7.75,6.5,6.0,0,0,0,True
38010251,5.2,7.25,8.8,0,0,0,7.5,7.75,8.5,False
38010252,6.6,8.0,5.8,0,0,0,7.75,8.25,7.75,False
38010253,7.4,5.0,6.2,5.75,7.75,6.0,0,0,0,True
38010254,8.2,4.5,5.4,8.5,8.75,7.25,0,0,0,True
38010255,6.4,6.75,4.0,0,0,0,8.5,6.5,9.0,False
38010256,6.8,6.5,9.4,7.25,5.75,6.25,0,0,0,True
38010257,5.8,7.25,5.4,0,0,0,6.5,7.5,8.0,False
38010258,7.6,7.0,4.4,7.75,7.75,4.25,0,0,0,True
38010259,7.2,8.5,5.6,7.5,7.0,7.25,0,0,0,True
38010260,4.6,4.75,5.2,0,0,0,7.25,5.0,8.25,False
38010261,8.0,7.75,8.2,8.25,4.5,6.75,0,0,0,True
38010262,7.6,6.5,4.2,4.75,5.0,6.0,0,0,0,True
38010263,8.4,7.08,5.6,7.0,3.75,6.0,0,0,0,True
38010264,8.2,6.5,8.6,7.25,3.75,5.5,0,0,0,True
38010265,7.8,6.5,8.0,4.75,5.75,5.75,0,0,0,True
38010266,7.0,6.75,6.6,0,0,0,6.0,6.25,7.25,False
38010267,9.0,5.75,5.4,8.5,8.0,6.25,0,0,0,True
38010268,7.6,7.0,5.0,8.5,8.5,5.75,0,0,0,True
38010269,7.6,7.0,5.0,7.75,6.0,5.5,0,0,0,True
38010270,7.2,7.25,5.0,5.25,4.5,7.0,0,0,0,True
38010271,8.0,6.0,8.6,9.0,5.25,7.5,0,0,0,True
38010272,8.2,6.75,6.0,7.25,8.0,4.5,0,0,0,True
38010273,7.2,9.0,6.0,4.25,5.0,4.5,0,0,0,True
38010274,2.4,4.5,0,0,0,0,5.5,7.0,0,False
38010275,8.4,0,0,8.25,7.5,0,0,0,0,True
38010276,9.4,7.5,9.0,9.75,5.5,6.25,0,0,0,True
38010277,7.6,7.5,5.4,7.75,8.0,6.0,0,0,0,True
38010278,4.8,4.0,5.2,0,0,0,7.5,6.25,9.0,False
38010279,8.2,7.25,5.2,7.0,7.5,8.25,0,0,0,True
38010280,7.4,7.75,5.2,8.25,7.5,6.5,0,0,0,True
38010281,8.2,7.75,8.2,8.25,4.5,5.75,0,0,0,True
38010282,4.2,6.5,4.4,6.75,6.25,5.0,0,0,0,True
38010283,7.2,8.25,6.0,7.0,6.75,5.0,0,0,0,True
38010284,7.6,8.5,4.6,0,0,0,8.75,9.5,9.25,False
38010285,7.4,8.5,3.8,8.0,4.0,5.25,0,0,0,True
38010286,8.4,7.17,5.8,8.5,8.5,6.25,0,0,0,True
38010287,4.8,7.25,5.2,0,0,0,7.75,8.5,8.25,False
38010288,7.8,7.0,6.4,5.0,4.0,4.25,0,0,0,True
38010289,7.0,4.25,5.6,5.25,4.25,5.25,0,0,0,True
38010290,4.4,5.5,2.8,0,0,0,6.25,5.75,7.5,False
38010291,0,8.0,0,0,0,0,9.75,10.0,0,False
38010292,8.4,8.5,9.0,7.75,6.5,6.5,0,0,0,True
38010293,5.4,6.75,3.8,0,0,0,7.0,8.0,8.25,False
38010294,4.4,5.0,4.8,0,0,0,4.25,5.0,7.25,False
38010295,6.4,7.5,8.0,0,0,0,9.25,10.0,9.25,False
38010296,7.4,6.75,4.0,6.25,8.25,8.75,0,0,0,True
38010297,7.6,7.5,5.6,8.5,7.5,5.25,0,0,0,True
38010298,5.8,8.5,5.2,0,0,0,6.5,7.5,8.25,False
38010299,5.8,7.25,3.4,0,0,0,6.25,8.5,8.25,False
38010300,5.8,8.5,6.4,0,0,0,6.25,7.0,8.25,False
38010301,4.2,6.0,2.6,4.0,1.75,5.75,0,0,0,True
38010302,4.0,5.75,4.6,0,0,0,7.0,7.25,7.75,False
38010303,4.4,7.75,4.6,0,0,0,8.0,6.25,8.75,False
38010304,7.6,5.75,6.8,0,0,0,7.5,8.25,9.0,False
38010305,8.0,6.5,5.6,8.5,5.0,5.5,0,0,0,True
38010306,8.0,7.25,7.4,7.75,5.5,7.0,0,0,0,True
38010307,8.2,9.25,8.6,0,0,0,7.75,7.25,8.75,False
38010308,7.8,7.5,3.4,0,0,0,6.25,6.5,8.5,False
38010309,8.0,7.5,6.6,3.0,6.0,6.75,0,0,0,True
38010310,5.0,7.25,3.8,0,0,0,7.75,6.75,7.75,False
38010311,5.4,7.75,4.0,0,0,0,4.75,7.25,8.5,False
38010312,0,8.75,0,0,0,0,8.75,8.75,0,False
38010313,8.0,8.5,4.0,8.0,7.5,5.25,0,0,0,True
38010314,0,7.5,0,0,0,0,9.0,9.5,0,False
38010315,3.0,6.0,3.0,0,0,0,6.75,5.75,8.75,False
38010316,5.0,5.0,3.2,0,0,0,7.0,6.75,9.25,False
38010317,2.8,5.75,3.6,0,0,0,6.5,6.75,7.25,False
38010318,7.8,0,8.8,7.75,0,0,0,0,0,True
38010319,8.2,6.0,3.8,8.25,8.5,6.0,0,0,0,True
38010320,4.2,4.75,3.4,0,0,0,5.5,5.25,6.75,False
38010321,5.6,8.25,8.6,0,0,0,6.25,7.25,8.5,False
38010322,8.6,6.75,5.6,5.75,4.5,6.25,0,0,0,True
38010323,7.8,5.25,6.6,8.5,8.5,7.0,0,0,0,True
38010324,4.2,5.75,2.8,0,0,0,6.0,6.75,8.0,False
38010325,7.2,5.25,5.6,6.5,6.75,4.75,0,0,0,True
38010326,6.8,5.25,2.8,3.5,3.5,4.75,0,0,0,True
38010327,4.4,4.75,5.0,4.0,2.75,7.25,0,0,0,True
38010328,3.0,6.0,2.6,0,0,0,6.5,7.0,8.25,False
38010329,5.2,5.25,4.6,0,0,0,5.5,5.0,7.5,False
38010330,6.6,6.0,5.2,0,0,0,7.5,7.75,9.0,False
38010331,7.2,6.25,3.8,7.0,6.25,6.0,0,0,0,True
38010332,5.0,6.25,2.8,0,0,0,6.5,4.5,7.25,False
38010333,8.2,7.25,9.4,8.25,8.5,7.25,0,0,0,True
38010334,8.4,5.5,4.6,8.0,7.25,6.0,0,0,0,True
38010335,4.8,4.25,2.2,0,0,0,5.25,6.25,6.5,False
38010336,6.6,6.5,6.4,8.5,3.75,6.25,0,0,0,True
38010337,8.0,6.25,7.2,9.25,6.0,6.25,0,0,0,True
38010338,4.0,4.5,3.0,0,0,0,6.25,6.75,7.75,False
38010339,6.0,7.0,4.8,0,0,0,8.75,7.5,8.5,False
38010340,8.4,6.5,9.0,8.75,5.5,6.5,0,0,0,True
38010341,4.0,6.25,5.8,2.0,3.75,6.75,0,0,0,True
38010342,5.2,7.5,4.0,3.75,4.25,5.5,0,0,0,True
38010343,3.0,7.75,3.4,0,0,0,9.0,8.0,6.75,False
38010344,7.8,7.0,5.0,0,0,0,8.0,7.75,9.0,False
38010345,6.8,5.25,2.8,0,0,0,7.5,7.5,7.0,False
38010346,6.8,6.0,5.2,4.25,6.0,5.0,0,0,0,True
38010347,7.8,5.75,7.8,7.75,5.25,6.0,0,0,0,True
38010348,6.2,6.25,3.4,6.75,6.75,5.75,0,0,0,True
38010349,8.6,7.0,4.2,8.25,8.5,4.75,0,0,0,True
38010350,7.8,8.25,7.0,8.25,5.5,6.5,0,0,0,True
38010351,8.0,7.75,6.0,5.75,7.0,5.75,0,0,0,True
38010352,4.0,5.25,2.8,0,0,0,7.5,7.5,8.25,False
38010353,8.8,5.5,7.0,8.75,5.75,7.25,0,0,0,True
38010354,6.0,8.0,4.4,0,0,0,8.25,7.75,7.5,False
38010355,2.8,6.25,3.6,0,0,0,5.5,5.75,6.25,False
38010356,5.8,6.0,3.8,0,0,0,6.0,7.75,7.75,False
38010357,5.8,7.5,2.2,0,0,0,9.75,9.75,8.25,False
38010358,8.0,6.75,8.4,7.0,6.0,6.75,0,0,0,True
38010359,7.0,8.0,8.6,0,0,0,8.25,6.25,8.5,False
38010360,7.8,7.75,6.8,8.5,5.5,6.5,0,0,0,True
38010361,7.8,7.75,6.0,5.5,5.5,7.0,0,0,0,True
38010362,4.0,5.75,4.8,0,0,0,6.5,8.0,7.25,False
38010363,6.2,0,0,4.25,2.75,0,0,0,0,True
38010364,7.2,7.75,7.6,0,0,0,8.0,7.25,8.0,False
38010365,8.2,5.75,7.8,9.25,5.25,6.5,0,0,0,True
38010366,8.2,7.25,5.0,7.0,5.0,6.0,0,0,0,True
38010367,3.0,5.75,2.4,0,0,0,6.25,6.25,5.0,False
38010368,6.0,6.0,4.2,5.25,6.75,5.0,0,0,0,True
38010369,7.4,8.25,7.0,8.0,2.75,5.75,0,0,0,True
38010370,5.8,6.25,9.0,0,0,0,8.25,7.5,8.5,False
38010371,8.0,8.25,4.8,9.0,8.25,6.25,0,0,0,True
38010372,6.4,8.0,6.4,0,0,0,9.5,9.25,9.5,False
38010373,5.8,5.0,3.6,3.75,3.25,5.0,0,0,0,True
38010374,4.4,5.75,5.0,0,0,0,4.75,6.25,7.25,False
38010375,5.0,6.25,4.0,0,0,0,4.75,7.25,8.25,False
38010376,6.8,7.75,6.4,0,0,0,8.25,9.75,9.5,False
38010377,6.6,6.75,4.8,0,0,0,5.25,6.25,6.5,False
38010378,8.0,4.5,7.8,9.0,4.25,6.75,0,0,0,True
38010379,7.6,8.0,6.6,0,0,0,8.0,7.75,8.25,False
38010380,7.8,8.25,6.8,0,0,0,7.25,7.0,8.0,False
38010381,7.8,6.75,5.4,8.25,7.75,7.25,0,0,0,True
38010382,6.0,6.5,3.4,0,0,0,7.0,6.75,8.25,False
38010383,6.6,6.5,4.4,7.75,3.75,6.25,0,0,0,True
38010384,6.2,5.75,4.4,0,0,0,7.75,6.25,9.0,False
38010385,7.2,5.5,5.6,6.0,5.0,5.75,0,0,0,True
38010386,8.2,9.0,5.2,0,0,0,6.25,6.0,8.0,False
38010387,8.0,7.92,6.4,8.25,7.25,6.25,0,0,0,True
38010388,7.0,3.0,6.6,5.0,4.0,6.0,0,0,0,True
38010389,5.8,5.0,3.8,4.25,5.25,5.25,0,0,0,True
38010390,4.0,7.5,3.8,0,0,0,5.5,5.0,8.0,False
38010391,8.2,7.5,4.6,8.75,8.25,7.0,0,0,0,True
38010392,8.0,7.0,8.0,5.0,5.75,8.25,0,0,0,True
38010393,6.6,5.75,4.2,0,0,0,7.25,7.25,8.25,False
38010394,4.8,6.75,5.0,0,0,0,5.0,5.75,6.75,False
38010395,7.8,7.5,7.6,9.0,5.0,5.5,0,0,0,True
38010396,7.4,8.5,8.0,0,0,0,6.75,6.75,8.0,False
38010397,7.0,7.75,7.4,0,0,0,7.25,6.25,7.75,False
38010398,3.4,5.0,3.4,0,0,0,6.25,5.75,7.0,False
38010399,6.8,6.5,5.8,7.75,8.0,5.5,0,0,0,True
38010400,5.8,6.0,3.0,0,0,0,6.25,6.25,8.75,False
38010401,6.0,7.25,4.2,0,0,0,6.75,7.75,9.0,False
38010402,6.2,7.5,4.8,0,0,0,7.0,6.5,7.5,False
38010403,8.4,7.0,3.8,6.5,7.25,6.25,0,0,0,True
38010404,7.8,8.25,4.8,3.5,5.75,7.25,0,0,0,True
38010405,7.2,6.75,5.8,6.0,6.25,7.5,0,0,0,True
38010406,7.0,6.5,6.8,0,0,0,7.25,6.25,8.0,False
38010407,6.8,8.25,5.8,0,0,0,7.25,6.5,7.0,False
38010408,8.2,5.75,7.4,8.5,7.75,6.75,0,0,0,True
38010409,5.4,6.75,4.6,0,0,0,8.25,7.0,8.0,False
38010410,7.0,4.25,3.6,4.75,4.5,6.25,0,0,0,True
38010411,7.2,5.75,9.2,7.0,6.0,6.75,0,0,0,True
38010412,6.6,5.75,4.8,0,0,0,7.5,7.5,9.0,False
38010413,3.6,6.25,6.2,0,0,0,0,0,0,False
38010414,7.4,6.5,7.8,6.0,7.75,6.5,0,0,0,True
38010415,6.4,6.0,2.6,0,0,0,6.75,4.75,8.0,False
38010416,3.2,5.25,2.4,0,0,0,8.25,7.25,7.25,False
38010417,9.2,7.25,7.2,9.0,9.5,8.0,0,0,0,True
38010418,8.2,6.75,3.8,8.0,8.25,6.75,0,0,0,True
38010419,7.2,6.75,5.6,8.25,6.25,6.0,0,0,0,True
38010420,6.6,8.25,8.0,5.25,4.0,5.5,0,0,0,True
38010421,5.4,8.5,3.8,0,0,0,9.0,8.5,8.75,False
38010422,3.8,0,0,2.25,2.75,0,0,0,0,True
38010423,7.2,7.5,3.2,0,0,0,6.0,7.75,8.5,False
38010424,4.2,6.25,4.8,0,0,0,6.25,6.0,6.25,False
38010425,8.0,8.0,5.2,0,0,0,6.5,8.25,8.25,False
38010426,6.6,8.25,6.2,4.0,3.25,4.0,0,0,0,True
38010427,2.6,5.0,3.6,0,0,0,7.0,5.75,7.5,False
38010428,6.4,6.25,4.8,0,0,0,7.0,6.0,8.25,False
38010429,5.2,5.5,3.8,0,0,0,8.0,7.75,0,False
38010430,6.0,7.0,6.6,6.25,3.75,5.25,0,0,0,True
38010431,5.0,7.25,7.6,0,0,0,7.0,6.25,7.5,False
38010432,6.8,6.75,5.2,0,0,0,6.5,8.25,9.25,False
38010433,8.6,7.0,4.4,8.0,8.5,7.0,0,0,0,True
38010434,6.0,6.0,3.4,5.0,6.5,6.25,0,0,0,True
38010435,8.0,5.75,6.6,8.75,8.25,6.0,0,0,0,True
38010436,8.4,6.0,3.6,0,0,0,8.0,6.75,9.0,False
38010437,8.2,6.92,8.6,8.5,7.5,6.0,0,0,0,True
38010438,8.4,5.5,6.6,8.0,4.0,6.0,0,0,0,True
38010439,5.2,7.25,5.0,0,0,0,7.5,7.75,8.0,False
38010440,8.2,7.0,8.0,7.25,4.5,4.75,0,0,0,True
38010441,8.6,6.25,3.8,6.75,9.25,8.0,0,0,0,True
38010442,6.4,6.25,4.4,0,0,0,5.75,7.0,7.5,False
38010443,7.2,6.75,6.4,7.5,4.75,6.0,0,0,0,True
38010444,6.0,8.0,5.6,0,0,0,8.5,9.0,8.5,False
38010445,6.0,6.25,5.0,7.25,4.25,6.5,0,0,0,True
38010446,8.8,6.25,5.4,8.0,6.5,7.0,0,0,0,True
38010447,4.2,6.25,2.8,0,0,0,6.25,5.25,7.25,False
38010448,3.8,7.25,3.6,0,0,0,5.5,6.75,8.25,False
38010449,4.2,7.5,4.2,0,0,0,5.25,6.0,6.0,False
38010450,8.0,6.0,5.0,7.5,5.25,6.75,0,0,0,True
38010451,7.2,6.5,5.2,5.75,6.0,7.0,0,0,0,True
38010452,6.6,8.25,4.0,0,0,0,6.0,8.0,8.0,False
38010453,7.8,6.25,2.8,7.75,7.5,4.75,0,0,0,True
38010454,7.0,6.5,3.4,0,0,0,6.0,6.0,6.5,False
38010455,5.4,7.75,5.6,0,0,0,5.75,7.5,9.0,False
38010456,8.0,8.5,6.8,7.0,7.5,7.0,0,0,0,True
38010457,4.2,5.0,4.6,0,0,0,6.5,6.5,6.75,False
38010458,3.4,5.25,5.4,0,0,0,5.75,7.25,8.0,False
38010459,7.8,9.25,8.4,0,0,0,6.5,8.0,9.0,False
38010460,5.8,5.0,4.2,0,0,0,6.0,5.75,7.75,False
38010461,6.2,7.0,6.8,4.0,2.75,5.75,0,0,0,True
38010462,6.2,6.0,3.4,0,0,0,6.5,7.25,8.0,False
38010463,5.4,7.5,3.4,0,0,0,7.0,6.5,7.75,False
38010464,8.2,5.5,5.4,7.75,7.75,5.75,0,0,0,True
38010465,8.0,9.0,7.8,0,0,0,7.25,7.25,9.25,False
38010466,7.4,8.75,9.4,0,0,0,7.75,8.0,9.25,False
38010467,5.0,6.75,3.8,0,0,0,6.0,7.0,8.0,False
38010468,8.0,7.5,7.2,8.5,8.5,6.5,0,0,0,True
38010469,6.0,8.75,6.8,0,0,0,7.25,9.0,8.75,False
38010470,6.8,6.5,5.2,0,0,0,6.0,7.5,7.5,False
38010471,3.4,6.0,4.6,0,0,0,4.0,5.75,7.0,False
38010472,3.6,6.75,4.0,0,0,0,6.25,6.25,7.0,False
38010473,7.4,7.5,4.4,3.25,3.75,5.75,0,0,0,True
38010474,7.2,8.5,8.2,0,0,0,5.5,8.0,8.0,False
38010475,7.2,9.0,7.8,0,0,0,10.0,9.0,9.0,False
38010476,7.0,7.5,9.2,7.5,6.25,6.0,0,0,0,True
38010477,4.6,8.0,3.8,0,0,0,8.75,8.25,7.5,False
38010478,6.8,5.75,7.0,6.0,8.0,7.0,0,0,0,True
38010479,6.2,8.0,4.4,3.0,4.75,5.25,0,0,0,True
38010480,9.0,5.0,3.8,7.75,7.25,6.0,0,0,0,True
38010481,7.0,5.75,5.4,4.75,6.0,6.0,0,0,0,True
38010482,6.2,4.75,4.4,0,0,0,6.25,4.75,6.5,False
38010483,7.4,7.0,6.4,2.5,5.25,6.5,0,0,0,True
38010484,7.0,7.75,7.4,0,0,0,7.5,5.75,7.0,False
38010485,4.8,7.5,4.4,0,0,0,6.75,7.0,9.0,False
38010486,5.2,5.75,4.2,0,0,0,6.75,7.5,8.0,False
38010487,7.6,8.75,8.8,0,0,0,8.0,6.25,7.25,False
38010488,7.4,9.25,7.8,0,0,0,7.5,7.5,8.75,False
38010489,6.8,9.0,9.4,0,0,0,9.5,9.5,9.25,False
38010490,5.0,6.0,4.4,0,0,0,5.5,8.5,8.75,False
38010491,7.8,7.75,6.6,0,0,0,6.75,7.75,9.0,False
38010492,8.2,9.5,6.8,0,0,0,7.0,6.75,8.0,False
38010493,7.6,8.25,6.6,8.25,6.5,6.25,0,0,0,True
38010494,7.6,7.25,5.6,0,0,0,7.25,6.25,6.75,False
38010495,6.6,5.5,4.8,7.25,3.75,4.75,0,0,0,True
38010496,7.4,7.25,5.0,8.25,7.75,6.0,0,0,0,True
38010497,6.0,8.25,8.2,0,0,0,6.0,7.25,8.25,False
38010498,7.2,6.5,6.8,7.0,5.0,6.5,0,0,0,True
38010499,8.2,6.5,5.2,8.75,7.75,5.75,0,0,0,True
38010500,7.0,8.0,0,0,0,0,9.5,9.75,0,False
38010501,8.6,8.5,6.4,8.25,5.0,6.5,0,0,0,True
38010502,6.0,6.5,3.0,0,0,0,5.75,6.0,8.0,False
38010503,6.4,6.5,3.0,0,0,0,6.5,7.75,8.25,False
38010504,7.8,5.75,5.4,6.5,7.25,7.5,0,0,0,True
38010505,8.4,7.75,5.2,0,0,0,7.75,7.5,7.75,False
38010506,2.8,6.0,2.8,0,0,0,4.75,5.25,7.75,False
38010507,8.0,5.75,5.8,8.25,6.75,6.25,0,0,0,True
38010508,8.2,0,0,0,5.0,7.5,0,0,0,True
38010509,7.0,5.25,4.2,0,0,0,4.25,6.25,7.0,False
38010510,4.2,8.5,4.2,0,0,0,7.5,7.5,8.5,False
38010511,7.4,8.75,4.4,0,0,0,8.75,9.0,7.75,False
38010512,7.4,8.75,4.6,0,0,0,9.25,8.75,8.75,False
38010513,8.2,7.5,5.6,5.75,7.5,8.25,0,0,0,True
38010514,6.4,6.75,5.6,0,0,0,7.0,7.25,9.5,False
38010515,6.8,8.75,4.4,0,0,0,10.0,9.5,9.0,False
38010516,8.8,7.5,8.8,9.0,7.0,7.25,0,0,0,True
38010517,8.2,6.75,7.2,8.25,6.75,6.75,0,0,0,True
38010518,6.8,5.75,5.0,5.0,6.25,5.25,0,0,0,True
38010519,7.8,7.25,8.0,7.5,5.0,5.75,0,0,0,True
38010520,7.6,7.25,5.2,7.75,4.5,4.25,0,0,0,True
38010521,7.4,8.0,7.2,0,0,0,8.5,8.25,8.5,False
38010522,8.0,6.75,8.6,7.5,6.25,6.25,0,0,0,True
38010523,7.6,6.25,4.6,6.75,4.75,6.25,0,0,0,True
38010524,5.8,0,2.8,0,3.0,0,0,0,0,True
38010525,6.8,8.5,5.4,0,0,0,0,0,0,False
38010526,6.0,8.0,4.8,0,0,0,6.5,6.25,8.0,False
38010527,5.4,7.5,2.2,0,0,0,5.25,3.75,6.5,False
38010528,7.2,8.25,3.6,0,0,0,7.25,8.25,8.75,False
38010529,8.2,7.5,7.0,8.0,5.25,7.25,0,0,0,True
38010530,4.0,8.5,6.4,0,0,0,6.75,8.0,0,False
38010531,6.4,8.75,5.4,0,0,0,8.75,9.25,8.25,False
38010532,6.2,6.75,8.6,7.0,4.75,6.75,0,0,0,True
38010533,5.0,8.0,3.4,0,0,0,6.75,6.25,7.75,False
38010534,5.6,6.75,1.6,0,0,0,6.75,6.5,7.5,False
38010535,3.2,6.0,3.6,0,0,0,6.25,6.75,6.75,False
38010536,8.8,6.5,5.8,8.25,9.25,5.75,0,0,0,True
38010537,6.2,8.25,3.2,0,0,0,5.75,6.75,7.0,False
38010538,8.0,4.0,5.2,6.5,8.25,6.0,0,0,0,True
38010539,8.4,5.25,6.0,8.5,6.25,4.5,0,0,0,True
38010540,7.8,5.5,7.4,8.0,8.25,6.5,0,0,0,True
38010541,6.0,5.0,2.6,0,0,0,6.0,7.5,8.0,False
38010542,5.4,7.25,4.6,0,0,0,8.25,9.25,8.5,False
38010543,5.8,6.25,3.8,0,0,0,8.5,6.25,9.0,False
38010544,5.2,5.0,5.0,0,0,0,6.5,6.0,6.75,False
38010545,5.8,5.75,4.2,7.0,4.0,5.5,0,0,0,True
38010546,8.4,7.25,7.8,8.75,4.75,4.5,0,0,0,True
38010547,8.0,8.5,5.8,3.75,4.75,3.75,0,0,0,True
38010548,4.4,8.0,3.0,0,0,0,8.0,7.5,8.0,False
38010549,6.8,9.25,6.0,6.75,7.25,6.0,0,0,0,True
38010550,5.6,7.75,3.6,0,0,0,8.75,7.75,9.75,False
38010551,4.8,9.0,4.4,0,0,0,8.75,9.5,7.25,False
38010552,7.6,8.25,6.8,0,0,0,8.25,7.75,9.0,False
38010553,4.4,6.0,4.0,0,0,0,8.5,7.75,9.0,False
38010554,3.4,8.25,3.6,0,0,0,6.25,5.5,7.5,False
38010555,6.4,6.0,6.2,0,0,0,7.5,6.5,9.0,False
38010556,5.6,6.25,4.2,0,0,0,6.25,4.5,7.75,False
38010557,5.6,7.25,3.0,0,0,0,6.25,4.5,7.0,False
38010558,4.2,5.25,3.6,0,0,0,6.75,7.25,7.75,False
38010559,7.4,7.75,5.6,0,0,0,7.5,8.5,9.5,False
38010560,7.6,8.25,4.4,5.0,5.5,6.75,0,0,0,True
38010561,7.8,7.5,4.8,7.5,8.0,6.25,0,0,0,True
38010562,7.0,8.5,7.6,0,0,0,6.5,7.75,8.5,False
38010563,7.4,6.5,6.8,5.0,4.75,5.75,0,0,0,True
38010564,6.8,7.5,4.6,5.0,4.75,5.25,0,0,0,True
38010565,6.6,7.0,3.6,3.0,4.25,5.25,0,0,0,True
38010566,5.4,6.0,3.0,4.75,3.5,7.0,0,0,0,True
38010567,4.0,7.25,3.6,0,0,0,6.5,6.25,7.0,False
38010568,7.8,8.75,8.2,7.75,7.25,5.5,0,0,0,True
38010569,4.6,5.75,4.6,0,0,0,6.5,5.0,7.75,False
38010570,6.2,6.0,3.8,0,0,0,6.25,7.75,8.25,False
38010571,7.6,6.75,5.2,5.75,5.0,5.25,0,0,0,True
38010572,7.8,7.5,8.0,8.0,10.0,7.0,0,0,0,True
38010573,3.2,6.5,4.0,0,0,0,5.75,5.0,7.25,False
38010574,5.6,6.25,2.8,0,0,0,7.5,7.75,8.25,False
38010575,6.8,0,0,0,5.0,7.25,0,0,0,True
38010576,3.8,6.25,4.0,0,0,0,7.75,6.5,8.0,False
38010577,7.4,6.25,4.2,7.0,6.5,5.5,0,0,0,True
38010578,7.0,6.5,5.2,0,0,0,8.25,7.5,9.25,False
38010579,6.4,7.0,5.0,0,0,0,7.25,4.75,7.25,False
38010580,4.2,6.0,3.0,2.5,1.75,6.5,0,0,0,True
38010581,5.4,6.25,3.4,0,0,0,6.75,6.75,6.5,False
38010582,7.4,7.5,8.2,6.0,7.5,7.0,0,0,0,True
38010583,5.6,7.0,2.2,0,0,0,6.0,7.75,7.25,False
38010584,6.4,6.75,3.8,0,0,0,5.5,4.25,5.75,False
38010585,6.8,7.75,5.4,0,0,0,6.75,7.25,8.75,False
38010586,7.2,6.5,7.8,5.25,4.75,5.25,0,0,0,True
38010587,6.2,0,6.2,7.0,0,0,0,0,0,True
38010588,9.0,7.25,5.8,7.75,7.75,4.5,0,0,0,True
38010589,6.6,4.25,5.6,0,0,0,6.75,6.25,7.5,False
38010590,6.8,6.75,4.8,0,0,0,6.25,7.5,8.75,False
38010591,6.8,5.5,5.8,0,0,0,7.75,7.5,8.5,False
38010592,7.8,5.75,7.0,6.0,4.5,5.5,0,0,0,True
38010593,7.6,7.0,0,0,0,0,8.5,0,0,False
38010594,7.2,5.75,3.2,0,0,0,7.75,7.25,7.5,False
38010595,8.2,6.25,7.4,8.5,6.75,7.0,0,0,0,True
38010596,6.0,6.0,6.4,0,0,0,7.0,6.0,8.5,False
38010597,8.4,8.25,8.4,7.75,9.25,7.0,0,0,0,True
38010598,7.2,7.25,4.4,7.75,6.75,6.75,0,0,0,True
38010599,7.0,7.75,6.0,7.25,7.75,4.5,0,0,0,True
38010600,7.4,6.75,3.0,6.75,5.5,5.5,0,0,0,True
38010601,7.2,7.75,5.6,0,0,0,6.5,7.25,9.0,False
38010602,6.2,8.25,8.2,0,0,0,7.75,7.25,8.0,False
38010603,8.2,6.5,6.8,6.75,6.0,5.5,0,0,0,True
38010604,8.4,6.5,5.2,8.0,7.5,6.0,0,0,0,True
38010605,7.8,5.75,5.6,8.25,6.5,5.75,0,0,0,True
38010606,6.8,6.0,6.0,5.5,8.25,6.0,0,0,0,True
38010607,8.0,7.0,6.6,8.75,7.75,7.25,0,0,0,True
38010608,5.8,6.0,4.0,0,0,0,6.25,7.25,7.75,False
38010609,5.8,8.75,6.2,0,0,0,7.75,6.75,6.5,False
38010610,7.8,8.75,7.6,8.0,6.25,7.75,0,0,0,True
38010611,3.6,8.0,2.8,0,0,0,7.25,8.25,8.0,False
38010612,4.4,6.75,4.6,0,0,0,6.0,7.0,8.0,False
38010613,5.2,0,0,3.0,3.75,2.0,0,0,0,True
38010614,7.6,7.5,7.4,7.5,5.5,5.75,0,0,0,True
38010615,3.0,7.25,3.0,0,0,0,5.0,6.75,6.0,False
38010616,6.8,5.75,2.8,4.0,5.25,4.5,0,0,0,True
38010617,4.6,6.5,3.2,0,0,0,8.25,8.5,8.25,False
38010618,8.0,8.5,7.6,7.25,6.0,6.5,0,0,0,True
38010619,6.4,6.5,3.2,0,0,0,5.75,6.75,7.5,False
38010620,8.2,8.25,7.8,7.75,5.75,7.25,0,0,0,True
38010621,8.4,7.5,9.0,7.5,6.25,5.0,0,0,0,True
38010622,5.8,6.25,3.6,0,0,0,4.75,5.75,7.25,False
38010623,6.6,8.0,4.2,7.25,5.25,6.25,0,0,0,True
38010624,7.4,8.5,6.4,0,0,0,8.75,8.5,9.0,False
38010625,8.0,6.0,6.2,8.5,9.0,5.75,0,0,0,True
38010626,7.0,5.25,6.2,7.5,5.75,4.25,0,0,0,True
38010627,7.2,0,7.4,6.5,4.75,5.25,0,0,0,True
38010628,8.8,6.75,8.0,7.25,5.75,6.25,0,0,0,True
38010629,7.2,6.0,3.2,0,0,0,5.0,5.75,8.0,False
38010630,6.2,4.5,2.2,0,0,0,6.25,7.25,9.0,False
38010631,7.4,7.25,6.0,0,0,0,8.5,7.0,9.0,False
38010632,5.8,8.0,3.0,0,0,0,7.25,8.0,9.25,False
38010633,7.6,7.25,5.6,7.5,4.5,5.0,0,0,0,True
38010634,7.8,6.75,4.6,7.0,5.75,6.5,0,0,0,True
38010635,6.8,8.5,5.0,0,0,0,6.25,6.5,7.75,False
38010636,8.0,7.5,4.4,8.0,8.5,7.25,0,0,0,True
38010637,5.6,6.25,3.8,4.5,6.25,6.25,0,0,0,True
38010638,6.4,0,0,6.75,5.0,5.5,0,0,0,True
38010639,4.8,5.75,0,0,0,0,6.75,7.5,0,False
38010640,7.8,5.25,3.2,7.0,7.5,5.5,0,0,0,True
38010641,7.4,7.75,8.4,0,0,0,8.0,7.5,7.75,False
38010642,8.4,6.5,4.8,7.5,7.0,4.5,0,0,0,True
38010643,8.2,9.0,7.2,0,0,0,7.25,8.5,9.25,False
38010644,5.4,7.5,3.8,0,0,0,5.5,7.5,8.0,False
38010645,5.8,7.0,2.8,0,0,0,5.75,5.75,7.25,False
38010646,7.0,7.25,5.8,0,0,0,8.5,7.25,9.5,False
38010647,8.8,8.0,7.8,9.0,5.25,6.0,0,0,0,True
38010648,2.0,6.5,6.6,0,0,0,6.75,6.75,8.25,False
38010649,4.4,5.25,3.2,0,0,0,6.75,7.0,8.5,False
38010650,7.4,9.0,8.2,0,0,0,8.0,8.5,8.5,False
38010651,7.6,7.0,4.6,0,0,0,6.5,8.5,8.5,False
38010652,7.2,7.5,5.2,7.5,8.0,6.25,0,0,0,True
38010653,8.0,7.25,5.2,8.0,9.0,6.5,0,0,0,True
38010654,7.4,7.0,5.0,0,0,0,5.75,8.0,7.75,False
38010655,6.2,8.5,4.4,0,0,0,7.75,7.5,8.75,False
38010656,6.8,7.25,6.0,0,0,0,7.0,7.25,8.0,False
38010657,8.0,7.0,6.4,8.75,8.75,6.75,0,0,0,True
38010658,7.8,7.0,6.0,8.0,3.75,6.0,0,0,0,True
38010659,7.2,7.75,5.6,7.75,8.25,6.5,0,0,0,True
38010660,7.6,5.75,5.8,6.75,7.5,6.75,0,0,0,True
38010661,7.6,8.75,5.4,8.0,8.25,6.75,0,0,0,True
38010662,7.6,5.25,3.0,6.5,7.75,6.25,0,0,0,True
38010663,3.4,5.5,4.8,0,0,0,6.0,5.25,6.75,False
38010664,7.0,7.0,4.4,0,0,0,7.25,6.25,8.25,False
38010665,7.2,7.0,4.4,7.5,6.75,7.25,0,0,0,True
38010666,6.6,7.0,3.8,5.75,6.5,6.5,0,0,0,True
38010667,4.0,4.5,2.6,0,0,0,6.0,6.0,8.25,False
38010668,7.6,7.75,8.6,8.75,6.5,6.5,0,0,0,True
38010669,7.0,4.75,3.4,5.0,5.0,5.5,0,0,0,True
38010670,5.8,7.75,5.8,0,0,0,9.75,8.25,8.5,False
38010671,8.2,7.5,4.4,7.25,8.0,6.0,0,0,0,True
38010672,5.2,5.25,5.8,3.5,5.5,5.25,0,0,0,True
38010673,8.4,6.0,3.8,7.25,7.75,5.75,0,0,0,True
38010674,6.0,5.75,3.4,3.25,4.5,6.75,0,0,0,True
38010675,4.6,6.0,3.4,0,0,0,6.5,7.25,8.25,False
38010676,2.4,2.0,2.8,0,0,0,6.0,4.75,5.25,False
38010677,6.6,7.5,5.4,0,0,0,7.75,7.0,8.5,False
38010678,7.8,8.5,9.0,0,0,0,9.0,8.0,8.5,False
38010679,6.8,6.75,2.2,6.5,6.5,6.0,0,0,0,True
38010680,8.6,7.0,5.6,8.25,8.75,7.0,0,0,0,True
38010681,5.6,6.0,3.4,4.25,4.75,6.0,0,0,0,True
38010682,6.2,6.75,3.0,6.75,5.5,5.75,0,0,0,True
38010683,5.4,5.25,2.8,0,0,0,7.25,6.75,8.25,False
38010684,8.2,0,0,8.25,7.5,0,0,0,0,True
38010685,8.2,7.0,3.0,5.0,7.0,4.0,0,0,0,True
38010686,4.8,6.5,3.6,0,0,0,5.0,6.0,7.5,False
38010687,7.8,8.25,8.6,8.0,8.25,7.25,0,0,0,True
38010688,8.4,8.25,5.8,0,0,0,5.75,7.5,8.25,False
38010689,8.8,8.25,7.4,8.25,5.75,5.75,0,0,0,True
38010690,7.4,9.0,5.4,0,0,0,6.25,6.0,8.75,False
38010691,7.4,8.25,6.8,0,0,0,7.5,7.5,9.0,False
38010692,7.4,7.75,3.4,3.25,7.25,6.25,0,0,0,True
38010693,6.8,6.5,3.8,0,0,0,5.5,6.5,7.25,False
38010694,8.8,6.5,6.8,8.0,5.25,3.25,0,0,0,True
38010695,7.8,9.25,8.2,5.0,6.0,6.75,0,0,0,True
38010696,7.4,7.25,6.6,7.25,4.0,5.25,0,0,0,True
38010697,5.6,4.75,4.0,0,0,0,4.25,6.75,7.75,False
38010698,7.6,7.0,5.4,6.25,5.25,7.75,0,0,0,True
38010699,5.6,6.0,4.2,0,0,0,3.75,3.75,7.5,False
38010700,7.2,7.5,5.2,5.25,8.25,5.5,0,0,0,True
38010701,8.2,5.0,5.4,7.75,8.75,5.75,0,0,0,True
38010702,7.0,4.5,3.2,0,0,0,4.75,5.5,7.75,False
38010703,4.8,7.0,2.8,0,0,0,7.25,5.0,6.25,False
38010704,7.8,8.75,8.4,7.75,6.25,6.75,0,0,0,True
38010705,8.0,6.0,5.6,6.75,8.0,4.5,0,0,0,True
38010706,5.2,7.75,3.2,0,0,0,7.75,6.75,8.25,False
38010707,3.2,6.5,1.8,0,0,0,6.0,6.0,7.5,False
38010708,4.8,7.5,3.4,0,0,0,7.0,7.0,7.25,False
38010709,5.8,6.25,3.8,5.25,7.0,3.5,0,0,0,True
38010710,6.8,8.25,4.6,0,0,0,5.75,8.0,8.0,False
38010711,6.4,7.5,3.6,0,0,0,8.25,8.0,8.5,False
38010712,2.8,6.0,3.2,0,0,0,5.25,5.25,5.25,False
38010713,6.6,9.5,6.6,0,0,0,7.5,6.75,9.5,False
38010714,6.0,8.25,6.0,0,0,0,9.0,8.5,8.25,False
38010715,5.8,7.75,5.0,0,0,0,6.25,6.25,7.25,False
38010716,7.8,7.75,7.4,7.5,4.75,4.75,0,0,0,True
38010717,6.6,7.75,3.2,0,0,0,8.5,7.25,8.25,False
38010718,4.6,7.75,4.8,0,0,0,6.5,8.75,9.0,False
38010719,8.0,6.25,4.0,7.25,7.25,5.25,0,0,0,True
38010720,3.2,7.25,3.4,0,0,0,4.75,7.0,7.25,False
38010721,7.6,8.75,8.2,0,0,0,7.75,7.75,8.75,False
38010722,7.2,6.5,4.4,0,0,0,5.75,7.75,7.5,False
38010723,7.2,7.0,6.8,8.5,8.25,7.5,0,0,0,True
38010724,0,7.75,0,0,0,0,9.5,9.0,0,False
38010725,6.2,7.5,3.4,0,0,0,5.25,6.0,8.25,False
38010726,5.2,6.75,5.2,4.75,6.0,5.5,0,0,0,True
38010727,6.0,8.5,5.4,4.5,4.0,4.5,0,0,0,True
38010728,5.6,7.75,3.8,0,0,0,8.5,6.25,8.0,False
38010729,7.0,6.25,5.4,3.75,4.75,4.25,0,0,0,True
38010730,6.4,8.5,7.6,0,0,0,7.25,8.0,9.5,False
38010731,8.2,6.5,4.6,7.0,7.5,6.0,0,0,0,True
38010732,7.8,7.5,5.6,6.75,9.25,6.5,0,0,0,True
38010733,4.4,6.0,3.6,0,0,0,6.75,7.0,6.5,False
38010734,5.4,7.5,4.0,0,0,0,6.75,6.0,7.5,False
38010735,4.4,7.75,4.2,0,0,0,5.75,7.25,7.5,False
38010736,4.0,5.75,3.0,4.75,3.5,7.0,0,0,0,True
38010737,8.0,6.0,8.2,9.0,6.0,7.0,0,0,0,True
38010738,7.2,8.25,3.6,0,0,0,9.25,9.5,7.75,False
38010739,5.8,6.5,4.0,0,0,0,4.25,4.75,7.0,False
38010740,7.4,7.25,4.6,0,0,0,7.75,8.0,8.75,False
38010741,8.4,6.25,5.8,4.25,9.0,8.5,0,0,0,True
38010742,8.2,5.75,6.8,3.25,8.0,7.25,0,0,0,True
38010743,5.2,5.75,3.6,5.0,5.25,5.75,0,0,0,True
38010744,7.4,3.75,6.0,6.75,7.5,6.5,0,0,0,True
38010745,8.0,4.75,4.4,5.0,3.5,7.0,0,0,0,True
38010746,6.4,6.0,5.4,6.75,6.0,7.25,0,0,0,True
38010747,8.2,5.75,4.0,8.25,8.5,4.75,0,0,0,True
38010748,6.2,5.5,2.4,0,0,0,6.5,7.0,7.5,False
38010749,5.4,7.75,4.8,6.5,6.25,5.25,0,0,0,True
38010750,7.6,6.75,5.6,8.25,7.25,6.5,0,0,0,True
38010751,7.0,6.75,4.4,7.75,8.0,5.5,0,0,0,True
38010752,8.2,6.0,5.2,8.25,6.5,5.0,0,0,0,True
38010753,4.6,5.5,3.0,0,0,0,5.5,6.0,6.25,False
38010754,4.8,5.0,4.2,5.5,5.25,5.0,0,0,0,True
38010755,6.2,6.0,3.8,0,0,0,6.25,5.0,6.75,False
38010756,8.4,6.25,4.4,9.0,8.5,5.0,0,0,0,True
38010757,6.8,5.0,5.0,0,0,0,6.5,6.75,7.75,False
38010758,8.0,7.75,6.4,9.25,7.25,7.5,0,0,0,True
38010759,8.6,6.5,9.0,8.25,8.75,7.75,0,0,0,True
38010760,2.6,6.75,4.0,0,0,0,6.75,6.0,8.5,False
38010761,3.8,3.75,2.4,0,0,0,5.5,6.0,6.75,False
38010762,6.4,8.0,6.2,0,0,0,9.0,9.25,8.5,False
38010763,5.0,6.0,3.2,0,0,0,7.5,8.0,8.25,False
38010764,4.8,7.25,5.4,0,0,0,6.25,7.0,8.25,False
38010765,7.8,5.75,5.4,9.5,7.5,6.75,0,0,0,True
38010766,7.6,0,0,6.75,6.75,2.25,0,0,0,True
38010767,7.2,8.25,6.2,0,0,0,5.5,6.0,8.25,False
38010768,5.6,6.75,3.6,0,0,0,6.25,6.5,8.0,False
38010769,5.0,6.25,4.6,0,0,0,5.25,6.0,7.75,False
38010770,6.6,6.0,6.4,0,0,0,5.5,7.75,8.75,False
38010771,8.0,8.25,4.4,3.75,6.5,5.25,0,0,0,True
38010772,8.0,6.0,3.0,7.5,8.0,4.0,0,0,0,True
38010773,7.8,7.25,3.8,0,0,0,8.0,8.0,8.5,False
38010774,5.8,7.0,5.2,0,0,0,6.75,6.75,9.25,False
38010775,6.0,8.75,3.4,0,0,0,9.0,8.25,8.5,False
38010776,7.0,6.0,5.6,8.5,5.75,5.0,0,0,0,True
38010777,6.0,5.25,3.8,0,0,0,7.0,7.25,7.5,False
38010778,7.0,7.0,3.4,5.0,6.25,4.75,0,0,0,True
38010779,7.2,5.5,3.8,7.75,6.75,5.5,0,0,0,True
38010780,7.2,6.25,5.0,8.25,8.25,6.0,0,0,0,True
38010781,6.0,7.5,7.0,0,0,0,8.0,7.5,9.5,False
38010782,5.8,4.75,4.6,0,0,0,6.5,6.25,8.0,False
38010783,6.0,7.0,5.0,0,0,0,6.75,6.75,8.75,False
38010784,7.6,6.25,5.0,6.25,8.5,6.5,0,0,0,True
38010785,6.6,7.5,4.8,0,0,0,7.5,7.75,8.5,False
38010786,8.4,4.75,5.2,8.5,8.0,7.25,0,0,0,True
38010787,7.6,4.75,6.6,8.5,7.5,5.0,0,0,0,True
38010788,7.8,5.5,9.6,8.75,9.5,8.0,0,0,0,True
38010789,7.6,6.0,4.8,8.5,8.0,6.75,0,0,0,True
38010790,4.4,4.0,2.8,0,0,0,7.5,7.0,7.25,False
38010791,5.8,6.25,6.0,6.25,4.75,5.5,0,0,0,True
38010792,7.6,6.25,6.4,7.75,5.5,6.75,0,0,0,True
38010793,6.6,5.0,4.8,4.0,5.25,4.75,0,0,0,True
38010794,5.6,5.5,3.4,4.5,5.25,6.25,0,0,0,True
38010795,4.8,4.25,3.6,0,0,0,6.25,5.25,7.5,False
38010796,4.4,7.0,2.4,0,0,0,7.5,7.25,8.5,False
38010797,8.0,7.0,3.8,6.75,8.75,6.5,0,0,0,True
38010798,8.2,5.25,8.4,7.5,5.75,7.25,0,0,0,True
38010799,7.8,7.25,6.4,0,0,0,7.5,7.25,9.0,False
38010800,4.8,6.67,3.2,0,0,0,8.75,7.25,8.0,False
38010801,7.6,5.75,7.0,8.0,6.5,6.25,0,0,0,True
38010802,4.8,6.5,4.4,0,0,0,6.25,7.25,7.25,False
38010803,6.8,7.5,7.0,0,0,0,8.5,9.0,9.25,False
38010804,3.6,5.5,3.4,0,0,0,7.5,7.25,7.5,False
38010805,7.0,6.75,0,0,0,0,8.75,9.5,0,False
38010806,8.8,6.75,8.0,8.25,6.25,6.5,0,0,0,True
38010807,7.2,8.25,4.8,7.75,6.25,6.25,0,0,0,True
38010808,7.4,7.75,7.6,4.0,4.75,6.0,0,0,0,True
38010809,7.4,8.0,6.0,8.0,7.0,6.25,0,0,0,True
38010810,5.6,6.08,5.2,6.25,5.5,5.5,0,0,0,True
38010811,5.2,7.75,5.2,0,0,0,7.25,8.5,8.25,False
38010812,7.0,5.5,4.8,6.25,6.25,5.75,0,0,0,True
38010813,6.4,5.75,6.0,0,0,0,4.0,6.25,8.25,False
38010814,7.2,5.75,3.6,0,0,0,7.5,8.0,9.25,False
38010815,4.6,5.0,3.4,0,0,0,5.0,4.25,7.5,False
38010816,7.0,8.25,5.8,0,0,0,7.0,5.75,8.5,False
38010817,7.8,7.75,6.8,8.25,7.25,6.0,0,0,0,True
38010818,7.2,4.75,5.4,0,0,0,3.5,6.5,7.25,False
38010819,8.0,6.5,8.8,8.0,5.0,7.75,0,0,0,True
38010820,6.0,5.25,6.4,0,0,0,6.5,6.5,9.0,False
38010821,5.0,4.25,4.0,0,0,0,3.25,5.25,4.25,False
38010822,5.6,7.5,3.6,0,0,0,3.0,6.5,8.0,False
38010823,5.8,6.0,3.4,0,0,0,5.75,6.25,6.5,False
38010824,8.2,6.75,7.8,8.5,7.0,5.5,0,0,0,True
38010825,5.6,6.5,4.4,0,0,0,7.0,6.5,9.5,False
38010826,7.2,6.75,7.0,0,0,0,4.25,6.25,7.5,False
38010827,7.8,6.25,5.6,0,0,0,7.25,7.75,8.75,False
38010828,4.4,5.25,3.2,0,0,0,7.25,6.25,7.75,False
38010829,6.0,6.5,6.0,4.75,7.25,7.5,0,0,0,True
38010830,5.6,5.75,4.6,0,0,0,6.25,7.5,8.5,False
38010831,6.4,5.5,3.8,0,0,0,5.0,6.25,8.0,False
38010832,8.6,7.5,7.8,8.5,7.25,7.5,0,0,0,True
38010833,4.6,6.5,4.8,0,0,0,5.75,6.25,6.25,False
38010834,6.0,7.0,6.2,0,0,0,7.5,7.75,8.75,False
38010835,9.0,9.0,4.2,7.5,8.25,8.5,0,0,0,True
38010836,6.8,6.75,5.2,7.0,6.5,6.25,0,0,0,True
38010837,6.4,5.5,3.8,0,0,0,7.25,8.0,6.75,False
38010838,8.0,8.25,7.8,0,0,0,7.75,8.5,9.75,False
38010839,7.0,8.0,4.6,0,0,0,6.25,7.25,9.0,False
38010840,5.2,6.25,5.0,0,0,0,6.75,7.0,8.25,False
38010841,7.6,7.5,5.6,0,0,0,4.75,6.5,7.75,False
38010842,5.8,7.5,3.0,0,0,0,6.25,6.75,8.5,False
38010843,6.0,7.5,3.6,0,0,0,6.0,8.25,7.75,False
38010844,7.0,7.5,5.4,7.75,5.75,5.25,0,0,0,True
38010845,5.0,4.75,4.8,0,0,0,5.0,5.5,8.5,False
38010846,5.2,5.75,4.2,0,0,0,6.5,6.25,9.0,False
38010847,5.8,6.0,4.0,0,0,0,5.5,7.25,8.5,False
38010848,7.8,7.5,3.6,0,0,0,7.0,8.25,8.5,False
38010849,8.2,7.25,6.8,0,0,0,8.5,7.25,9.25,False
38010850,6.8,7.75,4.6,0,0,0,7.25,8.75,8.5,False
38010851,5.8,7.5,5.0,0,0,0,7.25,7.75,8.5,False
38010852,5.0,5.75,4.6,0,0,0,5.5,7.25,8.5,False
38010853,6.0,6.75,3.8,0,0,0,7.0,7.0,8.75,False
38010854,6.4,6.0,5.6,0,0,0,8.0,9.0,8.5,False
38010855,3.2,6.25,2.2,0,0,0,4.5,5.5,6.75,False
38010856,5.6,5.75,3.6,0,0,0,6.25,6.25,7.25,False
38010857,6.8,6.75,5.0,0,0,0,6.5,7.25,8.25,False
38010858,6.4,8.25,4.4,0,0,0,6.75,7.75,9.25,False
38010859,6.2,5.0,5.0,0,0,0,7.5,8.75,8.75,False
38010860,7.2,7.5,3.2,0,0,0,8.25,7.25,8.5,False
38010861,8.8,7.25,4.0,8.5,9.25,7.5,0,0,0,True
38010862,3.8,6.0,4.0,0,0,0,7.25,6.75,8.0,False
38010863,4.0,6.25,3.6,0,0,0,6.0,7.5,8.5,False
38010864,5.4,6.5,4.0,0,0,0,4.75,7.75,7.5,False
38010865,8.2,6.75,3.6,8.25,8.5,6.75,0,0,0,True
38010866,7.4,5.75,5.6,7.75,7.25,6.25,0,0,0,True
38010867,5.2,6.25,5.4,0,0,0,5.0,8.0,8.5,False
38010868,4.6,5.0,4.2,0,0,0,7.75,5.0,8.25,False
38010869,4.6,5.0,4.0,0,0,0,4.0,6.0,5.5,False
38010870,4.2,5.5,4.4,0,0,0,6.25,6.75,7.5,False
38010871,4.8,7.75,4.0,0,0,0,5.75,6.0,8.0,False
38010872,6.0,7.5,5.2,0,0,0,7.25,8.75,8.5,False
38010873,7.4,7.25,4.2,0,0,0,7.0,7.5,8.5,False
38010874,7.8,6.75,7.8,7.75,5.5,5.0,0,0,0,True
38010875,5.4,5.0,4.6,0,0,0,4.75,6.0,6.5,False
38010876,6.0,6.0,3.2,0,0,0,5.5,7.75,7.5,False
38010877,4.2,5.5,3.8,0,0,0,4.75,6.5,6.75,False
38010878,6.4,6.0,5.2,4.25,6.0,4.25,0,0,0,True
38010879,5.6,6.25,6.6,0,0,0,6.75,7.5,8.5,False
38010880,7.2,7.0,5.0,6.75,6.25,4.75,0,0,0,True
38010881,4.8,6.25,4.6,0,0,0,5.0,5.75,6.5,False
38010882,5.6,6.0,4.8,0,0,0,4.5,6.5,8.25,False
38010883,7.4,7.0,4.8,0,0,0,5.75,6.75,7.25,False
38010884,5.0,6.25,4.2,0,0,0,5.25,6.0,7.0,False
38010885,6.4,5.92,3.8,0,0,0,5.25,6.75,7.25,False
38010886,5.6,7.0,3.6,5.25,7.5,4.0,0,0,0,True
38010887,6.6,5.25,3.6,8.75,7.25,5.75,0,0,0,True
38010888,5.6,6.25,2.2,0,0,0,6.75,7.25,8.25,False
38010889,6.4,7.25,5.0,0,0,0,7.75,6.75,9.0,False
38010890,6.8,8.75,4.2,0,0,0,8.75,8.25,9.0,False
38010891,7.0,8.5,4.2,0,0,0,8.25,8.5,9.0,False
38010892,6.0,5.5,4.0,0,0,0,5.75,7.75,7.75,False
38010893,7.6,8.25,6.8,8.0,6.0,6.25,0,0,0,True
38010894,5.0,7.0,3.2,0,0,0,5.0,5.75,6.25,False
38010895,4.4,5.75,4.0,0,0,0,5.75,7.5,8.25,False
38010896,4.6,6.0,4.6,0,0,0,5.75,7.25,7.0,False
38010897,5.4,7.25,4.0,0,0,0,5.75,7.0,8.25,False
38010898,5.2,6.75,4.2,0,0,0,4.5,6.5,7.75,False
38010899,6.6,6.25,4.4,0,0,0,6.75,7.5,8.25,False
38010900,7.0,7.75,4.6,0,0,0,6.75,7.0,9.0,False
38010901,7.2,5.75,4.8,7.75,7.75,6.5,0,0,0,True
38010902,7.0,7.5,4.6,8.5,7.25,5.75,0,0,0,True
38010903,4.8,7.0,4.4,0,0,0,6.5,8.25,8.25,False
38010904,5.8,7.5,4.4,0,0,0,3.25,6.75,7.75,False
38010905,7.4,7.75,5.2,0,0,0,8.0,8.75,8.75,False
38010906,5.2,6.25,3.0,0,0,0,5.5,5.25,7.25,False
38010907,2.0,6.75,2.6,0,0,0,5.75,6.25,7.0,False
38010908,4.2,4.75,4.4,0,0,0,6.5,7.0,6.25,False
38010909,6.2,7.75,5.0,0,0,0,8.5,7.25,8.75,False
38010910,7.6,9.25,6.8,0,0,0,8.0,9.0,9.0,False
38010911,5.4,5.0,5.6,0,0,0,6.25,6.75,8.25,False
38010912,9.4,7.75,5.6,9.0,9.0,5.25,0,0,0,True
38010913,6.6,8.5,4.4,0,0,0,9.75,9.5,8.75,False
38010914,5.6,6.5,3.6,0,0,0,7.5,8.0,9.0,False
38010915,6.4,4.5,4.0,0,0,0,7.5,6.75,8.25,False
38010916,4.0,5.25,4.2,0,0,0,7.0,6.5,7.5,False
38010917,6.8,7.5,5.2,0,0,0,7.5,8.25,9.0,False
38010918,3.2,7.5,5.8,0,0,0,6.5,8.0,8.0,False
38010919,5.4,7.0,4.2,0,0,0,4.5,6.5,8.5,False
38010920,6.2,7.25,3.2,2.0,6.5,5.75,0,0,0,True
38010921,5.6,8.0,5.2,0,0,0,7.5,6.75,8.25,False
38010922,4.6,5.75,3.6,0,0,0,5.25,5.25,5.75,False
38010923,3.6,5.0,2.8,0,0,0,2.75,5.5,5.75,False
38010924,6.0,7.5,5.8,0,0,0,8.0,7.5,8.75,False
38010925,6.4,5.75,5.0,0,0,0,5.75,6.75,7.0,False
38010926,6.8,8.0,4.8,0,0,0,6.5,7.0,7.75,False
38010927,6.2,5.5,3.8,0,0,0,5.75,7.75,8.0,False
38010928,6.6,5.75,4.4,0,0,0,6.5,7.75,8.5,False
38010929,6.2,7.25,4.2,0,0,0,7.0,7.5,8.25,False
38010930,6.6,7.25,4.6,0,0,0,6.25,8.5,8.25,False
38010931,7.8,8.25,4.6,8.75,8.0,6.0,0,0,0,True
38010932,5.8,6.75,6.0,0,0,0,7.75,8.0,9.0,False
38010933,6.2,6.0,6.6,0,0,0,6.75,7.5,7.25,False
38010934,7.2,6.5,4.8,5.25,8.0,7.25,0,0,0,True
38010935,5.8,7.25,5.4,0,0,0,7.5,7.75,7.75,False
38010936,6.4,7.75,5.4,0,0,0,5.75,7.25,8.0,False
38010937,8.0,7.75,5.8,0,0,0,8.25,8.75,9.0,False
38010938,6.8,8.0,4.8,0,0,0,5.25,8.25,7.25,False
38010939,7.2,7.25,5.0,0,0,0,7.75,8.0,9.25,False
38010940,6.2,7.75,4.4,0,0,0,6.75,7.25,6.75,False
38010941,7.4,6.25,4.8,7.25,6.75,6.25,0,0,0,True
38010942,6.4,7.25,4.8,0,0,0,7.25,8.75,8.25,False
38010943,5.8,7.5,4.8,0,0,0,5.5,7.0,8.25,False
38010944,6.0,6.0,3.8,0,0,0,6.0,8.25,7.75,False
38010945,6.4,7.25,4.2,0,0,0,7.0,7.5,6.75,False
38010946,6.6,6.5,5.8,0,0,0,6.75,7.0,8.25,False
38010947,5.4,5.75,3.2,0,0,0,4.75,5.25,7.0,False
38010948,8.0,6.25,4.2,8.25,8.0,5.0,0,0,0,True
38010949,6.2,8.5,4.6,7.25,6.5,6.75,0,0,0,True
38010950,7.2,7.75,5.4,0,0,0,7.25,7.25,7.5,False
38010951,6.4,8.0,6.2,0,0,0,7.0,8.0,8.5,False
38010952,6.8,7.5,5.4,0,0,0,4.5,6.25,8.5,False
38010953,7.8,8.75,5.4,0,0,0,7.25,7.5,8.5,False
38010954,4.8,6.25,4.4,0,0,0,5.5,7.0,8.0,False
38010955,7.0,6.25,4.8,4.5,4.5,6.75,0,0,0,True
38010956,6.8,7.5,6.6,7.25,6.75,7.75,0,0,0,True
38010957,6.6,7.5,4.2,0,0,0,6.25,6.75,7.25,False
38010958,5.2,6.75,4.0,0,0,0,5.25,6.0,7.25,False
38010959,6.0,7.0,6.0,0,0,0,7.5,7.75,8.25,False
38010960,5.8,6.75,3.6,0,0,0,7.25,8.0,8.5,False
38010961,4.6,4.75,5.0,0,0,0,5.25,8.0,8.75,False
38010962,7.8,6.5,5.4,0,0,0,5.75,7.0,9.0,False
38010963,7.4,5.0,5.8,7.75,6.0,6.0,0,0,0,True
38010964,5.0,6.0,7.8,0,0,0,7.25,9.0,8.5,False
38010965,7.8,5.5,3.6,5.5,8.25,4.5,0,0,0,True
38010966,5.8,7.0,6.0,0,0,0,5.25,7.25,8.0,False
38010967,7.8,8.0,7.4,7.75,7.0,7.0,0,0,0,True
38010968,7.0,8.0,5.6,0,0,0,9.5,9.75,9.5,False
38010969,6.0,7.0,5.2,0,0,0,7.0,8.75,8.5,False
38010970,8.0,7.0,7.8,8.25,6.0,6.25,0,0,0,True
38010971,6.8,7.25,8.0,0,0,0,8.5,7.75,8.5,False
38010972,5.0,8.0,5.0,0,0,0,7.25,7.5,9.25,False
38010973,3.6,4.75,2.6,0,0,0,6.0,6.5,6.75,False
38010974,6.0,7.0,6.4,0,0,0,6.75,7.75,8.75,False
38010975,4.6,5.75,4.0,0,0,0,5.75,6.25,8.75,False
38010976,5.8,7.25,4.8,0,0,0,5.5,6.5,7.5,False
38010977,4.4,6.0,4.6,0,0,0,5.75,6.75,4.75,False
38010978,6.4,7.5,5.2,0,0,0,5.5,7.25,8.25,False
38010979,8.0,6.5,6.0,8.25,6.25,7.25,0,0,0,True
38010980,7.0,5.5,1.8,0,0,0,7.25,7.5,8.25,False
38010981,7.6,0,0,0,6.75,8.0,0,0,0,True
38010982,7.2,5.5,4.6,0,0,0,7.5,7.5,8.25,False
38010983,7.4,9.0,5.0,0,0,0,9.25,8.75,8.75,False
38010984,8.2,7.25,4.2,8.25,6.75,7.0,0,0,0,True
38010985,3.8,6.5,2.4,0,0,0,5.75,6.25,7.5,False
38010986,8.0,7.5,5.0,6.5,5.75,6.75,0,0,0,True
38010987,7.6,6.5,6.8,7.75,5.75,5.5,0,0,0,True
38010988,7.6,9.0,7.8,8.25,7.5,5.5,0,0,0,True
38010989,6.4,8.5,5.4,0,0,0,8.75,8.75,8.75,False
38010990,6.8,7.0,4.8,0,0,0,6.75,8.25,8.75,False
38010991,5.6,7.5,6.4,0,0,0,7.0,6.75,7.75,False
38010992,7.4,6.5,5.0,0,0,0,5.5,6.25,6.75,False
38010993,4.8,6.5,3.8,0,0,0,6.75,7.0,8.5,False
38010994,3.8,7.5,3.4,0,0,0,6.5,7.25,7.5,False
38010995,5.6,8.25,4.0,0,0,0,7.5,7.5,9.5,False
38010996,8.6,8.25,7.0,8.0,5.75,6.5,0,0,0,True
38010997,5.8,8.0,4.2,0,0,0,6.25,6.75,7.25,False
38010998,5.8,8.0,3.8,0,0,0,7.0,8.0,8.25,False
38010999,6.6,5.25,3.6,0,0,0,6.0,7.25,8.5,False
38011000,7.8,5.75,4.6,8.0,7.75,6.0,0,0,0,True
38011001,4.0,5.5,4.0,0,0,0,5.0,7.5,7.0,False
38011002,5.8,7.0,3.2,0,0,0,5.0,7.0,5.75,False
38011003,5.8,5.5,2.0,0,0,0,4.25,4.75,6.75,False
38011004,4.8,6.5,3.6,0,0,0,4.5,6.25,6.5,False
38011005,5.0,7.25,3.4,0,0,0,5.75,4.75,5.75,False
38011006,6.8,4.5,4.6,0,0,0,5.75,6.75,7.5,False
38011007,8.2,8.75,4.2,8.25,8.0,4.5,0,0,0,True
38011008,7.4,8.5,3.8,8.5,7.75,6.0,0,0,0,True
38011009,5.6,4.75,4.6,0,0,0,4.75,7.25,8.0,False
38011010,6.4,7.25,4.4,6.25,4.5,5.75,0,0,0,True
38011011,7.6,6.75,5.6,0,0,0,6.0,7.75,8.25,False
38011012,4.4,6.0,4.2,0,0,0,5.0,5.75,7.75,False
38011013,6.8,6.5,5.6,0,0,0,7.75,7.25,8.5,False
38011014,6.2,6.75,4.6,0,0,0,6.75,7.75,8.75,False
38011015,6.4,5.75,3.8,0,0,0,3.5,6.25,6.25,False
38011016,7.4,8.0,5.6,0,0,0,7.5,8.75,8.75,False
38011017,6.8,5.75,5.6,0,0,0,6.75,8.25,8.75,False
38011018,6.2,7.25,5.8,0,0,0,6.5,8.0,7.5,False
38011019,6.0,6.75,5.0,0,0,0,6.0,6.75,7.25,False
38011020,5.4,6.0,4.0,0,0,0,5.0,6.5,6.5,False
38011021,6.2,7.0,4.6,0,0,0,6.5,7.5,7.5,False
38011022,5.4,7.5,5.8,0,0,0,5.5,7.25,7.25,False
38011023,5.0,8.0,5.8,0,0,0,7.25,7.75,8.0,False
38011024,6.6,7.0,5.0,0,0,0,8.0,8.75,7.5,False
38011025,5.6,7.0,4.2,0,0,0,6.5,7.75,7.0,False
38011026,5.6,8.0,5.2,0,0,0,8.75,8.0,8.5,False
38011027,6.4,6.75,5.0,0,0,0,7.5,8.5,8.5,False
38011028,4.4,8.75,3.2,0,0,0,8.0,8.75,9.0,False
38011029,7.2,9.0,6.8,0,0,0,9.5,9.5,9.5,False
38011030,5.8,6.5,5.0,0,0,0,7.25,6.5,6.5,False
38011031,7.2,7.75,6.2,0,0,0,8.75,9.5,9.0,False
38011032,6.8,8.0,4.4,0,0,0,7.0,8.0,9.0,False
38011033,4.4,6.25,3.6,0,0,0,8.25,8.75,8.25,False
38011034,6.0,6.5,5.0,0,0,0,6.5,8.75,8.5,False
38011035,6.0,5.5,4.0,0,0,0,4.75,5.5,7.0,False
38011036,4.8,6.5,5.4,0,0,0,5.75,7.75,7.0,False
38011037,8.2,6.25,6.4,8.75,5.25,5.75,0,0,0,True
38011038,6.0,6.0,3.8,0,0,0,6.5,5.5,6.75,False
38011039,5.0,7.75,6.6,0,0,0,7.25,8.25,9.0,False
38011040,4.0,7.0,6.0,0,0,0,6.25,7.5,6.75,False
38011041,4.2,5.75,6.0,0,0,0,7.25,6.25,8.25,False
38011042,7.8,4.75,4.0,7.75,7.75,3.25,0,0,0,True
38011043,8.2,8.0,6.2,8.5,5.5,5.25,0,0,0,True
38011044,6.4,5.25,4.2,0,0,0,5.25,6.5,6.25,False
38011045,7.8,8.25,6.4,6.75,5.75,7.5,0,0,0,True
38011046,4.6,7.25,4.6,0,0,0,6.0,6.0,6.0,False
38011047,5.0,6.0,4.8,0,0,0,6.0,6.0,6.25,False
38011048,6.4,7.75,6.0,0,0,0,5.75,8.75,8.25,False
38011049,8.4,6.5,6.2,9.0,6.25,5.0,0,0,0,True
38011050,6.2,7.5,3.8,0,0,0,9.5,9.5,9.0,False
38011051,7.0,7.75,3.4,0,0,0,7.75,8.25,9.0,False
38011052,7.2,6.25,3.4,0,0,0,7.0,7.5,8.5,False
38011053,0,7.75,0,0,0,0,8.75,8.75,0,False
38011054,7.0,6.25,5.4,0,0,0,8.5,9.0,8.75,False
38011055,5.8,6.0,4.0,0,0,0,8.25,7.25,8.0,False
38011056,6.6,8.25,3.8,0,0,0,8.5,8.5,9.25,False
38011057,6.8,7.75,4.4,7.25,7.0,4.25,0,0,0,True
38011058,7.6,7.25,4.0,8.75,9.0,4.5,0,0,0,True
38011059,9.4,8.25,4.6,8.5,8.0,6.25,0,0,0,True
38011060,8.4,8.75,5.4,8.0,7.0,4.75,0,0,0,True
38011061,5.8,5.0,4.8,0,0,0,3.25,6.0,7.0,False
38011062,4.4,5.75,3.8,0,0,0,3.75,6.5,6.25,False
38011063,7.0,8.75,6.2,0,0,0,9.5,9.25,9.5,False
38011064,4.8,6.25,5.0,0,0,0,5.0,7.0,7.75,False
38011065,7.8,8.75,6.8,0,0,0,8.25,8.25,9.5,False
38011066,5.0,7.5,4.4,0,0,0,5.75,7.0,7.0,False
38011067,8.4,8.25,4.0,8.0,7.25,4.75,0,0,0,True
38011068,4.8,6.0,4.0,0,0,0,5.25,5.0,7.5,False
38011069,3.8,6.75,4.4,0,0,0,7.25,7.0,9.0,False
38011070,7.6,9.5,7.8,0,0,0,7.25,9.5,9.0,False
38011071,5.6,6.25,3.0,0,0,0,5.75,5.75,6.5,False
38011072,4.4,6.5,4.0,0,0,0,6.25,7.25,7.75,False
38011073,7.0,6.75,4.6,7.0,7.25,5.0,0,0,0,True
38011074,4.6,6.5,3.0,0,0,0,5.25,5.5,7.25,False
38011075,7.0,8.5,5.0,0,0,0,4.5,5.75,7.5,False
38011076,6.4,5.75,2.4,0,0,0,5.75,5.75,6.75,False
38011077,5.4,5.75,6.2,6.25,4.75,6.25,0,0,0,True
38011078,7.8,8.0,5.6,8.0,7.75,6.25,0,0,0,True
38011079,8.0,7.0,6.2,7.0,5.5,5.5,0,0,0,True
38011080,8.6,6.75,5.4,7.0,6.75,7.25,0,0,0,True
38011081,4.2,4.5,3.8,0,0,0,6.25,7.75,7.0,False
38011082,7.2,0,0,7.75,7.75,0,0,0,0,True
38011083,6.4,5.75,6.4,0,0,0,7.75,7.25,8.25,False
38011084,5.8,5.0,5.2,0,0,0,6.5,7.75,8.25,False
38011085,8.4,5.75,3.0,8.75,7.5,5.75,0,0,0,True
38011086,5.2,7.0,3.8,0,0,0,4.0,6.5,8.25,False
38011087,7.8,6.5,4.2,0,0,0,6.0,8.25,9.5,False
38011088,4.2,6.5,4.2,0,0,0,4.0,5.5,7.75,False
38011089,6.2,6.5,5.2,0,0,0,7.5,8.0,9.25,False
38011090,2.2,5.0,3.6,0,0,0,4.0,4.0,5.75,False
38011091,4.8,7.0,8.0,0,0,0,7.5,8.75,8.25,False
38011092,5.8,5.75,3.8,0,0,0,6.0,6.5,7.75,False
38011093,6.6,8.75,6.0,0,0,0,7.5,7.0,8.25,False
38011094,0,5.75,0,0,0,0,7.0,7.25,0,False
38011095,5.8,6.5,4.2,0,0,0,5.5,6.75,9.0,False
38011096,4.8,6.25,4.0,0,0,0,5.75,7.0,7.5,False
38011097,4.4,7.75,2.8,0,0,0,5.75,6.5,7.25,False
38011098,5.8,5.5,3.2,0,0,0,6.25,7.25,8.25,False
38011099,5.0,5.5,2.6,0,0,0,6.5,7.25,8.0,False
38011100,8.2,6.0,6.8,6.5,8.25,6.25,0,0,0,True
38011101,6.8,6.0,4.6,8.0,7.5,7.0,0,0,0,True
38011102,5.4,5.0,4.6,0,0,0,7.0,7.5,9.0,False
38011103,8.0,6.25,8.4,8.75,4.75,5.0,0,0,0,True
38011104,6.2,5.25,3.0,0,0,0,5.75,7.75,8.5,False
38011105,6.8,7.0,3.6,0,0,0,5.25,6.5,8.5,False
38011106,6.6,6.25,4.2,0,0,0,0,0,0,False
38011107,6.2,5.25,4.0,0,0,0,4.5,6.5,7.25,False
38011108,6.8,6.5,4.4,0,0,0,5.5,7.5,7.5,False
38011109,5.6,7.0,3.8,0,0,0,3.75,5.0,7.0,False
38011110,4.2,4.5,3.0,0,0,0,4.5,8.0,7.0,False
38011111,6.8,6.5,5.0,0,0,0,6.75,6.0,8.25,False
38011112,6.6,7.5,3.8,8.5,7.75,5.75,0,0,0,True
38011113,4.4,5.5,4.0,0,0,0,4.25,5.25,6.5,False
38011114,7.6,7.75,4.8,0,0,0,7.75,8.0,8.5,False
38011115,5.0,6.75,3.8,0,0,0,6.5,7.75,7.75,False
38011116,3.4,5.0,2.8,0,0,0,4.0,5.75,6.0,False
38011117,5.2,4.5,1.8,0,0,0,4.5,6.5,6.5,False
38011118,6.0,6.0,4.2,0,0,0,6.75,6.5,6.75,False
38011119,2.8,4.25,3.4,0,0,0,6.5,4.0,7.0,False
38011120,3.6,3.5,2.6,0,0,0,3.0,3.75,4.75,False
38011121,7.4,6.25,6.6,0,0,0,7.0,7.75,8.75,False
38011122,7.8,7.0,8.0,0,0,0,0,0,0,False
38011123,3.4,5.75,2.4,0,0,0,3.5,4.5,7.0,False
38011124,8.2,7.5,4.8,0,0,0,5.25,7.75,9.5,False
38011125,6.6,7.5,6.0,0,0,0,6.25,9.0,9.0,False
38011126,2.6,3.75,0,0,0,0,4.75,5.5,0,False
38011127,5.6,5.5,4.8,0,0,0,3.25,6.25,7.25,False
38011128,5.6,5.25,4.2,0,0,0,5.75,7.25,6.0,False
38011129,3.6,4.5,4.6,0,0,0,4.75,5.5,7.75,False
38011130,3.8,3.25,0,0,0,0,6.5,7.75,0,False
38011131,5.2,5.25,3.2,0,0,0,6.25,5.75,7.0,False
38011132,6.0,7.0,5.2,4.0,5.5,5.0,0,0,0,True
38011133,4.6,4.5,0,0,0,0,3.75,3.5,0,False
38011134,5.0,5.5,4.0,0,0,0,7.0,8.0,8.0,False
38011135,8.0,0,0,0,7.75,8.0,0,0,0,True
38011136,2.8,3.0,3.6,0,0,0,4.25,3.0,4.25,False
38011137,7.0,6.75,8.4,0,0,0,7.0,8.25,9.0,False
38011138,6.0,6.75,4.4,0,0,0,7.0,7.5,9.5,False
38011139,3.8,6.25,3.8,0,0,0,4.5,7.75,6.0,False
38011140,7.0,5.25,3.4,0,0,0,5.5,7.0,8.25,False
38011141,5.6,6.25,4.8,0,0,0,7.25,7.5,8.75,False
38011142,4.2,5.5,2.8,0,0,0,6.25,6.5,6.5,False
38011143,6.0,4.75,3.0,0,0,0,5.0,6.0,7.75,False
38011144,8.2,5.5,4.6,7.5,6.5,5.25,0,0,0,True
38011145,7.8,8.25,6.2,0,0,0,7.5,7.0,8.5,False
38011146,6.2,8.0,4.6,0,0,0,7.75,6.75,8.5,False
38011147,5.4,6.25,4.0,0,0,0,4.75,6.75,7.0,False
38011148,5.8,6.5,3.2,0,0,0,3.5,6.5,8.0,False
38011149,6.8,8.0,4.2,0,0,0,6.0,7.5,8.5,False
38011150,5.4,5.25,4.8,0,0,0,5.0,6.5,6.75,False
38011151,7.6,7.0,6.2,8.0,7.25,5.75,0,0,0,True
38011152,4.2,5.0,5.2,0,0,0,3.5,5.75,7.0,False
38011153,8.0,6.0,6.2,6.5,6.75,5.75,0,0,0,True
38011154,7.4,8.0,7.6,0,0,0,7.0,8.75,8.75,False
38011155,7.2,6.5,6.6,0,0,0,6.25,8.0,8.75,False
38011156,1.8,2.75,0,0,0,0,3.75,2.5,0,False
38011157,8.0,6.5,6.2,0,0,0,6.75,8.25,8.75,False
38011158,4.0,6.0,5.0,0,0,0,4.0,6.0,6.75,False
38011159,3.0,3.25,0,0,0,0,4.5,6.25,0,False
38011160,8.2,8.25,8.6,0,0,0,5.25,8.25,9.75,False
38011161,6.4,7.0,0,0,0,0,7.0,6.75,0,False
38011162,4.0,5.0,2.4,0,0,0,3.5,4.5,5.5,False
38011163,5.0,5.5,0,0,0,0,3.5,5.5,0,False
38011164,7.2,7.0,3.6,0,0,0,6.75,9.0,8.75,False
38011165,4.4,4.5,3.0,0,0,0,2.75,4.25,7.25,False
38011166,5.4,6.25,4.0,0,0,0,6.75,6.75,7.25,False
38011167,8.0,6.75,5.4,0,0,0,4.0,6.75,7.5,False
38011168,7.8,8.0,7.8,0,0,0,7.5,8.5,9.25,False
38011169,7.6,7.0,6.0,3.5,5.25,6.0,0,0,0,True
38011170,6.4,8.0,5.2,0,0,0,8.75,8.75,8.75,False
38011171,4.6,6.25,3.8,0,0,0,5.0,7.25,7.75,False
38011172,8.0,8.75,6.0,6.0,5.0,7.25,0,0,0,True
38011173,6.2,7.25,5.4,0,0,0,6.75,7.5,8.25,False
38011174,6.2,7.0,2.2,0,0,0,5.0,6.75,8.25,False
38011175,3.2,4.0,3.6,0,0,0,2.75,4.75,5.0,False
38011176,7.2,8.25,5.6,0,0,0,6.5,7.0,8.5,False
38011177,8.2,7.0,5.0,5.5,4.75,6.25,0,0,0,True
38011178,5.8,5.5,5.0,0,0,0,5.25,5.5,6.75,False
38011179,6.8,7.5,6.2,0,0,0,5.5,8.0,8.5,False
38011180,5.4,5.5,5.8,0,0,0,6.25,5.5,8.0,False
38011181,6.8,6.75,5.2,0,0,0,4.75,7.0,7.5,False
38011182,7.2,7.0,6.0,0,0,0,6.25,8.5,8.75,False
38011183,7.8,6.25,5.6,0,0,0,4.75,6.5,8.75,False
38011184,6.2,6.75,6.4,0,0,0,5.25,6.0,7.75,False
38011185,4.6,6.5,0,0,0,0,6.5,5.0,0,False
38011186,6.6,3.5,4.6,0,0,0,4.25,5.5,5.5,False
38011187,1.8,2.5,0,0,0,0,4.75,3.25,0,False
38011188,3.2,6.0,3.8,0,0,0,3.75,3.75,6.25,False
38011189,6.6,8.5,5.6,0,0,0,6.5,7.25,8.25,False
38011190,3.8,6.5,4.0,0,0,0,4.0,5.75,7.5,False
38011191,5.8,8.25,6.0,0,0,0,5.0,7.5,8.5,False
38011192,7.0,7.5,4.2,0,0,0,6.5,7.5,7.75,False
38011193,6.0,7.0,4.4,0,0,0,6.0,7.0,7.25,False
38011194,8.0,8.25,7.4,0,0,0,6.25,7.0,8.25,False
38011195,4.4,6.75,3.8,0,0,0,4.75,6.25,7.25,False
38011196,5.8,8.5,5.4,0,0,0,7.0,8.0,8.5,False
38011197,9.0,8.0,8.0,8.0,6.25,6.25,0,0,0,True
38011198,7.8,7.25,5.2,0,0,0,6.25,8.0,8.0,False
38011199,5.8,8.0,4.4,0,0,0,5.75,6.0,8.75,False
38011200,6.4,9.0,7.4,0,0,0,9.5,8.25,8.75,False
38011201,5.0,5.75,3.0,0,0,0,4.25,6.5,6.75,False
38011202,6.4,6.75,4.6,0,0,0,5.0,5.75,9.5,False
38011203,5.8,5.5,2.8,0,0,0,4.0,5.25,7.75,False
38011204,4.0,7.5,0,0,0,0,5.5,6.0,0,False
38011205,6.6,6.75,5.4,0,0,0,6.75,7.0,7.5,False
38011206,6.8,6.25,3.4,0,0,0,4.0,6.5,8.75,False
38011207,6.8,7.25,6.0,0,0,0,6.25,8.0,8.0,False
38011208,7.6,7.75,6.2,0,0,0,6.75,7.75,8.75,False
38011209,3.2,2.0,0,0,0,0,6.0,3.25,0,False
38011210,5.2,4.0,3.0,0,0,0,4.25,5.75,6.0,False
38011211,4.6,4.25,5.2,0,0,0,4.75,4.75,4.75,False
38011212,4.8,6.5,4.2,0,0,0,6.25,6.5,8.5,False
38011213,7.0,8.25,5.0,0,0,0,6.25,7.0,7.75,False
38011214,7.0,8.0,4.8,0,0,0,5.5,7.25,8.0,False
38011215,5.8,5.25,3.8,0,0,0,7.25,6.75,8.0,False
38011216,3.6,5.75,5.2,0,0,0,4.75,5.75,7.5,False
38011217,5.8,7.0,2.6,0,0,0,5.25,5.75,7.0,False
38011218,2.0,4.25,0,0,0,0,3.75,5.5,0,False
38011219,5.8,6.5,0,0,0,0,8.5,8.0,0,False
38011220,2.6,5.75,0,0,0,0,6.25,6.5,0,False
38011221,3.6,5.75,5.2,0,0,0,3.75,6.25,5.25,False
38011222,5.6,3.5,2.2,0,0,0,5.0,5.5,6.25,False
38011223,4.6,6.25,4.2,0,0,0,4.75,6.5,8.75,False
38011224,6.6,7.0,4.0,0,0,0,4.75,6.75,8.25,False
38011225,7.2,7.0,4.6,0,0,0,6.75,7.75,8.5,False
38011226,5.2,6.5,2.8,0,0,0,5.75,7.25,8.75,False
38011227,3.8,6.25,0,0,0,0,4.75,5.75,0,False
38011228,6.4,5.5,3.4,0,0,0,4.5,4.75,6.5,False
38011229,4.8,4.08,4.6,0,0,0,6.75,7.25,8.25,False
38011230,4.6,6.0,4.0,0,0,0,5.5,5.25,7.5,False
38011231,4.0,7.25,3.8,0,0,0,5.0,7.0,7.75,False
38011232,3.2,4.75,4.6,0,0,0,4.0,5.75,8.0,False
38011233,6.8,6.0,5.8,0,0,0,5.5,7.0,8.25,False
38011234,6.6,5.75,5.0,0,0,0,4.5,6.0,8.0,False
38011235,3.8,6.75,5.2,0,0,0,4.5,6.5,7.75,False
38011236,8.0,7.5,5.6,7.5,7.0,4.5,0,0,0,True
38011237,5.2,7.25,5.0,0,0,0,4.0,7.75,7.5,False
38011238,8.4,6.5,5.2,4.25,7.25,8.0,0,0,0,True
38011239,3.6,6.25,4.0,0,0,0,5.5,6.5,8.0,False
38011240,6.0,5.0,0,0,0,0,5.5,5.25,0,False
38011241,7.0,7.75,5.2,0,0,0,5.5,7.75,8.5,False
38011242,6.8,8.0,8.2,0,0,0,7.0,7.5,9.75,False
38011243,8.4,8.25,8.8,6.5,5.75,6.0,0,0,0,True
38011244,7.0,8.0,6.4,0,0,0,8.5,8.5,8.75,False
38011245,6.6,6.25,4.8,0,0,0,5.25,7.75,7.5,False
38011246,6.2,6.58,4.0,2.75,7.0,3.5,0,0,0,True
38011247,7.2,6.5,8.0,0,0,0,6.0,6.5,8.25,False
38011248,5.6,5.0,3.8,0,0,0,3.25,4.5,5.0,False
38011249,8.2,6.75,5.4,7.75,8.0,5.75,0,0,0,True
38011250,3.0,6.75,3.0,0,0,0,4.75,6.0,7.5,False
38011251,5.6,8.25,3.6,0,0,0,5.0,6.25,7.25,False
38011252,6.4,8.0,0,0,0,0,9.5,9.25,0,False
38011253,2.8,7.25,0,0,0,0,6.5,6.0,0,False
38011254,6.0,7.0,5.2,0,0,0,5.25,6.5,7.0,False
38011255,3.4,3.25,3.6,0,0,0,4.75,3.5,5.75,False
38011256,3.4,5.25,4.6,0,0,0,1.75,5.75,5.25,False
38011257,7.0,6.5,5.2,0,0,0,5.5,6.25,8.5,False
38011258,4.6,5.25,4.8,0,0,0,4.0,5.5,7.25,False
38011259,3.2,4.5,4.6,0,0,0,4.25,5.25,6.25,False
38011260,3.8,5.75,0,0,0,0,5.0,6.5,0,False
38011261,5.2,6.75,4.2,0,0,0,6.75,7.0,7.75,False
38011262,6.0,7.5,5.0,5.5,5.75,5.75,0,0,0,True
38011263,5.0,7.0,4.8,0,0,0,5.75,5.75,6.5,False
38011264,7.0,5.67,3.4,7.5,5.25,7.25,0,0,0,True
38011265,7.2,7.75,4.4,5.0,6.75,5.25,0,0,0,True
38011266,6.8,6.0,3.0,0,0,0,5.25,5.0,7.5,False
38011267,7.4,4.75,4.0,4.75,5.0,7.0,0,0,0,True
38011268,6.4,6.5,4.0,0,0,0,6.5,6.5,8.0,False
38011269,7.0,5.0,4.2,6.5,6.25,6.75,0,0,0,True
38011270,6.4,5.5,4.0,0,0,0,5.75,6.0,5.75,False
38011271,8.0,7.25,6.4,6.25,6.5,7.0,0,0,0,True
38011272,7.2,8.5,4.0,6.25,6.25,6.5,0,0,0,True
38011273,6.0,7.75,4.2,0,0,0,6.0,7.5,7.25,False
38011274,6.4,7.5,4.4,0,0,0,5.75,6.25,7.5,False
38011275,4.8,6.0,3.0,0,0,0,5.25,5.75,7.25,False
38011276,4.4,5.0,3.8,0,0,0,4.5,4.5,7.0,False
38011277,5.0,4.75,3.6,0,0,0,6.75,6.25,7.25,False
38011278,3.4,5.0,3.0,0,0,0,7.75,7.25,8.0,False
38011279,4.6,5.0,2.6,0,0,0,5.5,3.5,6.5,False
38011280,5.4,5.75,4.0,3.5,4.75,5.25,0,0,0,True
38011281,7.4,3.75,5.2,0,0,0,6.25,7.5,7.0,False
38011282,6.6,6.5,3.2,3.25,4.5,4.25,0,0,0,True
38011283,4.8,5.75,3.6,0,0,0,7.25,6.25,7.5,False
38011284,5.4,6.5,4.8,0,0,0,6.5,8.0,9.0,False
38011285,7.2,7.75,4.8,7.25,6.75,7.25,0,0,0,True
38011286,8.0,6.25,3.0,7.5,5.25,5.25,0,0,0,True
38011287,2.6,5.0,4.0,0,0,0,5.25,6.5,7.5,False
38011288,3.4,5.5,2.4,0,0,0,6.75,5.75,7.5,False
38011289,4.4,5.25,4.0,0,0,0,5.0,6.25,7.75,False
38011290,7.6,5.75,2.2,7.75,6.5,3.5,0,0,0,True
38011291,6.8,4.75,3.4,0,0,0,4.25,4.25,5.5,False
38011292,6.6,6.0,5.4,0,0,0,5.5,6.75,6.5,False
38011293,7.0,6.5,5.6,5.75,6.0,7.0,0,0,0,True
38011294,6.8,6.5,4.8,3.75,5.75,6.0,0,0,0,True
38011295,4.2,5.75,4.0,0,0,0,5.0,6.5,8.0,False
38011296,6.2,7.0,6.4,0,0,0,7.0,8.75,9.5,False
38011297,8.4,7.25,7.6,5.75,7.25,6.25,0,0,0,True
38011298,3.8,4.25,4.2,0,0,0,6.75,6.0,7.75,False
38011299,7.0,7.0,5.4,7.0,7.5,5.0,0,0,0,True
38011300,7.0,6.75,3.4,0,0,0,6.75,7.25,7.75,False
38011301,5.6,4.5,3.0,0,0,0,4.75,5.0,7.25,False
38011302,7.6,0,0,7.5,7.0,0,0,0,0,True
38011303,7.6,6.75,4.4,5.5,6.25,6.0,0,0,0,True
38011304,3.4,5.0,2.8,0,0,0,5.25,6.25,7.25,False
38011305,4.0,5.5,3.6,0,0,0,5.5,6.25,8.0,False
38011306,3.6,5.0,2.8,0,0,0,4.5,4.5,7.25,False
38011307,8.0,0,4.4,6.25,0,0,0,0,0,True
38011308,7.0,5.75,2.8,3.5,5.25,5.25,0,0,0,True
38011309,5.2,6.25,3.0,1.75,5.0,6.5,0,0,0,True
38011310,5.2,6.5,3.4,3.75,4.25,4.75,0,0,0,True
38011311,4.8,4.75,3.6,0,0,0,5.75,6.25,7.25,False
38011312,3.2,6.25,1.8,0,0,0,5.25,6.0,7.25,False
38011313,5.8,6.0,3.4,0,0,0,5.0,5.5,7.0,False
38011314,7.2,6.5,3.8,7.0,6.75,6.25,0,0,0,True
38011315,5.8,5.5,2.6,0,0,0,4.5,5.75,5.75,False
38011316,2.4,4.0,2.8,0,0,0,4.75,5.5,6.25,False
38011317,5.2,5.0,3.8,0,0,0,4.75,4.25,7.0,False
38011318,5.0,5.5,3.4,0,0,0,6.25,6.25,7.25,False
38011319,4.8,5.25,4.2,0,0,0,4.5,5.0,6.0,False
38011320,6.6,6.0,3.6,0,0,0,6.75,7.5,9.0,False
38011321,6.6,6.0,3.8,0,0,0,8.5,7.5,8.0,False
38011322,3.0,5.5,3.4,0,0,0,5.5,6.25,7.25,False
38011323,5.4,4.75,2.6,0,0,0,4.5,6.5,8.75,False
38011324,6.0,6.5,3.6,4.5,6.25,4.5,0,0,0,True
38011325,5.6,4.25,2.8,0,0,0,6.5,8.0,8.0,False
38011326,5.2,6.0,4.2,0,0,0,6.0,6.5,8.25,False
38011327,5.6,7.0,5.0,0,0,0,7.0,7.25,6.5,False
38011328,4.0,2.25,4.2,0,0,0,4.5,3.25,5.25,False
38011329,2.8,4.75,5.4,0,0,0,4.0,3.25,6.0,False
38011330,7.0,7.25,7.0,5.0,4.75,4.75,0,0,0,True
38011331,5.8,6.0,5.4,0,0,0,6.75,6.25,7.75,False
38011332,5.6,6.5,3.6,3.75,3.75,4.0,0,0,0,True
38011333,7.8,7.5,8.2,4.0,5.5,6.75,0,0,0,True
38011334,7.8,8.0,4.8,5.75,5.5,5.75,0,0,0,True
38011335,2.8,1.75,3.2,0,0,0,3.75,5.0,7.0,False
38011336,4.2,6.0,3.0,0,0,0,4.75,7.0,7.5,False
38011337,4.6,4.75,3.2,0,0,0,6.25,6.25,6.25,False
38011338,5.0,5.25,4.6,0,0,0,7.75,8.0,9.0,False
38011339,4.8,5.75,3.8,0,0,0,3.75,6.0,7.0,False
38011340,6.0,5.75,3.8,0,0,0,5.5,6.75,8.5,False
38011341,5.2,5.0,4.0,0,0,0,5.0,5.75,6.25,False
38011342,5.4,6.0,4.2,0,0,0,4.75,6.25,7.25,False
38011343,6.0,5.25,3.4,5.75,5.5,4.25,0,0,0,True
38011344,4.0,3.25,3.0,0,0,0,3.5,4.0,4.75,False
38011345,2.0,2.5,2.0,0,0,0,3.75,6.5,7.0,False
38011346,6.0,5.25,3.8,0,0,0,6.5,6.75,7.25,False
38011347,5.2,6.25,3.4,0,0,0,6.0,6.5,6.75,False
38011348,7.4,6.75,2.6,3.5,2.5,3.5,0,0,0,True
38011349,3.0,5.0,2.2,0,0,0,3.25,4.5,6.75,False
38011350,8.2,7.75,4.6,8.5,7.25,7.5,0,0,0,True
38011351,4.4,4.75,2.6,4.75,4.25,5.0,0,0,0,True
38011352,2.4,5.0,3.2,0,0,0,5.5,6.0,6.75,False
38011353,5.2,5.25,2.4,0,0,0,4.75,7.5,8.75,False
38011354,5.0,7.0,3.0,0,0,0,5.5,6.75,8.0,False
38011355,2.8,3.5,2.2,0,0,0,7.5,8.25,8.0,False
38011356,4.0,5.25,3.4,0,0,0,6.25,5.25,6.0,False
38011357,5.6,4.75,3.6,0,0,0,6.0,6.75,7.5,False
38011358,7.4,7.75,5.8,0,0,0,9.25,8.75,9.5,False
38011359,7.4,8.25,4.0,4.75,5.75,4.5,0,0,0,True
38011360,4.8,4.75,2.6,0,0,0,6.0,6.75,8.0,False
38011361,7.0,6.75,3.2,5.25,5.5,5.25,0,0,0,True
38011362,4.2,6.25,4.2,0,0,0,5.25,6.75,8.75,False
38011363,5.6,3.25,3.2,0,0,0,6.0,7.0,8.75,False
38011364,4.6,5.25,4.0,0,0,0,7.25,7.75,8.25,False
38011365,5.2,4.5,5.0,4.25,5.5,5.25,0,0,0,True
38011366,5.4,4.25,4.4,0,0,0,7.25,7.5,6.5,False
38011367,0,8.5,0,0,0,0,9.0,9.5,0,False
38011368,5.2,5.0,4.0,0,0,0,4.25,4.5,7.75,False
38011369,4.6,3.75,3.2,0,0,0,4.25,5.25,7.25,False
38011370,6.8,6.5,4.0,0,0,0,7.75,8.0,9.25,False
38011371,6.8,7.0,4.0,6.75,7.25,5.75,0,0,0,True
38011372,5.6,5.0,4.2,0,0,0,4.75,7.0,7.0,False
38011373,6.8,6.0,6.2,0,0,0,6.0,5.25,6.75,False
38011374,3.4,5.0,3.8,0,0,0,7.25,7.0,6.75,False
38011375,7.6,8.25,5.0,7.5,7.75,8.75,0,0,0,True
38011376,8.0,7.5,5.0,7.5,8.0,5.5,0,0,0,True
38011377,4.4,4.0,3.4,0,0,0,4.25,5.5,5.5,False
38011378,7.2,6.25,3.4,6.0,7.0,5.0,0,0,0,True
38011379,6.8,4.75,3.6,4.0,5.5,5.25,0,0,0,True
38011380,5.2,6.0,2.8,0,0,0,3.5,6.25,8.5,False
38011381,6.8,6.0,3.8,0,0,0,7.5,8.25,8.25,False
38011382,4.2,4.75,4.4,0,0,0,6.5,4.75,8.25,False
38011383,4.0,6.0,4.6,0,0,0,6.5,6.5,7.5,False
38011384,3.2,5.0,3.0,0,0,0,6.25,7.0,8.75,False
38011385,3.2,4.75,2.8,0,0,0,5.0,6.25,5.0,False
38011386,4.4,8.75,4.2,0,0,0,9.5,8.75,9.0,False
38011387,6.2,5.75,4.0,0,0,0,5.5,6.5,7.75,False
38011388,2.6,4.75,1.8,0,0,0,5.75,7.5,8.25,False
38011389,4.4,4.75,4.0,0,0,0,5.0,5.0,6.25,False
38011390,4.0,3.75,2.2,0,0,0,4.0,4.25,5.5,False
38011391,7.6,7.25,3.4,3.5,5.75,6.0,0,0,0,True
38011392,5.6,6.5,5.4,3.75,6.75,6.0,0,0,0,True
38011393,6.0,6.0,2.8,4.25,4.0,5.75,0,0,0,True
38011394,5.8,5.25,3.4,0,0,0,4.0,7.25,8.0,False
38011395,5.4,6.0,3.4,0,0,0,5.25,7.25,7.25,False
38011396,5.0,4.75,2.8,0,0,0,3.75,4.75,5.5,False
38011397,5.2,5.0,4.0,0,0,0,5.0,5.0,6.25,False
38011398,2.4,4.0,3.6,0,0,0,5.0,5.75,5.5,False
38011399,4.2,5.25,4.2,0,0,0,4.0,5.75,7.5,False
38011400,6.0,6.0,3.4,4.75,3.5,5.5,0,0,0,True
38011401,6.0,5.25,3.8,2.0,5.0,5.75,0,0,0,True
38011402,6.8,5.75,2.8,3.25,4.5,4.25,0,0,0,True
38011403,4.2,5.0,2.4,0,0,0,4.0,3.25,6.75,False
38011404,2.6,3.75,2.0,0,0,0,5.25,3.25,4.5,False
38011405,5.2,5.5,3.0,0,0,0,6.0,7.5,7.25,False
38011406,6.6,6.25,4.6,0,0,0,5.0,6.5,7.0,False
38011407,5.6,6.75,2.8,0,0,0,4.25,7.0,8.25,False
38011408,3.6,5.5,4.0,2.75,3.5,5.0,0,0,0,True
38011409,6.6,5.5,3.6,5.75,4.0,4.75,0,0,0,True
38011410,6.2,7.0,4.8,0,0,0,6.0,8.0,9.0,False
38011411,4.8,5.0,3.8,0,0,0,6.0,5.75,7.0,False
38011412,3.4,5.0,3.4,0,0,0,5.75,4.0,6.75,False
38011413,7.0,4.75,2.2,0,0,0,7.75,7.75,8.25,False
38011414,6.4,6.0,3.4,4.0,5.25,6.0,0,0,0,True
38011415,7.0,6.0,2.8,2.5,4.75,6.25,0,0,0,True
38011416,6.4,6.0,4.4,0,0,0,6.0,6.0,8.5,False
38011417,4.6,7.25,1.4,0,0,0,5.5,5.75,8.75,False
38011418,5.6,5.0,3.6,4.5,4.5,5.25,0,0,0,True
38011419,6.4,5.75,2.8,0,0,0,4.25,7.5,7.75,False
38011420,6.6,7.25,4.4,4.5,4.0,4.25,0,0,0,True
38011421,7.2,6.75,4.6,5.5,6.25,7.0,0,0,0,True
38011422,5.2,7.5,3.4,0,0,0,5.25,4.75,7.25,False
38011423,6.4,7.0,4.0,3.0,4.75,3.75,0,0,0,True
38011424,5.0,6.75,4.8,0,0,0,6.25,7.0,8.75,False
38011425,7.0,6.25,7.4,5.25,5.0,6.5,0,0,0,True
38011426,7.2,5.0,3.8,0,0,0,5.25,6.75,8.0,False
38011427,4.8,6.0,3.2,0,0,0,3.75,6.75,8.25,False
38011428,6.0,5.25,2.4,0,0,0,5.25,5.75,6.75,False
38011429,6.4,6.0,4.2,7.75,7.5,5.25,0,0,0,True
38011430,5.6,6.0,3.8,0,0,0,4.0,5.5,7.25,False
38011431,2.8,3.75,3.4,0,0,0,4.75,4.0,4.75,False
38011432,5.4,6.0,3.0,0,0,0,3.75,4.75,6.5,False
38011433,3.2,5.5,1.4,0,0,0,2.5,4.75,4.0,False
38011434,6.4,6.0,2.2,0,0,0,4.5,6.25,7.5,False
38011435,4.8,6.0,1.8,2.75,3.75,4.5,0,0,0,True
38011436,6.4,8.0,4.4,6.75,3.25,6.0,0,0,0,True
38011437,3.4,6.5,3.6,0,0,0,4.5,4.25,6.25,False
38011438,6.4,7.5,5.4,0,0,0,7.0,8.0,9.75,False
38011439,6.2,4.25,5.2,0,0,0,7.0,7.5,9.0,False
38011440,5.4,6.25,3.2,0,0,0,5.25,5.5,8.25,False
38011441,4.4,5.5,3.2,0,0,0,5.0,7.75,7.25,False
38011442,5.8,4.25,3.8,4.0,6.0,5.5,0,0,0,True
38011443,4.4,5.25,3.0,0,0,0,4.25,5.5,7.0,False
38011444,6.4,4.75,2.8,0,0,0,5.0,5.5,7.25,False
38011445,6.4,5.5,4.0,5.0,4.75,4.75,0,0,0,True
38011446,7.2,7.0,7.0,7.0,5.5,5.5,0,0,0,True
38011447,6.0,8.0,4.2,0,0,0,7.75,8.5,7.5,False
38011448,5.0,6.0,3.2,2.0,5.25,6.25,0,0,0,True
38011449,5.4,6.75,3.6,0,0,0,4.75,7.25,7.5,False
38011450,8.0,5.5,3.2,7.25,7.25,4.25,0,0,0,True
38011451,4.2,5.75,2.6,0,0,0,5.75,6.25,6.5,False
38011452,6.6,6.25,3.0,0,0,0,6.5,7.25,8.25,False
38011453,7.0,5.5,3.4,6.25,5.75,5.25,0,0,0,True
38011454,7.2,5.75,4.4,0,0,0,7.0,8.25,9.25,False
38011455,7.2,5.5,4.0,0,0,0,5.0,6.75,7.75,False
38011456,4.6,3.75,3.0,0,0,0,5.25,4.5,7.0,False
38011457,6.6,6.75,3.6,0,0,0,7.0,8.25,8.25,False
38011458,5.6,6.0,3.2,0,0,0,5.25,7.5,8.0,False
38011459,4.6,6.5,3.2,3.5,4.5,6.5,0,0,0,True
38011460,7.6,7.0,2.8,3.25,3.75,5.75,0,0,0,True
38011461,6.0,5.75,3.2,0,0,0,8.5,6.25,7.0,False
38011462,6.6,6.5,5.2,5.5,5.25,6.75,0,0,0,True
38011463,6.2,6.25,3.0,4.5,4.25,6.25,0,0,0,True
38011464,6.2,5.75,4.4,3.75,5.0,5.0,0,0,0,True
38011465,4.2,6.0,3.6,0,0,0,6.0,6.25,8.75,False
38011466,3.6,2.5,4.0,0,0,0,3.5,5.25,5.0,False
38011467,7.4,7.0,6.0,6.0,6.0,7.25,0,0,0,True
38011468,5.2,6.0,2.8,0,0,0,7.0,8.25,8.0,False
38011469,6.4,7.75,3.8,0,0,0,7.75,8.25,8.75,False
38011470,6.2,8.0,4.6,0,0,0,6.5,7.0,7.75,False
38011471,6.8,4.5,4.0,4.5,5.0,6.75,0,0,0,True
38011472,5.4,5.0,6.0,5.0,2.5,6.0,0,0,0,True
38011473,5.4,5.75,5.0,0,0,0,4.5,7.0,6.5,False
38011474,5.0,5.75,3.6,0,0,0,5.5,5.75,7.5,False
38011475,4.0,6.0,3.8,0,0,0,5.25,6.75,7.5,False
38011476,4.4,6.5,5.0,0,0,0,6.0,6.0,8.75,False
38011477,8.2,6.75,8.6,8.5,4.25,7.5,0,0,0,True
38011478,6.0,5.75,4.4,4.25,4.25,5.75,0,0,0,True
38011479,4.8,5.5,4.6,0,0,0,6.25,5.75,7.25,False
38011480,5.2,6.75,4.6,4.5,3.5,5.5,0,0,0,True
38011481,5.8,6.5,2.8,4.5,6.5,5.5,0,0,0,True
38011482,5.8,5.0,2.6,0,0,0,5.5,6.75,7.5,False
38011483,6.6,5.0,3.0,2.75,5.0,6.5,0,0,0,True
38011484,5.2,4.5,2.4,0,0,0,5.75,6.25,7.75,False
38011485,6.8,7.25,4.2,7.0,6.0,6.0,0,0,0,True
38011486,6.0,6.0,3.8,0,0,0,4.5,6.0,6.5,False
38011487,6.4,8.25,3.6,6.25,6.75,6.25,0,0,0,True
38011488,6.8,6.0,4.4,0,0,0,5.25,3.0,6.75,False
38011489,5.6,7.25,2.8,0,0,0,5.75,6.5,6.5,False
38011490,5.4,7.75,5.0,0,0,0,7.25,7.0,8.25,False
38011491,7.0,7.25,5.6,0,0,0,7.75,8.5,8.75,False
38011492,5.2,5.25,2.6,0,0,0,6.25,6.0,8.0,False
38011493,5.4,6.5,4.0,4.5,4.5,6.25,0,0,0,True
38011494,4.2,5.0,2.6,0,0,0,4.0,4.75,5.5,False
38011495,5.4,5.75,2.8,0,0,0,6.5,6.75,7.75,False
38011496,5.2,5.0,4.6,0,0,0,4.5,6.0,8.75,False
38011497,5.2,5.0,3.0,0,0,0,4.75,7.0,7.25,False
38011498,7.2,5.0,3.6,5.0,5.75,5.0,0,0,0,True
38011499,5.0,5.08,3.4,0,0,0,7.0,7.5,7.0,False
38011500,3.8,5.0,4.0,0,0,0,4.75,5.25,5.5,False
38011501,6.6,5.5,3.2,0,0,0,7.0,6.75,7.75,False
38011502,7.8,6.5,4.2,6.0,7.5,6.0,0,0,0,True
38011503,5.2,7.5,4.2,0,0,0,8.0,7.5,8.75,False
38011504,7.6,5.75,6.4,0,0,0,8.75,9.25,9.25,False
38011505,5.8,8.5,5.4,0,0,0,8.5,8.75,9.0,False
38011506,6.6,7.75,4.4,0,0,0,7.75,9.0,8.5,False
38011507,8.0,8.25,3.8,6.5,6.75,7.0,0,0,0,True
38011508,7.0,6.25,3.2,4.5,4.5,5.5,0,0,0,True
38011509,7.6,7.25,3.6,7.5,7.25,7.5,0,0,0,True
38011510,6.6,6.5,4.6,5.0,5.75,6.25,0,0,0,True
38011511,8.4,6.25,5.4,6.0,4.75,6.75,0,0,0,True
38011512,8.0,7.25,5.8,6.25,6.0,7.0,0,0,0,True
38011513,7.6,6.25,3.6,6.75,5.25,6.0,0,0,0,True
38011514,6.6,5.0,2.6,0,0,0,5.75,4.75,6.0,False
38011515,3.6,5.5,3.2,0,0,0,6.0,7.0,7.0,False
38011516,6.6,5.0,3.4,0,0,0,5.5,6.5,7.25,False
38011517,4.8,6.25,4.2,0,0,0,6.0,6.75,8.25,False
38011518,5.8,3.75,4.8,0,0,0,5.5,6.25,8.0,False
38011519,6.6,5.0,4.4,0,0,0,7.5,6.5,8.0,False
38011520,6.6,6.75,4.8,5.25,4.25,6.0,0,0,0,True
38011521,6.6,5.5,4.2,0,0,0,5.25,4.75,5.75,False
38011522,6.2,6.0,3.0,0,0,0,4.5,6.5,8.0,False
38011523,5.6,5.5,2.6,0,0,0,5.5,5.5,8.25,False
38011524,4.2,6.0,4.4,0,0,0,5.25,6.25,8.25,False
38011525,3.8,6.0,2.4,0,0,0,4.0,4.25,7.25,False
38011526,3.6,6.0,2.2,0,0,0,3.75,4.5,7.25,False
38011527,2.8,2.75,2.4,0,0,0,3.75,4.5,4.25,False
38011528,4.8,5.5,2.4,0,0,0,4.5,5.75,8.0,False
38011529,6.4,6.75,3.6,4.25,5.75,5.75,0,0,0,True
38011530,3.4,6.0,2.4,0,0,0,5.5,6.75,7.75,False
38011531,5.0,5.0,3.2,0,0,0,8.0,7.0,8.5,False
38011532,4.0,4.0,3.4,0,0,0,6.25,7.25,8.5,False
38011533,4.0,5.83,2.2,0,0,0,3.75,5.5,6.5,False
38011534,4.4,5.0,3.8,0,0,0,5.25,5.75,7.25,False
38011535,3.0,6.5,4.2,0,0,0,4.0,5.5,8.0,False
38011536,3.8,5.0,2.6,0,0,0,4.0,4.5,6.75,False
38011537,5.4,5.0,2.6,2.5,4.0,4.75,0,0,0,True
38011538,4.0,5.0,3.0,0,0,0,5.25,3.5,5.25,False
38011539,3.6,5.5,2.8,0,0,0,4.5,5.25,6.5,False
38011540,5.4,6.25,5.0,5.75,4.0,4.5,0,0,0,True
38011541,2.8,7.0,4.0,0,0,0,5.0,7.25,7.0,False
38011542,4.6,5.0,4.0,0,0,0,6.75,6.5,8.0,False
38011543,5.6,7.0,3.6,5.75,6.0,5.25,0,0,0,True
38011544,4.8,7.0,2.8,0,0,0,3.75,5.5,5.75,False
38011545,3.4,4.5,3.8,0,0,0,5.25,5.25,7.0,False
38011546,8.2,0,4.8,5.0,0,0,0,0,0,True
38011547,6.8,8.75,5.0,0,0,0,7.5,8.0,7.25,False
38011548,5.6,4.25,4.4,0,0,0,6.25,6.5,6.5,False
38011549,7.0,6.0,5.0,0,0,0,4.75,7.5,7.5,False
38011550,5.2,8.0,4.2,0,0,0,6.5,5.0,8.25,False
38011551,8.0,6.25,5.8,8.0,7.5,4.25,0,0,0,True
38011552,8.0,8.5,8.4,0,0,0,4.5,5.0,8.0,False
38011553,5.6,5.75,2.8,0,0,0,6.25,6.5,7.5,False
38011554,8.0,7.75,5.4,7.75,7.75,8.0,0,0,0,True
38011555,8.2,5.75,6.6,7.0,5.25,5.75,0,0,0,True
38011556,5.8,8.75,5.2,0,0,0,4.5,7.75,7.5,False
38011557,8.2,7.25,4.8,6.25,7.0,5.75,0,0,0,True
38011558,6.0,5.0,3.4,6.25,7.5,6.75,0,0,0,True
38011559,7.6,7.5,4.0,7.75,8.25,5.0,0,0,0,True
38011560,6.2,6.0,3.4,2.75,3.5,5.0,0,0,0,True
38011561,6.6,4.5,4.0,0,0,0,5.25,5.0,5.75,False
38011562,3.6,6.5,4.0,0,0,0,3.0,5.25,6.25,False
38011563,6.6,5.5,6.2,0,0,0,4.5,5.25,6.0,False
38011564,7.6,6.75,6.2,9.0,9.0,7.0,0,0,0,True
38011565,7.0,5.0,5.2,0,0,0,5.0,4.0,6.5,False
38011566,5.6,4.5,5.8,0,0,0,6.25,6.75,8.0,False
38011567,5.4,5.75,4.8,0,0,0,5.75,5.75,6.75,False
38011568,6.0,5.25,6.8,0,0,0,5.25,8.0,9.0,False
38011569,6.4,4.0,3.2,0,0,0,4.0,7.0,7.25,False
38011570,9.0,5.5,4.8,8.75,8.5,5.25,0,0,0,True
38011571,4.6,4.75,3.4,0,0,0,6.0,5.0,6.75,False
38011572,5.6,6.75,3.2,0,0,0,7.25,6.25,8.0,False
38011573,7.6,6.75,5.2,0,0,0,7.0,7.25,9.25,False
38011574,0,7.5,6.6,0,0,0,8.25,9.75,8.75,False
38011575,5.4,6.75,5.0,0,0,0,6.75,8.25,7.75,False
38011576,7.8,7.75,6.2,0,0,0,8.0,9.75,9.5,False
38011577,0,8.0,0,0,0,0,9.25,9.75,0,False
38011578,6.8,8.25,7.2,0,0,0,7.75,8.75,8.5,False
38011579,5.2,6.75,6.4,0,0,0,7.5,7.0,8.75,False
38011580,7.0,7.5,6.4,0,0,0,7.25,6.5,8.25,False
38011581,4.6,5.5,3.2,0,0,0,3.5,3.5,4.25,False
38011582,5.4,7.0,3.0,0,0,0,5.0,6.0,8.25,False
38011583,7.2,8.75,6.4,0,0,0,6.0,6.75,8.5,False
38011584,5.6,6.0,4.8,0,0,0,5.0,6.5,7.25,False
38011585,5.4,5.25,4.6,0,0,0,6.25,7.0,6.25,False
38011586,6.2,7.5,2.4,0,0,0,5.0,6.25,7.5,False
38011587,7.4,5.75,2.8,7.25,7.75,6.75,0,0,0,True
38011588,5.4,4.5,3.2,0,0,0,5.25,3.75,7.0,False
38011589,7.2,4.0,4.4,5.25,3.75,5.0,0,0,0,True
38011590,6.8,4.75,6.4,5.25,5.5,5.0,0,0,0,True
38011591,5.6,6.0,3.4,0,0,0,6.25,5.25,7.25,False
38011592,4.6,4.5,4.6,0,0,0,5.75,3.5,4.25,False
38011593,6.2,8.25,4.6,0,0,0,6.75,7.0,8.0,False
38011594,4.6,7.25,5.2,0,0,0,6.75,5.75,7.25,False
38011595,5.6,4.75,4.2,0,0,0,6.25,5.75,7.5,False
38011596,7.2,7.25,2.2,8.0,8.5,6.5,0,0,0,True
38011597,4.8,5.0,2.4,0,0,0,5.25,5.0,5.5,False
38011598,6.6,7.25,4.0,5.5,8.5,5.75,0,0,0,True
38011599,7.6,7.5,4.2,0,0,0,6.5,9.0,9.25,False
38011600,7.2,4.25,4.8,7.25,5.25,5.25,0,0,0,True
38011601,5.4,6.5,2.4,0,0,0,6.5,7.0,8.5,False
38011602,7.4,6.0,4.0,0,0,0,8.5,7.0,8.5,False
38011603,6.0,7.25,5.0,0,0,0,6.75,7.0,7.25,False
38011604,6.6,4.5,4.8,7.0,5.0,5.5,0,0,0,True
38011605,7.4,5.25,6.8,8.0,6.75,7.0,0,0,0,True
38011606,4.2,5.75,2.0,0,0,0,6.5,5.75,7.5,False
38011607,8.6,6.0,4.4,8.75,8.75,7.0,0,0,0,True
38011608,8.0,7.0,4.8,8.5,7.5,6.0,0,0,0,True
38011609,7.6,7.5,5.8,6.25,7.25,8.0,0,0,0,True
38011610,6.0,5.25,3.0,0,0,0,4.75,7.0,7.0,False
38011611,6.4,5.25,3.6,0,0,0,6.75,6.75,6.0,False
38011612,0,4.0,0,0,0,0,5.25,4.75,0,False
38011613,6.8,7.25,5.6,0,0,0,7.25,8.5,8.75,False
38011614,4.8,6.75,2.8,0,0,0,5.5,5.0,7.0,False
38011615,8.8,8.5,5.6,8.25,8.5,6.0,0,0,0,True
38011616,8.4,6.5,7.2,7.75,4.5,5.0,0,0,0,True
38011617,4.4,5.75,2.4,0,0,0,5.5,6.25,7.25,False
38011618,4.2,5.75,3.4,0,0,0,7.0,6.5,7.25,False
38011619,7.6,6.75,5.0,7.5,5.0,6.5,0,0,0,True
38011620,6.2,5.0,6.4,5.25,4.75,7.0,0,0,0,True
38011621,8.0,5.0,5.0,0,0,0,7.25,6.75,8.75,False
38011622,3.8,6.25,4.0,0,0,0,5.25,5.25,7.25,False
38011623,5.0,4.75,4.4,0,0,0,5.5,4.25,6.0,False
38011624,7.4,6.25,4.0,0,0,0,5.5,5.75,8.25,False
38011625,8.4,9.0,9.2,3.75,8.5,7.75,0,0,0,True
38011626,6.4,5.25,5.0,0,0,0,5.25,6.75,7.75,False
38011627,6.8,7.75,5.0,0,0,0,5.5,7.75,8.5,False
38011628,5.6,7.5,5.0,0,0,0,5.75,5.0,7.5,False
38011629,6.8,6.25,4.8,8.0,7.5,5.75,0,0,0,True
38011630,7.0,5.75,5.0,6.0,5.25,6.25,0,0,0,True
38011631,5.4,7.0,3.8,0,0,0,6.5,6.75,8.25,False
38011632,4.6,5.75,3.6,0,0,0,5.5,6.25,7.75,False
38011633,4.8,6.25,4.4,0,0,0,5.25,5.75,6.25,False
38011634,8.2,5.75,4.4,8.75,9.0,5.25,0,0,0,True
38011635,5.4,7.5,4.0,0,0,0,7.5,7.75,8.5,False
38011636,3.8,5.75,3.8,0,0,0,5.25,5.0,5.25,False
38011637,6.2,2.5,2.6,0,0,0,4.75,5.75,5.75,False
38011638,4.4,7.25,4.0,0,0,0,5.0,5.0,4.5,False
38011639,4.0,4.0,3.4,0,0,0,6.75,7.25,8.25,False
38011640,5.2,4.5,3.4,0,0,0,4.5,6.0,6.25,False
38011641,7.2,8.25,4.4,0,0,0,8.0,6.75,8.0,False
38011642,5.0,2.5,2.0,0,0,0,4.5,5.5,6.75,False
38011643,7.0,8.25,3.4,0,0,0,7.0,7.75,8.5,False
38011644,4.0,5.0,1.6,0,0,0,6.0,7.25,9.0,False
38011645,5.8,8.5,3.8,0,0,0,6.5,6.75,9.0,False
38011646,4.8,6.0,3.6,0,0,0,5.75,5.25,7.75,False
38011647,6.4,7.0,4.8,0,0,0,6.75,7.75,8.5,False
38011648,6.0,6.0,4.0,0,0,0,5.0,4.75,9.25,False
38011649,7.2,8.75,7.0,0,0,0,8.25,7.75,8.5,False
38011650,7.6,7.5,5.2,0,0,0,7.5,7.25,9.25,False
38011651,8.2,7.75,6.4,0,0,0,6.0,5.75,6.5,False
38011652,6.8,7.5,4.8,8.25,7.25,6.75,0,0,0,True
38011653,4.6,6.75,4.0,0,0,0,5.25,6.75,8.5,False
38011654,5.8,6.5,4.0,0,0,0,6.0,7.0,7.75,False
38011655,7.8,7.5,4.6,0,0,0,6.5,7.0,8.0,False
38011656,5.8,6.75,6.4,0,0,0,6.5,7.0,8.75,False
38011657,8.8,7.75,6.8,0,0,0,8.5,8.0,8.75,False
38011658,5.2,6.0,4.0,0,0,0,6.75,7.75,8.5,False
38011659,7.2,5.75,4.4,0,0,0,5.75,5.5,7.5,False
38011660,8.0,5.0,4.4,7.75,8.0,4.75,0,0,0,True
38011661,8.2,7.5,7.0,6.25,6.5,7.0,0,0,0,True
38011662,0,8.0,0,0,0,0,10.0,10.0,0,False
38011663,9.0,8.0,7.6,8.75,9.5,6.75,0,0,0,True
38011664,7.2,5.25,6.4,0,0,0,6.0,6.75,7.25,False
38011665,6.4,7.0,5.2,0,0,0,7.25,8.0,8.25,False
38011666,7.8,6.75,5.0,6.75,8.25,6.25,0,0,0,True
38011667,6.4,6.5,5.2,0,0,0,4.25,7.75,9.25,False
38011668,5.8,5.75,4.4,0,0,0,7.0,5.5,7.75,False
38011669,4.6,5.75,4.4,0,0,0,5.25,5.75,6.75,False
38011670,6.0,5.5,5.2,0,0,0,7.25,7.5,8.75,False
38011671,5.0,5.75,4.6,0,0,0,6.5,7.25,8.25,False
38011672,7.2,5.75,4.8,0,0,0,7.5,6.75,8.0,False
38011673,4.4,5.75,6.6,0,0,0,6.5,7.75,8.25,False
38011674,2.6,3.5,4.8,0,0,0,5.5,6.0,7.5,False
38011675,7.6,6.0,6.2,7.75,6.0,7.0,0,0,0,True
38011676,2.4,2.25,4.0,0,0,0,5.0,2.75,5.5,False
38011677,4.2,2.5,3.8,0,0,0,4.0,5.5,6.25,False
38011678,8.0,6.25,4.6,7.75,8.0,5.25,0,0,0,True
38011679,8.0,7.0,3.4,7.75,8.25,4.75,0,0,0,True
38011680,5.4,4.0,4.2,0,0,0,6.25,8.5,7.5,False
38011681,4.2,5.5,4.2,0,0,0,7.0,5.25,8.25,False
38011682,7.0,8.0,4.0,4.5,4.75,5.25,0,0,0,True
38011683,5.2,7.25,4.4,0,0,0,7.5,7.25,8.5,False
38011684,4.4,7.25,5.6,0,0,0,5.75,6.0,8.5,False
38011685,8.0,8.0,8.8,6.25,9.0,6.25,0,0,0,True
38011686,5.0,6.0,4.6,0,0,0,3.0,7.0,7.75,False
38011687,6.0,7.0,5.2,0,0,0,4.75,5.0,8.75,False
38011688,4.4,5.0,3.8,0,0,0,6.25,5.5,6.75,False
38011689,6.4,7.25,4.6,0,0,0,7.25,8.0,9.0,False
38011690,5.4,6.0,4.0,0,0,0,7.0,7.25,7.5,False
38011691,0,6.25,0,0,0,0,6.5,6.5,0,False
38011692,5.2,4.5,4.2,0,0,0,6.0,5.25,7.25,False
38011693,5.2,5.25,4.0,0,0,0,6.25,5.5,8.75,False
38011694,5.2,6.0,3.6,0,0,0,6.25,7.0,7.75,False
38011695,7.2,6.0,4.0,0,0,0,8.5,8.25,7.5,False
38011696,8.6,3.0,4.4,8.25,7.5,5.5,0,0,0,True
38011697,4.4,5.75,2.6,0,0,0,6.25,6.0,7.75,False
38011698,8.2,5.5,2.2,8.5,9.0,5.25,0,0,0,True
38011699,8.0,6.25,6.6,8.75,9.0,7.0,0,0,0,True
38011700,7.4,6.25,4.8,7.0,6.75,5.0,0,0,0,True
38011701,9.0,5.0,4.4,8.75,8.75,6.0,0,0,0,True
38011702,7.4,6.0,6.2,0,0,0,6.25,6.5,8.25,False
38011703,4.0,3.25,3.0,0,0,0,5.75,7.0,5.5,False
38011704,6.4,3.5,3.8,0,0,0,5.75,6.75,8.5,False
38011705,7.2,5.75,4.2,0,0,0,6.5,6.0,7.75,False
38011706,6.8,6.5,3.4,0,0,0,7.75,7.5,8.0,False
38011707,7.8,5.0,3.2,6.0,5.0,3.5,0,0,0,True
38011708,6.0,5.5,2.8,0,0,0,6.0,5.0,6.75,False
38011709,4.8,5.75,2.8,0,0,0,6.5,8.0,6.25,False
38011710,5.8,8.0,3.0,0,0,0,8.5,9.0,9.0,False
38011711,6.6,7.5,4.4,0,0,0,5.25,6.75,8.75,False
38011712,6.0,6.75,4.2,0,0,0,6.0,7.25,8.0,False
38011713,3.8,8.25,4.4,0,0,0,6.25,7.0,8.75,False
38011714,5.4,4.5,4.4,5.5,4.0,5.5,0,0,0,True
38011715,7.8,5.25,4.2,7.0,6.5,4.75,0,0,0,True
38011716,7.4,5.75,4.4,0,0,0,6.5,8.5,8.25,False
38011717,3.6,4.75,3.4,0,0,0,5.5,7.0,7.25,False
38011718,8.6,7.5,6.0,9.0,9.25,6.5,0,0,0,True
38011719,6.4,6.5,4.0,0,0,0,6.25,6.0,7.5,False
38011720,5.2,6.25,3.2,0,0,0,6.0,7.25,7.5,False
38011721,6.2,6.75,3.8,0,0,0,6.25,6.0,8.25,False
38011722,6.4,8.0,2.6,0,0,0,7.0,6.75,7.5,False
38011723,6.6,7.25,6.0,0,0,0,6.25,5.25,7.25,False
38011724,5.6,8.25,4.8,0,0,0,7.0,7.5,9.0,False
38011725,7.4,7.25,5.6,6.0,5.75,7.25,0,0,0,True
38011726,7.4,6.5,6.2,0,0,0,7.5,6.0,9.25,False
38011727,3.6,6.25,3.8,0,0,0,3.25,4.5,5.25,False
38011728,7.4,5.25,4.2,6.5,7.5,5.0,0,0,0,True
38011729,6.2,7.0,3.4,0,0,0,5.25,6.5,9.25,False
38011730,5.8,8.25,4.0,4.0,4.75,6.5,0,0,0,True
38011731,6.8,8.5,7.8,0,0,0,7.0,7.0,8.25,False
38011732,5.8,5.25,4.6,0,0,0,4.75,4.5,6.75,False
38011733,8.4,6.5,5.6,8.5,7.75,5.0,0,0,0,True
38011734,6.4,7.75,6.0,0,0,0,5.0,6.5,7.75,False
38011735,7.6,7.25,4.8,0,0,0,4.0,4.75,7.75,False
38011736,8.8,7.0,6.2,8.75,10.0,5.25,0,0,0,True
38011737,7.2,7.75,4.4,0,0,0,8.5,7.75,8.5,False
38011738,4.0,4.0,5.0,0,0,0,6.0,2.75,7.5,False
38011739,2.8,5.25,4.4,0,0,0,6.0,5.75,7.5,False
38011740,6.0,7.25,2.2,0,0,0,6.25,7.0,9.0,False
38011741,6.4,5.75,4.0,0,0,0,6.75,8.25,7.75,False
38011742,5.2,7.67,5.4,0,0,0,9.25,9.75,8.75,False
38011743,7.0,4.5,3.4,7.5,7.0,6.0,0,0,0,True
38011744,7.4,7.0,6.8,8.25,6.25,6.75,0,0,0,True
38011745,6.6,8.0,5.6,0,0,0,9.0,8.75,9.0,False
38011746,7.4,6.25,4.0,0,0,0,8.75,9.25,8.0,False
38011747,7.0,5.75,5.8,6.0,5.5,4.5,0,0,0,True
38011748,6.4,8.0,5.8,0,0,0,5.25,7.25,7.5,False
38011749,6.8,7.75,3.8,0,0,0,6.0,6.0,8.0,False
38011750,7.0,6.25,3.2,0,0,0,5.75,4.5,7.0,False
38011751,6.6,7.0,6.2,0,0,0,6.5,7.0,8.25,False
38011752,3.6,6.0,4.0,0,0,0,6.25,6.5,8.5,False
38011753,4.8,4.25,3.2,0,0,0,6.5,4.5,7.0,False
38011754,6.0,6.0,3.0,0,0,0,4.75,7.0,9.25,False
38011755,4.4,6.5,3.0,0,0,0,5.5,6.5,8.0,False
38011756,7.2,4.5,5.0,0,0,0,7.5,7.75,8.75,False
38011757,8.0,6.0,5.2,0,0,0,8.25,8.25,9.25,False
38011758,5.0,7.0,3.6,0,0,0,3.75,6.5,8.0,False
38011759,5.6,6.0,4.4,0,0,0,6.75,7.25,8.75,False
38011760,7.6,8.5,6.0,0,0,0,7.0,5.25,9.25,False
38011761,6.8,4.75,5.4,6.0,5.0,6.75,0,0,0,True
38011762,5.6,6.5,2.8,0,0,0,7.0,5.25,8.75,False
38011763,5.6,5.25,4.0,0,0,0,5.0,5.25,8.25,False
38011764,6.6,6.0,6.0,6.75,4.75,6.0,0,0,0,True
38011765,4.4,6.5,3.2,0,0,0,4.25,5.75,6.75,False
38011766,7.4,7.0,3.8,0,0,0,0,0,0,False
38011767,6.4,3.25,3.4,0,0,0,8.0,8.25,7.25,False
38011768,5.6,6.75,4.6,0,0,0,8.5,7.5,8.5,False
38011769,5.6,5.5,5.2,0,0,0,5.25,6.75,8.5,False
38011770,8.6,3.75,5.0,3.75,7.0,6.75,0,0,0,True
38011771,5.6,5.0,3.6,0,0,0,5.75,7.75,8.75,False
38011772,5.8,6.25,3.6,0,0,0,6.75,6.5,8.0,False
38011773,3.2,5.25,2.0,0,0,0,5.0,6.75,7.5,False
38011774,4.0,6.0,2.8,0,0,0,5.0,6.5,7.75,False
38011775,6.2,6.25,3.2,0,0,0,6.0,7.5,8.25,False
38011776,8.0,8.0,7.8,5.25,5.75,6.0,0,0,0,True
38011777,7.8,8.5,9.0,6.0,8.5,5.25,0,0,0,True
38011778,6.8,8.5,7.4,0,0,0,7.0,8.5,8.25,False
38011779,7.2,5.0,3.8,0,0,0,5.75,7.25,7.5,False
38011780,6.0,6.0,3.2,0,0,0,5.75,7.25,9.0,False
38011781,5.8,6.5,3.6,0,0,0,8.0,7.25,9.0,False
38011782,3.4,5.25,3.2,0,0,0,4.25,6.25,6.0,False
38011783,5.4,5.5,4.0,0,0,0,5.25,6.5,7.75,False
38011784,2.8,3.75,3.6,0,0,0,5.75,5.75,7.5,False
38011785,4.2,4.5,2.8,0,0,0,4.25,5.75,5.25,False
38011786,4.4,6.5,3.6,0,0,0,6.25,7.25,9.0,False
38011787,7.4,5.75,4.0,7.75,6.5,4.0,0,0,0,True
38011788,6.8,9.0,7.0,0,0,0,7.0,7.75,9.0,False
38011789,7.0,8.25,6.8,0,0,0,8.5,7.75,8.0,False
38011790,6.4,4.75,3.8,0,0,0,5.0,6.75,8.5,False
38011791,8.2,5.75,4.4,8.25,8.0,8.25,0,0,0,True
38011792,5.4,5.75,3.2,0,0,0,5.0,4.75,7.5,False
38011793,4.2,7.0,3.0,0,0,0,7.0,7.25,8.25,False
38011794,4.2,6.5,4.0,0,0,0,4.5,5.75,8.5,False
38011795,7.6,6.0,5.2,8.0,7.25,6.75,0,0,0,True
38011796,7.6,5.5,5.2,7.75,8.25,5.75,0,0,0,True
38011797,4.6,6.0,3.6,0,0,0,7.5,6.5,6.75,False
38011798,7.2,6.5,4.6,0,0,0,5.75,5.75,8.25,False
38011799,4.0,5.0,3.2,0,0,0,4.5,6.0,7.25,False
38011800,7.8,8.0,4.6,7.0,6.25,6.25,0,0,0,True
38011801,5.4,5.75,2.8,0,0,0,5.5,6.75,7.25,False
38011802,7.4,7.0,3.4,8.25,5.5,5.25,0,0,0,True
38011803,5.0,3.25,4.0,0,0,0,3.25,5.75,7.0,False
38011804,7.4,5.25,4.0,0,0,0,6.0,8.0,8.5,False
38011805,6.8,6.25,6.8,6.75,7.75,6.5,0,0,0,True
38011806,7.6,7.75,8.0,0,0,0,7.25,6.75,8.75,False
38011807,4.8,8.75,4.4,0,0,0,7.0,9.25,9.0,False
38011808,7.0,6.0,7.0,7.5,6.0,6.25,0,0,0,True
38011809,8.0,6.75,5.4,7.5,6.25,6.25,0,0,0,True
38011810,7.4,8.5,8.2,8.0,5.0,6.75,0,0,0,True
38011811,7.0,8.75,6.0,0,0,0,7.75,7.75,6.5,False
38011812,7.8,8.0,6.0,0,0,0,5.5,6.75,9.25,False
38011813,5.4,6.5,4.4,0,0,0,6.25,6.0,8.5,False
38011814,6.2,4.25,5.0,0,0,0,8.25,7.75,7.75,False
38011815,7.4,6.0,4.6,8.25,7.25,6.0,0,0,0,True
38011816,7.2,8.0,7.4,8.0,4.5,7.0,0,0,0,True
38011817,8.6,9.25,6.6,0,0,0,6.5,7.0,9.0,False
38011818,8.2,7.75,7.8,5.75,8.0,6.25,0,0,0,True
38011819,7.4,6.5,4.8,7.5,7.5,5.5,0,0,0,True
38011820,7.4,5.25,6.0,0,0,0,3.5,5.0,5.0,False
38011821,6.0,7.75,6.4,0,0,0,5.0,6.5,7.75,False
38011822,7.4,6.25,4.4,0,0,0,6.75,6.5,8.25,False
38011823,4.6,3.5,2.8,0,0,0,5.75,5.25,6.0,False
38011824,4.6,7.25,3.2,0,0,0,4.75,7.25,7.75,False
38011825,5.6,7.75,3.2,0,0,0,8.25,7.5,7.75,False
38011826,7.8,7.25,7.8,7.0,6.75,5.75,0,0,0,True
38011827,7.2,7.0,2.4,6.75,6.0,5.25,0,0,0,True
38011828,8.4,5.75,4.0,0,0,0,5.75,6.75,7.5,False
38011829,8.2,6.75,5.0,0,0,0,5.25,7.25,8.75,False
38011830,7.4,6.75,6.2,0,0,0,5.75,7.0,7.0,False
38011831,5.0,6.25,5.0,0,0,0,7.0,7.25,8.75,False
38011832,7.4,7.5,5.0,8.25,8.5,7.0,0,0,0,True
38011833,3.6,7.25,3.4,0,0,0,6.5,6.25,7.75,False
38011834,7.0,9.25,6.0,7.0,6.25,6.75,0,0,0,True
38011835,6.6,6.5,6.0,6.25,6.75,4.5,0,0,0,True
38011836,7.2,7.0,5.4,0,0,0,5.5,6.75,7.75,False
38011837,4.8,7.0,3.6,0,0,0,4.5,7.75,9.0,False
38011838,4.6,5.75,4.2,0,0,0,4.75,6.0,5.0,False
38011839,6.0,6.0,4.8,4.5,5.25,4.5,0,0,0,True
38011840,5.0,4.75,5.0,0,0,0,5.75,5.5,7.25,False
38011841,6.8,6.5,4.0,8.5,8.5,6.5,0,0,0,True
38011842,8.0,7.75,4.0,0,0,0,9.75,8.0,8.5,False
38011843,0,6.25,0,0,0,0,6.0,7.25,0,False
38011844,4.6,5.5,3.8,0,0,0,4.5,6.5,6.25,False
38011845,7.4,7.25,7.6,8.25,2.0,3.75,0,0,0,True
38011846,7.2,7.5,5.4,0,0,0,6.0,6.75,7.5,False
38011847,7.8,6.5,8.0,8.5,6.25,7.75,0,0,0,True
38011848,6.0,7.25,7.6,0,5.0,5.75,0,0,0,True
38011849,6.6,6.5,2.8,0,0,0,6.0,6.25,7.0,False
38011850,5.2,5.5,3.2,0,0,0,3.0,6.25,4.5,False
38011851,6.0,6.75,4.0,0,0,0,4.0,5.75,8.0,False
38011852,6.4,6.75,4.6,0,0,0,5.5,5.5,7.5,False
38011853,7.6,8.0,5.6,0,0,0,5.25,6.5,8.0,False
38011854,0,8.75,0,0,0,0,9.75,10.0,6.75,False
38011855,8.4,6.25,7.2,8.5,5.25,5.0,0,0,0,True
38011856,7.0,7.0,4.0,7.5,6.25,5.5,0,0,0,True
38011857,6.4,8.0,3.0,5.25,4.0,4.5,0,0,0,True
38011858,4.8,6.75,3.0,0,0,0,7.5,9.0,7.75,False
38011859,4.4,5.0,2.2,0,0,0,5.5,4.0,8.5,False
38011860,5.6,7.0,4.2,0,0,0,5.75,6.25,7.5,False
38011861,7.8,6.25,4.8,8.0,5.0,5.25,0,0,0,True
38011862,5.0,7.0,4.6,0,0,0,5.25,5.25,6.5,False
38011863,5.6,5.0,5.2,0,0,0,6.25,5.5,7.75,False
38011864,7.0,5.5,5.8,4.0,5.75,4.75,0,0,0,True
38011865,6.6,7.5,5.8,8.25,9.25,7.0,0,0,0,True
38011866,5.4,6.25,4.2,0,0,0,6.25,6.0,7.25,False
38011867,7.6,6.5,5.2,8.0,7.25,5.25,0,0,0,True
38011868,3.6,5.5,2.6,0,0,0,3.0,4.0,6.5,False
38011869,7.2,7.0,5.0,0,0,0,6.5,7.25,7.75,False
38011870,6.0,1.75,2.4,0,0,0,6.75,6.75,7.25,False
38011871,5.8,5.75,5.6,0,0,0,8.25,6.75,9.0,False
38011872,6.8,5.5,5.2,0,0,0,6.0,5.25,7.0,False
38011873,5.6,5.75,3.0,0,0,0,7.25,6.25,7.25,False
38011874,4.2,5.5,3.0,0,0,0,7.75,6.0,6.75,False
38011875,5.8,7.5,5.0,0,0,0,7.25,7.0,7.25,False
38011876,6.4,7.5,5.0,3.25,6.75,7.5,0,0,0,True
38011877,7.0,5.75,3.8,0,0,0,7.0,7.0,8.25,False
38011878,0,7.0,0,0,0,0,7.75,6.25,0,False
38011879,4.8,6.5,4.6,0,0,0,6.5,6.25,8.25,False
38011880,6.2,5.25,3.6,0,0,0,7.75,6.25,7.5,False
38011881,3.8,6.5,4.0,0,0,0,5.0,6.75,7.0,False
38011882,8.2,7.25,5.4,8.5,8.5,7.25,0,0,0,True
38011883,7.2,6.5,3.8,0,0,0,6.5,7.5,8.0,False
38011884,5.6,4.75,6.0,0,0,0,6.75,7.25,8.75,False
38011885,6.4,6.75,5.0,0,0,0,5.0,6.0,7.5,False
38011886,7.2,5.0,4.2,7.0,9.0,4.25,0,0,0,True
38011887,7.4,9.0,6.6,0,0,0,8.75,7.25,7.75,False
38011888,5.8,5.0,4.4,7.0,8.25,6.25,0,0,0,True
38011889,5.8,5.0,5.8,0,0,0,4.75,5.5,6.5,False
38011890,6.0,6.5,5.8,5.0,6.75,6.5,0,0,0,True
38011891,8.4,8.75,7.4,3.25,7.0,7.0,0,0,0,True
38011892,6.6,6.0,7.6,0,0,0,4.0,5.25,8.0,False
38011893,7.0,6.0,7.0,0,0,0,6.25,5.75,8.5,False
38011894,4.2,5.75,9.0,4.5,3.5,5.5,0,0,0,True
38011895,5.6,6.25,7.4,0,0,0,5.75,6.0,7.5,False
38011896,6.8,5.0,6.2,6.25,6.0,6.5,0,0,0,True
38011897,6.4,5.5,6.2,0,0,0,5.25,5.0,7.5,False
38011898,8.6,7.5,6.2,0,0,0,5.75,7.0,8.0,False
38011899,7.2,6.75,3.4,0,0,0,6.5,6.5,8.0,False
38011900,6.0,4.25,3.2,0,0,0,6.0,6.0,7.25,False
38011901,5.0,3.5,4.8,0,0,0,4.75,6.0,6.5,False
38011902,6.8,7.5,6.2,0,0,0,5.5,8.25,9.0,False
38011903,8.0,8.25,5.2,0,0,0,5.5,6.0,8.25,False
38011904,6.2,5.0,5.0,0,0,0,4.75,7.5,7.75,False
38011905,2.6,2.75,3.2,0,0,0,4.25,2.25,7.0,False
38011906,7.0,6.0,3.6,7.25,7.5,7.75,0,0,0,True
38011907,7.6,6.25,4.0,5.5,7.0,7.25,0,0,0,True
38011908,8.6,7.5,5.4,8.5,8.5,6.0,0,0,0,True
38011909,5.0,8.25,7.6,0,0,0,8.25,8.0,8.5,False
38011910,8.2,3.5,5.4,9.0,7.75,5.75,0,0,0,True
38011911,5.8,8.75,5.4,0,0,0,6.0,8.0,8.75,False
38011912,8.2,8.5,6.8,0,0,0,6.0,7.0,9.0,False
38011913,7.6,8.5,5.0,0,0,0,7.75,8.0,8.5,False
38011914,6.2,8.5,4.4,0,0,0,5.75,6.75,7.5,False
38011915,7.0,7.25,6.8,7.5,7.25,4.5,0,0,0,True
38011916,6.0,7.25,5.0,0,0,0,6.75,6.75,8.0,False
38011917,6.0,6.5,4.2,0,0,0,6.25,6.0,6.0,False
38011918,6.8,8.5,7.8,0,0,0,6.0,7.25,7.5,False
38011919,8.2,6.25,7.4,7.75,8.0,5.5,0,0,0,True
38011920,8.2,7.0,5.2,6.5,8.75,8.0,0,0,0,True
38011921,0,8.5,0,0,0,0,9.0,8.25,0,False
38011922,6.0,4.75,4.2,0,0,0,6.5,4.5,5.75,False
38011923,5.2,6.0,4.0,0,0,0,5.0,6.25,8.75,False
38011924,0,8.75,0,0,0,0,7.75,9.25,0,False
38011925,7.0,6.25,6.4,4.25,7.5,8.25,0,0,0,True
38011926,7.4,8.5,8.4,5.25,8.0,8.0,0,0,0,True
38011927,7.0,6.0,6.2,6.75,7.25,6.0,0,0,0,True
38011928,8.0,5.75,6.6,7.25,6.75,6.25,0,0,0,True
38011929,6.0,5.75,6.2,0,0,0,6.25,7.0,7.25,False
38011930,6.2,6.0,5.8,0,0,0,7.75,7.25,8.25,False
38011931,6.2,7.0,4.4,0,0,0,9.25,7.75,8.0,False
38011932,5.6,6.5,3.4,0,0,0,3.5,4.75,6.5,False
38011933,5.8,5.0,4.4,0,0,0,5.5,7.5,6.5,False
38011934,6.2,4.0,3.0,0,0,0,6.75,6.25,6.25,False
38011935,5.8,5.75,3.6,6.25,6.0,6.0,0,0,0,True
38011936,6.8,3.75,3.6,0,0,0,6.25,7.25,8.5,False
38011937,6.8,7.5,3.0,0,0,0,6.75,7.25,8.0,False
38011938,7.4,6.75,5.4,0,0,0,6.75,8.25,8.5,False
38011939,6.0,7.0,6.0,0,0,0,8.5,9.5,8.25,False
38011940,8.0,9.25,7.6,0,0,0,5.5,7.25,8.5,False
38011941,4.6,7.75,5.2,0,0,0,5.0,7.5,8.25,False
38011942,4.0,4.25,3.6,0,0,0,3.5,6.0,6.75,False
38011943,7.4,9.0,2.8,0,0,0,8.75,9.75,8.5,False
38011944,8.2,9.0,5.6,0,0,0,5.25,7.75,8.25,False
38011945,6.4,5.75,5.6,0,0,0,7.25,7.25,7.5,False
38011946,6.0,6.5,5.4,0,0,0,6.75,7.5,8.0,False
38011947,7.4,7.5,6.2,0,0,0,6.5,8.0,8.75,False
38011948,8.0,6.75,6.2,7.75,7.25,4.75,0,0,0,True
38011949,5.8,5.0,5.0,0,0,0,5.25,5.75,6.0,False
38011950,7.8,0,0,9.0,8.0,0,0,0,0,True
38011951,5.2,3.75,3.2,0,0,0,5.5,7.25,7.0,False
38011952,8.6,5.0,4.0,9.0,9.25,5.5,0,0,0,True
38011953,7.0,6.75,4.8,7.5,7.5,4.75,0,0,0,True
38011954,6.0,8.25,4.6,0,0,0,7.0,7.25,8.25,False
38011955,5.0,3.5,4.0,0,0,0,5.5,6.5,6.5,False
38011956,5.0,7.5,4.2,0,0,0,6.75,7.25,6.75,False
38011957,6.6,7.5,4.8,0,0,0,5.75,9.25,7.5,False
38011958,6.8,6.25,6.0,8.25,5.75,5.0,0,0,0,True
38011959,8.4,7.0,4.6,9.0,7.25,5.5,0,0,0,True
38011960,4.6,6.5,3.2,0,0,0,5.0,5.75,7.75,False
38011961,7.0,7.25,3.8,0,0,0,6.5,6.5,7.75,False
38011962,5.2,3.5,4.0,0,0,0,5.75,6.0,6.5,False
38011963,4.2,5.0,4.0,0,0,0,4.5,6.25,7.25,False
38011964,7.6,7.0,5.0,7.75,7.75,6.0,0,0,0,True
38011965,7.4,6.5,4.2,0,0,0,5.0,6.5,7.25,False
38011966,6.8,6.5,3.0,0,0,0,4.25,6.25,8.75,False
38011967,4.2,3.5,3.0,0,0,0,4.75,6.75,8.25,False
38011968,4.4,5.5,2.8,0,0,0,5.5,5.0,6.25,False
38011969,5.0,6.25,5.0,0,0,0,6.25,7.25,8.0,False
38011970,6.2,3.5,6.0,0,0,0,5.75,6.75,7.75,False
38011971,8.4,5.5,7.4,6.25,5.0,5.25,0,0,0,True
38011972,8.2,6.5,5.2,7.5,7.5,7.5,0,0,0,True
38011973,7.6,5.5,3.8,0,0,0,5.75,7.0,7.0,False
38011974,8.8,8.5,7.2,6.0,5.75,7.0,0,0,0,True
38011975,5.6,6.5,5.0,0,0,0,5.75,6.0,7.75,False
38011976,9.0,6.25,5.6,8.75,8.0,6.25,0,0,0,True
38011977,5.0,5.0,5.0,0,0,0,5.75,6.75,7.75,False
38011978,4.2,7.0,5.0,0,0,0,5.5,5.75,8.0,False
38011979,8.0,7.25,5.6,0,0,0,6.75,6.75,8.25,False
38011980,6.6,7.25,6.4,0,0,0,6.75,7.25,8.75,False
38011981,6.4,7.0,3.2,0,0,0,5.5,6.25,7.25,False
38011982,4.2,8.0,4.2,0,0,0,7.25,6.75,8.25,False
38011983,6.0,6.75,5.6,0,0,0,7.25,6.5,7.75,False
38011984,6.4,9.0,5.4,0,0,0,6.5,7.5,8.5,False
38011985,8.2,7.0,4.0,0,0,0,4.25,5.0,8.25,False
38011986,5.8,6.25,4.2,0,0,0,5.0,6.5,7.5,False
38011987,3.8,7.25,2.6,0,0,0,6.25,8.0,8.75,False
38011988,7.2,8.0,5.6,0,0,0,6.75,6.0,6.5,False
38011989,6.8,7.0,4.6,0,0,0,7.0,7.25,7.75,False
38011990,7.6,5.0,8.8,6.5,5.25,6.0,0,0,0,True
38011991,6.2,6.25,4.4,0,0,0,4.5,5.25,5.75,False
38011992,6.4,7.0,4.6,0,0,0,7.0,7.5,9.5,False
38011993,4.4,4.75,4.2,0,0,0,5.5,6.25,6.5,False
38011994,4.6,4.0,3.8,0,0,0,4.25,5.0,6.5,False
38011995,5.6,5.75,3.8,5.0,5.75,6.25,0,0,0,True
38011996,6.0,6.25,4.6,0,0,0,4.75,6.75,8.25,False
38011997,8.6,5.5,3.8,9.0,9.5,5.0,0,0,0,True
38011998,6.0,5.75,5.0,0,0,0,5.25,6.0,7.0,False
38011999,6.4,5.0,3.4,0,0,0,7.75,7.0,6.0,False
38012000,2.0,4.5,3.8,0,0,0,4.5,3.75,7.75,False
38012001,4.0,5.5,4.0,0,0,0,5.5,6.5,8.5,False
38012002,6.2,6.25,3.6,0,0,0,8.0,6.5,6.0,False
38012003,6.8,3.5,6.2,6.25,5.75,4.5,0,0,0,True
38012004,6.4,6.25,5.4,0,0,0,6.0,7.75,8.0,False
38012005,8.0,8.5,8.4,7.75,7.5,7.25,0,0,0,True
38012006,7.8,6.0,2.6,8.25,6.75,4.75,0,0,0,True
38012007,8.2,7.25,6.6,4.25,6.25,5.25,0,0,0,True
38012008,5.0,5.5,5.0,0,0,0,3.75,6.25,5.75,False
38012009,6.6,6.5,5.6,0,0,0,4.75,6.25,8.75,False
38012010,6.0,5.0,4.2,0,0,0,5.5,4.75,7.75,False
38012011,7.6,4.25,5.8,8.0,8.25,4.75,0,0,0,True
38012012,5.2,4.0,5.2,0,0,0,5.5,4.5,6.75,False
38012013,7.4,9.25,8.2,0,0,0,6.75,6.75,8.5,False
38012014,8.0,7.0,6.2,8.25,8.5,5.25,0,0,0,True
38012015,6.0,5.5,4.0,3.25,4.5,4.25,0,0,0,True
38012016,8.6,6.0,5.0,8.25,7.25,5.25,0,0,0,True
38012017,6.2,5.75,5.4,0,0,0,5.0,6.0,8.25,False
38012018,5.8,5.75,4.8,0,0,0,5.0,6.25,7.5,False
38012019,5.8,4.0,3.2,0,0,0,4.75,6.25,5.0,False
38012020,2.6,3.25,0,0,0,0,2.75,5.25,0,False
38012021,5.0,6.0,3.4,0,0,0,7.25,6.5,8.75,False
38012022,6.6,7.5,0,0,0,0,8.0,9.0,0,False
38012023,3.6,7.5,3.8,0,0,0,6.5,6.25,9.75,False
38012024,4.0,7.75,3.6,0,0,0,7.0,6.75,5.75,False
38012025,4.8,5.5,4.2,0,0,0,6.25,6.25,7.0,False
38012026,6.2,8.0,3.0,0,0,0,6.0,6.0,7.75,False
38012027,3.8,4.75,4.0,0,0,0,6.5,4.0,8.0,False
38012028,4.8,3.0,0,0,0,0,6.25,0,0,False
38012029,5.0,6.5,3.4,0,0,0,8.25,7.5,6.75,False
38012030,7.4,7.25,5.4,0,0,0,8.5,8.0,7.75,False
38012031,3.8,5.0,2.6,0,0,0,5.25,5.25,7.25,False
38012032,5.2,6.75,3.6,0,0,0,6.0,6.5,6.5,False
38012033,4.6,7.0,4.4,0,0,0,7.75,8.25,9.25,False
38012034,5.0,6.25,4.0,0,0,0,7.75,7.0,8.0,False
38012035,3.4,3.0,2.0,0,0,0,5.5,3.5,6.25,False
38012036,5.6,5.75,6.0,0,0,0,7.25,7.75,8.5,False
38012037,8.4,6.5,5.4,8.25,6.75,5.75,0,0,0,True
38012038,4.4,5.5,4.8,0,0,0,7.0,7.5,7.0,False
38012039,5.0,6.25,4.0,0,0,0,5.75,6.5,6.0,False
38012040,7.4,6.0,4.8,6.25,6.0,5.25,0,0,0,True
38012041,6.2,6.75,5.2,0,0,0,7.25,8.0,8.5,False
38012042,4.8,5.75,5.4,0,0,0,8.5,7.5,9.25,False
38012043,4.8,8.25,4.4,0,0,0,7.25,7.25,9.5,False
38012045,3.0,4.75,3.0,0,0,0,4.0,5.0,4.25,False
38012046,4.2,7.0,3.0,0,0,0,6.75,5.25,7.0,False
38012047,4.6,6.75,2.8,0,0,0,6.75,6.75,7.75,False
38012048,3.8,4.0,3.6,0,0,0,6.25,5.75,6.0,False
38012049,5.8,7.0,3.4,0,0,0,6.25,6.5,8.5,False
38012050,0,3.0,0,0,0,0,5.25,4.25,0,False
38012051,3.8,6.0,3.2,0,0,0,4.25,4.0,6.25,False
38012052,5.8,7.0,4.4,0,0,0,6.75,6.5,8.0,False
38012053,4.4,6.75,4.4,0,0,0,6.25,5.25,7.0,False
38012054,4.2,3.5,3.0,0,0,0,3.5,3.75,5.0,False
38012055,4.0,5.75,3.4,0,0,0,6.25,6.75,7.0,False
38012056,5.4,7.75,4.4,0,0,0,8.0,7.25,8.5,False
38012057,6.2,7.25,6.0,0,0,0,7.5,7.0,6.5,False
38012058,4.0,4.0,3.4,0,0,0,5.5,6.25,6.5,False
38012059,2.6,4.25,0,0,0,0,6.0,6.0,0,False
38012060,4.0,7.0,3.2,0,0,0,6.5,4.0,7.0,False
38012061,3.8,4.0,0,0,0,0,4.0,5.25,0,False
38012062,7.8,4.5,6.8,6.75,7.25,7.0,0,0,0,True
38012063,6.8,5.0,4.6,6.75,6.5,6.5,0,0,0,True
38012064,8.0,5.5,5.4,6.25,6.5,5.75,0,0,0,True
38012065,3.4,6.25,3.6,0,0,0,5.25,7.5,7.25,False
38012066,3.8,5.5,2.8,0,0,0,4.5,4.25,5.75,False
38012067,4.6,6.5,4.2,0,0,0,7.0,6.0,7.0,False
38012068,5.0,7.0,4.2,0,0,0,7.5,7.75,7.75,False
38012069,4.8,7.75,4.0,0,0,0,4.25,6.0,7.0,False
38012070,4.4,3.25,4.2,0,0,0,7.0,5.75,6.5,False
38012071,7.2,3.25,3.8,0,0,0,7.75,7.25,8.5,False
38012072,3.4,4.0,3.0,0,0,0,5.25,7.0,5.5,False
38012073,4.4,4.75,4.8,0,0,0,6.0,6.25,7.0,False
38012074,5.6,8.0,3.4,0,0,0,7.75,7.0,8.5,False
38012075,5.6,6.0,3.8,0,0,0,5.25,6.25,8.25,False
38012076,4.4,5.5,0,0,0,0,7.25,7.25,0,False
38012077,2.8,2.5,4.0,0,0,0,7.25,5.75,7.5,False
38012078,3.8,5.5,0,0,0,0,5.0,6.0,0,False
38012079,7.0,7.75,6.0,0,0,0,7.75,6.25,7.5,False
38012080,7.0,8.5,5.2,0,0,0,7.25,8.75,8.75,False
38012081,4.8,2.75,3.2,0,0,0,5.25,6.75,8.75,False
38012082,5.8,6.75,4.2,0,0,0,6.0,5.5,7.5,False
38012083,5.8,8.0,3.8,0,0,0,6.75,7.25,8.0,False
38012084,6.6,6.25,3.4,4.75,6.25,4.5,0,0,0,True
38012085,5.4,6.75,4.6,0,0,0,7.25,6.5,7.5,False
38012086,6.0,6.25,4.6,0,0,0,8.0,7.5,7.5,False
38012087,2.8,4.0,1.2,4.0,1.75,5.25,0,0,0,True
38012088,7.0,6.5,4.4,0,0,0,8.5,7.25,8.0,False
38012089,4.6,4.0,5.0,0,0,0,6.25,6.0,6.75,False
38012090,6.8,7.5,6.0,0,0,0,8.75,9.0,8.25,False
38012091,8.4,5.75,7.6,6.75,5.75,5.75,0,0,0,True
38012092,5.8,8.0,4.6,0,0,0,7.25,7.5,7.75,False
38012093,4.6,5.0,2.6,0,0,0,6.5,6.0,6.75,False
38012094,6.4,6.0,2.8,0,0,0,4.75,6.0,5.75,False
38012095,5.0,5.0,4.6,0,0,0,6.25,6.25,6.0,False
38012096,3.6,6.5,3.0,0,0,0,7.0,5.5,6.75,False
38012097,4.4,5.75,2.8,0,0,0,6.5,7.25,7.75,False
38012098,4.8,6.5,3.8,4.75,4.0,6.25,0,0,0,True
38012099,7.6,8.5,5.8,0,0,0,9.0,9.25,9.75,False
38012100,7.0,7.5,6.0,0,0,0,6.75,6.5,7.5,False
38012101,5.4,6.0,4.4,0,0,0,7.5,7.75,8.25,False
38012102,3.0,4.5,3.2,0,0,0,3.75,3.0,4.75,False
38012103,4.0,2.5,3.0,0,0,0,4.0,4.0,6.0,False
38012104,2.8,5.5,2.6,0,0,0,5.0,7.0,7.0,False
38012105,3.6,4.75,3.8,0,0,0,5.0,4.0,6.25,False
38012106,4.2,4.25,2.6,0,0,0,6.75,2.75,6.75,False
38012107,6.4,7.0,4.6,0,0,0,7.5,7.75,9.0,False
38012108,6.0,7.5,3.8,0,0,0,6.5,7.25,8.0,False
38012109,6.4,8.0,5.6,0,0,0,7.75,7.75,9.25,False
38012110,3.6,5.0,3.2,0,0,0,5.5,5.5,6.75,False
38012111,5.4,4.5,3.4,0,0,0,5.75,5.5,6.25,False
38012112,6.8,7.5,6.2,0,0,0,8.25,8.75,9.0,False
38012113,3.8,6.0,4.0,0,0,0,6.0,6.75,7.25,False
38012114,8.6,5.5,4.8,8.0,5.0,4.5,0,0,0,True
38012115,5.0,6.25,5.6,0,0,0,7.0,6.0,8.25,False
38012116,3.8,6.25,4.2,0,0,0,6.5,6.0,6.75,False
38012117,4.8,7.5,3.8,0,0,0,5.25,7.0,7.5,False
38012118,5.0,6.25,3.4,0,0,0,6.5,6.5,7.0,False
38012119,7.4,7.5,5.8,0,0,0,7.75,8.0,9.0,False
38012120,4.0,4.5,4.4,0,0,0,6.25,5.75,6.75,False
38012121,6.0,6.5,4.2,0,0,0,6.75,8.0,9.25,False
38012122,4.0,5.75,3.8,0,0,0,7.5,7.5,9.5,False
38012123,4.2,4.75,2.0,0,0,0,3.25,5.5,7.25,False
38012124,3.4,5.25,3.6,0,0,0,6.0,5.75,6.0,False
38012125,6.6,8.0,7.2,0,0,0,8.5,8.75,8.5,False
38012126,3.6,6.5,3.8,0,0,0,5.5,5.0,7.5,False
38012127,2.6,2.75,2.8,0,0,0,3.0,3.0,4.75,False
38012128,5.2,7.5,3.8,0,0,0,6.75,6.5,7.0,False
38012129,3.6,4.0,0,0,0,0,4.5,4.75,0,False
38012130,4.2,6.5,3.4,0,0,0,5.75,7.75,8.5,False
38012131,8.2,4.75,4.6,5.25,8.0,6.5,0,0,0,True
38012132,3.0,1.75,0,0,0,0,4.75,2.75,0,False
38012133,3.8,5.75,4.4,0,0,0,7.75,5.75,6.5,False
38012134,2.6,2.5,1.6,0,0,0,3.5,2.5,4.0,False
38012135,5.2,7.25,3.8,0,0,0,6.75,7.5,7.0,False
38012136,3.8,5.25,3.6,0,0,0,5.0,6.5,7.0,False
38012137,5.4,7.5,5.6,0,0,0,6.5,7.5,7.25,False
38012138,3.0,4.25,2.0,0,0,0,5.25,2.5,3.75,False
38012139,5.0,5.0,0,0,0,0,5.5,4.5,0,False
38012140,6.8,6.75,7.8,0,0,0,9.0,7.25,8.25,False
38012141,4.8,5.5,2.4,0,0,0,4.75,6.5,6.25,False
38012142,3.6,3.75,0,0,0,0,4.5,3.75,0,False
38012143,5.0,5.5,4.4,0,0,0,8.0,7.0,7.5,False
38012144,3.4,6.25,2.8,0,0,0,6.25,6.25,8.0,False
38012145,2.8,3.5,2.6,0,0,0,3.5,3.5,4.25,False
38012146,3.2,2.0,2.4,0,0,0,5.0,5.5,6.75,False
38012147,5.8,6.0,4.8,0,0,0,5.0,6.5,7.25,False
38012148,7.0,7.5,8.2,8.5,7.25,5.75,0,0,0,True
38012149,4.8,5.25,3.4,0,0,0,7.25,7.75,9.0,False
38012150,4.4,6.25,6.4,0,0,0,6.5,7.5,8.0,False
38012151,4.8,7.25,4.8,0,0,0,6.25,7.5,7.75,False
38012152,4.6,4.5,5.2,0,0,0,4.25,5.5,6.0,False
38012153,8.0,8.0,8.4,0,0,0,6.5,7.25,8.5,False
38012154,3.4,3.75,3.2,0,0,0,4.0,4.25,4.25,False
38012155,2.8,4.0,2.8,0,0,0,4.75,2.75,3.75,False
38012156,5.4,6.5,5.0,0,0,0,5.5,6.0,5.0,False
38012157,2.2,5.75,0,0,0,0,7.0,7.75,0,False
38012158,8.6,5.5,5.4,8.0,8.0,5.5,0,0,0,True
38012159,2.4,3.25,2.6,0,0,0,3.25,4.5,6.0,False
38012160,6.8,7.75,7.2,0,0,0,7.75,8.5,8.75,False
38012161,6.8,7.25,6.6,7.75,4.75,5.5,0,0,0,True
38012162,4.8,6.25,3.4,0,0,0,7.25,7.75,8.5,False
38012163,6.6,5.0,3.0,0,0,0,9.5,9.25,9.25,False
38012164,2.6,3.5,2.6,0,0,0,6.25,4.25,6.25,False
38012165,5.2,6.0,3.6,0,0,0,7.5,7.25,8.75,False
38012166,7.2,5.0,3.0,0,0,0,6.0,8.0,6.25,False
38012167,2.8,5.0,2.0,0,0,0,4.25,6.25,6.25,False
38012168,4.8,5.25,2.8,0,0,0,4.5,4.75,5.5,False
38012169,3.0,4.5,2.6,0,0,0,5.0,6.75,6.25,False
38012170,3.4,5.5,2.4,0,0,0,5.75,5.25,6.5,False
38012171,4.6,5.5,3.6,0,0,0,6.5,5.0,5.0,False
38012172,3.8,5.25,3.6,0,0,0,4.0,4.75,5.75,False
38012173,2.6,4.0,0,0,0,0,4.5,4.25,0,False
38012174,3.4,5.75,0,0,0,0,4.25,5.0,0,False
38012175,6.6,7.25,4.2,5.75,6.0,5.0,0,0,0,True
38012176,5.0,6.0,3.4,0,0,0,6.75,5.25,7.75,False
38012177,4.2,5.75,4.2,0,0,0,5.75,6.0,7.25,False
38012178,5.2,5.0,3.8,0,0,0,5.0,5.75,7.0,False
38012179,4.2,1.5,4.8,0,0,0,4.25,4.5,5.25,False
38012180,6.6,7.0,5.4,0,0,0,5.5,6.25,7.5,False
38012181,4.2,6.5,3.6,0,0,0,4.5,6.25,7.5,False
38012182,5.2,3.0,3.0,0,0,0,7.0,4.25,7.5,False
38012183,4.8,3.25,1.8,0,0,0,4.5,5.25,6.25,False
38012184,2.0,2.0,0,0,0,0,3.0,4.75,0,False
38012185,3.4,5.5,2.0,0,0,0,4.25,5.5,6.75,False
38012186,7.0,5.25,4.6,6.25,6.5,5.0,0,0,0,True
38012187,2.0,6.0,3.4,0,0,0,5.75,4.75,6.0,False
38012188,2.6,5.5,4.0,0,0,0,5.5,7.0,7.5,False
38012189,6.4,8.75,5.0,0,0,0,7.5,7.5,8.0,False
38012190,7.0,7.5,6.0,0,0,0,8.5,6.25,8.0,False
38012191,5.0,4.5,2.6,0,0,0,7.25,7.25,5.75,False
38012192,3.4,5.75,3.0,0,0,0,6.5,6.0,7.75,False
38012193,2.4,4.25,4.0,0,0,0,5.5,5.0,4.5,False
38012194,4.8,6.0,3.6,0,0,0,5.5,5.75,7.5,False
38012195,3.4,6.0,3.0,0,0,0,4.25,5.25,6.5,False
38012196,7.2,6.5,6.0,7.0,6.5,6.75,0,0,0,True
38012197,4.8,6.75,3.8,0,0,0,6.5,7.75,8.25,False
38012198,3.6,5.0,2.8,0,0,0,3.5,5.0,6.25,False
38012199,4.6,5.75,3.4,0,0,0,5.0,5.5,7.0,False
38012200,3.6,5.5,3.8,0,0,0,7.5,6.5,8.5,False
38012201,3.8,2.75,0,0,0,0,4.25,5.5,0,False
38012202,3.8,7.0,2.8,0,0,0,6.0,7.0,8.25,False
38012203,4.0,2.5,5.0,0,0,0,4.5,3.75,3.75,False
38012204,6.8,7.25,4.6,0,0,0,8.25,9.25,7.5,False
38012205,4.8,6.75,5.6,0,0,0,6.0,6.5,7.25,False
38012206,7.0,7.75,5.4,0,0,0,7.75,8.0,8.5,False
38012207,5.4,7.75,4.0,0,0,0,6.5,7.75,7.75,False
38012208,6.2,7.75,5.4,0,0,0,6.0,7.0,8.5,False
38012209,2.8,5.0,3.0,0,0,0,4.75,5.5,5.5,False
38012210,3.6,6.0,3.2,0,0,0,6.25,6.75,6.5,False
38012211,5.2,4.5,3.2,0,0,0,4.5,5.0,4.75,False
38012212,3.8,7.5,2.6,0,0,0,5.0,6.75,6.75,False
38012213,2.4,5.25,2.6,0,0,0,3.75,4.25,5.5,False
38012214,7.6,5.75,5.8,8.0,5.75,5.75,0,0,0,True
38012215,7.0,8.5,5.4,0,0,0,8.25,9.5,7.75,False
38012216,5.2,5.0,3.6,0,0,0,6.25,6.0,6.0,False
38012217,4.8,5.42,3.6,0,0,0,7.0,7.25,8.25,False
38012218,5.4,8.75,4.8,0,0,0,8.0,8.75,8.5,False
38012219,6.8,7.5,3.8,5.5,5.75,6.5,0,0,0,True
38012220,5.6,5.75,4.0,0,0,0,4.5,6.0,7.5,False
38012221,4.8,4.25,3.6,0,0,0,5.5,5.5,6.0,False
38012222,2.6,6.25,2.4,0,0,0,6.25,7.25,7.75,False
38012223,5.4,6.5,0,0,0,0,7.25,7.75,0,False
38012224,4.8,5.5,4.6,0,0,0,6.75,7.25,8.5,False
38012225,4.0,5.75,3.8,0,0,0,6.5,7.0,7.75,False
38012226,4.4,7.0,3.8,0,0,0,7.25,8.0,9.0,False
38012227,2.6,2.5,4.0,0,0,0,6.75,3.5,3.25,False
38012228,2.4,5.0,2.6,0,0,0,4.25,2.25,6.75,False
38012229,5.0,2.75,3.2,0,0,0,5.75,3.0,7.5,False
38012230,6.0,5.25,3.8,0,0,0,6.75,6.75,7.0,False
38012231,7.4,7.0,4.2,4.75,4.25,6.0,0,0,0,True
38012232,3.2,2.5,3.2,0,0,0,6.0,5.25,6.5,False
38012233,2.0,2.5,2.6,0,0,0,5.25,1.75,3.25,False
38012234,4.8,6.0,3.8,0,0,0,5.0,5.75,5.75,False
38012235,4.2,5.75,3.4,0,0,0,4.75,4.75,5.75,False
38012236,4.6,7.25,4.0,0,0,0,6.5,6.5,5.75,False
38012237,7.0,8.5,4.8,0,0,0,7.75,7.0,7.75,False
38012238,3.0,7.25,2.4,0,0,0,6.5,5.0,8.5,False
38012239,5.2,7.25,2.6,0,0,0,7.0,6.75,7.25,False
38012240,4.0,6.0,3.6,0,0,0,5.25,6.5,5.75,False
38012241,4.0,8.0,2.6,0,0,0,8.0,6.5,6.5,False
38012242,4.6,5.0,0,0,0,0,4.75,2.5,0,False
38012243,3.8,5.75,3.2,0,0,0,7.0,4.75,6.0,False
38012244,6.2,6.25,0,0,0,0,8.75,8.25,0,False
38012245,7.4,8.0,6.6,0,0,0,7.25,6.5,6.75,False
38012246,7.4,7.0,5.8,5.0,6.25,6.75,0,0,0,True
38012247,3.4,7.25,4.2,0,0,0,6.25,7.5,8.0,False
38012248,6.6,6.25,6.0,5.0,4.25,3.75,0,0,0,True
38012249,4.8,4.25,3.8,0,0,0,6.25,5.5,5.75,False
38012250,0,3.5,0,0,0,0,4.75,4.0,0,False
38012251,4.8,6.75,3.8,0,0,0,7.0,8.0,7.0,False
38012252,7.0,7.5,6.0,4.0,6.25,5.5,0,0,0,True
38012253,4.8,7.5,4.6,0,0,0,7.5,7.75,8.75,False
38012254,5.8,6.25,3.0,0,0,0,4.5,4.25,5.25,False
38012255,5.6,5.75,3.6,0,0,0,6.5,6.0,7.75,False
38012256,6.2,6.75,3.8,6.75,6.75,7.0,0,0,0,True
38012257,7.4,6.25,3.4,0,0,0,8.0,8.25,7.75,False
38012258,5.0,5.75,3.6,0,0,0,7.0,6.25,7.0,False
38012259,6.0,6.0,3.8,0,0,0,6.25,7.5,8.0,False
38012260,3.0,5.0,3.6,0,0,0,5.5,6.75,6.75,False
38012261,4.6,5.5,3.4,0,0,0,5.5,6.0,7.0,False
38012262,5.0,6.5,3.8,0,0,0,7.25,7.5,8.5,False
38012263,6.4,9.25,7.8,0,0,0,6.75,7.25,9.0,False
38012264,3.2,3.75,0,0,0,0,4.5,5.5,0,False
38012265,4.6,4.0,3.8,0,0,0,3.75,5.25,5.75,False
38012266,3.0,6.5,4.4,0,0,0,6.0,7.0,7.0,False
38012267,5.0,7.75,3.2,0,0,0,7.25,5.5,6.75,False
38012268,4.6,5.0,4.4,0,0,0,6.75,7.25,6.75,False
38012269,4.4,5.0,3.8,0,0,0,5.5,5.5,5.0,False
38012270,4.8,5.5,4.8,0,0,0,5.75,3.5,6.5,False
38012271,8.0,8.75,8.8,0,0,0,8.0,8.0,9.5,False
38012272,4.2,5.5,3.2,0,0,0,6.0,2.5,6.25,False
38012273,4.6,6.75,4.2,0,0,0,6.5,5.75,7.0,False
38012274,8.2,8.0,8.2,0,0,0,9.75,9.5,9.25,False
38012275,5.4,3.5,2.4,0,0,0,3.75,4.0,4.25,False
38012276,6.2,6.5,4.6,0,0,0,6.5,6.75,8.5,False
38012277,5.2,7.5,2.8,0,0,0,8.0,7.75,9.25,False
38012278,2.8,2.75,0,0,0,0,5.0,2.25,0,False
38012279,4.2,3.5,2.6,0,0,0,3.25,3.75,3.75,False
38012280,4.2,6.5,3.0,0,0,0,7.25,6.5,7.5,False
38012281,5.2,5.75,3.6,0,0,0,6.0,6.75,8.0,False
38012282,4.4,2.5,4.4,0,0,0,6.25,7.25,6.75,False
38012283,4.6,5.75,4.8,0,0,0,5.0,4.25,6.75,False
38012284,7.0,7.25,5.8,7.25,4.75,6.25,0,0,0,True
38012285,3.4,4.0,4.0,0,0,0,6.5,5.25,5.5,False
38012286,4.8,6.5,3.0,0,0,0,6.25,6.5,6.0,False
38012287,6.6,7.5,5.6,6.5,6.25,5.5,0,0,0,True
38012288,7.8,7.25,8.4,8.75,5.75,4.25,0,0,0,True
38012289,4.4,5.5,4.4,0,0,0,6.5,7.25,7.5,False
38012290,5.6,6.75,3.4,0,0,0,7.25,7.25,7.25,False
38012291,5.6,6.25,3.6,0,0,0,6.75,6.0,7.25,False
38012292,4.8,6.25,3.6,5.75,5.5,5.25,0,0,0,True
38012293,5.8,7.25,3.2,0,0,0,7.5,8.75,8.25,False
38012294,4.2,5.5,3.6,0,0,0,5.75,6.5,8.25,False
38012295,3.8,6.5,3.8,0,0,0,7.75,6.75,6.75,False
38012296,4.6,4.0,2.0,0,0,0,4.75,5.25,6.75,False
38012297,5.2,3.5,4.0,0,0,0,5.25,5.25,6.0,False
38012298,5.8,7.25,4.0,0,0,0,9.0,7.25,8.5,False
38012299,5.6,4.0,3.4,0,0,0,7.5,8.5,8.25,False
38012300,3.2,5.25,3.0,0,0,0,5.75,7.5,7.25,False
38012301,8.6,6.0,7.8,8.0,8.5,6.0,0,0,0,True
38012302,4.8,5.75,4.4,0,0,0,6.25,7.25,6.5,False
38012303,8.6,7.75,5.2,8.0,9.25,6.5,0,0,0,True
38012304,5.2,5.0,3.0,0,0,0,6.0,6.0,7.5,False
38012305,7.2,7.0,6.8,3.75,7.25,6.5,0,0,0,True
38012306,6.4,5.25,6.0,0,0,0,9.0,9.25,9.25,False
38012307,3.0,4.5,0,0,0,0,6.0,6.5,0,False
38012308,1.8,6.0,1.6,4.0,6.5,5.0,0,0,0,True
38012309,7.2,8.25,7.2,0,0,0,8.0,7.75,8.5,False
38012310,5.8,8.0,5.8,0,0,0,8.75,8.75,8.0,False
38012311,6.2,6.75,6.0,0,0,0,8.25,7.75,9.0,False
38012312,3.0,2.5,2.4,0,0,0,3.25,3.25,3.75,False
38012313,4.0,5.5,4.2,0,0,0,3.5,4.0,5.0,False
38012314,3.4,2.75,2.2,0,0,0,5.5,3.75,5.5,False
38012315,5.4,3.5,3.2,0,0,0,5.75,6.25,7.25,False
38012316,3.6,4.75,0,0,0,0,6.0,6.5,0,False
38012317,4.4,4.25,3.6,0,0,0,4.75,4.0,6.75,False
38012318,5.6,6.25,0,0,0,0,7.5,7.0,0,False
38012319,4.0,5.0,3.4,0,0,0,6.5,5.0,6.0,False
38012320,4.0,5.0,3.2,0,0,0,5.0,6.5,6.25,False
38012321,5.4,4.5,3.6,0,0,0,7.25,8.0,8.0,False
38012322,6.4,5.75,4.2,0,0,0,6.75,8.25,8.25,False
38012323,6.4,6.25,5.0,0,0,0,9.0,8.25,8.5,False
38012324,2.8,2.75,3.8,0,0,0,3.0,3.75,4.5,False
38012325,2.0,3.25,0,0,0,0,4.25,5.0,0,False
38012326,6.2,4.0,3.8,0,0,0,4.5,3.5,5.5,False
38012327,5.8,7.0,4.0,5.75,6.0,7.0,0,0,0,True
38012328,5.8,4.25,3.6,0,0,0,5.75,5.25,8.0,False
38012329,3.6,5.25,5.0,0,0,0,8.5,8.0,8.5,False
38012330,5.4,5.75,4.2,0,0,0,6.75,7.5,8.5,False
38012331,0,5.0,0,0,0,0,4.75,5.0,0,False
38012332,7.0,4.75,0,0,0,0,6.5,7.0,0,False
38012333,5.4,3.75,3.4,0,0,0,6.0,6.5,8.75,False
38012334,4.4,4.0,5.0,0,0,0,6.25,6.5,7.5,False
38012335,5.2,6.25,4.0,0,0,0,6.0,6.25,8.75,False
38012336,5.4,6.75,2.6,0,0,0,6.0,8.5,8.75,False
38012337,2.8,5.0,0,0,0,0,3.5,5.0,0,False
38012338,4.2,5.75,2.4,0,0,0,5.25,3.5,6.75,False
38012339,4.6,2.75,3.4,0,0,0,6.0,5.0,6.75,False
38012340,5.0,5.0,3.4,0,0,0,5.0,6.0,6.25,False
38012341,4.8,6.0,3.8,0,0,0,5.5,7.5,7.25,False
38012342,4.6,6.0,3.2,0,0,0,4.25,6.5,6.75,False
38012343,5.0,3.75,0,0,0,0,5.0,5.5,0,False
38012344,4.8,5.5,5.0,0,0,0,6.5,7.25,8.0,False
38012345,4.0,4.5,4.0,0,0,0,6.5,6.75,8.0,False
38012346,3.6,5.0,3.6,0,0,0,4.5,5.5,7.0,False
38012347,7.6,7.0,4.2,7.0,7.25,5.25,0,0,0,True
38012348,4.0,4.5,4.0,0,0,0,6.25,6.5,7.5,False
38012349,4.6,7.5,2.6,0,0,0,5.75,8.0,7.25,False
38012350,6.2,6.25,3.6,0,0,0,6.5,7.25,8.5,False
38012351,2.8,2.75,2.6,0,0,0,4.5,4.5,5.0,False
38012352,4.6,2.75,0,0,0,0,5.0,6.0,0,False
38012353,8.4,6.0,5.2,8.25,8.25,6.0,0,0,0,True
38012354,3.2,3.0,0,0,0,0,2.75,5.5,0,False
38012355,4.0,5.75,3.0,0,0,0,7.0,5.25,6.25,False
38012356,4.0,0.25,3.6,0,0,0,3.5,3.75,4.0,False
38012357,5.8,7.0,5.4,0,0,0,8.25,7.25,8.0,False
38012358,3.2,5.0,2.4,0,0,0,5.5,5.0,5.75,False
38012359,3.8,6.5,4.4,0,0,0,4.25,5.75,6.75,False
38012360,7.2,7.25,4.8,0,0,0,6.25,5.25,7.0,False
38012361,4.2,5.5,3.0,0,0,0,6.25,5.75,7.5,False
38012362,4.8,4.5,4.0,0,0,0,6.0,7.25,9.25,False
38012363,5.4,5.25,4.8,0,0,0,7.25,6.5,7.75,False
38012364,5.2,3.5,3.6,0,0,0,5.25,5.5,6.5,False
38012365,5.4,6.0,4.2,0,0,0,5.0,7.75,7.0,False
38012366,3.8,4.25,2.8,0,0,0,5.0,4.5,3.5,False
38012367,3.0,4.0,0,0,0,0,6.25,5.25,0,False
38012368,1.8,2.0,3.4,0,0,0,3.5,2.75,5.25,False
38012369,6.4,6.0,4.4,0,0,0,8.25,7.0,8.25,False
38012370,5.4,5.75,3.6,0,0,0,6.75,6.75,8.75,False
38012371,5.0,6.25,3.0,0,0,0,5.75,5.25,6.5,False
38012372,4.0,6.25,3.4,0,0,0,4.75,5.25,6.0,False
38012373,5.4,7.75,5.8,0,0,0,8.25,7.75,8.25,False
38012374,7.8,8.0,6.4,4.75,7.5,7.5,0,0,0,True
38012375,4.8,5.5,4.4,0,0,0,7.0,6.5,7.5,False
38012376,5.8,6.0,3.8,0,0,0,6.75,7.0,6.0,False
38012377,5.2,7.25,4.4,0,0,0,7.75,8.5,8.5,False
38012378,3.6,4.0,3.2,0,0,0,3.25,4.5,5.5,False
38012379,4.2,6.25,4.8,0,0,0,3.75,5.25,7.75,False
38012380,5.6,4.25,4.6,0,0,0,6.75,7.5,7.0,False
38012381,3.0,3.0,3.0,0,0,0,3.5,0,0,False
38012382,5.2,8.25,5.6,0,0,0,7.75,8.25,9.25,False
38012383,7.8,3.75,6.8,7.25,4.75,4.75,0,0,0,True
38012384,4.4,7.0,4.6,0,0,0,6.75,7.75,7.75,False
38012385,8.2,7.0,3.6,0,0,0,8.0,8.0,9.25,False
38012386,3.2,5.75,3.6,0,0,0,7.75,6.75,8.5,False
38012387,3.2,2.5,4.6,0,0,0,5.5,5.25,5.5,False
38012388,6.2,5.25,3.4,0,0,0,7.0,7.5,6.75,False
38012389,7.0,0,0,4.75,6.75,0,0,0,0,True
38012390,7.6,3.5,4.0,5.75,7.5,5.0,0,0,0,True
38012391,4.0,4.25,3.8,0,0,0,6.75,6.5,6.75,False
38012392,6.6,8.5,5.0,0,0,0,9.0,7.25,8.75,False
38012393,4.6,6.75,4.6,0,0,0,6.25,5.0,6.5,False
38012394,6.0,4.75,5.2,0,0,0,5.75,6.5,6.5,False
38012395,5.6,6.5,0,0,0,0,5.75,7.25,0,False
38012396,4.0,6.25,3.0,0,0,0,8.75,8.0,7.75,False
38012397,4.6,5.5,5.0,0,0,0,7.25,6.5,9.0,False
38012398,2.8,4.75,4.0,0,0,0,5.0,6.75,6.75,False
38012399,6.2,6.25,3.4,4.0,4.25,6.25,0,0,0,True
38012400,5.4,5.25,3.4,0,0,0,5.75,6.75,7.25,False
38012401,4.2,6.0,3.4,0,0,0,5.0,4.75,7.0,False
38012402,7.4,7.5,5.8,5.75,6.25,5.75,0,0,0,True
38012403,5.0,4.25,4.0,0,0,0,5.75,6.25,6.75,False
38012404,4.0,6.25,3.4,0,0,0,3.75,2.5,4.5,False
38012405,6.4,9.0,4.6,0,0,0,9.0,8.5,9.25,False
38012406,2.8,6.25,4.4,0,0,0,6.25,4.25,7.25,False
38012407,6.4,0,0,5.25,7.25,0,0,0,0,True
38012408,3.8,5.0,5.4,0,0,0,6.0,4.5,7.25,False
38012409,4.2,6.5,5.0,0,0,0,4.0,5.0,6.0,False
38012410,6.6,6.75,8.6,4.75,8.5,7.5,0,0,0,True
38012411,4.0,4.75,3.0,0,0,0,6.25,4.0,7.0,False
38012412,5.0,6.75,3.0,3.5,6.0,4.75,0,0,0,True
38012413,7.4,7.5,6.6,0,0,0,8.0,6.25,8.0,False
38012414,7.0,4.25,5.8,0,0,0,6.75,7.25,8.25,False
38012415,8.2,5.0,5.4,6.75,6.75,8.25,0,0,0,True
38012416,4.4,4.0,4.2,0,0,0,5.5,6.0,6.5,False
38012417,5.4,5.25,5.2,0,0,0,6.5,7.75,7.25,False
38012418,4.8,5.75,4.0,0,0,0,6.0,7.25,6.75,False
38012419,3.6,5.5,3.6,0,0,0,5.75,5.75,8.0,False
38012420,2.0,4.0,4.4,0,0,0,3.5,4.25,5.5,False
38012421,0,7.0,0,0,0,0,8.75,8.5,0,False
38012422,5.4,6.75,5.8,0,0,0,7.25,6.75,8.5,False
38012423,3.2,4.75,5.8,0,0,0,5.5,5.75,7.0,False
38012424,3.8,5.75,4.6,0,0,0,5.0,5.5,7.0,False
38012425,5.8,7.0,6.0,0,0,0,6.75,7.0,8.75,False
38012426,6.4,7.42,5.6,0,0,0,6.75,8.0,9.0,False
38012427,7.8,0,0,0,8.0,7.5,0,0,0,True
38012428,3.8,6.75,3.6,0,0,0,7.0,8.0,8.25,False
38012429,2.8,4.75,5.4,0,0,0,6.25,5.25,6.75,False
38012430,2.6,2.5,0,0,0,0,3.0,2.25,0,False
38012431,6.2,7.25,5.6,0,0,0,7.25,7.25,8.0,False
38012432,6.2,4.5,4.8,0,0,0,7.0,7.0,8.25,False
38012433,3.4,4.5,3.4,0,0,0,5.0,3.25,5.75,False
38012434,3.4,3.0,0,0,0,0,4.5,4.0,0,False
38012435,2.2,5.0,4.0,0,0,0,6.0,6.5,8.0,False
38012436,5.2,7.0,4.6,0,0,0,8.5,7.25,9.0,False
38012437,3.4,1.75,3.8,0,0,0,4.25,4.25,4.75,False
38012438,2.2,4.75,4.0,0,0,0,4.75,2.75,6.25,False
38012439,5.8,6.75,4.0,0,0,0,7.25,7.75,8.0,False
38012440,3.2,5.0,4.0,0,0,0,4.5,7.0,6.0,False
38012441,5.2,4.75,3.6,0,0,0,6.75,6.75,8.0,False
38012442,7.4,6.25,4.2,7.75,7.5,5.0,0,0,0,True
38012443,7.2,7.5,6.2,7.25,5.75,5.75,0,0,0,True
38012444,7.2,6.25,8.0,5.75,7.0,7.0,0,0,0,True
38012445,4.6,6.25,0,0,0,0,4.5,7.0,0,False
38012446,6.4,7.0,4.6,0,0,0,4.75,7.25,8.25,False
38012447,7.4,7.75,4.6,8.25,6.75,6.5,0,0,0,True
38012448,5.8,6.0,5.2,0,0,0,6.0,6.5,8.75,False
38012449,6.2,7.0,5.8,0,0,0,8.75,8.25,9.0,False
38012450,8.4,5.5,9.0,8.0,2.75,6.0,0,0,0,True
38012451,5.2,7.0,5.4,0,0,0,7.25,6.75,7.5,False
38012452,0,8.0,0,0,0,0,8.25,8.5,0,False
38012453,7.4,8.75,5.8,0,0,0,8.75,9.25,8.75,False
38012454,0,4.75,0,0,0,0,6.25,6.25,0,False
38012455,6.0,6.5,3.6,5.0,4.5,5.5,0,0,0,True
38012456,6.8,7.0,6.4,5.5,5.0,7.75,0,0,0,True
38012457,8.0,6.25,7.2,8.25,9.0,7.5,0,0,0,True
38012458,5.8,7.5,5.6,0,0,0,8.0,7.0,9.0,False
38012459,3.0,5.5,2.8,0,0,0,5.0,6.75,8.0,False
38012460,8.4,7.75,7.8,8.75,7.0,7.75,0,0,0,True
38012461,7.0,7.25,4.8,7.0,5.0,7.0,0,0,0,True
38012462,6.4,7.25,3.6,5.5,4.5,6.25,0,0,0,True
38012463,4.6,6.25,6.4,0,0,0,5.5,7.0,6.5,False
38012464,4.4,6.5,4.6,0,0,0,6.75,7.5,8.0,False
38012465,4.6,7.25,5.4,0,0,0,7.0,6.75,8.25,False
38012466,3.0,2.25,7.4,0,0,0,5.75,4.5,7.5,False
38012467,7.0,7.5,6.2,8.0,7.5,7.75,0,0,0,True
38012468,5.4,8.0,4.0,0,0,0,7.75,6.25,8.25,False
38012469,6.2,6.5,5.0,0,0,0,6.75,7.25,7.5,False
38012470,6.0,7.0,3.4,6.25,5.0,6.5,0,0,0,True
38012471,6.8,7.0,5.0,8.0,8.5,6.5,0,0,0,True
38012472,7.4,8.0,5.8,6.5,7.5,6.0,0,0,0,True
38012473,6.4,6.0,4.6,0,0,0,7.75,5.75,8.75,False
38012474,7.8,6.75,4.6,9.25,6.5,5.0,0,0,0,True
38012475,7.6,8.0,6.0,0,0,0,9.25,9.25,9.25,False
38012476,6.0,6.5,3.4,4.5,5.25,6.75,0,0,0,True
38012477,4.0,6.75,3.8,0,0,0,5.25,6.25,6.5,False
38012478,3.4,4.75,0,0,0,0,3.75,5.5,0,False
38012479,8.2,6.25,8.6,8.5,8.75,7.5,0,0,0,True
38012480,6.2,6.5,4.0,0,0,0,8.25,8.0,8.75,False
38012481,2.4,3.75,0,0,0,0,3.75,4.5,0,False
38012482,0,4.25,0,0,0,0,4.75,6.25,0,False
38012483,0,4.0,0,0,0,0,3.5,3.5,0,False
38012484,0,6.25,0,0,0,0,8.75,9.0,0,False
38012485,7.0,8.25,7.2,0,0,0,6.75,7.25,8.25,False
38012486,4.2,6.75,4.2,0,0,0,5.75,6.75,9.0,False
38012487,6.2,7.0,4.6,0,0,0,7.5,6.75,8.75,False
38012488,4.6,6.0,5.0,0,0,0,5.5,6.25,7.0,False
38012489,7.2,6.75,3.8,0,0,0,5.75,6.75,8.5,False
38012490,5.4,7.5,3.8,0,0,0,3.5,5.5,7.0,False
38012491,0,6.0,0,0,0,0,4.75,5.5,0,False
38012492,2.8,5.0,0,0,0,0,5.25,7.75,0,False
38012493,6.4,7.25,4.6,6.0,3.5,6.0,0,0,0,True
38012494,8.2,7.75,6.2,8.5,8.5,6.0,0,0,0,True
38012495,6.8,6.75,4.6,0,0,0,7.5,8.0,8.75,False
38012496,5.0,5.5,0,0,0,0,5.25,6.75,0,False
38012497,7.8,8.5,8.6,0,0,0,10.0,9.75,9.75,False
38012498,5.8,8.25,4.6,0,0,0,5.0,6.25,7.5,False
38012499,4.6,7.0,4.6,0,0,0,4.0,7.5,6.75,False
38012500,8.2,9.0,8.2,4.0,5.75,7.0,0,0,0,True
38012501,7.6,8.0,5.2,0,0,0,7.0,8.0,8.75,False
38012502,4.2,6.0,3.6,0,0,0,5.25,5.75,6.0,False
38012503,2.8,5.5,3.0,0,0,0,3.75,2.75,4.25,False
38012504,5.8,6.5,3.8,0,0,0,7.0,7.25,6.5,False
38012505,4.0,3.5,3.4,0,0,0,5.25,6.5,5.0,False
38012506,5.2,6.0,3.6,0,0,0,4.75,5.5,7.0,False
38012507,3.6,5.0,0,0,0,0,5.0,7.25,0,False
38012508,5.8,7.0,5.8,7.75,6.5,5.0,0,0,0,True
38012509,6.6,6.25,5.6,5.25,4.0,5.5,0,0,0,True
38012510,8.2,6.25,7.6,8.75,8.25,6.5,0,0,0,True
38012511,7.6,7.5,4.2,8.25,7.5,7.25,0,0,0,True
38012512,7.0,5.5,4.6,0,0,0,8.0,7.0,8.25,False
38012513,6.8,7.25,5.2,7.0,5.5,7.0,0,0,0,True
38012514,5.2,8.5,6.0,0,0,0,9.5,9.75,8.5,False
38012515,6.0,7.0,4.8,6.5,5.75,7.0,0,0,0,True
38012516,7.8,6.75,5.4,7.0,8.25,5.5,0,0,0,True
38012517,7.8,6.5,4.8,6.25,8.0,6.0,0,0,0,True
38012518,7.6,9.0,8.2,0,0,0,8.75,8.5,9.25,False
38012519,5.4,5.0,4.6,0,0,0,4.75,6.25,6.0,False
38012520,7.6,6.75,4.8,7.5,7.25,5.0,0,0,0,True
38012521,4.4,7.75,5.4,0,0,0,7.25,7.25,8.75,False
38012522,8.0,7.25,4.2,8.75,8.25,6.75,0,0,0,True
38012523,8.2,6.75,4.6,8.75,8.5,7.5,0,0,0,True
38012524,8.0,7.0,8.6,8.5,6.5,6.5,0,0,0,True
38012525,7.6,8.0,6.4,8.5,8.25,7.0,0,0,0,True
38012526,5.6,7.0,5.0,0,0,0,7.5,7.75,8.25,False
38012527,7.0,8.75,8.6,0,0,0,9.75,9.75,8.5,False
38012528,7.8,5.25,4.8,8.25,8.25,5.75,0,0,0,True
38012529,7.2,7.5,4.8,7.75,7.25,7.25,0,0,0,True
38012530,6.0,4.5,3.4,5.25,5.5,5.5,0,0,0,True
38012531,6.0,6.25,5.6,7.25,4.0,6.25,0,0,0,True
38012532,5.4,7.5,3.6,0,0,0,8.75,8.75,8.25,False
38012533,7.0,6.75,5.0,6.25,4.0,5.75,0,0,0,True
38012534,7.0,7.0,3.8,7.5,7.5,7.25,0,0,0,True
38012535,5.0,7.0,3.0,0,0,0,5.0,7.0,8.5,False
38012536,5.6,8.0,4.2,7.75,6.25,6.5,0,0,0,True
38012537,2.2,3.25,0,0,0,0,6.0,7.5,0,False
38012538,5.2,4.5,0,0,0,0,3.5,6.75,0,False
38012539,7.0,6.75,8.6,0,0,0,8.25,8.75,9.0,False
38012540,6.8,7.0,4.8,5.25,5.75,6.0,0,0,0,True
38012541,7.2,6.5,6.8,7.5,4.5,5.5,0,0,0,True
38012542,6.2,2.75,3.0,0,0,0,6.75,7.75,7.0,False
38012543,6.4,8.0,5.2,8.0,6.25,5.5,0,0,0,True
38012544,4.4,7.5,5.2,0,0,0,7.0,5.5,7.25,False
38012545,4.2,5.75,0,0,0,0,7.5,8.5,0,False
38012546,6.2,8.5,6.4,6.75,6.5,6.5,0,0,0,True
38012547,5.8,5.75,3.8,0,0,0,6.75,6.75,8.75,False
38012548,6.0,8.25,8.8,0,0,0,8.5,7.75,8.25,False
38012549,7.8,8.25,7.4,8.5,5.25,7.25,0,0,0,True
38012550,6.8,7.5,5.8,0,0,0,6.5,8.25,9.0,False
38012551,7.8,6.5,4.6,5.0,5.75,4.25,0,0,0,True
38012552,5.6,8.0,4.0,0,0,0,5.25,7.0,7.5,False
38012553,3.6,8.0,2.2,0,0,0,4.75,5.5,8.25,False
38012554,5.2,6.25,3.2,0,0,0,6.25,6.5,8.0,False
38012555,6.2,6.75,4.8,0,0,0,5.25,6.25,8.0,False
38012556,6.8,8.0,2.4,5.0,6.0,6.25,0,0,0,True
38012557,8.2,8.5,0,0,0,0,8.0,0,0,False
38012558,2.6,5.25,2.2,0,0,0,6.0,7.5,7.25,False
38012559,5.8,7.0,3.6,7.25,6.5,4.75,0,0,0,True
38012560,4.8,6.0,3.0,0,0,0,7.0,6.5,6.75,False
38012561,9.2,8.5,8.6,9.75,9.75,9.0,0,0,0,True
38012562,8.2,8.75,6.2,8.25,8.75,7.25,0,0,0,True
38012563,8.0,6.75,4.4,7.75,6.75,6.25,0,0,0,True
38012564,8.0,6.75,4.8,8.0,5.5,6.25,0,0,0,True
38012565,3.6,4.5,2.2,0,0,0,4.5,5.25,7.0,False
38012566,4.2,5.0,4.0,0,0,0,5.75,5.5,6.25,False
38012567,8.4,8.17,6.4,6.75,6.25,6.5,0,0,0,True
38012569,8.2,8.0,6.0,6.0,5.75,7.0,0,0,0,True
38012570,7.2,7.5,5.0,5.75,7.5,5.25,0,0,0,True
38012571,5.0,6.75,0,0,0,0,4.75,6.5,0,False
38012572,7.4,7.75,5.0,7.0,6.0,5.5,0,0,0,True
38012573,7.6,6.75,4.6,6.75,9.0,7.75,0,0,0,True
38012574,7.0,6.75,3.4,6.0,5.0,7.25,0,0,0,True
38012575,4.4,5.5,2.4,0,0,0,5.5,6.5,8.5,False
38012576,7.4,9.0,6.4,0,0,0,8.5,8.25,9.25,False
38012577,5.2,6.25,3.6,0,0,0,6.25,7.0,8.5,False
38012578,7.0,8.5,3.2,6.75,5.0,5.5,0,0,0,True
38012579,5.4,5.5,5.8,0,0,0,5.0,7.0,7.0,False
38012580,4.4,5.0,4.0,0,0,0,6.5,6.75,9.0,False
38012581,3.8,4.75,4.2,0,0,0,5.25,4.5,6.5,False
38012582,3.6,5.5,4.8,0,0,0,4.0,6.25,7.25,False
38012583,3.6,6.0,3.8,0,0,0,5.5,5.25,7.0,False
38012584,5.0,5.25,3.6,0,0,0,5.25,7.5,8.0,False
38012585,7.0,8.75,6.0,0,0,0,9.5,9.5,8.5,False
38012586,5.8,5.75,4.4,5.0,3.5,4.25,0,0,0,True
38012587,6.8,6.75,5.0,8.5,8.25,5.25,0,0,0,True
38012588,7.2,6.25,4.4,8.25,6.5,6.0,0,0,0,True
38012589,6.4,5.5,5.4,0,0,0,8.0,8.5,7.0,False
38012590,8.2,8.75,5.8,8.75,8.5,8.0,0,0,0,True
38012591,5.0,6.0,2.6,0,0,0,7.5,7.0,8.25,False
38012592,5.4,5.5,3.8,0,0,0,6.75,8.0,7.5,False
38012593,2.6,4.5,2.8,0,0,0,4.75,6.0,6.75,False
38012594,7.2,7.5,4.4,8.25,8.0,6.25,0,0,0,True
38012595,8.0,6.5,3.6,7.75,8.25,7.25,0,0,0,True
38012596,4.0,6.25,5.0,0,0,0,5.5,7.0,7.75,False
38012597,5.2,5.5,3.2,0,0,0,6.5,5.75,7.75,False
38012598,5.2,5.5,4.6,0,0,0,6.25,7.75,8.0,False
38012599,6.0,5.75,4.6,0,0,0,7.25,5.5,8.0,False
38012600,6.4,8.25,6.0,0,0,0,9.0,7.75,9.25,False
38012601,6.4,8.0,4.0,0,0,0,6.75,7.0,7.75,False
38012602,5.8,6.0,7.4,0,0,0,8.5,8.0,8.0,False
38012603,5.8,6.25,5.6,0,0,0,7.5,8.0,9.75,False
38012604,0,6.0,0,0,0,0,4.5,6.0,0,False
38012605,6.8,5.5,4.6,0,0,0,5.5,7.5,8.0,False
38012606,7.0,8.0,6.4,8.0,8.25,6.5,0,0,0,True
38012607,6.0,7.0,3.0,7.0,4.5,5.5,0,0,0,True
38012608,8.6,7.0,7.4,8.0,6.25,6.75,0,0,0,True
38012609,6.6,6.25,4.2,0,0,0,5.5,7.5,8.5,False
38012610,8.4,6.75,8.6,8.75,7.25,7.75,0,0,0,True
38012611,6.8,6.25,4.4,5.25,6.25,4.75,0,0,0,True
38012612,6.4,4.5,7.8,7.75,6.75,4.0,0,0,0,True
38012613,6.8,7.5,5.4,0,0,0,6.5,7.5,7.75,False
38012614,3.0,5.0,2.4,0,0,0,5.5,5.25,5.5,False
38012615,8.4,8.75,5.2,8.0,7.5,7.5,0,0,0,True
38012616,7.0,8.25,5.4,8.5,4.75,5.5,0,0,0,True
38012617,6.6,7.25,5.0,0,0,0,6.25,5.5,8.0,False
38012618,4.0,6.0,5.4,0,0,0,4.5,7.25,7.75,False
38012619,4.4,6.75,3.2,0,0,0,7.0,6.0,7.75,False
38012620,6.6,6.5,0,0,0,0,5.25,0,0,False
38012621,7.6,8.25,5.4,8.0,9.0,6.25,0,0,0,True
38012622,3.6,5.75,2.2,0,0,0,6.0,6.75,7.5,False
38012623,6.8,5.75,4.0,7.25,6.0,5.5,0,0,0,True
38012624,6.4,5.25,3.8,6.5,7.75,6.25,0,0,0,True
38012625,7.8,6.25,3.0,5.75,6.5,7.25,0,0,0,True
38012626,6.6,7.0,5.6,0,0,0,8.5,8.75,8.75,False
38012627,5.6,7.75,4.8,0,0,0,9.0,9.0,9.0,False
38012628,6.2,7.5,4.8,0,0,0,9.25,8.5,9.75,False
38012629,7.8,6.75,5.6,7.25,5.0,5.75,0,0,0,True
38012630,4.0,4.0,3.0,0,0,0,5.25,3.75,7.25,False
38012631,7.4,8.5,5.2,0,0,0,8.0,8.0,8.75,False
38012632,7.6,7.75,6.8,7.5,7.0,6.75,0,0,0,True
38012633,6.6,6.75,5.0,7.5,5.0,5.5,0,0,0,True
38012634,7.6,8.75,7.4,0,0,0,7.5,7.25,8.75,False
38012635,5.8,7.75,4.8,0,0,0,7.5,8.5,7.25,False
38012636,7.4,7.0,5.2,5.75,8.25,7.75,0,0,0,True
38012637,6.0,6.75,4.8,0,0,0,6.5,7.0,8.25,False
38012638,7.0,8.0,5.2,0,0,0,9.25,6.5,9.25,False
38012639,4.6,6.5,3.6,0,0,0,6.0,6.75,8.0,False
38012640,5.0,6.5,4.2,0,0,0,4.75,5.5,7.0,False
38012641,4.2,6.5,4.6,0,0,0,7.25,7.25,7.75,False
38012642,2.6,4.0,3.0,0,0,0,6.0,7.0,9.0,False
38012643,4.0,5.0,3.2,0,0,0,5.0,6.5,6.0,False
38012644,3.8,4.5,0,0,0,0,4.25,4.0,0,False
38012645,3.4,5.0,2.4,0,0,0,5.25,6.75,6.5,False
38012646,3.0,7.25,2.8,0,0,0,7.75,6.25,8.5,False
38012647,0,7.0,0,0,0,0,9.25,8.75,0,False
38012648,8.0,7.75,4.6,7.25,8.25,6.75,0,0,0,True
38012649,5.4,4.5,4.0,0,0,0,4.25,6.5,8.0,False
38012650,6.6,8.0,5.4,7.0,8.0,6.0,0,0,0,True
38012651,4.6,5.75,2.6,0,0,0,5.5,4.75,6.0,False
38012652,5.0,6.0,2.4,0,0,0,3.5,5.25,4.75,False
38012653,6.4,6.0,4.2,0,0,0,6.75,5.75,7.0,False
38012654,3.2,5.0,0,0,0,0,5.0,4.5,0,False
38012655,5.6,6.25,4.8,0,0,0,7.25,5.75,7.75,False
38012656,8.4,7.75,6.4,8.0,7.75,7.25,0,0,0,True
38012657,7.4,7.25,3.6,5.75,7.5,6.0,0,0,0,True
38012658,3.8,5.75,3.6,0,0,0,4.0,6.0,7.5,False
38012659,5.4,6.25,5.8,0,0,0,7.0,8.25,8.0,False
38012660,4.0,7.25,4.0,0,0,0,7.75,8.0,9.0,False
38012661,4.6,5.75,4.0,0,0,0,6.75,6.25,6.0,False
38012662,4.0,6.0,4.8,0,0,0,7.75,7.25,7.75,False
38012663,4.6,7.0,3.8,0,0,0,6.5,8.25,8.25,False
38012664,5.6,5.0,3.8,0,0,0,4.75,4.75,5.75,False
38012665,3.2,5.75,0,0,0,0,5.25,6.75,0,False
38012666,6.2,6.0,4.6,0,0,0,6.25,6.0,9.0,False
38012667,8.4,7.25,6.2,8.0,8.75,9.0,0,0,0,True
38012668,6.4,6.25,4.8,0,0,0,7.0,6.0,8.5,False
38012669,5.6,7.75,5.6,0,0,0,9.0,7.25,9.25,False
38012670,8.0,7.25,5.6,4.5,7.75,7.75,0,0,0,True
38012671,5.8,6.0,4.0,0,0,0,5.75,7.5,7.25,False
38012672,3.0,4.75,3.4,0,0,0,4.25,4.75,6.0,False
38012673,4.2,6.75,3.4,0,0,0,6.5,7.0,8.5,False
38012674,7.2,8.5,5.4,7.25,5.5,5.75,0,0,0,True
38012675,6.0,7.25,5.4,0,0,0,6.5,7.75,8.0,False
38012676,8.6,6.5,5.4,8.0,8.5,6.0,0,0,0,True
38012677,8.0,8.0,5.6,7.25,7.5,6.25,0,0,0,True
38012678,7.8,7.5,6.8,8.25,8.0,8.0,0,0,0,True
38012679,0,7.5,0,0,0,0,7.75,6.5,0,False
38012680,2.0,5.25,3.8,0,0,0,5.5,6.5,7.0,False
38012681,6.8,8.0,5.0,0,0,0,8.75,9.0,8.75,False
38012682,5.2,7.75,3.8,0,0,0,7.25,8.5,8.0,False
38012683,5.4,8.0,4.2,0,0,0,7.25,7.5,8.75,False
38012684,8.4,6.5,7.6,8.25,5.75,6.5,0,0,0,True
38012685,7.2,7.75,4.2,8.25,6.75,5.25,0,0,0,True
38012686,7.4,8.25,7.4,8.25,6.75,5.25,0,0,0,True
38012687,8.6,7.5,9.0,8.75,7.75,7.0,0,0,0,True
38012688,6.4,5.0,3.8,0,0,0,5.25,6.5,8.75,False
38012689,6.6,6.5,5.0,0,0,0,7.25,6.0,8.25,False
38012690,6.4,6.0,4.0,4.75,7.0,6.5,0,0,0,True
38012691,7.2,6.5,5.8,8.0,8.25,6.25,0,0,0,True
38012692,6.2,7.75,6.8,0,0,0,6.0,8.25,8.75,False
38012693,3.2,5.0,3.4,0,0,0,3.25,4.25,7.0,False
38012694,8.2,6.75,6.6,7.0,6.5,7.5,0,0,0,True
38012695,6.0,0,0,3.5,3.75,0,0,0,0,True
38012696,2.2,4.25,2.8,0,0,0,5.25,6.0,6.5,False
38012697,8.0,6.75,7.8,8.25,4.75,7.25,0,0,0,True
38012698,6.6,6.5,6.8,0,0,0,8.25,7.25,9.25,False
38012699,8.0,7.75,8.4,0,0,0,0,0,0,False
38012700,6.8,7.0,4.6,0,0,0,7.25,8.75,9.5,False
38012701,5.0,4.0,3.2,0,0,0,6.0,6.0,6.25,False
38012702,4.4,6.0,4.0,0,0,0,6.5,6.0,6.75,False
38012703,5.4,4.0,3.8,0,0,0,6.75,6.25,7.5,False
38012704,3.2,3.0,4.0,0,0,0,6.25,3.75,4.0,False
38012705,3.6,6.25,5.0,0,0,0,6.75,7.0,8.75,False
38012706,3.2,5.5,3.2,0,0,0,6.25,7.5,9.5,False
38012707,5.0,6.75,3.4,0,0,0,5.5,5.75,8.25,False
38012708,4.4,6.75,4.6,0,0,0,6.25,5.75,6.75,False
38012709,6.6,8.5,4.4,0,0,0,6.75,8.5,9.25,False
38012710,6.4,7.75,4.2,8.75,5.5,5.5,0,0,0,True
38012711,7.8,7.5,8.2,5.25,8.0,7.0,0,0,0,True
38012712,4.0,8.0,3.0,0,0,0,5.5,5.5,7.0,False
38012713,8.2,6.25,5.6,8.0,8.0,8.0,0,0,0,True
38012714,5.6,8.0,4.4,0,0,0,6.25,7.25,9.0,False
38012715,7.0,7.75,5.2,0,0,0,9.0,9.5,9.25,False
38012716,7.0,8.0,7.6,0,0,0,9.5,9.5,9.25,False
38012717,8.6,7.5,5.2,7.5,8.25,7.75,0,0,0,True
38012718,2.8,2.75,0,0,0,0,4.25,1.25,0,False
38012719,3.6,5.5,3.0,0,0,0,6.0,5.0,6.0,False
38012720,8.6,6.75,6.4,8.5,8.5,5.75,0,0,0,True
38012721,5.8,6.5,4.8,0,0,0,5.0,6.0,7.5,False
38012722,0,7.75,0,0,0,0,8.5,9.25,0,False
38012723,4.2,7.25,0,0,0,0,6.0,8.5,0,False
38012724,6.8,8.5,5.6,7.75,7.5,5.25,0,0,0,True
38012725,6.4,7.75,4.6,0,0,0,7.25,9.0,7.5,False
38012726,6.2,6.75,4.4,0,0,0,5.0,7.25,8.0,False
38012727,6.8,7.0,5.2,7.0,7.0,7.25,0,0,0,True
38012728,6.8,8.5,6.0,0,0,0,7.75,8.75,9.0,False
38012729,5.2,8.5,4.0,0,0,0,7.75,7.5,7.25,False
38012730,6.2,6.75,4.6,8.25,6.0,5.75,0,0,0,True
38012731,6.6,7.25,4.4,5.75,7.0,4.5,0,0,0,True
38012732,4.6,7.75,4.0,0,0,0,9.5,8.75,8.75,False
38012733,7.4,5.0,7.0,8.5,7.5,6.25,0,0,0,True
38012734,5.4,6.25,5.4,0,0,0,6.75,7.5,8.0,False
38012735,4.4,5.25,2.6,0,0,0,5.5,5.5,7.0,False
38012736,8.4,8.25,9.0,0,0,0,0,0,0,False
38012737,6.8,7.75,3.2,7.5,5.75,7.5,0,0,0,True
38012738,0,4.75,0,0,0,0,6.75,5.75,0,False
38012739,2.6,6.5,4.6,0,0,0,8.0,6.5,8.25,False
38012740,4.4,5.0,3.6,0,0,0,4.25,7.75,8.0,False
38012741,4.6,5.5,4.6,0,0,0,5.0,6.25,8.0,False
38012742,4.4,6.5,0,0,0,0,3.5,7.0,0,False
38012743,7.2,8.25,6.0,7.75,6.75,7.5,0,0,0,True
38012744,4.2,8.5,4.4,0,0,0,7.25,8.5,8.75,False
38012745,3.2,5.75,0,0,0,0,3.0,6.0,0,False
38012746,5.6,6.25,4.8,0,0,0,5.25,7.0,7.25,False
38012747,5.8,8.5,7.2,6.5,4.75,6.0,0,0,0,True
38012748,4.4,8.5,3.2,0,0,0,6.25,7.5,7.5,False
38012749,6.8,8.5,6.8,0,0,0,6.75,8.75,9.25,False
38012750,8.8,8.75,8.0,7.25,9.0,8.25,0,0,0,True
38012751,4.4,8.5,5.2,0,0,0,8.75,6.75,8.5,False
38012752,6.4,6.75,4.4,0,0,0,4.5,6.5,7.25,False
38012753,3.4,6.0,3.6,0,0,0,6.0,6.75,6.75,False
38012754,7.2,8.5,4.4,6.5,7.5,8.0,0,0,0,True
38012755,6.0,7.75,6.0,0,0,0,9.75,8.0,8.25,False
38012756,7.8,5.0,4.2,7.75,7.0,6.5,0,0,0,True
38012757,3.8,4.5,3.6,0,0,0,7.5,6.75,7.0,False
38012758,3.0,3.5,4.2,0,0,0,5.0,7.5,7.5,False
38012759,3.4,4.5,4.4,0,0,0,4.25,6.5,6.25,False
38012760,7.6,7.75,4.8,0,0,0,7.75,8.5,9.5,False
38012761,5.4,7.0,5.4,0,0,0,6.25,6.0,8.25,False
38012762,6.2,5.75,2.6,0,0,0,7.0,8.0,8.0,False
38012763,4.4,6.25,3.8,0,0,0,6.5,5.5,7.5,False
38012764,8.4,9.0,9.6,7.0,9.25,7.0,0,0,0,True
38012765,6.6,9.5,7.4,0,0,0,8.0,8.25,10.0,False
38012766,7.8,7.17,8.4,5.75,9.0,9.0,0,0,0,True
38012767,5.6,5.75,3.0,0,0,0,7.0,6.5,6.25,False
38012768,6.8,7.5,4.8,0,0,0,8.25,7.25,8.5,False
38012769,3.0,6.0,0,0,0,0,4.25,6.75,0,False
38012770,0,2.5,0,0,0,0,6.5,6.25,0,False
38012771,4.6,5.25,3.6,0,0,0,7.25,6.0,8.0,False
38012772,3.8,6.5,3.2,0,0,0,8.25,7.5,7.5,False
38012773,7.4,6.0,5.8,6.25,5.75,4.75,0,0,0,True
38012774,9.0,0,0,9.25,8.75,0,0,0,0,True
38012775,6.0,7.75,6.2,0,0,0,9.75,9.0,9.25,False
38012776,6.8,6.0,6.6,7.5,4.0,7.25,0,0,0,True
38012777,4.6,4.75,0,0,0,0,4.75,5.25,0,False
38012778,5.2,6.0,3.4,0,0,0,5.5,5.5,6.25,False
38012779,7.4,8.5,7.6,0,0,0,8.25,8.5,9.25,False
38012780,7.0,8.0,4.4,6.75,7.25,8.25,0,0,0,True
38012781,4.0,5.0,5.4,0,0,0,5.25,5.25,6.75,False
38012782,4.4,6.25,2.6,0,0,0,5.75,7.25,7.5,False
38012783,5.4,7.0,3.8,0,0,0,6.5,8.5,7.75,False
38012784,5.2,5.5,3.0,0,0,0,5.0,6.75,7.25,False
38012785,0,8.0,0,0,0,0,9.25,9.0,0,False
38012786,6.2,7.0,6.0,0,0,0,7.5,7.25,8.75,False
38012787,8.4,6.75,5.4,8.25,7.25,6.75,0,0,0,True
38012788,8.2,7.25,6.2,8.0,8.0,7.25,0,0,0,True
38012789,4.6,6.5,4.2,0,0,0,6.0,6.0,7.75,False
38012790,5.8,5.75,2.6,0,0,0,7.5,7.25,8.0,False
38012791,5.0,6.75,5.4,6.75,5.75,6.25,0,0,0,True
38012792,7.2,5.75,8.2,7.0,6.5,6.0,0,0,0,True
38012793,4.6,6.75,3.0,0,0,0,5.5,5.75,8.75,False
38012794,6.4,6.5,3.8,0,0,0,5.25,6.75,7.0,False
38012795,7.0,7.75,5.4,0,0,0,7.25,7.0,8.75,False
38012796,8.0,8.5,8.2,6.25,7.5,7.0,0,0,0,True
38012797,4.0,5.0,3.6,0,0,0,4.5,5.5,7.0,False
38012798,5.4,7.5,4.2,0,0,0,7.25,8.0,9.0,False
38012799,7.2,6.5,5.6,7.0,6.0,5.75,0,0,0,True
38012800,8.0,9.25,9.0,0,0,0,8.5,9.0,9.5,False
38012801,6.6,8.5,5.4,0,0,0,8.0,7.75,8.75,False
38012802,5.6,7.25,4.2,0,0,0,6.75,7.25,8.25,False
38012803,6.6,7.5,5.8,7.5,6.5,4.0,0,0,0,True
38012804,5.2,7.0,2.8,0,0,0,6.0,7.25,6.5,False
38012805,6.2,8.0,4.2,0,0,0,5.5,6.75,8.25,False
38012806,4.0,6.75,4.0,0,0,0,6.0,6.5,8.5,False
38012807,5.6,8.58,6.8,0,0,0,9.75,10.0,9.5,False
38012808,5.2,6.5,3.2,0,0,0,5.0,6.75,6.0,False
38012809,8.0,8.25,5.6,8.25,5.25,6.5,0,0,0,True
38012810,6.6,8.0,5.4,0,0,0,6.25,8.75,9.5,False
38012811,6.0,7.5,5.2,0,0,0,7.5,7.5,8.75,False
38012812,5.8,9.5,5.0,0,0,0,8.25,7.75,9.25,False
38012813,4.8,6.0,5.4,0,0,0,7.5,6.25,7.75,False
38012814,8.6,7.25,5.6,7.25,8.0,6.0,0,0,0,True
38012815,6.8,7.75,4.6,0,0,0,7.5,7.5,9.75,False
38012816,3.2,5.5,3.4,0,0,0,4.25,5.75,7.25,False
38012817,6.6,6.25,5.2,0,0,0,6.0,6.0,8.25,False
38012818,4.2,5.75,2.6,0,0,0,7.5,7.0,8.0,False
38012819,5.2,6.0,4.6,0,0,0,7.0,6.5,8.0,False
38012820,7.6,6.75,5.4,7.0,5.75,7.25,0,0,0,True
38012821,7.6,7.5,8.2,8.75,5.5,8.25,0,0,0,True
38012822,6.4,6.5,5.6,4.0,3.75,4.25,0,0,0,True
38012823,8.4,0,0,8.5,8.75,0,0,0,0,True
38012824,6.4,8.25,5.2,0,0,0,8.25,9.0,8.5,False
38012825,8.0,7.0,4.6,8.25,8.0,5.75,0,0,0,True
38012826,7.6,6.25,5.4,6.25,7.0,7.25,0,0,0,True
38012827,6.4,4.5,3.4,0,0,0,7.25,6.25,7.25,False
38012828,0,6.5,0,0,0,0,4.75,6.75,0,False
38012829,7.0,8.5,5.8,4.75,3.0,6.25,0,0,0,True
38012830,7.0,9.0,3.8,0,0,0,9.25,9.5,9.0,False
38012831,6.8,6.25,4.4,5.75,6.75,7.5,0,0,0,True
38012832,8.2,8.25,9.0,0,0,0,8.75,7.75,9.25,False
38012833,8.6,8.0,3.8,8.0,8.5,6.75,0,0,0,True
38012834,4.8,5.5,3.8,0,0,0,5.75,5.0,6.75,False
38012835,4.2,7.75,3.4,0,0,0,8.0,8.75,9.25,False
38012836,3.4,6.0,3.0,0,0,0,6.75,5.75,7.5,False
38012837,6.0,8.5,5.6,2.75,5.5,5.5,0,0,0,True
38012838,6.0,7.0,4.6,0,0,0,5.75,8.0,7.5,False
38012839,6.4,8.0,6.6,0,0,0,6.5,8.0,9.5,False
38012840,8.6,6.5,4.8,3.75,9.0,8.5,0,0,0,True
38012841,4.4,6.5,4.2,0,0,0,5.75,6.5,6.75,False
38012842,5.4,8.25,3.0,0,0,0,7.0,6.25,8.75,False
38012843,6.4,5.5,5.6,0,0,0,8.75,8.5,9.5,False
38012844,6.6,7.25,3.0,7.5,5.75,5.75,0,0,0,True
38012845,6.8,6.5,3.2,8.75,7.75,7.5,0,0,0,True
38012846,7.4,6.75,4.6,8.5,8.0,8.0,0,0,0,True
38012847,0,7.75,0,0,0,0,9.5,9.5,0,False
38012849,7.8,7.25,5.2,8.25,6.25,6.0,0,0,0,True
38012850,6.2,8.5,3.4,0,0,0,7.5,7.5,8.5,False
38012851,6.4,7.0,5.0,0,0,0,5.5,7.0,8.5,False
38012852,5.6,5.5,5.6,0,0,0,7.25,6.75,8.25,False
38012853,4.6,5.75,5.2,0,0,0,6.0,6.75,8.75,False
38012854,6.8,7.75,5.4,0,0,0,8.75,8.5,9.0,False
38012855,5.8,4.5,4.8,0,0,0,6.0,6.75,9.5,False
38012856,5.6,6.0,3.6,0,0,0,4.75,6.0,6.5,False
38012857,8.0,8.0,7.0,7.25,6.5,7.0,0,0,0,True
38012858,2.2,1.75,0,0,0,0,2.75,3.75,0,False
38012859,6.6,8.0,5.8,0,0,0,7.0,7.0,8.25,False
38012860,8.6,7.25,0,0,0,0,8.25,9.5,0,False
38012861,7.0,7.75,8.2,7.5,4.75,4.75,0,0,0,True
38012862,4.6,5.0,3.0,0,0,0,4.0,4.75,5.0,False
38012863,4.6,6.25,3.6,0,0,0,8.0,8.25,8.5,False
38012864,4.8,6.75,5.0,0,0,0,4.75,4.75,8.75,False
38012865,5.0,7.0,3.8,0,0,0,6.25,5.75,8.0,False
38012866,0,7.0,0,0,0,0,7.0,7.5,0,False
38012867,4.8,7.25,5.6,0,0,0,8.0,6.5,9.25,False
38012868,6.8,5.75,3.2,6.25,5.25,6.0,0,0,0,True
38012869,7.4,7.25,2.6,6.0,6.5,5.5,0,0,0,True
38012870,7.6,6.25,3.8,7.0,6.5,6.25,0,0,0,True
38012871,5.8,5.0,4.4,0,0,0,5.75,6.75,8.75,False
38012872,7.4,7.0,4.4,8.0,7.25,7.0,0,0,0,True
38012873,3.4,5.25,2.4,0,0,0,6.0,4.0,6.0,False
38012874,5.6,5.75,3.6,4.5,5.0,5.75,0,0,0,True
38012875,7.6,7.0,5.2,8.25,7.0,6.75,0,0,0,True
38012876,8.2,0,0,7.75,8.0,7.0,0,0,0,True
38012877,5.4,5.0,3.2,0,0,0,6.5,7.5,9.5,False
38012879,5.6,9.0,7.2,0,0,0,8.75,8.75,8.0,False
38012880,5.6,7.25,4.2,0,0,0,6.0,5.0,7.25,False
38012881,5.6,5.75,5.0,7.25,6.75,6.25,0,0,0,True
38012882,8.4,0,0,9.0,8.5,8.0,0,0,0,True
38012883,8.2,6.5,5.4,8.75,9.0,7.25,0,0,0,True
38012884,4.6,6.25,3.6,0,0,0,4.0,6.5,6.75,False
38012885,6.0,7.25,4.4,5.25,7.0,6.25,0,0,0,True
38012886,6.0,7.5,3.2,6.0,4.5,6.5,0,0,0,True
38012887,6.8,7.25,4.4,0,0,0,6.25,7.0,8.5,False
38012888,5.0,7.5,2.0,0,0,0,9.5,9.75,9.25,False
38012889,4.4,6.0,4.2,0,0,0,5.25,6.0,6.25,False
38012890,4.0,6.25,4.0,0,0,0,7.75,9.0,8.75,False
38012891,5.0,5.5,4.8,0,0,0,7.0,7.5,8.5,False
38012892,8.2,6.25,4.4,7.5,8.5,7.0,0,0,0,True
38012893,8.0,7.0,7.4,7.75,8.75,8.25,0,0,0,True
38012894,7.0,7.75,5.4,6.75,8.5,6.0,0,0,0,True
38012895,0,7.25,0,0,0,0,9.0,7.5,0,False
38012896,7.0,6.5,4.6,7.75,7.75,6.5,0,0,0,True
38012897,8.4,9.0,5.0,0,0,0,9.25,9.5,9.5,False
38012898,6.4,8.25,8.0,0,0,0,8.25,8.0,8.5,False
38012899,4.6,7.75,3.6,0,0,0,7.25,7.5,9.0,False
38012900,7.0,8.5,4.2,6.5,3.5,3.25,0,0,0,True
38012901,3.2,7.25,4.4,0,0,0,4.75,6.25,7.25,False
38012902,3.8,4.25,4.0,0,0,0,2.75,5.5,5.75,False
38012903,5.2,5.0,4.6,0,0,0,5.5,6.75,6.75,False
38012904,5.2,7.0,4.6,0,0,0,6.25,6.75,7.75,False
38012905,6.6,8.25,4.8,0,0,0,6.75,7.5,9.25,False
38012906,3.0,0,4.8,3.75,2.0,0,0,0,0,True
38012907,4.0,6.75,2.4,0,0,0,4.75,7.0,6.75,False
38012908,6.8,6.5,4.2,0,0,0,8.0,6.0,9.0,False
38012909,4.0,6.5,4.0,0,0,0,7.25,6.0,7.25,False
38012910,6.8,8.25,4.8,0,0,0,7.5,8.25,9.0,False
38012911,3.8,6.5,3.4,0,0,0,5.5,6.0,7.25,False
38012912,3.8,5.5,3.4,0,0,0,4.5,4.5,6.0,False
38012913,7.8,9.25,8.0,7.5,7.5,7.0,0,0,0,True
38012914,5.4,7.25,4.2,0,0,0,6.0,6.25,8.75,False
38012915,5.2,8.0,5.6,4.75,4.5,6.25,0,0,0,True
38012916,6.0,8.25,4.4,0,0,0,7.75,6.25,8.75,False
38012917,7.4,8.25,4.6,7.75,4.25,5.5,0,0,0,True
38012918,6.8,8.0,4.4,5.0,4.25,5.5,0,0,0,True
38012919,8.2,7.5,8.8,7.5,4.5,7.25,0,0,0,True
38012920,5.6,6.5,5.2,0,0,0,7.5,7.75,7.0,False
38012921,4.2,5.0,4.6,0,0,0,5.5,6.25,7.5,False
38012922,4.8,7.25,4.6,0,0,0,4.25,7.0,7.25,False
38012923,8.0,6.5,6.6,9.0,8.5,7.5,0,0,0,True
38012924,6.0,6.0,3.8,0,0,0,7.0,6.0,7.75,False
38012925,4.2,6.25,3.2,0,0,0,4.75,5.75,6.25,False
38012926,7.6,7.0,8.8,6.0,6.5,7.0,0,0,0,True
38012927,7.6,7.5,6.8,8.75,8.75,8.5,0,0,0,True
38012928,7.6,6.25,5.0,8.0,7.25,6.75,0,0,0,True
38012929,7.8,6.5,6.0,8.0,7.75,6.0,0,0,0,True
38012930,8.4,8.0,6.0,8.5,8.0,5.75,0,0,0,True
38012931,5.2,7.25,3.6,0,0,0,4.75,7.75,7.75,False
38012932,6.8,6.75,3.2,5.0,4.0,5.25,0,0,0,True
38012933,3.6,7.5,3.6,0,0,0,4.25,6.75,7.0,False
38012934,4.0,6.5,2.8,0,0,0,4.75,5.75,7.25,False
38012935,5.8,7.0,3.4,0,0,0,7.5,8.25,8.5,False
38012936,4.2,7.0,3.8,0,0,0,4.25,6.75,8.25,False
38012937,8.2,9.25,5.6,5.0,6.25,6.0,0,0,0,True
38012938,6.6,7.0,3.4,6.0,6.5,6.25,0,0,0,True
38012939,3.6,6.0,0,0,0,0,5.25,6.75,0,False
38012940,6.8,7.25,6.0,0,0,0,8.5,9.75,9.0,False
38012941,3.2,7.5,4.2,0,0,0,8.75,8.0,8.0,False
38012942,4.8,6.42,0,0,0,0,4.25,5.25,0,False
38012943,7.6,6.75,7.6,7.5,6.0,5.25,0,0,0,True
38012944,6.2,5.5,5.0,5.75,5.25,6.75,0,0,0,True
38012945,8.2,8.5,8.6,0,0,0,8.25,6.75,8.25,False
38012946,4.8,8.0,4.8,0,0,0,6.75,7.75,8.75,False
38012947,6.2,7.75,5.4,6.5,3.75,7.5,0,0,0,True
38012948,7.0,6.5,5.2,7.0,6.25,6.25,0,0,0,True
38012949,7.8,7.0,5.2,4.25,8.5,7.75,0,0,0,True
38012950,4.0,5.5,4.0,0,0,0,6.75,5.5,7.5,False
38012951,8.0,9.0,6.8,0,0,0,0,0,0,False
38012952,8.0,7.75,8.4,8.75,7.25,6.75,0,0,0,True
38012953,7.8,9.0,6.6,6.0,6.0,6.25,0,0,0,True
38012954,8.6,8.25,7.4,0,0,0,8.0,8.5,8.75,False
38012955,4.6,6.75,5.0,0,0,0,4.25,5.5,7.5,False
38012956,4.8,7.75,5.2,4.5,4.5,6.5,0,0,0,True
38012957,5.6,7.5,3.4,0,0,0,4.75,5.75,8.25,False
38012958,5.2,6.5,5.4,0,0,0,6.25,7.0,7.75,False
38012959,5.0,4.75,3.8,0,0,0,4.25,6.0,8.5,False
38012960,0,4.75,0,0,0,0,4.5,6.0,0,False
38012961,4.8,8.0,5.4,0,0,0,6.25,7.25,9.5,False
38012962,6.4,5.75,5.0,6.75,6.0,5.5,0,0,0,True
38012963,4.2,6.0,3.4,0,0,0,7.0,5.0,7.25,False
38012964,0,8.25,0,0,0,0,8.75,9.25,8.5,False
38012965,5.6,5.75,4.8,0,0,0,5.0,7.75,8.25,False
38012966,3.6,6.75,0,0,0,0,5.5,8.25,0,False
38012967,6.0,6.75,4.2,0,0,0,7.25,7.5,9.5,False
38012968,7.6,7.5,5.0,0,0,0,8.75,8.5,9.25,False
38012969,5.2,8.25,3.6,0,0,0,6.75,8.0,8.0,False
38012971,4.2,4.75,3.6,0,0,0,6.0,7.25,7.5,False
38012972,0,6.25,0,0,0,0,8.75,7.75,0,False
38012973,6.2,5.75,4.0,0,0,0,5.5,6.5,7.0,False
38012974,7.4,9.0,5.0,8.5,7.25,7.5,0,0,0,True
38012975,0,6.75,0,0,0,0,9.5,9.0,0,False
38012976,7.0,7.0,4.6,2.75,7.75,7.5,0,0,0,True
38012977,7.4,6.25,4.2,6.75,4.5,4.5,0,0,0,True
38012978,8.2,6.25,5.6,8.25,6.25,6.25,0,0,0,True
38012979,5.4,7.0,4.0,0,0,0,7.0,7.0,6.75,False
38012980,8.2,9.0,6.8,0,0,0,9.75,7.25,8.5,False
38012981,3.8,6.0,2.4,0,0,0,5.5,7.5,6.25,False
38012982,4.6,6.25,1.4,0,0,0,5.75,6.5,7.5,False
38012983,4.0,4.25,3.8,2.75,3.5,5.75,0,0,0,True
38012984,6.8,6.5,3.2,5.0,5.5,7.75,0,0,0,True
38012985,7.0,7.25,5.6,7.5,6.75,6.0,0,0,0,True
38012986,6.0,6.0,0,0,0,0,5.5,6.75,0,False
38012987,0,7.75,0,0,0,0,10.0,9.5,0,False
38012988,6.0,7.0,4.6,7.75,5.75,6.25,0,0,0,True
38012989,7.4,6.5,4.8,9.0,8.75,6.25,0,0,0,True
38012990,4.2,4.5,3.8,0,0,0,3.5,6.25,4.75,False
38012991,4.2,6.25,4.4,0,0,0,2.75,5.75,6.75,False
38012992,8.4,6.75,5.0,6.5,7.0,8.0,0,0,0,True
38012993,0,4.25,0,0,0,0,3.75,5.25,0,False
38012994,4.8,5.75,3.0,0,0,0,6.0,6.75,6.0,False
38012995,8.4,8.75,9.0,0,0,0,0,0,0,False
38012996,8.0,0,0,5.25,8.0,8.0,0,0,0,True
38012997,4.6,6.25,2.8,0,0,0,4.5,5.5,6.0,False
38012998,7.4,7.25,6.4,0,0,0,8.75,9.0,9.5,False
38012999,4.0,6.25,3.0,0,0,0,5.25,5.25,4.75,False
38013000,7.6,6.5,5.2,7.0,5.5,7.0,0,0,0,True
38013001,7.6,6.75,6.2,7.5,6.75,5.0,0,0,0,True
38013002,4.8,7.25,4.4,0,0,0,7.0,7.75,9.25,False
38013003,2.8,6.25,4.2,0,0,0,5.0,6.75,7.25,False
38013004,8.0,7.25,4.8,6.75,8.0,7.0,0,0,0,True
38013005,7.6,6.5,5.0,7.25,8.5,6.0,0,0,0,True
38013006,6.2,5.75,5.4,6.0,5.0,6.5,0,0,0,True
38013007,5.2,7.75,4.4,0,0,0,9.75,8.75,8.75,False
38013008,7.4,7.25,5.0,8.0,7.5,6.25,0,0,0,True
38013009,0,5.75,0,0,0,0,5.5,5.25,0,False
38013010,7.4,6.5,5.0,0,0,0,5.25,6.25,7.25,False
38013011,3.2,5.25,3.8,0,0,0,5.25,6.75,7.25,False
38013012,3.0,4.5,3.6,0,0,0,5.25,6.25,6.75,False
38013013,4.2,5.5,3.6,0,0,0,4.0,5.0,6.75,False
38013014,5.4,6.75,4.2,0,0,0,7.25,7.25,8.0,False
38013015,6.2,7.5,3.6,0,0,0,6.5,6.75,8.5,False
38013016,5.6,6.75,2.8,0,0,0,4.75,7.25,7.0,False
38013017,6.2,7.0,5.0,0,0,0,5.5,6.25,7.25,False
38013018,4.0,6.0,3.0,0,0,0,4.5,3.25,4.0,False
38013019,7.6,6.75,3.8,6.75,5.25,5.75,0,0,0,True
38013020,5.8,7.75,4.6,0,0,0,8.5,7.5,8.0,False
38013021,6.8,8.25,6.2,0,0,0,7.0,8.0,8.5,False
38013022,4.8,7.0,4.0,0,0,0,7.5,7.25,9.25,False
38013023,4.2,4.75,4.2,0,0,0,6.75,6.75,7.5,False
38013024,5.2,6.0,4.4,0,0,0,7.0,6.5,7.0,False
38013025,6.2,6.5,5.6,0,0,0,4.75,7.5,5.75,False
38013026,5.2,5.25,3.4,0,0,0,5.25,5.5,6.25,False
38013027,5.6,8.75,4.0,0,0,0,9.75,9.25,9.5,False
38013028,7.0,5.75,4.2,0,0,0,8.25,8.0,8.5,False
38013029,3.2,5.5,2.4,0,0,0,7.75,6.0,6.5,False
38013030,6.2,5.25,4.4,3.0,2.75,4.25,0,0,0,True
38013031,5.6,7.5,4.4,0,0,0,7.75,7.75,8.0,False
38013032,7.4,8.0,5.6,3.0,3.0,6.75,0,0,0,True
38013033,5.4,6.75,3.4,0,0,0,7.0,7.25,7.0,False
38013034,4.6,5.25,3.6,0,0,0,5.75,6.5,7.75,False
38013035,5.0,7.0,3.8,0,0,0,6.25,7.0,8.25,False
38013036,3.8,6.0,2.8,0,0,0,6.75,6.75,7.75,False
38013037,5.6,6.25,5.8,4.5,4.5,5.5,0,0,0,True
38013038,5.4,5.75,3.6,0,0,0,6.25,6.75,8.5,False
38013039,6.0,7.5,1.4,0,0,0,8.0,9.5,8.5,False
38013040,7.6,8.0,3.6,6.5,8.0,6.75,0,0,0,True
38013041,3.8,5.5,2.4,0,0,0,4.5,4.75,7.75,False
38013042,6.4,5.75,3.2,0,0,0,7.5,7.75,9.0,False
38013043,6.8,6.0,3.0,0,0,0,8.5,7.75,8.25,False
38013044,3.2,6.25,4.8,0,0,0,6.25,8.5,8.0,False
38013045,8.0,6.5,5.8,6.75,6.25,6.0,0,0,0,True
38013046,5.8,4.5,3.0,0,0,0,7.0,4.75,6.5,False
38013047,7.6,5.75,5.4,8.0,7.5,6.25,0,0,0,True
38013048,6.4,5.5,3.0,0,0,0,6.5,8.75,8.0,False
38013049,6.0,5.75,3.8,4.5,4.0,4.75,0,0,0,True
38013050,3.2,7.25,2.8,0,0,0,6.25,6.0,7.0,False
38013051,6.8,7.25,3.8,5.75,6.5,5.0,0,0,0,True
38013052,6.6,5.5,4.2,5.0,6.5,5.0,0,0,0,True
38013053,5.2,6.0,3.8,0,0,0,5.75,7.25,7.5,False
38013054,3.8,6.25,4.6,0,0,0,6.25,6.25,7.25,False
38013055,4.4,5.75,1.6,0,0,0,6.0,6.25,8.0,False
38013056,6.0,5.5,2.2,4.5,3.25,3.75,0,0,0,True
38013057,3.6,5.75,3.2,0,0,0,6.75,6.25,7.75,False
38013058,7.8,7.0,5.2,4.0,4.25,5.5,0,0,0,True
38013059,6.0,6.5,3.6,0,0,0,7.0,8.25,8.5,False
38013060,7.4,4.75,4.8,0,0,0,8.25,8.0,9.25,False
38013061,5.0,5.0,4.6,0,0,0,4.75,6.75,8.0,False
38013062,4.8,6.5,3.8,0,0,0,6.0,5.5,7.75,False
38013063,7.6,7.75,7.4,6.5,7.0,5.25,0,0,0,True
38013064,4.8,7.75,3.6,0,0,0,7.0,6.0,8.25,False
38013065,4.8,5.0,2.8,0,0,0,6.5,7.5,7.25,False
38013066,4.6,5.25,2.6,0,0,0,7.0,5.75,7.25,False
38013067,4.8,6.5,4.2,0,0,0,7.25,7.5,8.25,False
38013068,3.8,6.0,3.2,0,0,0,7.25,6.75,8.25,False
38013069,6.2,6.25,2.0,0,0,0,7.0,6.0,8.5,False
38013070,5.6,6.0,3.6,0,0,0,8.0,9.0,8.25,False
38013071,3.4,7.75,4.6,0,0,0,8.0,9.0,9.0,False
38013072,5.2,7.25,3.8,0,0,0,7.5,8.0,8.0,False
38013073,3.8,6.5,4.0,0,0,0,5.75,8.25,8.75,False
38013074,5.8,8.0,3.2,0,0,0,6.0,7.25,8.0,False
38013075,5.0,6.25,5.4,0,0,0,6.75,6.75,8.25,False
38013076,7.2,5.25,6.0,4.25,6.75,5.5,0,0,0,True
38013077,8.0,6.5,8.4,6.5,9.25,3.5,0,0,0,True
38013078,4.2,5.5,2.8,0,0,0,6.0,5.5,7.25,False
38013079,4.2,5.0,3.8,0,0,0,7.5,8.75,7.75,False
38013080,7.0,5.75,3.8,0,0,0,6.5,8.0,6.5,False
38013081,7.2,7.0,6.6,0,0,0,7.5,7.75,9.25,False
38013082,7.4,7.0,8.0,0,0,0,7.0,8.5,9.0,False
38013083,5.6,7.0,4.6,0,0,0,7.25,7.5,9.25,False
38013084,5.0,7.0,3.6,0,0,0,7.5,7.25,8.75,False
38013085,7.2,6.75,2.8,0,0,0,8.75,8.5,8.5,False
38013086,3.6,5.0,3.4,0,0,0,7.0,6.75,6.75,False
38013087,5.2,6.25,4.8,0,0,0,6.5,7.0,8.25,False
38013088,6.4,5.0,2.6,0,0,0,7.5,7.75,8.25,False
38013089,4.0,9.5,5.8,0,0,0,8.25,8.75,8.0,False
38013090,0,8.25,0,0,0,0,9.0,8.25,0,False
38013091,5.4,7.5,3.8,0,0,0,9.0,8.0,8.5,False
38013092,4.6,6.5,5.8,0,0,0,6.5,7.0,8.0,False
38013093,4.2,6.5,4.0,0,0,0,6.25,6.25,7.75,False
38013094,4.8,7.25,3.6,0,0,0,7.75,8.25,7.5,False
38013095,7.0,9.0,3.8,0,0,0,7.0,8.5,8.75,False
38013096,6.2,6.5,3.6,0,0,0,5.5,7.5,8.0,False
38013097,5.2,7.5,3.8,0,0,0,6.25,7.5,8.0,False
38013098,6.4,5.25,4.2,0,0,0,7.0,7.0,7.25,False
38013099,3.2,6.5,5.2,0,0,0,7.0,8.0,8.0,False
38013100,2.4,5.25,2.6,0,0,0,5.25,5.5,6.0,False
38013101,3.2,5.5,3.2,0,0,0,7.75,6.5,7.75,False
38013102,6.4,6.5,3.4,0,0,0,7.25,7.0,7.25,False
38013103,4.8,5.25,2.2,0,0,0,6.0,7.0,7.5,False
38013104,8.0,5.75,5.4,8.25,9.0,4.0,0,0,0,True
38013105,6.0,6.75,3.6,5.5,4.25,5.5,0,0,0,True
38013106,6.2,8.0,3.6,0,0,0,7.0,7.5,7.25,False
38013107,6.0,7.0,5.2,0,0,0,7.0,6.75,6.5,False
38013108,3.4,5.75,2.2,0,0,0,5.0,5.5,7.25,False
38013109,3.8,6.75,6.2,0,0,0,5.75,8.25,7.75,False
38013110,4.0,3.5,3.2,0,0,0,4.25,5.0,8.25,False
38013111,5.0,8.0,4.2,0,0,0,7.75,8.5,8.75,False
38013112,4.4,7.25,4.0,0,0,0,6.5,6.75,8.5,False
38013113,5.8,7.5,3.4,0,0,0,8.75,8.25,8.5,False
38013114,5.6,6.25,3.0,0,0,0,6.75,7.5,7.5,False
38013115,7.0,7.5,5.4,0,0,0,8.5,8.25,7.75,False
38013116,5.6,7.25,4.2,0,0,0,7.75,8.0,8.75,False
38013117,8.2,7.5,7.4,7.5,6.0,4.0,0,0,0,True
38013118,7.4,7.0,5.0,6.0,4.0,4.5,0,0,0,True
38013119,5.8,6.75,3.8,0,0,0,9.0,8.0,9.0,False
38013120,5.8,5.75,2.8,0,0,0,7.75,6.25,7.5,False
38013121,7.2,8.25,5.6,0,0,0,7.75,8.0,8.5,False
38013122,6.8,7.75,4.6,0,0,0,8.25,7.5,8.25,False
38013123,7.6,8.5,6.8,0,0,0,9.0,9.0,8.25,False
38013124,5.6,7.0,3.4,0,0,0,7.75,7.25,9.5,False
38013125,7.6,8.5,4.8,0,0,0,7.5,8.75,9.0,False
38013126,4.6,5.25,3.0,0,0,0,5.75,6.0,7.0,False
38013127,7.0,7.25,5.6,0,0,0,7.5,7.75,8.75,False
38013128,6.2,9.25,5.6,0,0,0,9.0,9.75,9.5,False
38013129,5.0,8.0,5.2,0,0,0,8.0,8.0,8.75,False
38013130,4.4,6.5,4.0,0,0,0,6.5,7.5,8.75,False
38013131,4.8,7.5,4.2,0,0,0,7.25,7.0,9.0,False
38013132,4.8,6.25,3.0,0,0,0,7.75,5.25,7.5,False
38013133,8.2,8.0,3.2,7.25,7.5,3.25,0,0,0,True
38013134,3.6,5.25,4.0,0,0,0,6.75,7.0,6.5,False
38013135,5.4,7.0,4.0,4.75,3.25,3.75,0,0,0,True
38013136,7.0,9.0,4.0,6.5,4.75,5.0,0,0,0,True
38013137,3.2,6.5,3.0,0,0,0,7.75,5.5,7.25,False
38013138,8.4,9.0,4.6,7.0,8.75,7.75,0,0,0,True
38013139,6.0,7.75,5.8,0,0,0,6.75,6.5,8.0,False
38013140,6.0,8.0,5.4,0,0,0,8.0,6.25,7.75,False
38013141,5.6,8.25,3.6,0,0,0,8.5,8.25,9.25,False
38013142,7.2,7.75,2.8,5.5,4.5,5.0,0,0,0,True
38013143,7.2,5.5,2.4,0,0,0,7.75,6.0,7.75,False
38013144,6.2,5.5,3.4,0,0,0,6.75,7.0,7.5,False
38013145,4.2,9.0,4.0,0,0,0,9.75,9.75,8.5,False
38013146,6.8,6.75,4.6,0,0,0,6.5,7.75,8.0,False
38013147,7.8,7.25,4.0,5.5,5.0,4.5,0,0,0,True
38013148,6.0,7.75,3.2,0,0,0,8.25,7.0,9.0,False
38013149,6.6,7.0,5.0,0,0,0,8.75,9.0,9.0,False
38013150,6.8,6.75,3.6,0,0,0,7.25,8.25,8.75,False
38013151,3.8,3.75,2.6,0,0,0,6.0,5.25,7.0,False
38013152,6.4,5.5,3.2,0,0,0,7.0,7.5,7.75,False
38013153,8.4,5.5,5.0,0,0,0,6.75,7.75,8.25,False
38013154,4.6,5.25,2.4,0,0,0,4.5,5.75,8.25,False
38013155,7.6,7.25,4.8,0,0,0,6.5,7.0,8.0,False
38013156,7.4,8.0,4.8,7.25,6.5,5.5,0,0,0,True
38013157,5.8,6.75,3.8,0,0,0,5.75,6.5,7.75,False
38013158,4.2,5.0,3.0,0,0,0,5.75,6.0,8.25,False
38013159,3.8,7.5,3.6,0,0,0,6.5,6.75,8.75,False
38013160,4.4,6.5,4.6,0,0,0,6.25,6.0,7.75,False
38013161,5.0,5.5,2.2,0,0,0,7.5,5.75,8.25,False
38013162,3.0,8.25,2.8,0,0,0,7.5,7.75,9.25,False
38013163,4.0,6.0,4.8,0,0,0,6.5,8.0,7.75,False
38013164,3.6,7.0,3.2,0,0,0,7.0,8.0,6.5,False
38013165,7.2,8.5,4.6,6.5,6.75,5.75,0,0,0,True
38013166,6.0,8.0,3.2,3.75,5.0,5.0,0,0,0,True
38013167,5.4,6.83,2.8,0,0,0,5.75,7.0,7.0,False
38013168,7.4,6.5,5.8,5.75,5.75,5.75,0,0,0,True
38013169,2.8,5.5,3.0,0,0,0,6.25,5.25,7.25,False
38013170,4.8,6.0,3.8,0,0,0,5.75,7.5,8.25,False
38013171,3.6,3.25,2.2,0,0,0,5.75,7.0,6.5,False
38013172,3.6,3.25,1.4,0,0,0,6.5,4.5,7.25,False
38013173,8.8,5.0,5.0,7.25,3.25,6.0,0,0,0,True
38013174,8.0,7.0,3.6,0,0,0,9.0,8.25,9.25,False
38013175,4.0,6.5,3.4,0,0,0,8.0,6.25,7.5,False
38013176,6.0,7.75,4.0,0,0,0,6.25,8.0,8.5,False
38013177,8.2,8.25,5.6,6.5,5.0,4.0,0,0,0,True
38013178,7.6,8.0,6.0,0,0,0,6.5,8.0,8.0,False
38013179,8.4,7.5,7.6,8.0,6.0,6.25,0,0,0,True
38013180,3.6,6.5,5.0,0,0,0,6.5,7.25,7.0,False
38013181,2.0,5.25,2.6,0,0,0,7.75,7.5,7.5,False
38013182,4.6,3.5,2.0,0,0,0,8.5,8.25,8.0,False
38013183,4.4,4.5,3.6,0,0,0,7.75,7.5,7.5,False
38013184,4.2,4.75,4.2,0,0,0,6.5,6.75,8.75,False
38013185,5.0,4.75,3.0,0,0,0,7.5,7.25,7.25,False
38013186,7.2,7.25,3.4,0,0,0,7.5,8.75,8.75,False
38013187,2.2,5.5,4.8,0,0,0,6.0,6.25,7.25,False
38013188,8.6,7.0,6.0,8.25,3.75,6.25,0,0,0,True
38013189,7.6,6.5,5.0,0,0,0,6.5,7.5,8.25,False
38013190,3.4,6.25,4.0,0,0,0,7.75,8.0,8.0,False
38013191,5.4,7.0,4.2,0,0,0,7.25,7.25,8.0,False
38013192,7.0,7.5,6.2,4.5,2.5,4.5,0,0,0,True
38013193,4.4,8.0,3.8,0,0,0,6.25,8.25,8.0,False
38013194,3.2,6.0,3.4,0,0,0,6.75,6.5,9.0,False
38013195,5.4,7.5,4.6,0,0,0,7.5,7.75,6.5,False
38013196,7.2,7.25,5.0,0,0,0,7.5,8.25,7.25,False
38013197,7.4,9.25,8.6,0,0,0,8.75,7.0,9.0,False
38013198,2.4,8.25,3.8,0,0,0,7.5,8.25,8.25,False
38013199,5.6,7.25,6.4,0,0,0,7.25,7.75,8.75,False
38013200,2.8,6.25,3.0,0,0,0,6.25,7.25,7.25,False
38013201,3.4,6.0,3.0,0,0,0,6.0,8.0,6.75,False
38013202,5.0,5.5,3.8,0,0,0,6.25,6.5,8.0,False
38013203,8.6,6.5,5.6,8.5,10.0,3.25,0,0,0,True
38013204,5.6,6.25,4.6,0,0,0,5.0,6.25,6.0,False
38013205,6.6,8.0,3.6,0,0,0,8.75,8.25,8.25,False
38013206,5.4,6.5,3.0,3.5,4.75,5.75,0,0,0,True
38013207,3.8,6.25,3.4,0,0,0,5.5,7.5,6.5,False
38013208,6.6,8.0,3.2,0,0,0,6.25,7.0,8.5,False
38013209,6.2,6.5,3.4,0,0,0,7.25,8.0,9.0,False
38013210,5.4,6.5,4.0,0,0,0,6.75,8.0,7.5,False
38013211,8.2,6.25,4.6,8.25,8.5,7.5,0,0,0,True
38013212,7.2,8.0,3.4,0,0,0,9.0,8.5,9.0,False
38013213,5.6,6.25,3.6,0,0,0,6.5,7.5,8.0,False
38013214,5.4,5.75,3.6,0,0,0,6.25,8.0,8.0,False
38013215,4.6,5.5,2.4,0,0,0,6.5,6.75,6.75,False
38013216,3.2,7.5,3.2,0,0,0,5.0,5.5,8.25,False
38013217,5.0,6.0,2.4,0,0,0,5.25,5.75,7.0,False
38013218,6.0,5.75,3.4,0,0,0,6.25,7.25,6.25,False
38013219,4.0,5.75,5.0,0,0,0,7.0,7.25,8.5,False
38013220,3.4,3.5,1.6,0,0,0,5.25,3.75,5.75,False
38013221,2.4,4.5,2.0,0,0,0,4.75,7.0,7.0,False
38013222,4.2,7.5,4.0,0,0,0,7.5,8.0,8.75,False
38013223,6.6,8.5,7.0,0,0,0,8.5,9.0,8.75,False
38013224,7.4,6.0,5.6,0,0,0,7.75,9.0,9.0,False
38013225,2.8,6.0,2.2,0,0,0,5.5,6.75,8.0,False
38013226,6.4,5.25,3.4,0,0,0,7.75,7.75,6.0,False
38013227,6.4,6.75,5.4,3.0,4.5,4.25,0,0,0,True
38013228,8.0,8.75,8.6,0,0,0,9.5,9.5,9.5,False
38013229,7.2,7.5,4.6,0,0,0,7.0,8.75,7.25,False
38013230,8.6,6.25,8.4,6.5,5.75,5.5,0,0,0,True
38013231,6.2,8.0,3.4,0,0,0,9.25,8.75,9.5,False
38013232,4.8,7.25,3.0,0,0,0,5.5,6.0,6.5,False
38013233,6.4,6.0,3.4,0,0,0,4.25,7.5,8.0,False
38013234,5.2,7.5,3.6,0,0,0,5.75,6.5,7.25,False
38013235,7.4,7.5,6.2,6.75,6.25,4.0,0,0,0,True
38013236,3.8,6.5,4.4,0,0,0,6.25,8.25,9.0,False
38013237,7.0,6.75,5.0,0,0,0,6.0,6.5,8.25,False
38013238,6.0,5.5,2.8,0,0,0,8.75,7.25,9.0,False
38013239,3.2,4.25,3.8,0,0,0,3.75,6.25,6.25,False
38013240,8.0,7.67,5.2,8.25,9.5,6.5,0,0,0,True
38013241,3.8,5.5,3.6,0,0,0,5.5,5.5,7.0,False
38013242,4.2,4.5,3.6,0,0,0,5.75,7.25,7.25,False
38013243,5.4,8.25,3.6,0,0,0,5.5,4.75,7.75,False
38013244,4.2,5.25,3.4,0,0,0,4.5,4.5,6.5,False
38013245,7.0,8.25,5.6,0,0,0,7.75,8.5,9.0,False
38013246,6.2,7.75,5.4,0,0,0,6.5,9.0,8.5,False
38013247,3.6,6.75,1.6,0,0,0,7.5,6.5,7.0,False
38013248,6.4,5.0,4.2,0,0,0,6.0,5.5,6.25,False
38013249,7.0,7.25,8.0,0,0,0,8.0,9.0,8.75,False
38013250,5.8,6.25,6.4,0,0,0,8.25,9.0,9.0,False
38013251,7.0,8.75,8.2,7.0,8.75,5.75,0,0,0,True
38013252,6.6,6.0,3.4,0,0,0,6.75,8.75,9.0,False
38013253,7.2,5.75,5.0,7.0,7.25,5.0,0,0,0,True
38013254,7.2,6.0,5.8,6.5,7.75,7.25,0,0,0,True
38013255,5.6,5.25,5.4,0,0,0,6.75,6.5,7.25,False
38013256,9.2,8.0,9.2,8.5,9.25,8.75,0,0,0,True
38013257,8.2,6.75,6.0,8.75,8.0,7.0,0,0,0,True
38013258,3.8,6.0,5.4,0,0,0,5.75,4.5,5.25,False
38013259,3.8,5.75,5.6,0,0,0,5.5,5.25,6.0,False
38013260,5.6,5.25,5.0,0,0,0,5.75,6.75,7.0,False
38013261,3.8,5.5,4.0,0,0,0,6.0,6.0,5.75,False
38013262,4.4,5.0,4.4,0,0,0,7.0,5.75,7.25,False
38013263,8.4,8.5,6.8,0,0,0,8.5,9.5,10.0,False
38013264,4.2,5.5,2.4,0,0,0,6.5,5.0,7.5,False
38013265,7.4,0,0,8.5,8.75,3.25,0,0,0,True
38013266,6.6,0,7.8,0,0,0,0,6.25,0,False
38013267,7.4,6.0,5.4,5.75,8.0,8.75,0,0,0,True
38013268,6.8,6.5,4.2,3.25,8.25,7.75,0,0,0,True
38013269,5.4,1.25,7.2,0,0,0,5.75,5.75,8.0,False
38013270,7.8,8.0,6.6,0,0,0,7.5,7.0,7.75,False
38013271,7.6,8.25,7.4,0,0,0,8.25,8.75,9.75,False
38013272,6.8,8.25,5.6,0,0,0,8.25,7.75,9.25,False
38013273,5.2,6.75,5.0,0,0,0,7.75,9.0,8.75,False
38013274,5.0,6.25,5.0,0,0,0,6.0,7.75,8.0,False
38013275,4.0,5.0,3.2,0,0,0,4.5,4.75,8.0,False
38013276,4.6,2.25,3.4,0,0,0,3.75,4.25,6.0,False
38013277,6.0,7.5,3.0,0,0,0,8.0,8.0,9.25,False
38013278,6.4,6.25,4.2,4.75,7.75,6.75,0,0,0,True
38013279,7.4,5.5,6.6,0,0,0,6.75,7.0,7.5,False
38013280,8.0,6.25,5.4,8.75,8.0,5.75,0,0,0,True
38013281,6.2,4.75,5.2,0,0,0,7.0,7.0,8.0,False
38013282,5.4,6.5,6.0,0,0,0,7.75,9.0,10.0,False
38013283,7.0,7.0,5.0,6.75,8.0,6.75,0,0,0,True
38013284,7.0,8.75,7.2,0,0,0,8.0,8.25,9.0,False
38013285,5.8,5.25,3.0,0,0,0,4.5,4.5,7.25,False
38013286,5.0,4.25,4.6,0,0,0,3.25,3.5,7.0,False
38013287,7.2,8.75,4.0,0,0,0,6.25,7.75,8.75,False
38013288,5.4,6.75,5.6,0,0,0,5.5,8.0,8.0,False
38013289,6.6,6.75,4.2,4.5,5.0,5.75,0,0,0,True
38013290,7.6,6.75,7.8,8.25,9.0,7.25,0,0,0,True
38013291,3.2,5.0,3.2,0,0,0,6.0,5.0,7.25,False
38013292,2.6,6.25,3.6,0,0,0,3.5,5.0,5.75,False
38013293,6.0,6.25,5.0,0,0,0,2.5,6.5,7.5,False
38013294,0,4.5,0,0,0,0,5.0,5.5,0,False
38013295,5.2,4.5,3.4,0,0,0,4.0,5.25,8.0,False
38013296,4.6,5.25,3.8,0,0,0,6.5,7.25,7.25,False
38013297,6.4,6.75,5.6,0,0,0,7.5,8.0,9.0,False
38013298,4.6,6.75,3.6,0,0,0,4.75,6.25,7.75,False
38013299,7.0,5.0,6.8,7.25,7.75,7.25,0,0,0,True
38013300,7.6,8.0,4.4,0,0,0,7.5,7.0,9.0,False
38013301,8.2,8.0,6.2,0,0,0,8.0,9.0,10.0,False
38013302,6.6,6.75,4.0,0,0,0,5.5,5.25,8.25,False
38013303,5.2,6.25,4.2,0,0,0,6.75,6.75,8.25,False
38013304,5.6,3.75,3.4,0,0,0,7.0,6.75,6.5,False
38013305,5.0,5.0,4.4,0,0,0,3.75,7.0,7.0,False
38013306,8.4,8.0,6.4,8.0,8.5,7.0,0,0,0,True
38013307,6.6,5.25,4.8,0,0,0,5.5,7.75,8.25,False
38013308,3.8,3.5,4.6,0,0,0,5.5,4.0,4.0,False
38013309,5.4,6.25,4.6,0,0,0,3.75,3.75,6.75,False
38013310,4.4,7.25,3.6,0,0,0,5.75,7.25,8.5,False
38013311,7.4,7.5,5.4,8.0,7.25,6.25,0,0,0,True
38013312,7.6,5.25,4.4,7.75,7.75,4.75,0,0,0,True
38013313,6.2,6.0,6.6,0,0,0,6.5,8.0,7.75,False
38013314,6.2,9.0,6.2,0,0,0,7.5,8.25,8.25,False
38013315,5.0,6.0,5.2,0,0,0,5.25,7.25,6.0,False
38013316,8.6,5.75,5.0,8.25,8.75,5.5,0,0,0,True
38013317,8.2,5.75,4.8,7.0,8.25,5.75,0,0,0,True
38013318,3.2,6.0,3.8,0,0,0,5.0,5.0,6.25,False
38013319,6.8,6.0,3.2,0,0,0,5.5,6.75,7.25,False
38013320,5.8,6.25,4.8,0,0,0,7.5,8.0,9.5,False
38013321,7.2,6.75,5.4,8.25,7.25,8.0,0,0,0,True
38013322,8.2,8.25,7.2,7.75,7.75,7.25,0,0,0,True
38013323,3.4,6.5,4.4,0,0,0,5.75,4.75,7.25,False
38013324,5.6,8.0,4.8,0,0,0,6.5,7.5,8.25,False
38013325,5.0,6.25,4.6,0,0,0,5.25,7.25,7.0,False
38013326,6.0,6.25,4.6,5.75,5.5,5.75,0,0,0,True
38013327,5.6,7.0,6.6,0,0,0,7.0,7.0,6.75,False
38013328,6.0,7.5,7.6,6.25,6.0,7.0,0,0,0,True
38013329,5.0,4.75,6.0,0,0,0,5.0,6.75,8.25,False
38013330,5.0,5.0,6.6,0,0,0,4.0,5.75,6.75,False
38013331,8.0,9.0,7.4,0,0,0,5.75,7.0,9.25,False
38013332,5.6,3.75,3.6,0,0,0,5.0,6.0,6.0,False
38013333,3.2,2.5,3.8,0,0,0,4.5,2.25,4.25,False
38013334,7.4,6.75,6.8,5.75,7.0,6.5,0,0,0,True
38013335,4.0,6.5,4.4,0,0,0,4.75,8.25,7.75,False
38013336,7.0,7.5,6.2,0,0,0,6.75,7.0,8.25,False
38013337,7.8,6.75,6.0,8.25,6.5,6.5,0,0,0,True
38013338,5.4,5.0,7.4,0,0,0,5.5,5.5,6.75,False
38013339,5.2,5.25,5.2,0,0,0,7.0,6.0,8.5,False
38013340,6.6,6.5,6.2,0,0,0,5.25,7.25,7.25,False
38013341,7.6,7.25,5.0,6.75,5.75,5.75,0,0,0,True
38013342,6.0,6.75,4.4,4.25,5.0,6.75,0,0,0,True
38013343,4.2,3.25,4.2,0,0,0,5.5,6.0,7.25,False
38013344,6.6,7.0,6.6,0,0,0,5.5,7.25,8.0,False
38013345,3.8,6.0,5.8,0,0,0,3.75,7.0,8.0,False
38013346,6.0,6.25,5.8,5.25,7.25,4.5,0,0,0,True
38013347,6.6,5.75,4.2,7.5,7.0,6.0,0,0,0,True
38013348,4.0,4.75,4.0,0,0,0,4.25,6.5,5.75,False
38013349,6.8,6.75,4.2,0,0,0,7.75,7.75,9.75,False
38013350,2.8,4.75,2.8,0,0,0,6.25,4.75,6.75,False
38013351,5.4,6.5,4.4,0,0,0,6.0,8.0,8.75,False
38013352,6.4,5.0,4.6,0,0,0,6.25,5.75,7.25,False
38013353,5.4,7.25,3.8,0,0,0,5.25,5.75,6.25,False
38013354,6.2,8.75,4.2,0,0,0,5.75,7.75,7.75,False
38013355,2.6,4.75,3.6,0,0,0,4.5,5.0,6.25,False
38013356,3.6,6.0,2.0,0,0,0,5.0,6.5,5.75,False
38013357,7.0,7.75,3.8,0,0,0,7.25,9.0,8.75,False
38013358,4.4,6.5,4.6,0,0,0,5.75,7.0,8.25,False
38013359,6.6,8.25,4.0,0,0,0,6.5,7.75,7.75,False
38013360,7.2,7.5,4.6,0,0,0,6.75,5.5,8.0,False
38013361,6.0,5.0,3.2,0,0,0,5.75,4.25,7.5,False
38013362,8.4,6.5,5.6,8.75,8.25,8.0,0,0,0,True
38013363,4.4,6.42,5.0,0,0,0,5.0,7.0,5.0,False
38013364,6.2,5.25,6.8,0,0,0,7.25,7.0,7.75,False
38013365,8.2,7.5,8.4,7.25,7.0,7.5,0,0,0,True
38013366,4.8,5.0,4.0,0,0,0,3.75,6.0,7.0,False
38013367,7.4,8.0,3.4,0,0,0,5.75,7.75,9.5,False
38013368,3.8,5.25,3.4,0,0,0,7.0,5.25,8.25,False
38013369,6.0,7.5,4.2,0,0,0,8.0,7.75,8.25,False
38013370,4.8,5.75,3.6,0,0,0,4.0,4.75,6.0,False
38013371,8.2,8.0,5.8,8.5,8.5,6.25,0,0,0,True
38013372,5.0,7.0,5.4,0,0,0,8.25,9.0,8.5,False
38013373,7.0,7.75,6.4,0,0,0,7.25,7.0,7.25,False
38013374,7.4,8.75,7.6,0,0,0,8.5,8.25,8.75,False
38013375,4.2,5.25,5.0,0,0,0,5.5,7.5,7.5,False
38013376,6.8,8.25,6.6,0,0,0,8.0,7.75,9.25,False
38013377,5.6,6.75,6.0,0,0,0,6.75,7.5,7.5,False
38013378,5.6,7.75,4.8,0,0,0,6.0,7.25,9.25,False
38013379,7.6,8.75,4.6,0,0,0,8.0,9.0,9.75,False
38013380,7.0,9.0,6.8,0,0,0,7.25,9.25,9.0,False
38013381,7.4,8.25,6.4,8.5,8.5,7.0,0,0,0,True
38013382,8.0,8.0,8.6,6.0,6.5,7.25,0,0,0,True
38013383,5.2,7.5,5.2,0,0,0,7.0,7.75,8.75,False
38013384,6.0,7.75,3.0,0,0,0,7.5,8.0,8.75,False
38013385,6.8,7.5,5.0,0,0,0,5.75,7.75,7.5,False
38013386,6.4,8.0,4.4,0,0,0,7.5,8.5,8.75,False
38013387,4.4,7.25,3.4,0,0,0,7.25,6.0,8.25,False
38013388,6.8,6.25,6.6,0,0,0,7.0,6.75,7.5,False
38013389,6.8,7.0,5.0,0,0,0,8.0,6.25,9.5,False
38013390,4.8,5.75,4.0,0,0,0,4.25,5.75,7.75,False
38013391,5.2,6.0,7.2,0,0,0,5.25,8.0,7.25,False
38013392,8.4,8.5,7.6,8.5,8.25,7.25,0,0,0,True
38013393,4.6,6.25,4.8,0,0,0,6.0,6.5,8.25,False
38013394,7.0,4.75,7.0,0,0,0,7.5,7.5,9.0,False
38013395,5.4,5.5,7.8,0,0,0,3.0,5.75,6.25,False
38013396,5.6,7.0,7.2,0,0,0,7.0,5.5,8.75,False
38013397,4.6,7.25,6.2,0,0,0,5.75,7.25,7.0,False
38013398,6.8,6.25,6.8,0,0,0,5.5,7.0,8.0,False
38013399,4.4,5.0,4.2,0,0,0,5.75,4.75,7.0,False
38013400,7.0,7.0,6.8,0,0,0,7.25,5.75,6.5,False
38013401,7.4,6.25,6.8,0,0,0,7.0,7.75,6.75,False
38013402,3.8,5.75,5.2,0,0,0,6.25,5.5,7.75,False
38013403,8.0,0,6.8,8.5,0,0,0,0,0,True
38013404,5.2,5.5,5.4,0,0,0,5.25,4.5,6.25,False
38013405,6.2,6.5,4.4,0,0,0,6.75,7.25,8.75,False
38013406,7.2,5.75,7.8,7.75,8.0,7.0,0,0,0,True
38013407,4.6,4.5,3.4,0,0,0,5.5,5.25,5.25,False
38013408,7.6,6.75,6.4,0,0,0,7.0,6.25,9.0,False
38013409,8.2,7.5,8.0,6.0,9.5,7.25,0,0,0,True
38013410,5.8,4.0,5.6,0,0,0,4.75,5.25,7.0,False
38013411,6.4,8.0,7.0,0,0,0,6.75,7.75,9.5,False
38013412,7.6,8.5,7.4,0,0,0,9.25,9.0,9.0,False
38013413,6.6,7.25,6.2,0,0,0,5.75,7.75,7.75,False
38013414,6.6,6.25,5.4,4.0,5.75,7.0,0,0,0,True
38013415,5.2,6.75,5.6,0,0,0,6.5,7.5,7.5,False
38013416,6.8,6.0,5.4,0,0,0,6.25,7.25,8.25,False
38013417,4.8,5.0,6.4,0,0,0,4.25,5.25,8.0,False
38013418,3.8,5.25,2.8,0,0,0,4.75,6.75,7.75,False
38013419,4.6,7.75,7.4,0,0,0,6.75,7.25,7.75,False
38013420,6.8,6.0,4.8,0,0,0,6.0,7.5,8.25,False
38013421,7.6,8.25,5.2,0,0,0,0,0,0,False
38013422,5.8,6.25,3.0,0,0,0,7.0,7.0,8.0,False
38013423,5.2,6.25,3.4,0,0,0,5.75,6.5,7.75,False
38013424,5.6,5.5,4.0,5.0,5.5,5.0,0,0,0,True
38013425,4.0,3.5,4.4,0,0,0,7.5,6.5,8.75,False
38013426,5.0,6.0,4.8,0,0,0,7.0,7.75,8.0,False
38013427,7.8,7.5,4.8,0,0,0,7.0,7.5,8.75,False
38013428,5.2,4.75,4.8,0,0,0,4.25,5.75,5.75,False
38013429,3.6,5.75,3.4,0,0,0,4.25,4.5,5.75,False
38013430,3.8,4.75,6.0,0,0,0,7.75,7.25,9.75,False
38013431,2.6,2.75,6.0,0,0,0,3.75,4.5,5.75,False
38013432,5.2,7.0,3.4,0,0,0,4.75,7.0,6.75,False
38013433,7.2,8.25,7.6,7.75,7.0,6.5,0,0,0,True
38013434,3.6,4.75,4.4,0,0,0,4.75,5.5,8.25,False
38013435,3.0,5.0,5.8,0,0,0,5.0,6.0,5.25,False
38013436,4.6,4.5,4.4,0,0,0,4.75,7.75,6.0,False
38013437,8.4,5.75,4.8,8.75,9.0,7.5,0,0,0,True
38013438,7.4,6.75,4.8,6.5,7.25,7.0,0,0,0,True
38013439,6.8,7.25,6.6,0,0,0,6.75,7.75,8.75,False
38013440,5.6,5.5,5.6,0,0,0,9.0,8.75,8.75,False
38013441,7.0,0,0,6.75,6.75,3.5,0,0,0,True
38013442,3.8,5.5,2.6,0,0,0,5.75,4.75,7.0,False
38013443,7.0,6.75,7.8,0,0,0,0,0,0,False
38013444,0,8.5,0,0,0,0,9.75,9.75,0,False
38013445,6.4,7.5,5.6,0,0,0,7.25,8.0,8.25,False
38013446,7.4,0,0,7.75,7.5,0,0,0,0,True
38013447,7.2,8.0,8.4,0,0,0,7.75,8.5,9.0,False
38013448,5.4,0,0,4.0,5.0,0,0,0,0,True
38013449,0,7.17,0,0,0,0,0,0,0,False
38013450,7.0,7.25,5.6,0,0,0,0,0,0,False
38013451,7.6,5.5,4.0,7.0,8.25,8.25,0,0,0,True
38013452,6.4,7.25,3.6,0,0,0,8.0,6.75,8.5,False
38013453,8.2,5.75,3.0,8.0,8.25,5.75,0,0,0,True
38013454,5.6,5.5,4.8,0,0,0,7.5,9.0,8.75,False
38013455,6.6,7.25,5.8,6.25,6.75,7.5,0,0,0,True
38013456,4.2,3.75,3.8,0,0,0,5.75,4.75,8.0,False
38013457,5.0,4.75,1.6,0,0,0,6.75,6.0,6.75,False
38013458,6.8,6.5,2.8,0,0,0,6.25,7.25,8.75,False
38013459,5.8,6.5,5.6,0,0,0,5.25,6.25,7.25,False
38013460,6.4,7.25,5.0,0,0,0,6.75,8.75,9.0,False
38013461,5.8,6.5,5.8,0,0,0,6.5,7.5,8.75,False
38013462,7.8,5.0,5.6,0,0,0,6.75,7.0,8.75,False
38013463,8.0,6.25,5.8,7.75,7.0,7.0,0,0,0,True
38013464,7.8,6.75,5.0,0,0,0,8.25,8.75,7.5,False
38013465,5.6,6.5,4.0,0,0,0,6.25,7.0,8.0,False
38013466,7.8,8.25,7.0,0,0,0,8.75,8.5,9.25,False
38013467,6.0,8.0,5.6,0,0,0,7.5,7.75,8.0,False
38013468,5.4,7.25,4.6,0,0,0,7.75,7.5,8.5,False
38013469,4.8,5.75,3.6,0,0,0,8.5,7.5,8.25,False
38013470,7.4,5.25,6.0,7.75,7.0,6.5,0,0,0,True
38013471,5.0,5.5,5.2,0,0,0,5.5,8.0,8.0,False
38013472,8.4,7.5,8.0,7.5,7.75,8.75,0,0,0,True
38013473,5.2,5.0,5.6,0,0,0,4.75,5.25,7.75,False
38013474,8.2,5.0,4.8,7.25,8.5,5.75,0,0,0,True
38013475,7.0,7.5,7.6,0,0,0,5.25,8.5,8.0,False
38013476,6.4,5.0,6.0,0,0,0,3.0,7.0,6.5,False
38013477,5.2,3.75,5.2,0,0,0,4.25,5.75,7.75,False
38013478,5.6,6.25,6.2,0,0,0,7.25,8.0,9.25,False
38013479,7.4,8.25,9.0,5.0,6.5,6.0,0,0,0,True
38013480,6.6,8.0,8.2,0,0,0,0,0,0,False
38013481,6.8,5.75,4.6,0,0,0,5.0,7.0,8.5,False
38013482,7.4,7.5,8.0,7.5,7.0,7.25,0,0,0,True
38013483,7.4,7.75,7.8,8.25,8.0,6.75,0,0,0,True
38013484,5.6,7.25,7.0,0,0,0,8.25,8.0,9.0,False
38013485,5.8,7.25,6.6,0,0,0,5.25,7.25,9.25,False
38013486,3.6,6.75,6.4,0,0,0,7.25,8.25,9.0,False
38013487,7.2,7.75,5.6,0,0,0,8.25,7.0,10.0,False
38013488,8.6,8.75,8.0,8.25,6.75,6.75,0,0,0,True
38013489,6.0,6.0,4.4,0,0,0,7.0,7.25,7.75,False
38013490,7.6,7.5,5.2,0,0,0,6.5,6.5,8.0,False
38013491,7.6,9.0,7.2,0,0,0,8.0,8.0,9.25,False
38013492,8.2,8.0,5.2,0,0,0,6.75,9.25,8.0,False
38013493,6.0,5.5,5.4,0,0,0,6.5,5.75,8.5,False
38013494,3.8,6.75,3.6,0,0,0,6.0,7.75,7.75,False
38013495,6.8,5.5,4.4,0,0,0,6.5,5.75,7.75,False
38013496,7.0,5.75,5.0,0,0,0,6.25,5.0,6.75,False
38013497,5.0,4.5,2.8,0,0,0,5.0,4.5,5.25,False
38013498,8.2,6.25,5.8,7.25,8.25,8.25,0,0,0,True
38013499,8.2,6.25,6.2,7.25,8.0,7.5,0,0,0,True
38013500,6.8,4.75,3.4,0,0,0,7.25,7.0,8.0,False
38013501,6.2,3.5,4.2,0,0,0,5.75,8.25,6.5,False
38013502,7.4,8.0,7.4,0,0,0,7.5,7.75,9.0,False
38013503,7.8,7.25,4.6,0,0,0,6.5,7.25,7.75,False
38013504,7.8,6.0,5.2,0,0,0,6.5,6.75,8.0,False
38013505,8.0,7.0,4.4,7.5,8.75,7.75,0,0,0,True
38013506,8.0,6.75,5.6,0,0,0,5.0,7.5,8.75,False
38013507,7.8,6.75,4.4,0,0,0,5.0,6.75,8.0,False
38013508,6.4,6.25,5.2,6.0,4.25,6.0,0,0,0,True
38013509,8.4,6.0,8.4,4.75,9.5,5.5,0,0,0,True
38013510,6.0,6.25,4.6,0,0,0,5.5,6.75,6.5,False
38013511,7.2,8.0,5.8,0,0,0,7.5,7.5,7.25,False
38013512,8.6,7.0,8.0,6.0,9.5,8.0,0,0,0,True
38013513,3.6,6.0,5.2,0,0,0,3.75,6.0,7.5,False
38013514,8.0,6.5,5.4,8.5,8.75,6.25,0,0,0,True
38013515,8.4,4.25,8.0,7.25,4.5,6.75,0,0,0,True
38013516,7.0,7.5,5.8,5.25,6.0,6.5,0,0,0,True
38013517,8.2,8.5,8.6,5.5,5.5,6.5,0,0,0,True
38013518,7.6,7.5,6.8,0,0,0,7.5,9.25,7.5,False
38013519,8.0,6.25,7.4,7.5,3.25,5.0,0,0,0,True
38013520,6.6,7.5,5.0,6.0,7.25,7.25,0,0,0,True
38013521,7.6,6.5,6.2,8.0,8.5,6.0,0,0,0,True
38013522,5.2,5.0,3.2,3.25,3.75,4.25,0,0,0,True
38013523,6.6,6.5,4.6,0,0,0,7.0,7.0,6.25,False
38013524,8.8,5.0,6.8,8.0,7.25,5.5,0,0,0,True
38013525,5.0,6.25,4.4,0,0,0,7.25,7.25,8.25,False
38013526,6.4,6.25,6.2,5.25,6.5,5.25,0,0,0,True
38013527,7.4,6.25,5.4,7.75,7.75,5.5,0,0,0,True
38013528,5.0,7.25,5.0,3.5,5.0,7.0,0,0,0,True
38013529,5.2,7.25,4.0,0,0,0,6.75,7.75,9.0,False
38013530,4.4,7.0,4.2,0,0,0,5.25,5.75,8.5,False
38013531,7.8,8.75,6.4,5.5,4.0,5.0,0,0,0,True
38013532,8.2,5.0,6.8,4.25,9.0,8.5,0,0,0,True
38013533,6.0,7.5,6.8,0,0,0,9.25,6.0,8.5,False
38013534,8.0,7.5,7.2,0,0,0,5.5,7.25,7.0,False
38013535,8.2,7.25,6.2,6.75,7.25,5.75,0,0,0,True
38013536,4.4,4.75,5.2,3.25,5.25,6.25,0,0,0,True
38013537,6.8,7.25,4.4,4.0,4.75,6.0,0,0,0,True
38013538,4.2,6.75,4.8,0,0,0,7.25,7.0,8.75,False
38013539,6.2,8.0,4.4,0,0,0,5.25,5.75,6.0,False
38013540,6.4,8.0,4.6,0,0,0,5.75,6.25,7.5,False
38013541,6.2,8.25,8.0,5.25,6.75,5.5,0,0,0,True
38013542,7.2,6.0,5.8,7.5,8.5,6.75,0,0,0,True
38013543,4.4,6.5,3.6,0,0,0,5.75,6.25,6.25,False
38013544,6.8,6.5,4.2,4.5,4.0,5.25,0,0,0,True
38013545,5.0,6.0,4.2,3.0,4.5,6.25,0,0,0,True
38013546,7.4,5.0,5.0,6.25,6.75,3.5,0,0,0,True
38013547,5.0,6.5,5.4,0,0,0,7.0,5.75,8.25,False
38013548,6.8,8.5,4.2,5.75,6.5,7.5,0,0,0,True
38013549,7.4,8.75,7.4,6.75,5.75,7.25,0,0,0,True
38013550,6.8,8.0,5.8,7.25,5.0,6.5,0,0,0,True
38013551,8.2,6.0,8.8,8.5,6.0,6.75,0,0,0,True
38013552,4.2,8.5,5.0,0,0,0,9.75,9.5,7.5,False
38013553,7.0,8.25,8.4,0,0,0,7.75,8.5,8.0,False
38013554,8.0,7.5,7.2,7.0,8.5,8.0,0,0,0,True
38013555,7.2,6.75,5.6,7.25,6.5,6.75,0,0,0,True
38013556,6.6,5.0,4.2,5.25,3.5,5.25,0,0,0,True
38013557,7.2,7.5,5.4,9.0,8.75,5.5,0,0,0,True
38013558,4.8,8.0,5.0,0,0,0,6.0,8.25,8.0,False
38013559,4.2,6.5,4.0,0,0,0,6.25,8.0,8.0,False
38013560,5.4,6.0,5.0,4.75,3.75,4.0,0,0,0,True
38013561,7.8,8.25,5.4,0,0,0,9.25,9.75,7.5,False
38013562,6.4,5.25,5.2,0,0,0,7.25,7.5,8.25,False
38013563,7.8,8.0,7.2,0,0,0,7.75,7.25,8.75,False
38013564,6.4,6.75,3.8,0,0,0,5.5,6.5,8.25,False
38013565,5.0,5.25,4.2,0,0,0,3.5,6.75,7.25,False
38013566,6.6,7.75,5.0,0,0,0,5.5,6.5,6.5,False
38013567,7.8,6.5,6.0,5.75,8.5,8.0,0,0,0,True
38013568,7.4,7.0,7.2,7.0,5.25,4.75,0,0,0,True
38013569,6.2,6.5,4.6,0,0,0,6.5,6.25,8.5,False
38013570,7.6,7.0,6.0,7.5,6.0,7.75,0,0,0,True
38013571,5.8,7.0,5.6,0,0,0,9.0,8.75,7.25,False
38013572,7.6,9.25,7.8,0,0,0,9.25,7.75,9.75,False
38013573,8.4,6.75,8.2,9.0,6.25,6.0,0,0,0,True
38013574,6.8,7.5,4.4,0,0,0,5.5,6.25,7.0,False
38013575,4.6,7.0,3.8,0,0,0,6.5,6.25,5.25,False
38013576,7.0,8.0,7.2,0,0,0,6.75,6.5,8.5,False
38013577,5.6,7.5,5.0,4.25,6.25,5.25,0,0,0,True
38013578,8.0,6.0,6.8,8.75,5.75,6.75,0,0,0,True
38013579,7.6,7.0,5.6,0,0,0,6.0,8.0,8.5,False
38013580,5.4,7.25,5.4,0,0,0,4.5,7.75,8.0,False
38013581,5.4,7.5,5.8,5.25,5.5,7.0,0,0,0,True
38013582,5.4,6.5,5.8,0,0,0,6.25,7.0,8.5,False
38013583,7.4,7.75,5.6,0,0,0,5.0,5.75,7.75,False
38013584,8.2,7.0,7.4,8.0,8.75,8.0,0,0,0,True
38013585,6.2,5.25,4.2,0,0,0,5.0,6.0,8.0,False
38013586,7.8,6.0,5.8,0,0,0,6.5,8.25,8.5,False
38013587,7.8,8.5,5.8,0,0,0,6.75,7.0,7.25,False
38013588,8.0,6.5,6.4,6.5,8.0,6.5,0,0,0,True
38013589,7.0,7.75,6.6,0,0,0,8.25,6.0,8.5,False
38013590,3.8,6.25,4.6,0,0,0,4.25,4.75,6.75,False
38013591,7.4,7.25,5.8,7.5,6.5,7.5,0,0,0,True
38013592,8.0,8.5,7.2,7.75,8.75,7.0,0,0,0,True
38013593,6.8,7.75,6.6,0,0,0,8.0,7.75,7.75,False
38013594,5.6,6.75,4.2,0,0,0,8.25,8.25,8.75,False
38013595,7.6,7.75,7.0,7.0,8.25,6.75,0,0,0,True
38013596,7.0,6.42,4.0,5.5,7.0,6.25,0,0,0,True
38013597,6.6,6.25,5.2,0,0,0,7.5,7.25,9.25,False
38013598,7.6,8.0,6.0,0,0,0,7.5,7.5,8.75,False
38013599,4.6,7.5,5.4,0,0,0,7.25,7.5,8.25,False
38013600,8.6,0,0,8.0,7.5,0,0,0,0,True
38013601,9.0,9.0,8.6,6.25,6.75,6.0,0,0,0,True
38013602,5.6,6.25,4.2,0,0,0,7.5,7.25,9.25,False
38013603,7.4,8.75,5.8,0,0,0,6.25,8.0,9.5,False
38013604,7.0,8.75,6.6,5.75,4.75,5.75,0,0,0,True
38013605,5.0,7.5,4.0,0,0,0,6.5,6.25,6.5,False
38013606,6.2,8.25,5.6,0,0,0,5.0,5.75,8.0,False
38013607,6.8,5.25,8.2,4.5,4.0,5.5,0,0,0,True
38013608,7.6,6.75,5.6,6.0,6.25,7.25,0,0,0,True
38013609,7.2,6.5,7.6,8.0,4.25,4.75,0,0,0,True
38013610,3.2,3.5,5.6,0,0,0,3.75,6.25,6.25,False
38013611,8.4,8.5,7.8,6.5,5.75,7.25,0,0,0,True
38013612,7.0,7.5,9.0,7.75,7.5,6.75,0,0,0,True
38013613,8.4,8.25,6.4,0,0,0,6.0,7.75,6.0,False
38013614,8.4,9.25,8.4,0,0,0,4.5,7.75,6.5,False
38013615,3.2,6.75,1.6,0,0,0,4.0,3.0,5.75,False
38013616,7.4,7.75,7.2,0,0,0,9.5,9.0,9.0,False
38013617,7.6,7.0,8.4,0,0,0,8.0,6.75,8.75,False
38013618,5.0,7.5,4.6,0,0,0,6.5,8.25,8.25,False
38013619,8.2,6.5,5.8,8.0,8.0,8.0,0,0,0,True
38013620,7.8,7.25,9.4,0,0,0,7.5,6.75,8.75,False
38013621,7.0,6.5,7.6,5.25,4.5,4.25,0,0,0,True
38013622,8.8,8.5,9.0,7.0,6.0,7.75,0,0,0,True
38013623,7.8,8.0,6.0,0,0,0,9.0,9.5,9.75,False
38013624,6.4,5.0,7.0,7.5,6.0,6.0,0,0,0,True
38013625,6.2,7.25,3.6,3.75,6.25,5.75,0,0,0,True
38013626,6.0,6.0,4.0,6.25,8.25,4.75,0,0,0,True
38013627,4.4,8.0,7.0,0,0,0,8.5,7.75,8.75,False
38013628,8.2,6.0,9.8,7.5,8.75,6.5,0,0,0,True
38013629,3.6,5.75,3.8,0,0,0,6.25,7.5,8.25,False
38013630,7.8,8.0,6.4,7.5,8.0,7.5,0,0,0,True
38013631,6.6,7.75,5.2,0,0,0,4.25,6.25,6.25,False
38013632,7.8,7.08,6.6,0,0,0,6.25,6.0,7.25,False
38013633,7.4,8.5,8.6,0,0,0,5.5,7.5,7.25,False
38013634,7.2,7.5,5.6,0,0,0,7.25,7.0,7.5,False
38013635,7.6,0,0,5.75,7.0,0,0,0,0,True
38013636,8.2,5.75,7.2,7.75,6.25,5.0,0,0,0,True
38013637,7.4,7.25,5.8,2.75,4.75,5.0,0,0,0,True
38013638,8.2,8.5,8.2,6.75,7.0,7.5,0,0,0,True
38013639,8.8,7.5,8.2,9.0,8.5,6.75,0,0,0,True
38013640,5.0,6.25,3.6,0,0,0,7.75,8.0,8.5,False
38013641,5.8,6.75,4.0,0,0,0,6.5,8.0,7.25,False
38013642,4.6,7.0,3.4,0,0,0,6.25,7.5,7.5,False
38013643,8.8,7.25,6.4,8.5,7.75,6.5,0,0,0,True
38013644,7.2,8.25,7.0,4.5,5.75,6.0,0,0,0,True
38013645,6.6,4.5,4.2,4.5,5.25,6.75,0,0,0,True
38013646,7.8,8.0,4.2,8.0,8.5,6.5,0,0,0,True
38013647,6.8,7.5,4.8,0,0,0,9.5,9.25,8.5,False
38013648,7.6,6.0,3.4,8.25,8.0,4.75,0,0,0,True
38013649,5.4,7.75,4.0,0,0,0,6.0,5.75,8.5,False
38013650,6.0,5.25,5.0,3.5,6.0,5.75,0,0,0,True
38013651,7.0,6.5,6.2,6.0,4.0,5.25,0,0,0,True
38013652,7.6,4.75,5.6,5.0,7.25,5.0,0,0,0,True
38013653,7.0,6.2,5.2,6.25,5.75,6.0,0,0,0,True
38013654,5.8,6.5,5.2,0,0,0,6.75,7.25,7.5,False
38013655,8.0,6.25,6.0,7.0,8.0,5.25,0,0,0,True
38013656,6.4,7.25,5.6,6.25,7.0,7.25,0,0,0,True
38013657,7.6,8.0,6.4,0,0,0,5.5,7.5,8.0,False
38013658,8.2,9.5,9.6,6.5,6.25,7.0,0,0,0,True
38013659,8.0,9.25,9.2,5.25,6.5,6.0,0,0,0,True
38013660,4.4,6.75,5.0,0,0,0,5.25,7.25,6.5,False
38013661,9.0,8.0,5.8,8.5,9.25,7.0,0,0,0,True
38013662,7.8,6.75,8.2,5.5,5.5,7.25,0,0,0,True
38013663,7.0,6.25,6.0,6.25,5.25,5.5,0,0,0,True
38013664,5.8,7.25,5.0,0,0,0,6.5,8.25,9.0,False
38013665,5.4,5.75,4.0,0,0,0,6.75,8.5,7.75,False
38013666,6.8,7.25,6.2,4.5,6.0,5.25,0,0,0,True
38013667,5.2,5.5,3.4,0,0,0,4.75,5.75,6.0,False
38013668,5.6,9.5,4.0,0,0,0,9.5,9.5,7.25,False
38013669,8.0,8.25,5.6,7.25,5.5,5.0,0,0,0,True
38013670,5.4,6.5,4.8,4.25,5.5,6.0,0,0,0,True
38013671,3.4,5.75,4.4,0,0,0,7.25,7.5,8.25,False
38013672,5.6,6.75,4.2,0,0,0,4.75,5.75,6.0,False
38013673,7.4,6.25,7.6,8.0,7.5,5.75,0,0,0,True
38013674,6.6,8.0,9.6,0,0,0,5.75,5.0,8.75,False
38013675,7.4,5.5,5.4,7.5,6.5,5.75,0,0,0,True
38013676,4.8,0,0,3.5,4.25,0,0,0,0,True
38013677,6.4,7.5,4.6,0,0,0,8.0,9.0,8.75,False
38013678,5.0,6.75,4.0,0,0,0,5.75,6.25,8.5,False
38013679,8.2,6.5,8.2,9.25,5.0,6.75,0,0,0,True
38013680,8.4,6.25,8.0,8.75,8.5,7.0,0,0,0,True
38013681,6.4,7.5,4.0,0,0,0,7.0,8.25,8.75,False
38013682,4.4,7.5,4.8,0,0,0,6.0,6.0,7.75,False
38013683,5.8,5.25,4.4,0,0,0,6.5,6.75,7.0,False
38013684,7.4,6.5,5.8,7.75,8.75,5.0,0,0,0,True
38013685,8.6,7.0,7.6,4.75,8.0,6.0,0,0,0,True
38013686,8.4,6.5,7.0,7.0,4.5,5.5,0,0,0,True
38013687,6.2,5.25,5.0,5.0,3.25,7.5,0,0,0,True
38013688,4.4,7.75,4.2,0,0,0,6.5,5.5,7.0,False
38013689,7.8,7.75,7.6,7.25,7.75,5.5,0,0,0,True
38013690,7.8,5.75,5.2,6.25,5.0,7.25,0,0,0,True
38013691,2.4,2.75,3.4,0,0,0,4.5,3.75,5.75,False
38013692,7.8,6.5,4.6,5.75,9.5,7.5,0,0,0,True
38013693,7.0,7.5,6.6,0,0,0,5.75,7.0,6.25,False
38013694,8.2,6.5,7.2,9.0,10.0,4.75,0,0,0,True
38013695,4.4,6.5,5.0,0,0,0,5.25,7.25,8.25,False
38013696,5.0,6.5,2.4,0,0,0,6.0,7.75,8.75,False
38013697,4.6,6.0,5.0,0,0,0,7.5,8.0,8.5,False
38013698,6.4,6.25,5.4,0,0,0,4.25,6.25,7.0,False
38013699,4.8,7.5,5.0,0,0,0,7.75,8.0,9.25,False
38013700,7.4,8.75,8.0,0,0,0,7.0,7.25,8.75,False
38013701,6.4,8.0,6.6,0,0,0,5.5,5.5,7.5,False
38013702,6.8,8.25,6.8,0,0,0,6.5,7.25,8.75,False
38013703,5.8,7.0,4.6,0,0,0,4.75,5.25,8.0,False
38013704,2.6,8.0,3.8,0,0,0,6.25,5.75,7.75,False
38013705,8.2,8.75,8.0,6.25,5.25,5.0,0,0,0,True
38013706,7.6,7.75,6.4,0,0,0,6.75,6.0,8.0,False
38013707,3.8,7.0,5.4,0,0,0,5.0,6.0,6.5,False
38013708,8.0,8.5,7.8,0,0,0,6.25,7.0,8.25,False
38013709,7.2,9.0,6.8,5.25,6.0,6.25,0,0,0,True
38013710,7.0,5.5,3.2,0,0,0,5.5,7.5,5.25,False
38013711,8.2,6.75,5.8,8.0,9.0,8.75,0,0,0,True
38013712,7.4,6.25,8.4,6.0,5.25,5.25,0,0,0,True
38013713,5.2,4.5,4.6,0,0,0,5.25,7.25,5.0,False
38013714,7.4,6.25,6.0,7.5,4.5,3.75,0,0,0,True
38013715,7.6,7.5,6.2,6.25,4.75,5.5,0,0,0,True
38013716,7.4,5.75,7.4,7.5,3.25,4.75,0,0,0,True
38013717,6.8,8.25,6.2,0,0,0,7.75,9.25,8.75,False
38013718,8.4,6.0,3.8,9.0,9.25,2.5,0,0,0,True
38013719,8.0,6.5,8.6,5.0,9.0,5.75,0,0,0,True
38013720,4.4,6.5,4.8,0,0,0,7.0,6.25,6.75,False
38013721,7.8,6.0,5.4,8.75,6.5,5.5,0,0,0,True
38013722,7.8,7.25,6.2,0,0,0,7.0,7.25,8.0,False
38013723,7.4,7.0,8.6,7.5,5.75,5.75,0,0,0,True
38013724,7.8,8.25,7.6,6.0,4.75,5.0,0,0,0,True
38013725,7.4,6.5,4.4,4.5,5.75,6.0,0,0,0,True
38013726,3.8,8.25,5.2,0,0,0,5.75,8.25,8.25,False
38013727,8.2,9.0,9.6,0,0,0,7.25,7.75,8.75,False
38013728,5.6,6.0,3.8,0,0,0,7.5,8.25,8.75,False
38013729,5.0,5.5,5.4,0,0,0,6.5,5.75,8.5,False
38013730,7.4,8.75,7.6,8.25,7.25,5.75,0,0,0,True
38013731,8.6,9.25,6.8,0,0,0,9.5,9.5,8.5,False
38013732,8.4,7.5,6.8,6.75,9.25,4.75,0,0,0,True
38013733,5.2,7.5,4.4,0,0,0,7.25,7.75,9.5,False
38013734,7.6,7.0,5.8,6.0,6.0,7.0,0,0,0,True
38013735,7.0,9.0,8.2,0,0,0,7.25,7.75,8.5,False
38013736,4.6,7.75,4.0,0,0,0,6.5,8.0,8.0,False
38013737,7.2,5.0,7.6,7.75,3.75,4.5,0,0,0,True
38013738,6.2,8.0,6.4,2.75,4.5,4.5,0,0,0,True
38013739,6.8,8.0,6.0,0,0,0,0,0,0,False
38013740,3.2,7.75,2.8,0,0,0,5.0,6.25,6.5,False
38013741,7.0,6.25,7.6,0,0,0,0,0,0,False
38013742,7.6,7.75,7.6,8.75,6.0,3.5,0,0,0,True
38013743,5.4,8.0,4.0,0,0,0,5.75,7.25,7.0,False
38013744,3.0,8.75,6.8,0,0,0,7.25,6.0,8.25,False
38013745,8.2,7.0,7.6,8.0,8.5,6.25,0,0,0,True
38013746,5.2,8.5,5.6,0,0,0,6.25,7.0,7.75,False
38013747,5.6,6.5,5.2,0,0,0,3.75,6.0,5.75,False
38013748,6.8,4.75,5.6,0,0,0,7.5,7.25,7.25,False
38013749,5.8,7.0,4.4,0,0,0,7.0,8.25,8.0,False
38013750,5.6,6.5,5.4,0,0,0,8.5,8.0,8.25,False
38013751,6.4,3.75,3.2,3.25,3.5,3.5,0,0,0,True
38013752,9.0,6.25,3.2,7.5,7.5,5.75,0,0,0,True
38013753,4.8,7.25,5.0,0,0,0,6.5,6.0,8.0,False
38013754,6.0,7.0,5.2,6.25,5.25,6.25,0,0,0,True
38013755,7.6,9.5,5.6,7.5,7.5,7.5,0,0,0,True
38013756,4.6,8.25,4.6,0,0,0,7.0,7.75,5.75,False
38013757,5.4,6.75,3.8,0,0,0,5.0,6.0,6.75,False
38013758,8.0,9.25,6.6,0,0,0,6.5,8.0,6.75,False
38013759,3.8,8.0,4.0,0,0,0,7.0,7.5,7.25,False
38013760,3.6,6.25,3.2,0,0,0,6.75,7.75,8.0,False
38013761,8.0,8.75,6.8,0,0,0,6.0,7.0,8.0,False
38013762,8.0,8.5,8.0,0,0,0,7.0,6.25,7.25,False
38013763,7.8,8.75,8.0,0,0,0,7.5,8.0,8.75,False
38013764,7.4,6.0,5.2,4.75,7.25,7.0,0,0,0,True
38013765,8.4,8.25,9.2,0,0,0,0,0,0,False
38013766,7.4,7.5,6.4,0,0,0,6.25,6.25,7.5,False
38013767,5.4,5.25,3.4,0,0,0,3.5,5.0,6.5,False
38013768,8.6,8.5,7.6,0,0,0,7.0,7.75,8.25,False
38013769,8.2,7.25,8.4,6.5,8.5,5.75,0,0,0,True
38013770,6.4,7.5,6.2,4.0,3.25,4.5,0,0,0,True
38013771,7.4,7.25,5.0,3.75,8.25,5.5,0,0,0,True
38013772,5.8,7.75,5.6,0,0,0,4.75,6.75,7.0,False
38013773,6.8,7.5,5.2,0,0,0,7.75,7.75,8.25,False
38013774,4.8,8.25,4.4,0,0,0,8.75,9.25,8.5,False
38013775,6.0,7.0,7.6,0,0,0,8.0,7.5,9.0,False
38013776,7.4,8.25,6.0,0,0,0,5.25,7.5,8.75,False
38013777,7.6,7.25,6.6,4.0,4.75,5.5,0,0,0,True
38013778,8.4,7.25,6.6,6.75,5.75,5.75,0,0,0,True
38013779,6.0,7.5,5.4,4.75,5.5,6.25,0,0,0,True
38013780,8.0,7.0,7.8,4.5,6.75,8.75,0,0,0,True
38013781,6.6,8.75,7.0,5.0,4.75,4.0,0,0,0,True
38013782,7.4,7.0,4.8,5.75,6.5,7.0,0,0,0,True
38013783,5.8,6.5,3.8,0,0,0,4.75,6.75,7.5,False
38013784,8.0,7.75,5.6,7.75,8.25,6.25,0,0,0,True
38013785,7.0,6.0,7.0,6.75,4.75,7.25,0,0,0,True
38013786,4.0,7.0,3.8,0,0,0,7.75,7.5,8.75,False
38013787,7.4,8.0,7.0,0,0,0,0,0,0,False
38013788,8.6,7.25,4.8,7.5,7.75,6.75,0,0,0,True
38013789,5.4,8.0,6.6,0,0,0,5.25,6.5,7.75,False
38013790,7.2,8.5,6.4,0,0,0,5.5,7.5,8.0,False
38013791,7.2,8.5,7.2,5.75,6.5,6.75,0,0,0,True
38013792,8.2,8.0,5.6,0,0,0,6.25,6.75,8.0,False
38013793,8.0,8.25,8.6,3.75,4.25,5.75,0,0,0,True
38013794,5.2,5.75,6.2,0,0,0,4.75,6.0,7.0,False
38013795,6.2,8.0,5.6,0,0,0,6.5,6.5,6.5,False
38013796,7.6,6.75,8.6,6.5,7.0,6.0,0,0,0,True
38013797,8.4,7.75,6.8,0,0,0,6.75,7.25,8.25,False
38013798,6.8,7.0,5.4,0,0,0,7.75,7.25,7.75,False
38013799,4.6,6.75,4.0,0,0,0,7.0,7.25,8.75,False
38013800,7.0,8.0,5.6,0,0,0,7.5,9.0,9.0,False
38013801,5.6,6.25,4.6,5.25,5.25,6.0,0,0,0,True
38013802,5.2,7.0,4.4,3.5,7.25,6.75,0,0,0,True
38013803,6.6,5.5,4.6,0,0,0,6.75,7.5,8.25,False
38013804,4.2,5.5,4.6,0,0,0,5.25,7.25,8.5,False
38013805,2.8,5.5,3.8,0,0,0,6.75,7.5,9.25,False
38013806,7.2,7.0,4.0,4.0,7.25,7.0,0,0,0,True
38013807,7.8,8.5,8.2,7.0,8.5,6.0,0,0,0,True
38013808,8.0,8.0,7.0,0,0,0,6.75,6.25,8.25,False
38013809,5.0,6.92,5.2,0,0,0,5.0,7.5,8.25,False
38013810,5.4,8.25,3.8,0,0,0,8.5,7.75,9.75,False
38013811,3.2,3.5,4.2,0,0,0,5.5,5.25,7.25,False
38013812,6.6,7.5,4.2,4.5,4.25,6.5,0,0,0,True
38013813,8.2,7.5,4.6,3.75,6.25,7.25,0,0,0,True
38013814,4.2,7.75,6.0,0,0,0,5.5,6.25,7.0,False
38013815,7.0,6.25,4.8,0,0,0,7.25,7.25,7.75,False
38013816,4.0,7.75,3.0,0,0,0,2.75,5.0,7.0,False
38013817,6.8,6.25,7.6,8.0,7.0,7.25,0,0,0,True
38013818,7.8,9.0,8.6,0,0,0,7.25,8.0,7.25,False
38013819,7.0,7.0,5.4,6.0,7.25,7.25,0,0,0,True
38013820,5.4,7.5,5.0,5.5,4.75,6.75,0,0,0,True
38013821,5.0,5.0,5.0,0,0,0,6.0,7.25,9.5,False
38013822,7.8,7.25,5.2,0,0,0,5.25,6.5,7.0,False
38013823,5.6,6.75,3.6,0,0,0,6.75,8.25,8.0,False
38013824,7.4,7.25,4.8,0,0,0,4.75,7.5,8.25,False
38013825,6.6,5.75,5.4,0,0,0,5.5,6.5,6.0,False
38013826,6.8,7.0,4.2,0,0,0,7.25,7.5,8.0,False
38013827,7.6,6.75,5.6,8.0,8.75,5.75,0,0,0,True
38013828,9.0,7.25,8.4,8.75,9.5,7.25,0,0,0,True
38013829,8.0,7.25,4.4,7.25,6.75,6.5,0,0,0,True
38013830,8.4,7.0,7.4,8.5,9.5,7.0,0,0,0,True
38013832,7.2,5.5,5.4,7.25,4.5,5.25,0,0,0,True
38013833,5.8,6.0,7.4,0,0,0,6.5,7.25,7.5,False
38013834,8.6,6.5,9.2,9.0,6.75,5.75,0,0,0,True
38013835,8.4,8.5,7.6,8.0,7.25,7.5,0,0,0,True
38013836,6.4,7.75,4.2,0,0,0,7.0,7.75,9.0,False
38013837,6.0,7.75,6.2,0,0,0,4.75,7.0,7.0,False
38013838,3.8,4.5,4.4,0,0,0,4.75,5.5,5.75,False
38013839,7.4,7.25,6.2,0,0,0,7.25,7.0,7.5,False
38013840,6.2,7.0,5.4,0,0,0,5.75,6.5,7.0,False
38013841,5.8,7.0,5.0,0,0,0,6.0,7.75,8.25,False
38013842,7.0,6.0,6.2,3.75,7.75,6.75,0,0,0,True
38013843,7.8,7.25,8.2,0,0,0,8.25,8.25,9.25,False
38013844,5.0,5.25,5.2,0,0,0,4.5,4.75,5.75,False
38013845,7.4,8.0,6.4,4.0,4.25,5.25,0,0,0,True
38013846,4.4,5.0,5.6,0,0,0,7.0,7.25,7.5,False
38013847,7.8,7.5,9.4,8.0,7.0,6.5,0,0,0,True
38013848,3.8,6.0,3.4,0,0,0,5.5,6.0,6.25,False
38013849,6.0,7.0,5.0,0,0,0,5.25,7.25,7.0,False
38013850,6.8,7.75,4.2,3.75,4.75,4.0,0,0,0,True
38013851,5.8,6.75,3.6,5.5,5.5,6.0,0,0,0,True
38013852,7.6,7.5,7.2,0,0,0,7.5,8.0,9.0,False
38013853,8.4,7.75,8.4,8.5,8.75,7.0,0,0,0,True
38013854,6.4,7.25,6.2,0,0,0,6.5,7.25,7.5,False
38013855,4.0,7.25,3.8,0,0,0,5.75,6.0,8.25,False
38013856,7.8,9.0,9.4,8.25,7.5,8.0,0,0,0,True
38013857,8.2,7.0,7.0,6.25,5.75,6.75,0,0,0,True
38013858,6.4,5.5,4.6,3.25,4.0,6.25,0,0,0,True
38013859,7.0,8.5,8.6,4.0,5.0,6.75,0,0,0,True
38013860,7.8,8.75,8.0,0,0,0,6.5,7.75,8.5,False
38013861,7.2,5.75,4.4,3.0,7.0,6.5,0,0,0,True
38013862,7.6,8.25,8.4,6.75,6.5,7.0,0,0,0,True
38013863,7.6,8.25,5.8,0,0,0,6.0,7.5,9.0,False
38013864,5.0,8.25,7.6,0,0,0,7.0,6.5,7.25,False
38013865,7.6,9.75,9.4,0,0,0,6.75,7.5,8.25,False
38013866,8.4,8.25,8.8,7.5,8.75,7.5,0,0,0,True
38013867,6.6,3.75,6.4,5.25,5.0,5.0,0,0,0,True
38013868,5.2,5.0,4.6,0,0,0,5.5,7.25,7.75,False
38013869,6.0,6.25,4.4,0,0,0,8.0,7.25,9.5,False
38013870,7.0,5.5,4.8,7.75,8.0,6.25,0,0,0,True
38013871,5.0,4.25,2.6,2.75,1.75,3.25,0,0,0,True
38013872,6.0,7.0,5.2,0,0,0,6.25,7.25,9.5,False
38013873,5.2,5.25,1.8,0,0,0,5.75,7.5,6.5,False
38013874,3.0,5.75,5.6,0,0,0,5.5,6.25,6.75,False
38013875,7.6,6.25,9.2,8.75,6.5,7.25,0,0,0,True
38013876,5.0,4.0,4.8,0,0,0,5.25,6.75,7.75,False
38013877,7.2,7.25,4.8,0,0,0,8.5,7.5,8.5,False
38013878,8.0,8.75,7.8,0,0,0,6.0,6.0,8.0,False
38013879,6.8,7.25,5.2,0,0,0,6.75,7.0,6.25,False
38013880,7.8,8.25,5.4,6.5,6.75,4.75,0,0,0,True
38013881,5.0,6.5,4.2,0,0,0,6.5,7.0,9.0,False
38013882,7.8,7.0,6.8,0,0,0,5.5,6.25,6.5,False
38013883,8.8,4.75,8.6,8.25,5.75,6.5,0,0,0,True
38013884,6.8,7.25,4.4,0,0,0,6.0,6.75,6.25,False
38013885,7.0,7.25,6.2,0,0,0,6.0,5.75,7.5,False
38013886,8.0,9.0,9.2,0,0,0,7.5,7.75,8.5,False
38013887,7.4,7.75,4.6,6.0,5.5,6.0,0,0,0,True
38013888,6.0,7.75,5.0,0,0,0,6.0,6.25,8.5,False
38013889,5.8,6.25,6.2,0,0,0,6.0,6.25,8.25,False
38013890,7.4,5.92,6.4,7.25,4.75,5.0,0,0,0,True
38013891,8.4,6.75,8.6,9.0,7.25,7.25,0,0,0,True
38013892,8.0,7.5,7.8,8.75,5.5,5.75,0,0,0,True
38013893,6.6,6.25,4.0,0,0,0,5.25,6.0,6.75,False
38013894,6.4,7.75,5.6,0,0,0,8.25,9.0,8.75,False
38013895,5.8,5.83,3.6,0,0,0,7.5,7.75,8.75,False
38013896,8.0,7.75,7.2,8.5,8.5,6.5,0,0,0,True
38013897,5.2,7.5,4.6,0,0,0,5.25,7.25,7.0,False
38013898,8.8,7.75,5.2,8.75,9.25,6.25,0,0,0,True
38013899,4.8,8.25,5.6,0,0,0,9.0,9.0,8.75,False
38013900,4.6,6.25,4.8,0,0,0,6.75,8.0,8.0,False
38013901,9.0,8.25,8.2,8.25,5.0,6.5,0,0,0,True
38013902,6.6,0,6.4,4.75,0,0,0,0,0,True
38013903,7.4,7.0,5.8,5.25,5.5,4.75,0,0,0,True
38013904,5.2,6.0,5.2,0,0,0,5.75,6.0,8.5,False
38013905,7.0,7.25,5.6,0,0,0,7.0,7.75,7.5,False
38013906,4.6,6.0,4.4,0,0,0,7.25,6.5,8.0,False
38013907,6.6,8.0,5.4,0,0,0,8.75,7.5,9.25,False
38013908,6.4,7.25,4.6,0,0,0,9.25,8.0,8.75,False
38013909,3.6,7.0,4.6,0,0,0,4.75,6.0,5.5,False
38013910,6.6,8.5,6.2,0,0,0,8.25,7.25,8.75,False
38013911,7.0,8.0,5.0,0,0,0,7.5,8.5,8.0,False
38013912,8.4,8.5,6.6,5.25,6.25,7.0,0,0,0,True
38013913,8.0,7.0,8.4,7.5,8.0,6.25,0,0,0,True
38013914,6.8,7.25,5.4,6.0,4.5,4.25,0,0,0,True
38013915,4.0,7.5,5.0,0,0,0,7.0,6.25,7.25,False
38013916,6.0,6.75,3.8,0,0,0,4.75,5.75,6.25,False
38013917,7.4,9.0,6.8,0,0,0,7.5,6.75,7.75,False
38013918,7.8,8.5,7.8,3.75,4.0,7.75,0,0,0,True
38013919,7.2,0,0,4.5,5.0,0,0,0,0,True
38013920,5.4,7.5,6.2,0,0,0,4.0,4.5,7.5,False
38013921,5.6,8.0,5.0,1.75,2.25,5.0,0,0,0,True
38013922,8.4,8.5,5.6,0,0,0,5.25,7.0,7.5,False
38013923,5.6,8.25,5.8,0,0,0,6.5,6.25,7.25,False
38013924,5.8,7.0,5.2,0,0,0,6.0,7.0,9.25,False
38013925,8.0,8.25,8.6,8.75,7.0,5.0,0,0,0,True
38013926,7.4,6.5,4.8,6.5,7.0,5.5,0,0,0,True
38013927,8.2,7.75,6.2,5.25,4.25,6.0,0,0,0,True
38013928,7.6,6.25,5.2,7.0,8.0,5.0,0,0,0,True
38013929,7.6,6.5,6.2,5.25,7.0,5.0,0,0,0,True
38013930,6.8,8.5,6.2,7.25,5.25,6.25,0,0,0,True
38013931,7.8,8.0,6.8,7.0,5.0,6.5,0,0,0,True
38013932,7.0,8.0,5.2,0,0,0,6.0,6.5,7.5,False
38013933,7.4,8.25,6.0,0,0,0,6.25,7.0,9.0,False
38013934,7.6,8.75,7.8,0,0,0,5.75,7.0,9.0,False
38013935,8.6,8.25,7.4,8.25,7.25,7.0,0,0,0,True
38013936,6.4,6.25,6.4,0,0,0,6.0,7.5,7.0,False
38013937,8.8,7.0,7.0,8.5,9.25,6.5,0,0,0,True
38013938,8.8,6.5,7.6,5.75,4.5,5.75,0,0,0,True
38013939,7.2,7.0,5.8,0,0,0,8.5,6.5,8.75,False
38013940,6.6,5.5,5.0,3.25,5.5,6.0,0,0,0,True
38013941,7.2,8.0,7.0,5.25,7.75,7.5,0,0,0,True
38013942,8.2,8.25,5.4,0,0,0,6.25,7.75,8.0,False
38013943,8.2,8.5,7.4,0,0,0,6.25,7.25,8.5,False
38013944,7.2,8.0,6.8,4.75,7.25,7.75,0,0,0,True
38013945,8.4,8.0,8.8,0,0,0,6.0,8.25,8.25,False
38013946,5.6,6.75,6.0,0,0,0,6.0,5.75,7.0,False
38013947,4.4,6.25,3.4,0,0,0,5.25,6.5,6.0,False
38013948,6.8,7.25,6.6,0,0,0,5.75,8.25,8.75,False
38013949,6.4,8.0,7.8,0,0,0,6.0,7.25,8.25,False
38013950,5.2,7.0,5.2,0,0,0,6.0,7.25,8.0,False
38013951,8.6,8.75,6.8,8.25,9.0,6.0,0,0,0,True
38013952,7.4,8.25,6.0,0,0,0,5.5,6.0,7.5,False
38013953,8.4,7.0,7.0,7.25,6.5,6.0,0,0,0,True
38013954,6.4,7.25,7.0,0,0,0,7.25,8.5,8.5,False
38013955,5.6,8.75,7.2,0,0,0,5.5,7.5,6.5,False
38013956,6.6,8.0,4.6,0,0,0,5.25,7.0,7.0,False
38013957,7.6,8.25,5.6,8.25,8.5,5.5,0,0,0,True
38013958,7.8,8.0,6.0,9.0,7.5,6.0,0,0,0,True
38013959,7.8,6.75,5.0,8.25,7.75,6.5,0,0,0,True
38013960,7.0,8.0,6.8,0,0,0,6.25,7.0,7.0,False
38013961,3.6,5.0,3.8,0,0,0,5.25,4.75,6.25,False
38013962,8.2,7.5,5.4,0,0,0,8.5,8.0,8.75,False
38013963,6.8,6.75,5.8,8.5,6.5,4.75,0,0,0,True
38013964,6.8,8.5,5.2,0,0,0,7.75,7.75,7.25,False
38013965,7.2,8.25,8.2,8.75,5.5,7.25,0,0,0,True
38013966,7.2,8.75,7.4,7.25,5.5,4.75,0,0,0,True
38013967,4.8,8.5,5.0,0,0,0,8.0,8.25,7.0,False
38013968,6.0,7.5,3.0,3.0,3.5,6.0,0,0,0,True
38013969,7.2,7.0,7.0,5.25,4.25,4.75,0,0,0,True
38013970,8.0,8.0,7.0,8.0,5.75,5.5,0,0,0,True
38013971,7.6,7.25,4.8,0,0,0,7.5,8.0,8.25,False
38013972,7.6,8.25,5.8,0,0,0,6.0,7.5,8.75,False
38013973,8.4,7.25,7.4,8.25,8.75,5.5,0,0,0,True
38013974,4.8,5.5,4.0,3.25,2.75,4.0,0,0,0,True
38013975,7.0,6.25,7.2,7.0,8.0,5.75,0,0,0,True
38013976,7.6,7.75,6.0,0,0,0,6.25,6.0,6.0,False
38013977,6.0,8.25,4.6,0,0,0,7.5,7.75,8.0,False
38013978,7.0,8.0,5.2,0,0,0,7.0,7.5,8.0,False
38013979,7.6,7.75,5.2,0,0,0,6.0,5.5,7.25,False
38013980,8.8,9.25,9.6,0,0,0,7.0,8.5,8.25,False
38013981,8.0,7.5,7.4,6.75,5.25,5.0,0,0,0,True
38013982,6.6,6.5,4.4,7.25,3.75,4.75,0,0,0,True
38013983,6.6,6.75,4.2,0,0,0,7.0,8.5,7.75,False
38013984,2.8,5.75,3.0,0,0,0,6.25,7.0,6.25,False
38013985,6.4,8.0,3.6,0,0,0,5.75,8.0,8.25,False
38013986,7.4,6.25,5.4,2.75,7.0,9.0,0,0,0,True
38013987,6.8,8.0,6.8,4.0,4.25,6.0,0,0,0,True
38013988,8.0,8.0,8.8,8.0,5.0,5.25,0,0,0,True
38013989,4.6,6.5,5.8,0,0,0,5.5,6.0,6.75,False
38013990,7.6,7.75,4.0,0,0,0,8.75,8.5,9.0,False
38013991,7.8,6.0,4.6,8.25,8.0,4.0,0,0,0,True
38013992,8.0,6.5,4.2,6.0,7.25,7.25,0,0,0,True
38013993,8.2,8.0,9.6,9.0,7.5,8.0,0,0,0,True
38013994,8.0,6.75,6.4,7.5,4.75,7.25,0,0,0,True
38013995,6.4,6.0,7.2,0,0,0,6.25,8.0,6.75,False
38013996,7.8,5.5,8.4,0,0,0,8.5,9.0,9.25,False
38013997,8.8,6.75,6.2,8.25,9.5,7.5,0,0,0,True
38013998,7.8,6.25,7.8,7.0,4.0,5.5,0,0,0,True
38013999,8.4,5.75,6.2,5.5,5.25,6.75,0,0,0,True
38014000,5.6,5.0,5.6,0,0,0,8.5,7.25,9.25,False
38014001,6.8,8.75,5.8,0,0,0,6.25,7.0,7.25,False
38014002,8.0,8.0,5.2,6.25,6.5,6.25,0,0,0,True
38014003,4.2,7.5,6.2,0,0,0,6.0,6.25,8.0,False
38014004,7.4,8.0,10.0,0,0,0,7.5,8.25,9.0,False
38014005,7.4,7.0,8.0,8.25,3.25,5.5,0,0,0,True
38014006,7.0,7.75,8.0,5.75,7.5,7.0,0,0,0,True
38014007,7.0,8.0,4.0,5.75,6.0,7.25,0,0,0,True
38014008,6.8,8.0,5.2,4.25,2.0,6.25,0,0,0,True
38014009,5.8,7.5,4.6,0,0,0,7.25,6.0,7.25,False
38014010,7.4,8.25,7.0,8.5,6.25,5.75,0,0,0,True
38014011,7.6,8.0,9.0,8.75,5.5,5.75,0,0,0,True
38014012,7.8,6.75,6.6,5.5,8.0,5.25,0,0,0,True
38014013,6.0,8.0,7.4,0,0,0,6.75,6.0,7.0,False
38014014,6.2,6.75,5.8,0,0,0,6.0,8.25,8.25,False
38014015,7.4,6.25,5.6,6.0,5.0,5.25,0,0,0,True
38014016,0,3.25,0,0,0,0,6.25,6.5,0,False
38014017,6.2,7.25,5.4,0,0,0,6.0,6.25,6.0,False
38014018,5.8,6.25,5.2,0,0,0,5.5,6.25,6.5,False
38014019,0,8.0,0,0,0,0,8.75,7.5,0,False
38014020,8.2,0,0,3.25,8.25,7.75,0,0,0,True
38014021,5.4,6.25,4.4,0,0,0,7.0,6.25,7.5,False
38014022,4.0,7.5,6.6,0,0,0,5.0,6.25,6.5,False
38014023,9.2,8.25,7.8,8.5,7.0,7.25,0,0,0,True
38014024,3.8,7.5,4.4,0,0,0,6.0,6.5,7.5,False
38014025,5.0,8.75,7.0,0,0,0,9.0,8.0,8.75,False
38014026,6.4,6.0,4.6,0,0,0,6.5,6.0,6.75,False
38014027,6.6,7.75,6.8,0,0,0,6.0,6.5,7.75,False
38014028,5.2,6.25,3.8,0,0,0,5.25,5.75,7.5,False
38014029,4.8,7.5,5.2,0,0,0,7.5,7.5,6.0,False
38014030,4.8,8.0,4.4,0,0,0,9.0,9.25,8.0,False
38014031,7.0,8.75,5.8,0,0,0,7.75,6.75,8.25,False
38014032,5.6,7.75,4.6,0,0,0,5.5,5.25,7.0,False
38014033,7.2,6.5,7.2,7.75,4.25,5.75,0,0,0,True
38014034,7.6,8.25,9.0,8.25,6.0,6.25,0,0,0,True
38014035,5.2,7.5,5.2,0,0,0,7.5,7.0,8.0,False
38014036,6.4,6.0,5.2,7.5,5.5,7.25,0,0,0,True
38014037,7.2,7.25,4.6,0,0,0,6.5,7.25,9.0,False
38014038,7.4,8.0,7.8,8.0,6.0,7.25,0,0,0,True
38014039,7.4,6.0,4.6,7.5,7.25,6.75,0,0,0,True
38014040,5.6,8.5,3.6,0,0,0,6.5,7.5,8.25,False
38014041,6.8,9.0,6.0,0,0,0,5.25,7.5,8.25,False
38014042,5.8,7.75,8.0,0,0,0,5.75,6.5,8.25,False
38014043,4.4,6.75,5.8,0,0,0,7.0,7.0,6.0,False
38014044,6.0,7.25,5.4,0,0,0,5.25,6.5,6.5,False
38014045,8.2,8.75,6.8,7.5,7.5,7.25,0,0,0,True
38014046,8.2,0,0,8.5,8.5,0,0,0,0,True
38014047,4.6,6.75,6.0,0,0,0,6.25,6.5,7.75,False
38014048,4.0,5.25,4.4,0,0,0,7.0,6.5,8.0,False
38014049,5.4,5.75,4.8,0,0,0,5.75,6.75,7.25,False
38014050,5.8,5.0,3.8,0,0,0,5.0,6.0,8.0,False
38014051,4.8,3.25,2.4,0,0,0,5.5,6.5,7.0,False
38014052,3.4,5.75,4.2,0,0,0,5.75,6.5,7.25,False
38014053,4.8,5.75,2.4,0,0,0,5.0,8.0,8.25,False
38014054,3.8,3.75,5.0,0,0,0,5.75,5.75,5.5,False
38014055,7.2,6.0,6.2,7.0,6.75,6.75,0,0,0,True
38014056,3.0,5.5,4.0,0,0,0,5.75,7.5,7.0,False
38014057,6.6,6.0,4.8,5.75,4.25,5.25,0,0,0,True
38014058,3.8,6.0,3.2,0,0,0,4.5,6.75,6.75,False
38014059,3.0,5.75,3.4,0,0,0,5.5,6.5,8.0,False
38014060,5.8,5.0,5.0,0,0,0,6.5,7.25,7.75,False
38014061,6.8,0,0,6.0,6.0,0,0,0,0,True
38014062,6.6,6.0,5.8,3.75,5.5,6.0,0,0,0,True
38014063,7.2,5.0,5.4,5.0,4.5,7.25,0,0,0,True
38014064,6.2,5.5,6.6,6.25,4.25,6.0,0,0,0,True
38014065,5.6,6.0,6.2,6.25,6.0,6.25,0,0,0,True
38014066,4.0,5.0,4.6,0,0,0,6.75,7.5,8.5,False
38014067,5.2,5.75,4.6,0,0,0,4.75,6.75,8.25,False
38014068,3.2,7.0,3.8,0,0,0,5.25,6.0,7.0,False
38014069,4.8,5.75,3.2,0,0,0,5.5,6.5,6.75,False
38014070,5.6,6.25,5.8,0,0,0,6.0,7.25,8.0,False
38014071,6.8,6.0,5.4,7.0,6.5,5.25,0,0,0,True
38014072,4.2,5.0,3.8,0,0,0,6.5,5.5,7.5,False
38014073,6.2,7.25,3.8,3.75,4.75,5.0,0,0,0,True
38014074,4.6,5.42,5.4,0,0,0,6.25,6.75,8.25,False
38014075,5.2,6.25,5.4,0,0,0,6.0,8.0,7.5,False
38014076,5.8,6.5,6.4,0,0,0,5.75,6.25,8.0,False
38014077,4.6,5.25,4.0,5.5,2.5,5.25,0,0,0,True
38014078,6.8,4.0,5.2,0,0,0,5.25,5.5,7.25,False
38014079,3.6,5.5,4.4,0,0,0,5.0,5.0,6.0,False
38014080,3.4,6.0,3.8,0,0,0,5.0,6.25,7.5,False
38014081,4.0,5.0,5.0,0,0,0,6.0,5.0,5.75,False
38014082,5.0,6.0,5.4,5.5,6.5,6.0,0,0,0,True
38014083,7.8,6.75,4.6,8.0,8.0,6.5,0,0,0,True
38014084,6.2,3.25,6.8,4.0,4.5,6.5,0,0,0,True
38014085,6.0,5.75,6.0,0,0,0,6.25,6.75,8.0,False
38014086,6.2,7.25,5.2,5.0,5.5,5.75,0,0,0,True
38014087,6.2,8.0,6.0,0,0,0,6.25,7.0,8.0,False
38014088,4.4,6.0,4.4,4.0,4.25,4.75,0,0,0,True
38014089,4.2,5.75,4.6,3.25,3.0,4.25,0,0,0,True
38014090,5.2,5.25,4.8,4.25,3.0,4.0,0,0,0,True
38014091,5.6,5.0,5.0,6.25,5.5,6.5,0,0,0,True
38014092,7.2,5.5,4.6,4.75,4.0,7.0,0,0,0,True
38014093,5.8,7.5,5.4,0,0,0,4.25,6.5,8.5,False
38014094,6.2,8.0,4.4,0,0,0,7.5,8.0,8.5,False
38014095,6.6,5.0,4.2,4.0,5.25,6.0,0,0,0,True
38014096,4.4,6.0,5.4,0,0,0,5.5,7.25,8.0,False
38014097,4.4,7.25,5.2,0,0,0,8.25,8.75,9.5,False
38014098,3.0,4.5,2.8,0,0,0,5.5,5.5,6.75,False
38014099,7.0,6.25,5.4,6.75,6.25,6.25,0,0,0,True
38014100,3.4,6.5,4.6,0,0,0,6.0,6.25,7.75,False
38014101,4.6,3.59,3.8,0,0,0,6.25,6.5,7.75,False
38014102,4.8,5.0,5.0,5.0,4.25,4.5,0,0,0,True
38014103,5.0,7.0,4.4,0,0,0,5.75,6.5,7.25,False
38014104,5.0,6.75,3.6,0,0,0,7.5,8.25,8.25,False
38014105,6.6,6.25,4.2,7.25,6.0,5.0,0,0,0,True
38014106,4.4,7.25,4.0,0,0,0,7.0,7.75,8.75,False
38014107,4.6,5.0,4.6,0,0,0,6.0,5.25,6.5,False
38014108,5.4,6.75,5.6,4.5,6.0,5.5,0,0,0,True
38014109,7.6,6.5,4.2,5.75,7.5,6.25,0,0,0,True
38014110,6.0,6.75,3.8,0,0,0,8.25,8.25,8.75,False
38014111,6.0,6.0,4.6,4.75,5.0,5.5,0,0,0,True
38014112,5.6,6.25,5.2,0,0,0,6.0,6.0,8.25,False
38014113,4.2,5.0,4.4,0,0,0,6.5,7.5,8.25,False
38014114,3.6,7.75,4.6,0,0,0,6.25,7.0,7.25,False
38014115,4.0,6.0,2.4,0,0,0,7.0,5.5,7.25,False
38014116,6.4,5.25,4.0,5.25,6.75,4.75,0,0,0,True
38014117,5.6,6.0,4.6,3.5,4.5,3.5,0,0,0,True
38014118,6.0,5.75,4.0,4.75,3.75,7.25,0,0,0,True
38014119,6.4,7.75,3.8,0,0,0,8.5,7.75,8.75,False
38014120,6.0,5.75,4.4,5.0,4.75,5.5,0,0,0,True
38014121,6.4,6.75,5.4,6.25,6.75,5.25,0,0,0,True
38014122,6.0,5.75,3.8,0,0,0,8.0,8.25,9.25,False
38014123,5.0,6.5,4.4,0,0,0,7.25,6.75,7.25,False
38014124,4.0,6.25,4.8,0,0,0,5.5,5.5,6.5,False
38014125,5.8,5.5,4.4,6.25,3.25,4.75,0,0,0,True
38014126,4.2,6.75,5.2,0,0,0,7.0,6.25,6.75,False
38014127,6.2,5.75,4.6,0,0,0,6.5,5.25,6.25,False
38014128,2.8,3.25,3.8,0,0,0,5.5,4.75,7.0,False
38014129,6.8,7.5,4.6,6.25,5.5,5.25,0,0,0,True
38014130,6.2,5.5,3.6,5.5,4.25,5.0,0,0,0,True
38014131,6.4,6.25,4.8,6.25,4.0,5.75,0,0,0,True
38014132,5.4,6.0,3.8,0,0,0,4.0,7.25,8.5,False
38014133,6.4,5.5,6.2,6.25,4.5,5.25,0,0,0,True
38014134,4.4,4.5,4.4,0,0,0,7.25,8.0,8.0,False
38014135,6.8,5.75,4.0,0,0,0,6.25,9.0,9.5,False
38014136,3.8,5.0,3.2,0,0,0,5.0,7.25,7.25,False
38014137,7.0,4.75,5.4,6.25,4.75,5.25,0,0,0,True
38014138,4.8,5.0,5.2,5.0,5.0,5.0,0,0,0,True
38014139,5.8,5.0,3.6,0,0,0,5.5,8.5,8.5,False
38014140,4.2,5.5,4.4,0,0,0,7.5,5.75,6.75,False
38014141,4.8,6.0,6.6,4.75,5.25,7.25,0,0,0,True
38014142,7.2,6.0,4.6,7.75,7.25,6.25,0,0,0,True
38014143,4.4,5.75,2.8,0,0,0,7.75,7.25,7.75,False
38014144,5.6,5.0,7.0,0,0,0,6.75,4.0,5.5,False
38014145,5.4,6.25,5.4,5.25,5.5,5.25,0,0,0,True
38014146,4.4,6.25,6.8,0,0,0,5.5,7.75,7.25,False
38014147,5.4,5.0,7.8,5.25,4.5,4.0,0,0,0,True
38014148,5.0,6.0,8.0,0,0,0,7.0,7.0,6.25,False
38014149,5.4,5.25,7.6,0,0,0,6.25,7.25,8.0,False
38014150,7.2,4.0,5.8,5.75,5.5,4.25,0,0,0,True
38014151,6.6,6.25,7.6,5.75,4.25,5.75,0,0,0,True
38014152,6.2,6.25,7.4,0,0,0,5.25,7.0,7.5,False
38014153,5.2,6.5,6.0,7.5,5.0,5.25,0,0,0,True
38014154,3.0,6.5,5.4,0,0,0,6.5,7.25,9.0,False
38014155,4.6,7.25,7.8,0,0,0,7.75,7.5,7.5,False
38014156,6.0,5.25,8.0,0,0,0,7.0,7.25,7.75,False
38014157,6.4,5.25,6.6,7.0,7.0,5.25,0,0,0,True
38014158,5.0,6.0,6.0,5.75,6.25,5.5,0,0,0,True
38014159,4.8,4.75,5.8,0,0,0,5.75,4.25,4.75,False
38014160,7.2,5.25,6.8,5.25,4.5,5.75,0,0,0,True
38014161,7.2,6.75,6.6,0,0,0,8.25,7.5,8.25,False
38014162,7.2,5.25,6.4,6.5,3.5,6.25,0,0,0,True
38014163,5.8,3.75,7.4,5.0,4.0,5.75,0,0,0,True
38014164,5.0,5.25,7.0,4.0,3.5,4.0,0,0,0,True
38014165,6.4,6.25,4.8,0,0,0,5.25,7.75,6.75,False
38014166,4.8,7.5,7.0,0,0,0,5.5,4.75,7.0,False
38014167,4.2,6.25,5.4,0,0,0,6.25,6.5,8.0,False
38014168,4.2,5.0,3.4,0,0,0,3.75,6.0,6.75,False
38014169,4.6,4.25,4.8,0,0,0,5.5,7.0,6.75,False
38014170,8.0,5.5,5.4,6.0,4.25,4.25,0,0,0,True
38014171,4.6,6.75,3.8,3.25,4.5,6.0,0,0,0,True
38014172,4.6,6.25,4.2,0,0,0,5.75,6.5,7.25,False
38014173,6.0,5.0,5.2,4.75,4.25,6.25,0,0,0,True
38014174,6.4,7.0,4.8,5.0,5.25,5.75,0,0,0,True
38014175,7.8,6.0,6.2,4.75,7.25,7.0,0,0,0,True
38014176,7.8,7.75,8.2,7.5,6.0,7.25,0,0,0,True
38014177,6.0,6.75,5.8,6.0,5.5,5.75,0,0,0,True
38014178,3.4,6.0,4.6,0,0,0,5.25,7.25,7.75,False
38014179,6.6,6.0,4.2,6.75,5.0,5.5,0,0,0,True
38014180,4.2,4.5,4.8,0,0,0,6.5,6.0,7.5,False
38014181,5.6,4.25,6.4,0,0,0,5.25,6.5,7.25,False
38014182,5.4,6.5,3.6,0,0,0,7.0,7.25,7.0,False
38014183,5.2,4.5,5.2,0,0,0,6.5,7.5,8.5,False
38014184,6.6,6.25,5.4,7.25,5.25,6.25,0,0,0,True
38014185,3.8,7.5,5.2,0,0,0,8.5,9.25,9.25,False
38014186,7.0,8.25,7.4,7.0,5.75,6.0,0,0,0,True
38014187,7.6,7.0,4.8,7.75,8.25,6.75,0,0,0,True
38014188,4.2,5.75,3.4,0,0,0,5.5,7.75,6.75,False
38014189,5.2,5.75,3.8,0,0,0,6.25,7.25,7.0,False
38014190,6.4,5.25,3.4,0,0,0,4.0,6.0,7.0,False
38014191,6.4,5.75,5.0,6.25,5.25,6.0,0,0,0,True
38014192,5.2,6.75,3.8,0,0,0,6.5,7.75,8.5,False
38014193,6.2,4.25,5.8,0,0,0,7.75,8.5,8.25,False
38014194,5.6,5.25,4.6,0,0,0,6.5,6.75,7.75,False
38014195,6.2,5.25,3.8,4.0,5.0,7.0,0,0,0,True
38014196,6.0,4.75,4.2,0,0,0,7.25,6.0,8.0,False
38014197,3.8,5.75,4.0,0,0,0,4.75,5.75,8.0,False
38014198,6.6,5.75,4.4,4.75,7.0,4.75,0,0,0,True
38014199,6.4,4.75,5.2,0,0,0,6.0,6.0,5.5,False
38014200,5.6,6.5,4.4,0,0,0,6.5,7.0,6.75,False
38014201,5.0,5.75,4.2,0,0,0,7.0,6.5,8.5,False
38014202,4.0,3.25,3.2,0,0,0,5.5,7.0,7.25,False
38014203,7.8,6.75,5.8,7.0,5.5,6.5,0,0,0,True
38014204,4.4,6.75,3.6,0,0,0,7.25,6.0,8.25,False
38014205,7.2,7.25,4.2,6.5,6.5,6.0,0,0,0,True
38014206,6.0,5.25,4.4,4.75,5.0,6.5,0,0,0,True
38014207,7.2,6.5,4.4,5.25,5.75,6.0,0,0,0,True
38014208,3.4,6.5,5.0,0,0,0,5.0,7.5,7.75,False
38014209,7.4,4.5,5.4,4.25,5.5,6.75,0,0,0,True
38014210,6.2,6.5,4.2,5.75,6.0,7.0,0,0,0,True
38014211,5.4,8.25,4.6,0,0,0,6.25,7.75,8.5,False
38014212,4.8,6.75,4.6,0,0,0,4.0,8.25,8.0,False
38014213,7.6,6.75,5.4,5.25,4.25,5.75,0,0,0,True
38014214,6.8,6.5,5.8,4.25,3.75,5.5,0,0,0,True
38014215,4.4,5.75,5.0,0,0,0,6.0,7.75,8.0,False
38014216,5.8,6.5,6.0,6.0,5.5,6.25,0,0,0,True
38014217,3.4,6.25,3.6,0,0,0,6.75,4.25,6.75,False
38014218,4.6,5.0,2.6,0,0,0,6.0,6.0,7.0,False
38014219,6.6,6.0,4.6,6.5,5.0,6.0,0,0,0,True
38014220,3.2,5.75,3.8,0,0,0,5.0,6.25,6.75,False
38014221,8.0,5.5,5.8,4.0,4.75,7.0,0,0,0,True
38014222,5.2,4.25,4.8,0,0,0,6.0,5.5,8.0,False
38014223,6.4,5.25,5.2,7.25,6.75,5.75,0,0,0,True
38014224,7.2,4.25,4.6,6.75,4.5,5.75,0,0,0,True
38014225,6.8,7.25,5.4,0,0,0,8.75,7.25,8.0,False
38014226,6.2,6.0,5.4,6.0,6.0,5.5,0,0,0,True
38014227,3.0,3.75,3.8,0,0,0,4.75,2.75,5.25,False
38014228,6.2,5.5,5.2,0,0,0,6.25,7.75,7.5,False
38014229,3.2,5.25,4.4,0,0,0,6.75,7.25,7.25,False
38014230,4.6,5.75,5.2,0,0,0,5.75,7.0,7.5,False
38014231,6.4,5.5,3.8,0,0,0,5.25,6.5,8.0,False
38014232,5.4,8.0,3.8,5.5,4.5,5.75,0,0,0,True
38014233,3.4,6.75,4.6,0,0,0,5.75,7.5,8.25,False
38014234,4.4,5.75,5.0,0,0,0,5.0,6.0,6.5,False
38014235,3.0,6.5,4.8,0,0,0,4.0,5.0,6.0,False
38014236,7.2,5.5,5.2,6.0,5.25,6.0,0,0,0,True
38014237,5.2,6.75,4.0,0,0,0,6.25,7.5,8.5,False
38014238,6.6,8.5,6.6,0,0,0,8.75,8.75,9.75,False
38014239,6.4,6.25,3.6,5.75,3.25,6.75,0,0,0,True
38014240,4.0,5.5,2.8,4.25,3.75,5.5,0,0,0,True
38014241,3.8,4.75,4.0,0,0,0,4.25,5.75,5.0,False
38014242,6.4,5.25,4.8,4.5,5.25,6.75,0,0,0,True
38014243,7.4,6.0,6.4,0,0,0,7.0,8.0,8.75,False
38014244,7.0,6.25,5.0,0,0,0,6.75,7.0,8.5,False
38014245,4.8,3.25,2.6,0,0,0,5.0,5.75,5.5,False
38014246,6.0,6.75,5.0,0,0,0,5.0,7.0,7.5,False
38014247,7.6,5.25,5.6,5.75,4.75,6.5,0,0,0,True
38014248,5.6,5.5,5.2,6.5,6.25,3.75,0,0,0,True
38014249,5.6,5.5,5.2,0,0,0,6.25,7.75,7.25,False
38014250,5.0,5.75,3.8,0,0,0,6.0,7.25,6.5,False
38014251,4.8,4.75,5.4,4.0,5.5,4.5,0,0,0,True
38014252,5.6,4.5,4.0,0,0,0,6.25,6.5,7.5,False
38014253,6.6,6.0,5.4,5.0,6.0,6.0,0,0,0,True
38014254,6.6,4.5,3.8,5.25,6.5,4.75,0,0,0,True
38014255,4.4,4.75,3.6,0,0,0,7.5,7.5,7.5,False
38014256,5.4,4.25,4.2,4.25,4.75,5.25,0,0,0,True
38014257,4.8,4.25,5.2,6.25,3.25,6.0,0,0,0,True
38014258,3.4,5.75,4.8,0,0,0,5.5,6.0,6.25,False
38014259,3.8,6.0,3.4,0,0,0,3.75,6.5,6.5,False
38014260,5.6,6.0,4.8,0,0,0,6.5,7.25,8.5,False
38014261,6.6,8.0,6.8,7.75,6.0,5.5,0,0,0,True
38014262,5.0,4.25,4.6,0,0,0,7.25,7.0,7.75,False
38014263,5.2,6.25,4.4,0,0,0,7.75,8.25,8.5,False
38014264,6.0,5.0,4.2,6.75,6.5,5.0,0,0,0,True
38014265,3.6,5.25,4.4,4.5,3.75,2.75,0,0,0,True
38014266,6.2,6.75,4.4,4.5,4.0,5.75,0,0,0,True
38014267,6.0,7.0,4.0,6.25,5.5,6.0,0,0,0,True
38014268,4.4,7.0,4.2,0,0,0,5.5,6.25,8.0,False
38014269,7.2,3.75,5.0,6.75,4.25,4.75,0,0,0,True
38014270,6.0,4.25,3.6,6.0,2.5,5.0,0,0,0,True
38014271,6.6,6.5,3.4,5.0,4.5,6.25,0,0,0,True
38014272,5.2,5.75,4.8,0,0,0,6.25,8.25,9.25,False
38014273,5.0,3.0,3.0,0,0,0,6.5,7.5,8.25,False
38014274,4.8,6.5,5.8,0,0,0,6.5,7.25,9.5,False
38014275,6.2,5.0,4.6,0,0,0,6.25,7.0,7.75,False
38014276,4.8,6.0,4.4,0,0,0,6.0,7.75,7.75,False
38014277,7.0,6.25,5.4,5.75,3.0,6.0,0,0,0,True
38014278,6.2,5.5,3.6,7.5,4.25,7.5,0,0,0,True
38014279,4.2,6.0,3.8,0,0,0,6.75,8.0,9.0,False
38014280,4.4,5.5,2.8,0,0,0,6.25,5.5,8.25,False
38014281,3.0,4.5,2.2,0,0,0,3.5,5.0,7.75,False
38014282,2.6,4.75,4.0,0,0,0,4.75,6.25,8.0,False
38014283,6.6,4.75,3.4,5.75,4.75,7.25,0,0,0,True
38014284,4.4,3.25,2.4,0,0,0,4.75,6.25,5.75,False
38014285,5.6,5.5,4.8,4.25,3.75,5.0,0,0,0,True
38014286,6.6,6.0,3.4,6.0,5.25,6.5,0,0,0,True
38014287,6.6,7.5,5.2,0,0,0,6.5,8.75,9.5,False
38014288,6.8,7.0,4.2,5.25,4.0,5.0,0,0,0,True
38014289,6.0,5.83,3.8,0,0,0,6.5,6.5,8.75,False
38014290,4.0,5.0,2.4,0,0,0,5.25,6.25,6.0,False
38014291,5.6,4.25,4.0,0,0,0,4.75,6.75,7.75,False
38014292,3.0,6.5,3.8,0,0,0,5.5,6.75,7.75,False
38014293,6.8,5.25,3.2,7.5,6.0,6.5,0,0,0,True
38014294,6.2,5.5,4.2,0,0,0,5.0,5.5,7.75,False
38014295,6.0,5.75,4.2,6.75,7.25,5.75,0,0,0,True
38014296,6.8,5.25,5.2,0,0,0,5.5,6.75,6.75,False
38014297,6.6,7.0,5.0,6.0,5.5,5.25,0,0,0,True
38014298,5.6,6.75,4.8,5.75,5.5,5.0,0,0,0,True
38014299,6.6,6.0,5.4,6.25,4.0,5.0,0,0,0,True
38014300,5.6,5.0,3.2,0,0,0,6.5,8.25,6.75,False
38014301,3.0,5.0,2.2,0,0,0,6.25,4.25,6.25,False
38014302,3.8,6.5,5.6,0,0,0,6.25,7.0,8.0,False
38014303,6.8,8.0,5.6,6.0,7.0,6.0,0,0,0,True
38014304,5.8,7.5,3.6,0,0,0,6.0,6.75,8.0,False
38014305,5.2,8.0,5.2,5.0,3.25,5.75,0,0,0,True
38014306,8.4,9.0,8.6,3.0,5.0,4.5,0,0,0,True
38014307,8.8,7.5,7.2,8.5,7.25,5.5,0,0,0,True
38014308,3.6,5.5,2.6,0,0,0,6.5,7.25,8.75,False
38014309,4.4,4.75,2.4,0,0,0,8.0,4.5,7.5,False
38014310,5.2,6.5,3.6,0,0,0,8.25,8.75,9.25,False
38014311,6.6,8.0,4.2,0,0,0,7.25,8.25,9.0,False
38014312,5.0,4.25,3.8,0,0,0,7.0,7.25,8.75,False
38014313,5.2,6.75,4.0,0,0,0,5.25,6.25,8.75,False
38014314,8.6,8.75,7.4,5.5,4.75,5.75,0,0,0,True
38014315,5.0,5.75,2.8,0,0,0,5.75,5.25,8.25,False
38014316,6.6,7.75,4.6,0,0,0,7.0,7.5,9.0,False
38014317,3.8,3.5,2.4,0,0,0,7.25,6.5,8.75,False
38014318,7.2,7.5,5.8,0,0,0,7.5,8.0,8.25,False
38014319,6.4,5.5,6.0,0,0,0,5.0,6.25,5.5,False
38014320,7.6,4.5,2.8,8.5,8.25,4.75,0,0,0,True
38014321,9.0,5.25,6.8,9.0,9.25,6.5,0,0,0,True
38014322,4.8,4.75,4.0,0,0,0,4.75,5.75,6.25,False
38014323,7.0,4.25,4.2,0,0,0,4.25,6.25,5.25,False
38014324,6.6,8.5,8.0,0,0,0,5.25,8.25,8.25,False
38014325,7.8,9.0,8.2,0,0,0,6.75,6.75,8.0,False
38014326,6.0,6.25,4.2,6.25,5.25,4.5,0,0,0,True
38014327,4.4,6.75,4.6,0,0,0,5.75,6.25,7.5,False
38014328,6.6,6.5,4.8,0,0,0,6.0,6.75,7.5,False
38014329,5.8,5.0,3.6,0,0,0,5.0,5.0,7.25,False
38014330,5.2,6.75,3.2,0,0,0,7.25,5.75,6.75,False
38014331,2.6,6.75,2.8,0,0,0,5.75,7.5,8.0,False
38014332,5.0,6.25,3.0,0,0,0,6.5,7.5,7.75,False
38014333,9.0,8.25,4.6,7.75,6.75,7.0,0,0,0,True
38014334,4.4,5.75,5.0,0,0,0,4.0,6.25,5.5,False
38014335,8.0,5.75,3.0,7.5,6.5,6.0,0,0,0,True
38014336,3.4,4.25,2.6,0,0,0,5.0,5.75,7.0,False
38014337,8.2,5.75,5.4,6.75,7.75,5.75,0,0,0,True
38014338,6.6,6.75,4.8,0,0,0,6.0,7.0,8.0,False
38014339,6.8,6.25,7.4,3.75,3.75,5.5,0,0,0,True
38014340,8.4,9.0,9.2,6.5,9.25,5.5,0,0,0,True
38014341,7.0,7.5,6.6,0,0,0,5.75,7.5,8.25,False
38014342,8.2,7.5,9.2,8.25,9.25,4.75,0,0,0,True
38014343,5.0,6.5,6.6,0,0,0,7.0,5.0,8.75,False
38014344,6.6,7.0,7.8,0,0,0,6.75,7.0,8.25,False
38014345,6.4,6.0,4.2,0,0,0,6.25,6.75,7.75,False
38014346,5.8,6.25,3.6,0,0,0,7.25,5.25,7.75,False
38014347,7.8,5.5,8.2,5.25,9.0,7.25,0,0,0,True
38014348,5.2,5.0,3.8,0,0,0,6.5,7.0,8.25,False
38014349,2.0,5.5,4.0,0,0,0,4.5,6.0,6.0,False
38014350,4.8,5.25,4.2,0,0,0,5.25,6.75,6.5,False
38014351,2.8,5.25,3.4,0,0,0,5.25,4.75,8.0,False
38014352,6.2,6.25,6.2,0,0,0,6.75,8.5,6.75,False
38014353,6.4,4.5,3.4,0,0,0,6.25,5.75,7.25,False
38014354,5.4,4.0,3.0,0,0,0,5.5,5.5,6.25,False
38014355,5.8,7.5,3.6,0,0,0,4.75,7.5,8.0,False
38014356,5.0,5.75,4.8,0,0,0,5.0,6.0,7.5,False
38014357,6.4,8.25,7.6,3.0,4.0,6.5,0,0,0,True
38014358,7.8,6.5,5.0,8.25,7.75,5.5,0,0,0,True
38014359,7.4,6.0,5.4,7.5,6.5,5.25,0,0,0,True
38014360,7.2,7.5,5.6,0,0,0,6.25,7.0,8.25,False
38014361,7.0,8.0,7.4,5.75,5.5,5.0,0,0,0,True
38014362,7.4,7.25,7.8,5.0,8.0,5.25,0,0,0,True
38014363,7.0,6.75,5.8,8.25,8.0,6.0,0,0,0,True
38014364,7.6,8.25,5.8,8.5,7.5,7.5,0,0,0,True
38014365,9.0,8.0,7.2,8.75,8.5,6.25,0,0,0,True
38014366,5.4,7.5,4.0,0,0,0,6.0,6.75,8.5,False
38014367,7.6,6.0,5.0,0,0,0,6.5,6.75,8.5,False
38014368,0,6.25,0,0,0,0,7.75,9.5,0,False
38014369,6.8,7.0,5.4,3.75,8.25,6.25,0,0,0,True
38014370,5.8,6.25,5.8,0,0,0,6.5,8.25,7.25,False
38014371,7.6,8.75,5.2,8.25,7.0,6.5,0,0,0,True
38014372,7.0,8.5,8.0,0,0,0,6.25,7.5,8.0,False
38014373,5.6,7.5,2.8,0,0,0,7.5,8.25,7.75,False
38014374,8.2,9.75,9.2,5.0,5.5,6.25,0,0,0,True
38014375,8.2,9.25,8.8,0,0,0,6.75,8.5,8.75,False
38014376,7.2,9.25,7.8,0,0,0,6.25,6.25,7.0,False
38014377,9.0,8.25,8.0,6.75,7.5,5.75,0,0,0,True
38014378,4.6,6.5,5.2,0,0,0,6.75,6.5,7.75,False
38014379,7.6,7.0,4.4,0,0,0,7.25,8.5,8.25,False
38014380,5.8,6.25,2.8,0,0,0,5.25,5.75,7.5,False
38014381,7.4,8.5,5.2,0,0,0,7.25,8.25,9.0,False
38014382,6.0,6.75,2.6,0,0,0,5.25,6.25,7.25,False
38014383,0,7.5,0,0,0,0,7.5,8.5,0,False
38014384,6.4,5.75,5.4,0,0,0,7.5,7.75,8.0,False
38014385,6.2,7.0,3.8,0,0,0,4.75,7.0,7.25,False
38014386,8.4,6.5,4.6,0,0,0,4.5,6.5,7.0,False
38014387,6.8,6.75,4.6,0,0,0,6.25,7.5,8.75,False
38014388,7.4,8.25,5.0,6.75,7.0,8.0,0,0,0,True
38014389,7.0,6.75,4.8,0,0,0,7.75,7.5,8.25,False
38014390,8.0,5.75,7.0,8.5,8.5,5.25,0,0,0,True
38014391,6.4,6.75,4.0,0,0,0,7.5,7.0,8.25,False
38014392,5.4,6.25,7.0,0,0,0,5.75,7.75,8.75,False
38014393,8.0,8.25,7.8,7.5,5.75,6.75,0,0,0,True
38014394,5.2,6.0,4.8,0,0,0,5.25,5.5,8.0,False
38014395,7.4,0,0,6.25,6.75,4.5,0,0,0,True
38014396,6.2,7.0,4.2,0,0,0,8.0,6.25,7.0,False
38014397,8.6,8.0,6.4,8.25,7.5,6.0,0,0,0,True
38014398,6.0,8.0,5.0,7.75,7.75,6.5,0,0,0,True
38014399,6.0,6.25,6.4,0,0,0,5.75,5.5,7.25,False
38014400,8.2,5.75,8.2,8.25,4.25,8.0,0,0,0,True
38014401,4.0,6.0,4.2,0,0,0,6.5,6.0,7.0,False
38014402,8.6,6.25,7.6,7.5,6.25,5.0,0,0,0,True
38014403,7.6,6.25,5.8,8.75,7.25,5.0,0,0,0,True
38014404,5.4,4.5,3.0,0,0,0,6.75,4.75,6.5,False
38014405,7.0,5.75,6.2,6.25,5.5,5.0,0,0,0,True
38014406,3.4,6.0,1.6,0,0,0,5.25,5.5,6.0,False
38014408,6.0,3.75,4.2,0,0,0,5.75,6.0,5.5,False
38014409,7.4,6.75,4.6,0,0,0,6.5,7.0,6.75,False
38014410,7.0,7.0,4.2,0,0,0,6.75,7.0,8.25,False
38014411,4.8,4.75,4.2,0,0,0,5.75,6.0,5.75,False
38014412,6.2,6.5,3.2,0,0,0,3.75,6.5,5.5,False
38014413,6.6,6.5,5.4,3.75,4.5,4.5,0,0,0,True
38014414,6.2,7.5,5.2,0,0,0,7.0,7.0,8.0,False
38014415,8.0,6.75,6.8,8.25,5.75,7.0,0,0,0,True
38014416,4.2,4.5,1.8,0,0,0,6.25,5.75,7.0,False
38014417,2.8,5.5,4.4,0,0,0,6.25,6.75,8.25,False
38014418,6.6,6.5,5.2,0,0,0,5.5,7.5,7.75,False
38014419,5.0,6.0,4.0,0,0,0,6.0,7.75,8.75,False
38014420,8.0,7.5,4.8,7.5,8.25,6.0,0,0,0,True
38014421,6.8,6.75,5.4,0,0,0,8.0,6.75,7.5,False
38014422,5.4,6.0,4.6,0,0,0,5.5,8.0,6.25,False
38014423,8.0,7.5,6.8,5.5,7.25,7.75,0,0,0,True
38014424,7.6,5.5,5.6,7.75,8.25,5.25,0,0,0,True
38014425,7.6,6.5,5.6,7.0,7.0,5.5,0,0,0,True
38014426,6.4,7.5,5.0,0,0,0,8.0,7.5,8.25,False
38014427,6.4,5.75,4.4,0,0,0,5.75,5.0,6.75,False
38014428,6.8,7.25,3.8,6.0,8.0,5.5,0,0,0,True
38014429,7.0,7.5,5.8,0,0,0,6.0,8.0,7.25,False
38014430,7.2,7.0,3.6,7.0,6.5,3.75,0,0,0,True
38014431,6.6,8.0,5.8,0,0,0,6.25,7.0,8.0,False
38014432,5.8,9.25,6.2,0,0,0,7.5,7.5,8.75,False
38014433,6.8,5.75,4.8,0,0,0,6.0,6.25,7.25,False
38014434,5.6,6.25,5.4,0,0,0,8.5,7.25,9.0,False
38014435,7.0,7.25,5.6,0,0,0,8.0,7.0,9.0,False
38014436,7.2,8.75,8.0,4.0,5.5,6.5,0,0,0,True
38014437,6.2,8.0,7.6,5.5,5.5,7.25,0,0,0,True
38014438,3.4,4.5,2.4,0,0,0,5.75,6.0,0,False
38014439,8.4,8.0,5.0,7.25,7.5,5.5,0,0,0,True
38014440,3.8,6.0,5.8,0,0,0,7.25,7.5,8.5,False
38014441,7.8,7.5,5.8,7.75,7.25,6.5,0,0,0,True
38014442,3.8,7.0,5.2,0,0,0,6.75,9.25,8.0,False
38014443,8.6,7.0,6.8,9.0,8.5,6.75,0,0,0,True
38014444,3.6,5.0,6.0,0,0,0,8.0,8.0,7.75,False
38014445,6.6,8.25,6.2,0,0,0,8.0,9.5,9.25,False
38014446,3.2,5.25,3.0,0,0,0,3.75,5.0,7.25,False
38014447,3.8,5.5,5.4,0,0,0,4.5,6.5,7.25,False
38014448,6.6,8.75,6.4,4.0,3.5,5.25,0,0,0,True
38014449,6.8,7.75,4.2,0,0,0,7.25,8.0,8.75,False
38014450,8.8,7.25,9.0,6.75,9.0,6.75,0,0,0,True
38014451,4.8,7.5,3.4,0,0,0,7.0,6.5,7.75,False
38014452,7.6,7.75,6.8,0,0,0,7.0,7.75,8.5,False
38014453,8.4,0,9.0,8.5,5.0,5.25,0,0,0,True
38014454,7.0,6.0,3.6,6.75,7.75,5.25,0,0,0,True
38014455,4.2,6.0,3.2,0,0,0,7.5,6.75,8.5,False
38014456,8.8,7.75,6.6,6.75,7.75,6.5,0,0,0,True
38014457,8.2,8.0,8.2,0,0,0,6.0,7.25,8.5,False
38014458,6.0,6.75,5.2,0,0,0,6.5,8.0,8.25,False
38014459,4.8,7.5,4.6,0,0,0,7.75,7.25,9.0,False
38014460,6.6,7.5,5.2,0,0,0,6.25,6.75,8.75,False
38014461,6.2,8.0,5.2,0,0,0,6.75,6.25,9.25,False
38014462,8.0,8.0,6.6,5.5,7.25,6.5,0,0,0,True
38014463,8.0,8.25,6.8,5.25,6.25,5.25,0,0,0,True
38014464,3.2,5.08,5.2,0,0,0,4.0,6.25,6.0,False
38014465,6.0,5.5,6.6,0,0,0,5.0,4.0,7.0,False
38014466,5.6,4.25,5.8,0,0,0,4.5,7.25,8.0,False
38014467,7.0,7.25,5.0,0,0,0,4.0,7.5,7.0,False
38014468,6.0,7.25,5.2,0,0,0,4.75,6.0,6.5,False
38014469,7.0,7.25,7.2,0,0,0,8.0,8.0,9.25,False
38014470,5.8,7.75,6.0,0,0,0,5.25,6.25,8.25,False
38014471,7.8,9.25,8.0,0,0,0,8.0,8.0,9.5,False
38014472,7.6,6.75,7.8,5.0,8.0,8.0,0,0,0,True
38014473,7.4,7.25,3.8,0,0,0,7.75,7.25,8.5,False
38014474,6.6,9.0,8.0,0,0,0,7.75,7.5,8.75,False
38014475,6.8,7.0,5.4,0,0,0,8.25,8.0,8.5,False
38014476,8.2,7.25,5.0,8.0,8.5,3.75,0,0,0,True
38014477,8.6,8.5,7.6,8.0,9.0,6.5,0,0,0,True
38014478,5.6,8.5,5.8,0,0,0,6.75,7.0,7.5,False
38014479,3.6,6.5,5.0,0,0,0,5.75,6.25,7.75,False
38014480,6.4,5.75,6.6,0,0,0,6.75,7.25,7.75,False
38014481,0,8.0,8.6,0,0,0,0,0,0,False
38014482,7.4,7.0,6.2,0,0,0,7.5,8.75,7.25,False
38014483,8.8,7.75,8.8,9.0,7.75,7.0,0,0,0,True
38014484,3.4,5.75,3.8,0,0,0,4.0,7.25,7.25,False
38014485,4.8,6.5,4.6,0,0,0,7.0,8.5,8.0,False
38014486,4.8,5.75,6.2,0,0,0,6.5,7.0,7.75,False
38014487,5.6,6.83,4.0,0,0,0,7.5,7.0,8.0,False
38014488,8.0,9.0,8.2,0,0,0,5.25,8.25,9.0,False
38014489,5.0,8.25,4.2,0,0,0,5.75,7.5,8.0,False
38014490,4.6,6.5,2.6,0,0,0,4.5,4.0,6.0,False
38014491,6.0,7.25,6.0,0,0,0,5.75,7.5,8.0,False
38014492,7.0,7.75,6.2,0,0,0,4.75,5.5,8.0,False
38014493,7.0,6.25,7.6,7.0,5.5,5.25,0,0,0,True
38014494,7.6,4.5,6.4,0,0,0,0,0,0,False
38014495,8.2,7.5,8.4,5.5,9.75,6.25,0,0,0,True
38014496,6.8,8.0,5.6,0,0,0,7.5,8.25,8.5,False
38014497,7.2,7.25,7.4,0,0,0,7.75,7.0,8.0,False
38014498,7.8,8.75,8.2,6.0,6.0,6.75,0,0,0,True
38014499,7.8,8.0,7.2,0,0,0,7.25,9.5,9.5,False
38014500,2.8,6.5,5.0,0,0,0,6.5,8.5,8.75,False
38014501,5.4,8.0,3.8,0,0,0,6.25,8.0,8.5,False
38014502,6.0,7.5,5.2,0,0,0,6.75,6.75,8.5,False
38014503,5.6,7.75,5.6,0,0,0,8.25,8.0,8.75,False
38014504,7.2,6.75,4.8,0,0,0,6.0,8.0,8.25,False
38014505,6.4,6.5,4.2,0,0,0,6.5,7.75,8.0,False
38014506,8.2,8.0,6.2,0,0,0,5.5,7.25,8.75,False
38014507,6.4,7.0,4.2,0,0,0,6.5,7.5,8.0,False
38014508,7.4,6.25,8.4,5.25,8.0,8.25,0,0,0,True
38014509,2.6,3.5,3.2,0,0,0,3.75,5.5,4.5,False
38014510,6.6,6.75,6.0,0,0,0,7.0,7.75,9.0,False
38014511,8.6,8.25,7.2,0,0,0,7.5,8.5,8.25,False
38014512,5.8,3.75,3.4,0,0,0,6.25,5.75,6.5,False
38014513,5.6,0,4.0,3.25,0,0,0,0,0,True
38014514,6.4,5.75,5.6,4.25,6.25,7.25,0,0,0,True
38014515,7.2,7.0,4.6,0,0,0,5.0,8.0,8.0,False
38014516,8.0,7.25,7.2,0,0,0,6.5,7.0,9.25,False
38014517,7.8,8.25,7.6,0,0,0,6.25,8.75,9.25,False
38014518,8.2,8.33,9.0,0,0,0,6.0,7.5,9.25,False
38014519,5.2,6.0,4.4,0,0,0,7.0,6.25,8.25,False
38014520,6.0,7.5,4.6,0,0,0,5.75,8.0,8.0,False
38014521,8.0,7.0,4.6,7.75,7.25,4.75,0,0,0,True
38014522,7.8,5.75,6.4,8.25,7.25,5.5,0,0,0,True
38014523,8.4,8.25,7.6,5.0,8.0,8.5,0,0,0,True
38014524,7.2,6.5,6.4,0,0,0,7.75,7.0,8.75,False
38014525,7.4,6.5,6.8,6.0,9.25,7.25,0,0,0,True
38014526,6.0,5.0,3.8,0,0,0,6.5,4.5,7.0,False
38014527,7.2,6.0,3.4,5.25,7.0,7.5,0,0,0,True
38014528,7.8,8.0,8.4,8.25,5.0,6.75,0,0,0,True
38014529,8.4,7.75,5.6,0,0,0,8.25,8.5,8.75,False
38014530,5.4,5.5,3.0,0,0,0,5.75,6.5,7.0,False
38014531,5.8,5.5,4.6,0,0,0,4.5,2.25,4.0,False
38014532,8.4,5.75,5.8,6.5,7.25,7.75,0,0,0,True
38014533,7.6,6.5,8.6,0,0,0,6.0,6.25,7.0,False
38014534,8.2,7.25,5.4,8.25,8.0,5.0,0,0,0,True
38014535,6.4,6.5,3.4,0,0,0,6.75,9.25,8.5,False
38014536,5.8,6.0,4.4,0,0,0,5.0,8.25,7.0,False
38014537,5.2,6.75,4.0,0,0,0,7.5,7.0,7.25,False
38014538,5.8,8.0,5.2,0,0,0,7.0,7.25,9.0,False
38014539,6.8,6.0,6.0,0,0,0,8.5,9.0,9.0,False
38014540,6.0,6.0,4.4,7.5,8.0,2.75,0,0,0,True
38014541,3.6,7.75,3.6,0,0,0,5.25,6.0,7.25,False
38014542,7.0,7.25,6.8,7.5,5.75,6.25,0,0,0,True
38014543,7.4,6.5,6.6,3.0,8.5,5.0,0,0,0,True
38014544,8.6,6.5,7.4,9.0,9.5,7.5,0,0,0,True
38014545,7.2,5.75,5.4,5.0,6.25,5.75,0,0,0,True
38014546,6.8,6.0,4.2,0,0,0,6.25,7.5,8.0,False
38014547,8.4,0,8.6,8.0,5.75,5.75,0,0,0,True
38014548,6.8,7.25,5.0,0,0,0,8.5,8.25,9.0,False
38014549,4.8,5.25,5.4,0,0,0,7.5,7.25,7.75,False
38014550,4.6,5.75,2.8,0,0,0,5.0,7.5,9.0,False
38014551,7.2,7.5,4.8,0,0,0,6.75,8.25,9.25,False
38014552,7.4,7.5,8.8,7.5,5.75,8.0,0,0,0,True
38014553,8.2,8.25,9.2,4.5,8.25,6.25,0,0,0,True
38014554,0,7.75,0,0,0,0,7.75,8.75,0,False
38014555,4.0,6.5,4.8,0,0,0,7.25,7.5,8.0,False
38014556,8.0,6.5,5.4,8.25,7.5,6.25,0,0,0,True
38014557,6.4,5.75,6.4,0,0,0,4.75,5.75,7.0,False
38014558,7.2,8.0,7.8,0,0,0,6.5,8.25,9.5,False
38014559,8.2,7.25,8.0,0,0,0,6.5,7.0,8.25,False
38014560,6.4,7.0,4.8,0,0,0,7.25,6.75,8.75,False
38014561,0,7.5,0,0,0,0,8.75,8.75,0,False
38014562,7.6,6.75,5.0,0,0,0,5.75,6.25,7.5,False
38014563,7.4,5.5,6.6,0,0,0,5.5,6.75,8.5,False
38014564,3.8,5.25,3.8,0,0,0,4.5,6.75,7.75,False
38014565,7.6,7.5,7.4,6.0,7.5,4.5,0,0,0,True
38014566,8.2,8.75,8.0,0,0,0,6.25,8.25,8.5,False
38014567,5.4,6.25,4.6,0,0,0,6.5,8.0,8.75,False
38014568,5.4,6.5,3.8,0,0,0,6.0,6.5,7.75,False
38014569,5.8,7.0,6.0,0,0,0,6.25,6.25,6.0,False
38014570,8.2,8.0,8.6,5.75,8.0,6.0,0,0,0,True
38014571,6.2,8.5,7.4,0,0,0,7.0,8.75,7.5,False
38014572,7.2,7.0,4.6,0,0,0,7.0,7.25,8.25,False
38014573,6.8,7.0,3.8,0,0,0,4.75,7.5,6.75,False
38014574,6.4,8.25,7.0,0,0,0,7.75,7.0,8.0,False
38014575,5.4,6.25,4.8,0,0,0,7.5,7.5,9.5,False
38014576,5.8,4.5,4.0,0,0,0,6.75,6.75,8.5,False
38014577,7.0,7.75,8.0,0,0,0,7.75,8.5,8.5,False
38014578,7.8,8.5,8.6,6.25,6.5,7.0,0,0,0,True
38014579,8.4,6.75,6.4,9.0,9.75,6.0,0,0,0,True
38014580,6.0,7.0,4.8,0,0,0,5.0,7.0,7.0,False
38014581,0,8.25,0,0,0,0,8.75,9.25,0,False
38014582,6.8,7.5,7.4,0,0,0,7.0,8.25,9.0,False
38014583,4.8,7.0,5.0,0,0,0,5.25,6.25,6.5,False
38014584,4.6,6.75,7.8,0,0,0,6.0,6.5,7.0,False
38014585,3.2,7.0,3.2,0,0,0,6.75,6.25,9.0,False
38014586,6.2,6.75,4.6,0,0,0,6.25,7.25,7.5,False
38014587,3.2,7.0,7.4,0,0,0,5.75,5.5,8.5,False
38014588,7.4,6.5,5.0,0,0,0,7.25,7.75,8.25,False
38014589,5.0,7.0,4.6,0,0,0,7.0,8.25,8.5,False
38014590,6.8,5.5,6.2,0,0,0,7.5,7.75,8.25,False
38014591,6.6,6.75,6.6,6.5,7.25,4.5,0,0,0,True
38014592,7.2,5.25,5.4,0,0,0,7.0,5.25,7.5,False
38014593,6.4,5.5,5.8,7.0,7.25,5.75,0,0,0,True
38014594,6.0,8.0,6.4,0,0,0,6.0,6.75,7.5,False
38014595,6.0,8.0,4.6,0,0,0,6.75,7.75,8.0,False
38014596,7.0,8.0,5.2,0,0,0,8.75,8.0,9.5,False
38014597,6.8,7.75,6.2,0,0,0,7.5,8.0,8.5,False
38014598,7.2,7.0,3.8,4.5,7.25,6.5,0,0,0,True
38014599,7.4,8.75,6.8,0,0,0,0,0,0,False
38014600,6.2,8.25,4.4,0,0,0,5.75,6.75,7.75,False
38014601,6.6,6.75,7.2,0,0,0,5.0,7.0,6.75,False
38014602,6.6,8.25,5.0,0,0,0,7.75,7.75,8.0,False
38014603,4.4,6.5,3.6,0,0,0,5.75,5.0,8.0,False
38014604,6.0,6.75,4.8,0,0,0,7.0,6.5,8.75,False
38014605,8.2,8.5,7.0,6.5,4.25,6.75,0,0,0,True
38014606,8.2,8.5,9.0,6.75,9.25,7.0,0,0,0,True
38014607,7.0,7.5,4.4,0,0,0,6.75,6.75,8.75,False
38014608,6.0,8.25,5.0,0,0,0,5.25,6.75,8.5,False
38014609,8.4,6.75,8.6,8.5,6.75,5.75,0,0,0,True
38014610,9.0,7.0,8.0,8.5,8.0,6.25,0,0,0,True
38014611,5.8,7.25,4.0,0,0,0,6.0,5.5,7.25,False
38014612,4.4,5.5,4.2,4.0,4.75,4.5,0,0,0,True
38014613,5.4,5.75,5.8,0,0,0,4.5,6.5,6.5,False
38014614,8.0,7.5,8.8,8.25,6.25,5.75,0,0,0,True
38014615,8.4,6.0,4.2,8.25,7.75,5.75,0,0,0,True
38014616,8.8,7.75,8.0,6.75,9.5,8.25,0,0,0,True
38014617,4.0,5.75,4.4,0,0,0,5.5,6.0,7.5,False
38014618,5.2,5.25,5.6,0,0,0,6.75,7.5,8.75,False
38014619,7.6,8.5,6.4,0,0,0,4.5,6.5,8.0,False
38014620,4.6,4.0,4.6,0,0,0,5.75,7.0,6.5,False
38014621,7.4,7.75,5.6,6.25,7.75,5.5,0,0,0,True
38014622,6.2,7.25,4.6,0,0,0,4.75,6.25,7.25,False
38014623,6.0,7.5,5.4,0,0,0,6.0,8.5,8.5,False
38014624,5.4,9.0,5.4,0,0,0,9.0,8.75,9.5,False
38014625,7.6,7.5,7.4,8.0,8.0,6.75,0,0,0,True
38014626,7.0,5.0,3.8,0,0,0,8.0,4.75,9.0,False
38014627,8.4,6.75,7.2,0,0,0,7.75,8.25,8.25,False
38014628,8.0,7.25,9.4,5.0,6.25,7.75,0,0,0,True
38014629,3.8,5.75,3.0,0,0,0,4.75,6.25,8.0,False
38014630,6.4,7.0,5.4,0,0,0,6.0,8.25,8.5,False
38014631,7.0,6.25,5.2,3.25,5.75,6.0,0,0,0,True
38014632,8.2,7.25,6.4,0,0,0,9.0,9.25,9.5,False
38014633,5.0,6.0,5.6,0,0,0,6.0,7.5,5.75,False
38014634,3.2,4.75,2.4,0,0,0,5.5,6.5,5.0,False
38014635,3.8,5.75,5.0,0,0,0,5.25,5.5,6.5,False
38014636,7.2,7.75,5.4,3.0,7.75,8.0,0,0,0,True
38014637,7.0,8.25,5.6,0,0,0,5.25,8.0,9.0,False
38014638,7.4,7.25,8.4,6.75,5.5,4.75,0,0,0,True
38014639,5.6,6.5,4.8,0,0,0,7.0,8.5,8.25,False
38014640,7.6,7.75,6.4,0,0,0,6.75,7.75,9.0,False
38014641,4.4,5.75,3.4,0,0,0,6.0,8.5,8.75,False
38014642,4.2,5.5,3.2,0,0,0,5.5,5.75,6.0,False
38014643,7.0,8.75,7.8,0,0,0,7.0,8.25,8.75,False
38014644,5.4,8.25,6.8,0,0,0,6.0,8.25,9.0,False
38014645,6.0,5.25,2.4,0,0,0,4.0,5.0,6.5,False
38014646,8.4,8.0,6.0,5.25,9.0,8.5,0,0,0,True
38014647,5.6,6.0,3.6,0,0,0,6.0,6.5,7.75,False
38014648,7.8,7.5,3.6,7.25,6.0,4.5,0,0,0,True
38014649,5.6,6.75,2.4,0,0,0,4.75,6.75,7.75,False
38014650,8.0,7.5,7.0,5.75,3.75,4.75,0,0,0,True
38014651,5.2,7.5,3.6,0,0,0,6.5,8.5,9.0,False
38014652,3.6,4.25,3.8,0,0,0,4.5,5.5,6.5,False
38014653,5.6,6.75,5.2,0,0,0,6.0,5.5,7.75,False
38014654,7.4,7.5,8.8,4.0,8.25,5.25,0,0,0,True
38014655,5.0,6.75,3.8,0,0,0,3.5,5.75,5.25,False
38014656,5.0,7.5,4.2,0,0,0,6.0,7.25,8.75,False
38014657,5.8,7.25,4.6,0,0,0,7.0,8.25,8.5,False
38014658,5.4,8.75,4.4,0,0,0,7.5,6.5,9.0,False
38014659,6.6,8.5,7.8,0,0,0,6.5,8.25,8.5,False
38014660,5.4,7.5,5.0,0,0,0,4.5,5.75,6.5,False
38014661,6.8,7.0,5.2,0,0,0,5.25,7.0,8.75,False
38014662,7.0,9.0,6.4,0,0,0,10.0,9.5,8.0,False
38014663,8.0,8.5,6.6,0,0,0,9.25,9.0,9.0,False
38014664,8.4,8.5,9.0,9.25,7.75,7.0,0,0,0,True
38014665,8.4,6.5,4.4,8.25,8.25,6.75,0,0,0,True
38014666,6.0,4.75,4.0,4.25,6.75,5.0,0,0,0,True
38014667,7.0,6.25,3.0,7.25,6.0,6.75,0,0,0,True
38014668,5.0,4.5,3.0,5.0,3.25,4.0,0,0,0,True
38014669,4.8,4.75,5.0,0,0,0,7.0,8.5,8.0,False
38014670,7.6,8.25,5.8,6.25,5.5,5.25,0,0,0,True
38014671,6.4,0,0,4.25,4.75,0,0,0,0,True
38014672,6.2,6.75,6.4,6.5,5.25,5.5,0,0,0,True
38014673,3.8,5.0,2.8,0,0,0,4.0,6.0,7.25,False
38014674,5.0,9.5,6.4,0,0,0,8.0,9.5,8.5,False
38014675,0,6.0,0,0,0,0,7.5,8.25,0,False
38014676,5.2,4.25,2.6,0,0,0,6.25,8.0,8.5,False
38014677,5.6,7.75,3.2,0,0,0,7.25,8.75,7.75,False
38014678,6.4,7.75,0,0,0,0,8.25,7.75,9.5,False
38014679,8.8,6.0,8.4,9.0,7.0,5.0,0,0,0,True
38014680,8.0,7.0,4.0,8.5,8.75,5.25,0,0,0,True
38014681,6.6,3.75,3.2,2.0,4.0,4.5,0,0,0,True
38014682,5.6,6.75,4.8,0,0,0,7.5,8.75,8.5,False
38014683,6.4,7.25,5.2,0,0,0,7.0,6.5,6.0,False
38014684,8.2,7.0,6.6,8.25,8.25,5.5,0,0,0,True
38014685,8.6,6.75,8.2,9.0,9.25,6.5,0,0,0,True
38014686,2.6,4.75,2.8,0,0,0,4.5,6.5,5.5,False
38014687,6.8,7.5,5.2,0,0,0,9.0,8.0,8.75,False
38014688,6.8,0,0,8.0,7.5,2.25,0,0,0,True
38014689,1.4,3.75,4.6,0,0,0,4.25,4.25,4.0,False
38014690,7.6,6.0,5.6,4.75,8.5,7.5,0,0,0,True
38014691,7.2,7.5,4.0,6.25,4.5,5.25,0,0,0,True
38014692,6.0,7.0,5.4,0,0,0,7.25,7.5,7.5,False
38014693,5.2,6.25,3.6,0,0,0,5.5,7.0,8.25,False
38014694,7.2,4.75,3.8,7.25,8.25,5.25,0,0,0,True
38014695,6.2,7.0,3.2,0,0,0,6.5,7.25,8.5,False
38014696,5.6,8.75,8.2,5.0,5.25,5.25,0,0,0,True
38014697,5.2,5.5,5.2,0,0,0,6.25,9.0,8.25,False
38014698,8.0,7.75,9.0,8.5,6.0,6.5,0,0,0,True
38014699,5.6,4.75,3.8,0,0,0,6.5,6.5,8.0,False
38014700,8.2,7.75,7.0,5.0,5.25,5.75,0,0,0,True
38014701,6.0,7.75,4.0,0,0,0,8.75,8.5,8.0,False
38014702,4.2,5.75,3.4,0,0,0,5.5,7.0,8.5,False
38014703,6.8,8.75,4.4,0,0,0,7.25,8.75,9.0,False
38014704,8.4,8.0,7.4,9.25,8.5,7.5,0,0,0,True
38014705,8.2,6.25,7.8,8.5,9.5,7.25,0,0,0,True
38014706,6.8,6.0,5.0,0,0,0,8.25,8.0,9.25,False
38014707,6.4,7.75,4.4,0,0,0,8.5,8.0,8.5,False
38014708,7.0,0,0,6.0,7.0,0,0,0,0,True
38014709,7.0,7.25,5.8,6.75,6.25,5.25,0,0,0,True
38014710,0,8.5,0,0,0,0,9.0,9.5,0,False
38014711,6.6,3.75,3.4,0,0,0,7.5,8.0,9.0,False
38014712,3.6,4.75,3.2,0,0,0,7.25,5.0,6.75,False
38014713,6.0,7.5,4.8,0,0,0,8.25,6.75,9.5,False
38014714,8.0,6.75,6.0,9.0,9.5,5.0,0,0,0,True
38014715,7.0,7.25,4.8,6.5,6.25,4.75,0,0,0,True
38014716,4.4,8.0,3.0,0,0,0,9.75,9.5,8.0,False
38014717,6.6,6.25,6.4,7.25,8.75,6.75,0,0,0,True
38014718,4.4,2.75,2.8,0,0,0,4.5,5.75,6.5,False
38014719,6.0,8.5,3.8,0,0,0,8.25,9.5,8.5,False
38014720,6.6,4.75,3.8,0,0,0,5.5,7.5,8.5,False
38014721,7.6,4.75,2.0,6.75,6.75,3.75,0,0,0,True
38014722,3.8,6.5,3.0,0,0,0,8.5,7.75,7.75,False
38014723,5.8,5.75,2.8,0,0,0,5.25,7.75,6.0,False
38014724,6.6,3.25,3.4,7.75,7.25,4.5,0,0,0,True
38014726,4.4,6.5,2.2,0,0,0,4.5,7.0,7.25,False
38014727,4.6,5.0,3.2,0,0,0,7.0,7.0,8.25,False
38014728,6.2,6.75,4.0,0,0,0,6.25,7.25,6.75,False
38014729,5.4,5.75,3.4,0,0,0,4.75,5.5,7.25,False
38014730,6.2,6.0,3.8,8.25,7.75,5.25,0,0,0,True
38014731,3.6,2.75,2.6,0,0,0,3.5,4.5,6.5,False
38014732,8.8,0,0,8.25,7.5,0,0,0,0,True
38014733,4.6,4.75,2.0,0,0,0,7.0,5.25,8.25,False
38014734,5.6,7.0,3.6,0,0,0,7.0,9.25,8.0,False
38014735,4.6,6.25,3.2,0,0,0,7.0,7.0,8.5,False
38014736,6.0,8.75,6.4,0,0,0,9.0,9.75,7.75,False
38014737,6.4,8.0,5.2,0,0,0,8.25,8.25,8.5,False
38014738,3.2,4.25,3.2,0,0,0,3.75,6.25,7.0,False
38014739,0,7.75,0,0,0,0,7.5,8.5,0,False
38014740,4.8,7.75,4.0,0,0,0,7.25,9.0,9.25,False
38014741,2.8,5.25,2.2,0,0,0,5.75,6.25,7.25,False
38014742,6.8,7.25,4.2,0,0,0,8.75,8.0,8.75,False
38014743,7.4,7.0,5.0,0,0,0,7.75,6.75,9.5,False
38014744,5.2,5.75,3.2,0,0,0,5.75,6.25,7.25,False
38014745,4.4,6.5,3.8,0,0,0,6.0,7.5,9.5,False
38014746,4.6,5.5,4.8,0,0,0,7.25,7.0,7.25,False
38014747,6.0,5.75,4.4,0,0,0,6.25,7.5,7.5,False
38014748,4.8,5.5,5.4,3.0,2.75,5.5,0,0,0,True
38014749,4.8,7.0,3.0,0,0,0,5.0,6.75,7.25,False
38014750,6.4,7.0,2.6,4.25,6.0,4.25,0,0,0,True
38014751,3.6,6.25,2.6,0,0,0,6.25,6.5,7.5,False
38014752,7.4,7.25,4.8,7.0,6.75,3.25,0,0,0,True
38014753,4.8,6.75,4.6,0,0,0,7.25,6.25,6.75,False
38014754,4.6,7.75,5.2,0,0,0,6.75,7.25,7.5,False
38014755,5.6,5.5,3.8,0,0,0,5.25,5.75,6.75,False
38014756,8.4,4.5,6.2,8.75,8.5,7.0,0,0,0,True
38014757,7.0,4.5,4.0,5.0,5.25,5.25,0,0,0,True
38014758,3.6,6.25,3.2,0,0,0,4.5,6.75,7.0,False
38014759,6.6,7.75,6.2,6.25,5.5,5.25,0,0,0,True
38014760,7.2,8.5,7.0,6.75,6.25,7.75,0,0,0,True
38014761,4.0,4.0,5.0,0,0,0,7.0,6.75,7.75,False
38014762,5.2,6.0,6.4,0,0,0,7.5,9.0,8.25,False
38014763,8.0,6.25,4.2,6.25,6.5,4.25,0,0,0,True
38014764,8.6,0,0,8.25,8.75,3.5,0,0,0,True
38014765,5.2,6.0,6.4,0,0,0,7.5,8.5,9.0,False
38014766,7.2,6.25,3.2,7.25,7.5,4.25,0,0,0,True
38014767,8.8,7.0,5.6,9.25,9.25,6.0,0,0,0,True
38014768,7.8,8.5,5.6,7.5,8.75,6.25,0,0,0,True
38014769,4.0,6.0,3.4,0,0,0,7.25,6.5,5.5,False
38014770,8.0,7.25,5.4,8.25,8.75,7.25,0,0,0,True
38014771,7.2,7.0,5.8,3.5,8.25,8.0,0,0,0,True
38014772,2.6,6.0,3.2,0,0,0,6.0,6.0,8.0,False
38014773,8.6,6.25,2.6,8.25,8.5,5.75,0,0,0,True
38014774,5.8,6.0,3.6,0,0,0,6.0,6.75,6.5,False
38014775,7.6,7.0,7.4,8.0,4.0,6.5,0,0,0,True
38014776,5.2,6.5,4.4,0,0,0,7.25,8.0,9.0,False
38014777,7.6,6.25,6.2,8.0,4.5,5.25,0,0,0,True
38014778,8.2,3.5,3.4,7.75,8.25,4.25,0,0,0,True
38014779,8.6,6.25,4.2,7.5,8.75,8.0,0,0,0,True
38014780,7.0,6.0,5.0,7.5,7.75,4.5,0,0,0,True
38014781,6.6,6.5,3.4,0,0,0,6.5,6.0,5.25,False
38014782,4.8,8.25,4.0,0,0,0,9.5,9.25,9.75,False
38014783,8.2,4.5,4.0,6.25,8.0,7.25,0,0,0,True
38014784,8.0,3.75,6.0,6.5,4.5,5.0,0,0,0,True
38014785,7.8,8.0,6.2,6.25,6.25,5.75,0,0,0,True
38014786,8.4,8.25,7.2,8.25,7.0,7.25,0,0,0,True
38014787,3.2,6.75,2.2,0,0,0,4.75,6.0,6.5,False
38014788,8.0,6.5,4.4,0,0,0,9.75,9.25,9.0,False
38014789,4.8,5.25,2.8,0,0,0,6.5,7.5,5.25,False
38014790,7.4,8.25,5.6,0,0,0,8.75,8.25,8.25,False
38014791,6.8,8.25,8.0,0,0,0,7.0,6.0,8.25,False
38014792,5.8,6.25,2.6,0,0,0,6.0,8.0,8.5,False
38014793,6.0,8.25,4.4,0,0,0,7.25,9.0,8.25,False
38014794,6.8,5.0,2.0,7.25,7.25,4.0,0,0,0,True
38014795,3.0,3.75,2.6,0,0,0,5.0,5.75,7.0,False
38014796,4.8,7.25,2.8,0,0,0,6.5,8.0,7.0,False
38014797,6.4,8.25,7.2,5.0,4.75,4.25,0,0,0,True
38014798,7.2,7.75,4.6,0,0,0,6.25,7.25,9.0,False
38014799,4.8,6.25,4.8,0,0,0,5.75,7.5,8.25,False
38014800,6.8,4.75,4.0,4.5,3.75,4.5,0,0,0,True
38014801,7.2,5.0,4.8,7.5,6.5,5.25,0,0,0,True
38014802,7.4,0,0,7.5,7.0,0,0,0,0,True
38014803,6.6,5.75,3.8,6.25,6.25,3.5,0,0,0,True
38014804,7.4,6.75,3.6,6.5,6.0,5.75,0,0,0,True
38014805,7.2,7.25,8.0,5.25,5.75,6.0,0,0,0,True
38014806,2.6,5.5,2.8,0,0,0,5.75,5.75,5.0,False
38014807,3.4,7.0,3.4,0,0,0,7.0,6.75,8.0,False
38014808,0,6.5,0,0,0,0,8.25,6.5,0,False
38014809,6.6,6.5,6.2,0,0,0,8.25,8.75,8.75,False
38014810,3.8,6.75,4.4,0,0,0,8.5,6.75,8.25,False
38014811,4.4,4.25,3.8,0,0,0,6.75,8.5,7.0,False
38014812,5.0,7.25,3.6,0,0,0,5.5,6.5,8.0,False
38014813,5.4,6.5,4.0,0,0,0,7.0,8.0,7.75,False
38014814,7.8,9.0,9.0,0,0,0,8.5,7.25,8.75,False
38014815,8.6,9.25,9.2,0,0,0,8.75,9.25,10.0,False
38014816,7.6,0,6.8,8.0,0,0,0,0,0,True
38014817,3.2,6.0,3.8,0,0,0,5.25,6.5,8.0,False
38014818,8.6,6.5,9.2,8.25,4.0,6.25,0,0,0,True
38014819,7.0,6.0,5.6,7.75,5.75,5.0,0,0,0,True
38014820,6.6,6.5,4.8,8.0,7.75,6.5,0,0,0,True
38014821,7.0,8.75,6.8,4.5,4.5,5.75,0,0,0,True
38014822,7.6,7.5,6.2,4.5,6.5,7.0,0,0,0,True
38014823,6.6,7.25,3.2,4.0,4.25,5.25,0,0,0,True
38014824,4.2,7.5,4.6,0,0,0,8.75,8.5,7.75,False
38014825,8.4,8.0,8.8,0,0,0,8.5,9.25,9.25,False
38014826,4.4,7.25,4.6,0,0,0,8.5,8.0,9.5,False
38014827,7.8,7.0,8.0,7.75,5.5,7.25,0,0,0,True
38014828,5.6,7.0,6.0,0,0,0,6.25,8.0,8.0,False
38014829,6.4,8.5,5.0,0,0,0,6.5,8.0,8.5,False
38014830,4.4,7.5,4.0,0,0,0,9.5,9.75,8.5,False
38014831,5.8,6.25,4.2,0,0,0,6.25,7.25,8.5,False
38014832,7.4,7.0,7.2,3.5,4.0,4.75,0,0,0,True
38014833,4.6,4.25,4.4,0,0,0,5.5,8.0,7.5,False
38014834,4.0,3.75,5.0,0,0,0,5.75,8.0,8.25,False
38014835,3.8,6.0,4.0,0,0,0,4.0,6.25,6.0,False
38014836,7.4,5.75,4.0,7.5,9.0,5.75,0,0,0,True
38014837,4.0,6.0,3.4,3.75,5.0,5.0,0,0,0,True
38014838,4.0,4.5,2.0,0,0,0,7.25,7.25,9.25,False
38014839,5.0,8.25,4.8,0,0,0,7.25,7.75,7.75,False
38014840,4.0,5.25,4.0,0,0,0,5.75,5.0,6.25,False
38014841,5.8,6.17,2.4,0,0,0,7.25,7.75,8.0,False
38014842,6.2,5.75,5.6,5.5,4.0,4.25,0,0,0,True
38014843,3.0,4.75,3.4,0,0,0,5.75,5.75,7.75,False
38014844,4.8,6.25,3.0,3.75,6.75,4.5,0,0,0,True
38014845,6.4,8.0,4.8,0,0,0,7.5,8.75,7.5,False
38014846,6.8,6.25,2.8,3.75,6.25,7.0,0,0,0,True
38014847,7.4,5.0,3.0,7.5,5.5,5.0,0,0,0,True
38014848,4.4,0,0,5.25,6.5,0,0,0,0,True
38014849,4.8,4.5,4.8,0,0,0,6.5,6.75,8.25,False
38014850,9.0,5.25,8.2,8.75,4.25,6.0,0,0,0,True
38014851,8.2,6.0,4.4,7.75,8.0,4.75,0,0,0,True
38014852,5.8,4.0,4.8,5.5,6.75,7.75,0,0,0,True
38014853,6.0,8.75,5.2,0,0,0,8.0,8.75,9.0,False
38014854,7.6,9.0,7.0,7.0,7.0,7.0,0,0,0,True
38014855,7.8,8.5,8.4,6.75,6.0,6.25,0,0,0,True
38014856,5.6,7.75,4.4,0,0,0,7.0,8.75,7.0,False
38014857,6.0,8.0,4.4,0,0,0,6.0,6.25,8.5,False
38014858,5.8,8.25,4.8,0,0,0,6.5,8.0,9.5,False
38014859,7.2,5.75,6.2,6.25,5.75,7.5,0,0,0,True
38014860,5.8,7.0,4.2,0,0,0,6.5,7.75,7.75,False
38014861,7.6,0,0,8.75,9.25,2.75,0,0,0,True
38014862,7.6,4.25,2.6,5.0,7.5,3.75,0,0,0,True
38014863,6.4,8.25,3.8,0,0,0,7.0,6.25,8.0,False
38014864,5.8,6.5,2.8,0,0,0,5.5,6.25,7.0,False
38014865,5.4,1.75,4.6,0,0,0,4.25,5.0,4.0,False
38014866,4.8,3.25,3.8,3.5,5.5,5.0,0,0,0,True
38014867,7.4,6.5,4.0,8.0,7.75,5.5,0,0,0,True
38014868,7.4,8.25,7.6,6.25,5.5,5.0,0,0,0,True
38014869,7.4,6.5,2.2,7.5,7.5,4.5,0,0,0,True
38014870,7.0,6.75,4.0,0,0,0,8.0,9.0,8.5,False
38014871,8.2,6.0,6.0,8.0,7.25,5.25,0,0,0,True
38014872,4.6,4.5,3.2,0,0,0,6.25,7.0,8.5,False
38014873,5.0,3.25,2.8,0,0,0,5.5,7.5,8.5,False
38014874,5.8,4.5,3.2,0,0,0,6.25,6.25,7.75,False
38014875,7.4,4.0,3.2,5.75,7.0,4.75,0,0,0,True
38014876,7.6,4.75,4.4,7.0,7.5,4.75,0,0,0,True
38014877,5.4,4.0,4.4,0,0,0,7.5,7.5,7.0,False
38014878,7.8,7.75,4.6,6.75,7.5,4.75,0,0,0,True
38014879,7.8,8.75,6.0,0,0,0,8.25,8.75,8.75,False
38014880,6.6,7.5,5.4,0,0,0,0,0,0,False
38014881,9.0,8.25,9.4,7.0,8.75,7.25,0,0,0,True
38014882,7.8,7.0,6.6,7.0,4.5,5.25,0,0,0,True
38014883,4.6,5.0,4.2,0,0,0,4.25,6.5,7.5,False
38014884,8.6,5.0,8.2,8.25,4.0,5.0,0,0,0,True
38014885,5.8,6.0,7.2,0,0,0,5.75,8.5,8.25,False
38014886,8.4,6.0,7.0,7.5,4.25,4.75,0,0,0,True
38014887,6.4,5.75,6.4,7.0,4.0,5.75,0,0,0,True
38014888,6.2,3.0,4.2,5.0,4.5,4.0,0,0,0,True
38014889,5.0,7.5,4.6,0,0,0,6.25,7.25,6.5,False
38014890,5.0,6.25,3.8,0,0,0,6.5,7.0,7.25,False
38014891,4.4,6.5,3.0,0,0,0,4.0,8.0,8.75,False
38014892,7.4,7.25,4.4,7.5,7.25,2.5,0,0,0,True
38014893,6.6,5.75,4.2,0,0,0,7.75,8.75,8.75,False
38014894,3.8,5.75,4.0,0,0,0,4.0,5.25,5.0,False
38014895,6.0,7.5,3.6,0,0,0,6.5,7.5,6.5,False
38014896,5.2,5.0,2.8,0,0,0,5.0,6.5,8.5,False
38014897,4.4,6.0,3.8,0,0,0,5.75,5.75,7.0,False
38014898,4.4,5.0,5.6,4.25,3.5,5.0,0,0,0,True
38014899,8.4,6.5,5.4,8.0,8.5,4.25,0,0,0,True
38014900,7.8,6.25,5.0,5.0,6.75,7.0,0,0,0,True
38014901,7.4,8.75,8.2,0,0,0,7.75,7.75,9.25,False
38014902,8.8,9.0,8.6,4.5,5.0,7.0,0,0,0,True
38014903,7.6,9.25,8.6,2.5,4.5,4.0,0,0,0,True
38014904,5.8,6.0,3.6,3.5,3.5,3.75,0,0,0,True
38014905,6.2,7.5,5.0,0,0,0,6.0,7.5,5.75,False
38014906,6.2,8.75,6.4,3.0,4.5,7.5,0,0,0,True
38014907,5.2,6.5,6.4,0,0,0,5.0,6.25,7.75,False
38014908,7.4,9.25,8.4,0,0,0,10.0,0,0,False
38014909,6.4,6.5,4.4,7.5,5.5,5.0,0,0,0,True
38014910,4.0,5.25,2.0,0,0,0,4.25,5.0,6.75,False
38014911,5.4,5.5,3.0,0,0,0,6.25,7.75,8.5,False
38014912,3.8,4.75,3.2,0,0,0,3.75,5.75,6.75,False
38014913,7.2,6.25,4.0,6.5,6.5,3.75,0,0,0,True
38014914,7.6,6.75,4.0,0,0,0,7.75,7.75,8.5,False
38014915,8.0,4.75,8.4,8.75,5.0,5.5,0,0,0,True
38014916,3.2,6.0,2.6,0,0,0,8.0,8.75,8.5,False
38014917,5.8,8.0,4.0,0,0,0,8.75,8.25,8.75,False
38014918,4.4,4.0,0,0,0,0,7.5,0,0,False
38014919,6.4,6.5,3.0,4.25,4.25,6.5,0,0,0,True
38014920,5.2,7.0,4.4,0,0,0,6.25,8.5,8.0,False
38014921,5.4,6.75,4.0,0,0,0,8.0,7.25,8.5,False
38014922,6.0,7.25,4.0,0,0,0,8.0,8.0,8.75,False
38014923,4.6,6.25,3.2,0,0,0,4.75,7.25,7.75,False
38014924,0,4.5,0,0,0,0,4.75,4.75,0,False
38014925,5.2,7.5,3.2,0,0,0,8.25,9.5,8.5,False
38014926,5.4,4.75,3.4,0,0,0,6.5,7.5,7.75,False
38014927,7.8,7.0,8.4,5.25,9.75,6.25,0,0,0,True
38014928,6.0,5.0,3.8,0,0,0,7.75,7.5,8.5,False
38014929,8.0,5.0,6.6,8.25,8.75,7.75,0,0,0,True
38014930,4.8,4.25,3.4,0,0,0,7.75,9.25,8.25,False
38014931,6.0,6.75,4.8,0,0,0,8.75,8.5,8.75,False
38014932,6.4,8.0,6.2,7.25,6.25,7.0,0,0,0,True
38014933,8.2,4.5,2.6,7.75,7.75,5.25,0,0,0,True
38014934,8.2,7.25,8.6,8.25,5.0,6.5,0,0,0,True
38014935,6.4,5.75,3.6,0,0,0,5.5,7.0,7.75,False
38014936,7.4,5.25,8.0,8.0,6.25,7.25,0,0,0,True
38014937,8.6,6.75,4.2,8.25,8.25,6.25,0,0,0,True
38014938,7.6,7.5,6.0,5.25,4.5,4.5,0,0,0,True
38014939,4.4,6.0,3.6,0,0,0,5.0,7.5,8.0,False
38014940,5.4,8.5,4.8,0,0,0,7.0,8.0,9.25,False
38014941,6.6,6.5,5.8,0,0,0,7.5,9.0,8.75,False
38014942,4.2,7.75,2.4,0,0,0,6.0,6.0,7.0,False
38014943,6.4,5.5,5.4,0,0,0,8.0,9.25,8.25,False
38014944,3.0,3.75,2.2,0,0,0,3.75,4.5,5.0,False
38014945,3.0,1.75,3.6,0,0,0,4.0,4.5,5.25,False
38014946,4.0,6.5,3.2,0,0,0,4.0,3.75,7.25,False
38014947,7.6,4.25,4.2,7.0,5.5,5.5,0,0,0,True
38014948,6.0,7.75,5.8,0,0,0,6.25,7.5,8.75,False
38014949,2.4,4.75,1.8,0,0,0,6.0,6.0,6.5,False
38014950,2.2,4.5,3.2,0,0,0,4.25,5.0,5.5,False
38014951,4.4,6.5,3.2,0,0,0,6.0,6.5,7.5,False
38014952,6.4,7.75,3.4,0,0,0,8.25,9.0,9.25,False
38014953,4.2,5.75,3.8,0,0,0,5.75,6.0,6.5,False
38014954,0,6.75,0,0,0,0,5.75,9.0,8.5,False
38014955,3.2,4.0,3.6,0,0,0,4.0,6.75,8.25,False
38014956,3.6,5.25,2.2,0,0,0,4.25,3.75,7.25,False
38014957,4.4,5.25,3.6,0,0,0,6.5,7.0,8.0,False
38014958,6.0,8.5,4.0,0,0,0,8.5,9.0,9.25,False
38014959,3.2,6.5,2.6,0,0,0,4.75,6.0,7.75,False
38014960,5.6,8.25,5.0,0,0,0,6.25,7.5,7.5,False
38014961,4.8,8.25,2.2,0,0,0,7.0,6.5,8.25,False
38014962,6.6,6.5,2.2,0,0,0,6.25,5.75,8.25,False
38014963,5.2,6.75,5.2,0,0,0,7.0,7.25,8.0,False
38014964,3.8,5.0,3.0,0,0,0,5.25,6.0,6.5,False
38014965,7.6,8.0,6.2,0,0,0,9.0,9.25,8.75,False
38014966,4.8,7.0,4.0,0,0,0,6.25,7.25,8.0,False
38014967,6.6,5.75,4.4,3.0,6.75,7.25,0,0,0,True
38014968,6.6,8.5,4.0,0,0,0,7.0,7.5,8.0,False
38014969,2.8,3.75,1.6,0,0,0,5.75,5.75,7.25,False
38014970,5.8,6.75,6.6,4.0,6.0,7.0,0,0,0,True
38014971,4.6,7.75,4.0,0,0,0,5.25,7.75,9.0,False
38014972,7.0,8.25,4.4,6.5,6.0,4.5,0,0,0,True
38014973,4.8,6.5,4.6,0,0,0,7.0,6.5,8.5,False
38014974,4.0,4.5,2.8,0,0,0,6.0,6.5,7.25,False
38014975,6.4,8.25,3.0,0,0,0,8.25,9.25,9.0,False
38014976,5.4,5.75,2.0,0,0,0,6.0,6.0,8.25,False
38014977,7.4,4.75,4.8,8.0,8.0,6.0,0,0,0,True
38014978,7.4,4.25,7.6,5.75,6.25,5.25,0,0,0,True
38014979,8.4,4.5,3.4,8.25,6.5,3.0,0,0,0,True
38014980,4.0,5.75,2.8,0,0,0,4.25,6.5,6.25,False
38014981,4.6,5.0,1.4,3.25,5.75,4.0,0,0,0,True
38014982,8.0,5.25,4.8,3.5,6.5,8.25,0,0,0,True
38014983,7.8,8.75,6.6,4.0,4.75,5.0,0,0,0,True
38014984,4.2,7.25,2.6,0,0,0,3.25,6.25,6.5,False
38014985,5.4,6.5,5.0,3.0,3.0,4.25,0,0,0,True
38014986,3.0,8.0,5.8,0,0,0,6.0,7.75,8.25,False
38014987,4.4,4.75,3.8,0,0,0,4.0,7.0,6.0,False
38014988,5.2,8.0,5.4,0,0,0,8.0,8.75,8.75,False
38014989,7.2,8.5,6.4,2.75,2.25,3.0,0,0,0,True
38014990,8.6,4.75,7.0,6.5,5.5,8.75,0,0,0,True
38014991,4.6,7.5,3.4,0,0,0,7.25,8.25,9.25,False
38014992,3.8,5.5,2.8,0,0,0,3.5,6.0,6.75,False
38014993,3.8,6.25,1.8,0,0,0,5.0,4.5,7.0,False
38014994,7.4,5.5,6.2,7.0,5.5,4.5,0,0,0,True
38014995,6.0,7.5,7.0,3.75,4.5,5.0,0,0,0,True
38014996,7.2,9.0,8.4,0,0,0,0,0,0,False
38014997,5.6,7.25,4.2,0,0,0,6.25,7.5,6.5,False
38014998,4.4,7.0,3.6,0,0,0,6.0,9.0,8.5,False
38014999,2.4,4.25,3.8,0,0,0,5.5,6.0,6.5,False
38015000,0,8.0,0,0,0,0,0,8.25,8.5,False
38015001,6.2,4.5,3.4,4.75,4.0,4.5,0,0,0,True
38015002,7.6,6.75,5.4,7.0,5.0,5.5,0,0,0,True
38015003,8.0,8.25,4.8,7.5,7.75,6.0,0,0,0,True
38015004,7.6,7.75,3.8,0,0,0,8.5,7.5,9.0,False
38015005,7.0,6.75,3.0,0,0,0,7.5,8.75,9.0,False
38015006,7.6,6.5,4.8,7.75,7.5,5.0,0,0,0,True
38015007,5.6,6.5,3.6,7.0,5.25,5.5,0,0,0,True
38015008,5.4,6.0,2.2,0,0,0,6.75,6.5,8.25,False
38015009,7.6,6.0,2.6,7.25,6.5,4.75,0,0,0,True
38015010,4.2,3.5,2.2,0,0,0,4.0,6.0,6.75,False
38015011,7.0,5.75,5.2,8.5,5.0,6.5,0,0,0,True
38015012,6.6,8.0,5.4,0,0,0,7.75,7.5,9.0,False
38015013,6.6,6.0,4.6,8.0,7.0,6.75,0,0,0,True
38015014,6.4,6.5,2.6,0,0,0,8.5,8.5,8.75,False
38015015,8.4,6.5,3.8,8.75,8.5,6.25,0,0,0,True
38015016,7.2,5.5,4.4,3.75,3.25,4.5,0,0,0,True
38015017,4.8,8.5,3.0,0,0,0,8.0,8.5,8.75,False
38015018,6.0,6.25,5.2,7.5,7.5,5.0,0,0,0,True
38015019,5.2,6.25,3.6,0,0,0,5.0,6.25,8.25,False
38015020,5.4,7.75,4.2,0,0,0,5.25,8.0,9.25,False
38015021,5.2,8.5,4.2,0,0,0,8.25,8.0,9.0,False
38015022,5.8,7.25,3.2,0,0,0,6.25,6.75,7.25,False
38015023,5.4,5.25,4.4,0,0,0,6.75,8.25,8.5,False
38015024,8.0,6.0,3.6,8.0,7.5,5.25,0,0,0,True
38015025,6.0,4.75,3.8,0,0,0,8.25,7.0,7.5,False
38015026,2.6,4.5,2.2,0,0,0,6.25,5.75,7.5,False
38015027,6.4,2.25,7.4,4.5,4.25,4.75,0,0,0,True
38015028,7.8,4.75,4.4,8.75,7.5,6.5,0,0,0,True
38015029,4.2,6.0,3.0,0,0,0,5.75,6.25,7.75,False
38015030,5.8,5.5,3.8,0,0,0,7.0,6.75,7.75,False
38015031,5.6,6.0,3.6,0,0,0,7.25,8.75,7.5,False
38015032,5.4,7.75,2.2,0,0,0,7.0,7.75,8.75,False
38015033,5.2,8.5,5.4,0,0,0,6.25,8.0,8.5,False
38015034,3.2,7.5,3.0,0,0,0,3.25,7.75,7.5,False
38015035,0,8.25,0,0,0,0,7.75,9.75,0,False
38015036,6.8,4.0,2.2,0,0,0,3.25,5.25,7.25,False
38015037,4.4,7.5,2.8,0,0,0,6.75,6.5,8.0,False
38015038,4.4,6.0,7.2,0,0,0,7.5,7.25,8.75,False
38015039,4.8,7.75,4.8,0,0,0,8.0,7.5,8.75,False
38015040,7.2,7.25,3.4,4.75,4.25,6.0,0,0,0,True
38015041,7.8,7.0,4.4,5.25,8.0,8.0,0,0,0,True
38015042,8.6,7.75,6.6,8.5,6.75,5.25,0,0,0,True
38015043,5.8,2.0,0,0,0,0,3.5,4.5,0,False
38015044,7.4,6.25,3.2,6.75,4.0,5.5,0,0,0,True
38015045,7.0,7.75,3.2,3.75,2.75,5.25,0,0,0,True
38015046,3.4,1.25,0,0,0,0,4.0,3.0,0,False
38015047,7.4,7.0,4.8,7.0,6.75,5.75,0,0,0,True
38015048,5.4,4.5,0,0,0,0,4.75,6.75,0,False
38015049,7.6,8.0,7.6,8.5,8.25,8.25,0,0,0,True
38015050,5.8,6.0,2.6,0,0,0,5.5,7.5,7.0,False
38015051,2.6,1.75,0,0,0,0,5.0,5.25,0,False
38015052,3.6,3.5,0,0,0,0,4.75,5.5,0,False
38015053,2.6,2.5,0,0,0,0,5.0,5.0,0,False
38015054,8.4,8.5,7.6,8.0,5.25,5.25,0,0,0,True
38015055,3.0,5.5,0,0,0,0,3.0,4.0,0,False
38015056,4.8,6.0,0,0,0,0,5.0,6.0,0,False
38015057,6.2,6.5,5.4,5.75,4.25,5.0,0,0,0,True
38015058,5.4,3.0,5.2,0,0,0,4.75,8.5,5.0,False
38015059,6.4,7.5,4.8,0,0,0,8.25,9.25,8.5,False
38015060,6.6,4.75,3.4,0,0,0,3.75,5.75,4.25,False
38015061,6.6,5.0,4.6,0,0,0,6.25,7.0,8.0,False
38015062,7.0,6.75,4.8,8.25,5.75,4.5,0,0,0,True
38015063,4.2,4.0,0,0,0,0,4.0,4.75,0,False
38015064,4.2,4.5,3.4,0,0,0,3.75,3.75,4.75,False
38015065,7.6,8.0,4.8,0,0,0,7.0,9.25,8.5,False
38015066,6.0,7.0,5.6,4.0,4.5,2.75,0,0,0,True
38015067,4.6,5.25,0,0,0,0,4.0,6.75,0,False
38015068,3.4,2.5,3.2,0,0,0,6.75,6.0,7.25,False
38015069,3.2,6.25,0,0,0,0,5.25,7.0,0,False
38015070,3.0,3.0,0,0,0,0,4.25,4.5,0,False
38015071,2.0,6.5,2.2,0,0,0,4.5,3.5,4.75,False
38015072,2.6,1.75,0,0,0,0,2.75,3.5,0,False
38015073,3.4,7.0,3.8,0,0,0,6.0,7.5,9.0,False
38015074,1.8,2.0,0,0,0,0,4.5,3.25,0,False
38015075,5.6,2.75,2.8,0,0,0,5.25,6.0,6.5,False
38015076,7.0,7.75,4.2,0,0,0,8.0,8.75,7.0,False
38015077,5.8,5.75,0,0,0,0,6.75,7.0,0,False
38015078,5.6,8.0,3.8,0,0,0,6.0,9.25,9.25,False
38015079,6.8,7.0,3.6,3.75,6.75,7.0,0,0,0,True
38015080,4.6,3.25,2.8,0,0,0,4.5,4.25,4.75,False
38015081,5.6,4.0,3.4,0,0,0,7.25,8.0,8.0,False
38015082,3.6,6.5,3.4,0,0,0,6.0,6.25,7.0,False
38015083,2.6,2.5,0,0,0,0,3.5,3.5,0,False
38015084,5.0,6.75,3.4,0,0,0,5.5,6.75,9.0,False
38015085,5.8,6.0,2.2,0,0,0,8.5,8.75,9.0,False
38015086,8.2,6.5,3.2,5.0,3.75,4.5,0,0,0,True
38015087,7.8,8.25,4.2,7.25,6.25,5.75,0,0,0,True
38015088,2.0,1.75,0,0,0,0,2.5,4.75,0,False
38015089,3.2,5.5,3.8,0,0,0,5.0,7.75,5.0,False
38015090,6.8,6.0,4.2,4.25,5.75,5.75,0,0,0,True
38015091,5.4,5.0,3.8,0,0,0,5.25,5.5,5.5,False
38015092,4.6,7.25,3.0,0,0,0,5.75,9.0,8.0,False
38015093,4.2,6.25,0,0,0,0,6.0,7.25,0,False
38015094,3.2,5.0,4.2,0,0,0,6.0,7.5,6.5,False
38015095,3.6,2.0,0,0,0,0,5.75,4.25,0,False
38015096,3.4,2.0,3.2,0,0,0,5.25,7.75,6.0,False
38015097,5.0,7.25,4.0,0,0,0,7.75,8.0,6.75,False
38015098,6.2,0,0,6.5,4.5,0,0,0,0,True
38015099,6.0,6.75,3.2,6.25,3.75,2.5,0,0,0,True
38015100,4.6,6.0,2.2,0,0,0,7.0,8.75,9.0,False
38015101,7.4,6.25,4.6,3.25,6.0,5.75,0,0,0,True
38015102,8.6,8.5,6.4,7.0,8.0,7.25,0,0,0,True
38015103,0,8.25,0,0,0,0,9.0,9.5,0,False
38015104,3.4,5.0,2.0,0,0,0,5.5,5.75,0,False
38015105,2.4,2.5,0,0,0,0,5.0,5.25,0,False
38015106,3.6,7.0,2.6,0,0,0,7.75,9.25,6.75,False
38015107,4.4,4.25,3.4,0,0,0,7.5,8.75,6.5,False
38015108,3.8,5.25,3.4,0,0,0,5.5,4.75,7.25,False
38015109,3.0,1.5,0,0,0,0,2.25,5.25,0,False
38015110,6.4,6.5,5.0,6.75,6.0,4.5,0,0,0,True
38015111,2.8,5.0,2.4,0,0,0,5.25,5.25,7.75,False
38015112,4.0,5.5,0,0,0,0,3.5,4.0,0,False
38015113,3.0,1.75,6.2,0,0,0,2.25,3.75,5.0,False
38015114,3.6,5.75,5.2,0,0,0,7.25,4.75,7.75,False
38015115,2.6,4.0,2.4,0,0,0,5.25,6.0,7.0,False
38015116,2.6,4.5,2.8,0,0,0,5.5,4.75,7.5,False
38015117,4.2,6.0,4.0,0,0,0,7.75,7.5,9.75,False
38015118,3.8,4.75,3.8,0,0,0,5.0,5.75,6.25,False
38015119,3.6,5.75,3.0,0,0,0,2.0,4.75,5.0,False
38015120,2.2,1.75,0,0,0,0,2.75,4.75,0,False
38015121,4.0,2.5,3.6,0,0,0,4.75,6.0,6.25,False
38015122,5.8,7.75,5.4,6.5,4.0,4.0,0,0,0,True
38015123,5.4,6.0,4.0,0,0,0,7.75,9.0,8.5,False
38015124,5.8,6.25,4.4,0,0,0,6.75,6.75,8.0,False
38015125,7.8,6.75,3.4,6.0,4.75,4.5,0,0,0,True
38015126,7.6,6.25,5.6,8.25,5.0,4.0,0,0,0,True
38015127,2.6,2.25,0,0,0,0,4.25,4.75,0,False
38015128,5.4,6.75,4.6,0,0,0,6.25,8.5,7.0,False
38015129,5.2,7.5,4.0,0,0,0,6.25,9.0,8.75,False
38015130,6.6,8.0,4.0,3.5,3.5,5.0,0,0,0,True
38015131,7.0,8.0,5.2,3.75,3.5,3.0,0,0,0,True
38015132,5.2,6.25,3.4,0,0,0,6.0,7.75,8.0,False
38015133,7.2,3.75,3.2,7.75,5.75,4.75,0,0,0,True
38015134,8.4,7.0,2.8,6.5,5.0,3.5,0,0,0,True
38015135,5.4,6.25,0,0,0,0,5.25,5.75,0,False
38015136,4.4,5.0,3.6,0,0,0,6.0,4.25,6.0,False
38015137,6.2,6.75,4.8,6.25,5.5,6.0,0,0,0,True
38015138,5.8,6.25,2.8,0,0,0,4.0,6.75,6.5,False
38015139,5.0,7.25,4.0,5.75,3.25,5.25,0,0,0,True
38015140,4.2,6.25,3.6,0,0,0,7.75,7.5,8.0,False
38015141,3.4,2.75,3.0,0,0,0,5.5,4.75,4.25,False
38015142,6.4,7.25,4.0,5.0,5.0,4.0,0,0,0,True
38015143,6.0,7.25,3.4,7.25,5.75,5.0,0,0,0,True
38015144,6.2,5.75,3.2,0,0,0,6.75,8.75,8.0,False
38015145,3.0,1.75,0,0,0,0,2.25,3.0,0,False
38015146,3.2,4.25,0,0,0,0,4.0,3.75,0,False
38015147,3.8,3.75,1.8,0,0,0,4.5,4.25,5.0,False
38015148,5.0,6.0,4.0,0,0,0,6.0,7.0,8.0,False
38015149,6.4,6.75,2.8,0,0,0,6.5,9.5,8.75,False
38015150,6.4,6.75,3.2,4.25,4.25,5.25,0,0,0,True
38015151,4.4,5.25,3.6,0,0,0,7.25,7.5,7.75,False
38015152,4.4,6.75,2.4,0,0,0,5.25,7.25,6.25,False
38015153,6.8,7.5,6.2,0,0,0,9.25,9.25,9.25,False
38015154,3.0,3.0,4.0,0,0,0,5.75,4.75,6.75,False
38015155,3.2,4.75,3.4,0,0,0,4.25,4.0,5.5,False
38015156,7.2,7.75,4.6,4.75,6.0,4.75,0,0,0,True
38015157,3.0,2.75,2.8,0,0,0,4.25,3.5,3.75,False
38015158,4.6,4.5,3.0,0,0,0,5.25,5.75,6.75,False
38015159,5.2,5.25,0,0,0,0,5.0,6.75,0,False
38015160,3.2,3.0,0,0,0,0,4.25,5.75,0,False
38015161,3.0,2.25,0,0,0,0,2.75,3.75,0,False
38015162,3.6,5.5,2.6,0,0,0,5.25,5.0,5.25,False
38015163,4.8,6.25,5.4,0,0,0,4.5,6.25,7.75,False
38015164,3.8,6.25,3.2,0,0,0,4.25,6.5,7.5,False
38015165,3.4,6.25,2.0,0,0,0,5.5,7.0,6.5,False
38015166,2.6,5.75,2.6,0,0,0,6.25,5.75,7.5,False
38015167,5.4,7.5,4.2,0,0,0,6.0,7.5,9.5,False
38015168,7.6,8.5,3.8,7.5,7.25,6.0,0,0,0,True
38015169,5.8,6.0,3.6,0,0,0,6.5,6.5,8.0,False
38015170,8.2,8.0,5.0,8.25,7.25,7.0,0,0,0,True
38015171,5.6,7.25,5.0,0,0,0,7.75,9.25,7.0,False
38015172,5.8,6.5,3.8,0,0,0,7.5,6.75,6.75,False
38015173,4.8,7.25,6.2,0,0,0,8.25,8.0,8.25,False
38015174,3.0,2.0,3.2,0,0,0,3.0,4.5,7.0,False
38015175,7.4,6.75,4.8,7.75,5.25,4.75,0,0,0,True
38015176,6.6,7.5,6.8,0,0,0,8.25,8.75,8.5,False
38015177,7.0,5.5,4.4,5.75,6.25,5.5,0,0,0,True
38015178,2.6,2.5,0,0,0,0,3.25,5.0,0,False
38015179,1.6,2.75,0,0,0,0,3.75,5.5,0,False
38015180,3.2,3.75,4.6,0,0,0,5.25,3.5,5.25,False
38015181,2.6,5.25,3.8,0,0,0,4.5,5.5,6.0,False
38015182,3.2,6.0,2.4,0,0,0,5.5,6.25,7.5,False
38015183,5.0,6.75,4.8,0,0,0,6.25,7.5,8.0,False
38015184,4.2,4.75,3.8,0,0,0,5.5,4.25,5.75,False
38015185,6.8,8.0,4.2,0,0,0,8.75,9.5,9.0,False
38015186,5.2,6.0,2.8,0,0,0,5.5,6.0,7.25,False
38015187,4.8,2.25,0,0,0,0,8.0,3.5,0,False
38015188,6.0,8.5,5.4,0,0,0,9.5,9.75,8.5,False
38015189,5.0,6.0,3.4,0,0,0,5.25,5.75,5.5,False
38015190,5.6,7.5,2.8,0,0,0,9.25,8.5,8.75,False
38015191,6.0,7.5,3.8,0,0,0,8.25,7.75,9.25,False
38015192,7.2,8.0,5.8,7.0,8.25,5.75,0,0,0,True
38015193,4.0,2.5,5.2,0,0,0,6.75,5.0,7.5,False
38015194,2.6,6.0,3.4,0,0,0,3.25,4.75,6.0,False
38015195,3.4,5.25,0,0,0,0,5.0,5.25,0,False
38015196,4.6,3.25,0,0,0,0,5.25,5.75,0,False
38015197,5.2,6.75,2.2,0,0,0,5.5,7.0,7.75,False
38015198,4.8,4.5,2.2,0,0,0,4.5,4.25,6.5,False
38015199,2.2,2.0,0,0,0,0,3.25,2.75,0,False
38015200,2.8,4.0,3.8,0,0,0,3.5,4.0,5.75,False
38015201,6.2,5.5,2.8,6.5,5.5,3.75,0,0,0,True
38015202,7.6,5.75,2.6,6.75,5.25,4.75,0,0,0,True
38015203,8.4,8.0,5.2,8.5,8.0,6.75,0,0,0,True
38015204,6.6,7.25,4.0,6.5,7.0,5.75,0,0,0,True
38015205,5.6,4.25,3.2,0,0,0,5.25,5.25,6.25,False
38015206,7.0,6.0,3.4,6.0,4.5,5.75,0,0,0,True
38015207,5.0,7.5,3.6,0,0,0,7.5,8.75,7.25,False
38015208,5.4,6.75,0,0,0,0,7.25,6.75,0,False
38015209,5.0,5.75,3.2,0,0,0,6.25,8.25,7.75,False
38015210,4.6,6.25,3.8,0,0,0,5.0,5.75,7.0,False
38015211,8.0,6.0,4.0,7.0,8.25,6.5,0,0,0,True
38015212,2.6,2.75,0,0,0,0,4.5,3.25,0,False
38015213,5.2,6.5,2.4,0,0,0,5.5,6.5,8.0,False
38015214,8.4,8.0,5.8,0,0,0,9.25,9.75,9.0,False
38015215,4.8,5.0,0,0,0,0,5.5,7.25,0,False
38015216,7.0,8.75,4.6,0,0,0,9.0,8.75,8.5,False
38015217,3.8,2.0,2.4,0,0,0,5.75,5.75,6.0,False
38015218,7.0,8.5,3.0,8.0,6.5,5.5,0,0,0,True
38015219,5.4,7.75,4.4,0,0,0,6.75,9.0,8.75,False
38015220,3.2,5.5,0,0,0,0,3.75,3.75,0,False
38015221,3.4,5.25,3.8,0,0,0,5.25,6.75,7.25,False
38015222,5.2,6.25,3.0,0,0,0,5.5,6.5,8.25,False
38015223,3.0,5.5,2.8,0,0,0,3.75,4.5,5.5,False
38015224,4.0,6.5,4.2,5.25,5.75,5.75,0,0,0,True
38015225,5.4,8.0,3.0,0,0,0,8.0,9.25,9.0,False
38015226,3.2,1.75,0,0,0,0,3.25,3.0,0,False
38015227,5.4,5.5,2.8,5.5,4.25,3.75,0,0,0,True
38015228,4.8,5.25,3.8,0,0,0,3.0,5.5,6.75,False
38015229,8.2,7.25,7.2,0,0,0,7.25,7.5,7.75,False
38015230,4.4,7.75,3.4,0,0,0,4.0,7.5,8.25,False
38015231,6.8,8.25,4.8,0,0,0,7.75,9.25,8.25,False
38015232,3.0,3.0,0,0,0,0,3.0,3.5,0,False
38015233,4.0,6.75,4.0,0,0,0,5.25,6.0,5.5,False
38015234,3.4,6.5,4.2,0,0,0,4.25,4.5,5.75,False
38015235,7.2,8.25,4.0,6.0,6.5,5.25,0,0,0,True
38015236,4.0,6.5,3.8,0,0,0,3.5,4.75,6.5,False
38015237,2.0,6.0,3.0,0,0,0,5.0,4.75,5.25,False
38015238,1.8,5.25,3.8,0,0,0,5.0,6.0,5.75,False
