37000001,8.2,7.25,6.4,8.5,8.25,5.75,0,0,0,True
37000002,7.2,8.5,0,0,0,0,5.0,6.0,8.0,False
37000003,7.0,8.0,4.4,0,0,0,9.0,6.25,6.75,False
37000004,5.2,6.75,5.4,0,0,0,6.75,6.0,6.0,False
37000005,7.0,8.25,7.2,0,0,0,8.5,8.0,9.0,False
37000006,8.0,6.25,6.2,8.25,9.5,6.75,0,0,0,True
37000007,8.2,6.25,7.4,5.25,9.0,8.0,0,0,0,True
37000008,7.6,7.5,0,7.0,6.75,6.75,0,0,0,True
37000009,8.6,7.75,9.2,8.25,6.5,7.5,0,0,0,True
37000010,8.8,7.5,9.8,5.5,9.25,7.0,0,0,0,True
37000011,0,7.0,4.6,0,0,0,7.25,8.25,0,False
37000012,5.8,9.0,9.2,0,0,0,9.75,9.75,9.75,False
37000013,8.4,8.75,8.4,7.25,7.25,5.75,0,0,0,True
37000014,9.0,5.75,8.4,8.25,3.5,4.0,0,0,0,True
37000015,7.8,8.75,8.8,0,0,0,6.25,7.5,8.25,False
37000016,6.0,6.0,6.4,0,0,0,0,0,0,False
37000017,8.8,7.25,7.2,5.25,8.75,8.5,0,0,0,True
37000018,8.2,8.5,0,6.5,9.25,8.75,0,0,0,True
37000020,7.0,8.0,9.0,0,0,0,7.25,6.25,8.75,False
37000021,8.4,7.0,9.2,8.25,9.0,6.25,0,0,0,True
37000022,4.8,5.0,9.0,0,0,0,0,0,0,False
37000023,0,7.25,0,0,0,0,8.25,8.25,0,False
37000024,0,6.75,0,0,0,0,8.75,8.75,0,False
37000025,6.4,7.5,9.4,6.5,7.25,6.5,0,0,0,True
37000026,8.2,8.25,10.0,9.25,8.25,7.75,0,0,0,True
37000027,8.4,6.0,5.0,3.5,9.25,8.25,0,0,0,True
37000028,8.4,7.25,9.0,8.5,6.5,7.0,0,0,0,True
37000029,7.0,7.0,0,0,0,0,9.0,9.0,0,False
37000030,0,4.5,0,0,0,0,5.0,5.75,0,False
37000031,3.4,5.25,5.0,0,0,0,4.75,4.0,7.75,False
37000032,3.4,5.5,3.6,0,0,0,4.25,5.25,7.25,False
37000033,7.8,0,0,8.0,8.75,7.25,0,0,0,True
37000034,3.6,6.5,0,0,0,0,6.0,7.0,0,False
37000035,0,5.5,0,0,0,0,6.5,7.25,0,False
37000036,6.6,8.5,0,4.75,7.0,7.0,0,0,0,True
37000037,7.8,9.25,0,0,0,0,8.25,9.25,9.5,False
37000038,3.8,5.75,2.4,0,0,0,5.75,5.25,7.25,False
37000040,8.4,7.0,0,6.25,9.25,9.0,0,0,0,True
37000042,8.2,0,0,7.0,7.5,0,0,0,0,True
37000043,8.0,0,0,7.25,6.5,0,0,0,0,True
37000044,8.4,7.0,8.4,7.75,6.5,7.5,0,0,0,True
37000045,0,6.75,0,0,0,0,9.5,9.75,0,False
37000046,0,7.25,0,0,0,0,9.75,9.25,0,False
37000047,8.4,7.25,7.8,5.5,9.25,9.0,0,0,0,True
37000048,4.4,3.75,3.6,0,0,0,4.5,5.75,5.75,False
37000049,0,8.25,0,0,0,0,9.25,9.25,0,False
37000050,6.0,0,0,4.5,6.25,0,0,0,0,True
37000051,5.8,0,7.4,5.25,0,0,0,0,0,True
37000052,7.2,7.75,7.0,4.5,7.25,7.5,0,0,0,True
37000053,0,7.0,0,0,0,0,10.0,9.75,0,False
37000054,3.6,7.5,3.8,0,0,0,7.0,7.0,7.0,False
37000055,8.0,9.0,8.6,0,0,0,8.0,8.75,9.5,False
37000056,7.4,8.5,8.8,0,0,0,7.75,8.25,9.25,False
37000057,8.0,8.0,7.6,6.5,8.5,7.5,0,0,0,True
37000058,7.2,8.0,0,7.5,6.5,5.75,0,0,0,True
37000059,0,7.0,0,0,0,0,9.75,9.0,0,False
37000060,8.2,0,0,0,7.5,6.0,0,0,0,True
37000061,5.2,6.75,3.8,0,0,0,8.75,8.0,8.25,False
37000063,3.4,6.5,3.8,0,0,0,0,0,0,False
37000064,7.6,0,0,6.25,7.0,0,0,0,0,True
37000065,7.8,8.25,7.2,7.5,6.5,8.5,0,0,0,True
37000066,3.6,7.25,5.0,0,0,0,6.25,6.5,8.25,False
37000067,0,6.5,0,0,0,0,5.5,7.0,0,False
37000068,0,7.0,0,0,0,0,7.25,7.25,0,False
37000069,6.6,0,0,4.0,5.5,0,0,0,0,True
37000070,4.0,8.0,3.6,0,0,0,5.25,5.5,6.0,False
37000071,0,6.0,0,0,0,0,8.5,8.75,0,False
37000072,5.8,0,5.4,0,5.0,4.5,0,0,0,True
37000073,0,9.0,8.6,0,0,0,0,0,0,False
37000074,5.6,8.5,6.2,0,0,0,7.75,8.0,9.0,False
37000075,0,3.75,0,0,0,0,6.5,7.0,0,False
37000076,0,6.25,0,0,0,0,6.5,7.75,0,False
37000077,7.8,7.0,6.8,4.0,9.0,8.75,0,0,0,True
37000078,7.4,8.0,9.8,0,0,0,8.5,8.5,9.75,False
37000079,0,5.0,0,0,0,0,7.0,7.25,0,False
37000080,7.4,7.25,8.6,6.5,8.5,6.5,0,0,0,True
37000081,0,5.25,0,0,0,0,6.25,6.25,0,False
37000082,0,5.0,0,0,0,0,5.5,5.5,0,False
37000083,0,6.75,0,0,0,0,9.25,9.5,7.75,False
37000084,8.6,6.5,8.8,4.75,9.0,8.5,0,0,0,True
37000085,9.0,6.5,9.0,8.75,6.25,7.0,0,0,0,True
37000086,8.4,6.75,9.4,8.25,6.25,7.5,0,0,0,True
37000087,7.4,7.25,9.2,0,0,0,0,0,0,False
37000088,7.4,7.75,9.6,9.0,4.75,6.5,0,0,0,True
37000089,7.0,7.5,0,0,0,0,7.75,7.0,9.5,False
37000090,2.8,6.25,3.0,0,0,0,6.25,6.25,6.5,False
37000091,8.2,7.5,8.8,6.25,9.25,7.0,0,0,0,True
37000092,0,6.25,0,0,0,0,6.25,7.25,0,False
37000093,7.8,7.25,0,7.75,9.25,8.0,0,0,0,True
37000094,7.8,7.25,6.0,5.25,9.0,8.0,0,0,0,True
37000095,0,5.25,0,0,0,0,7.25,6.75,0,False
37000096,8.6,7.25,6.8,5.5,9.25,9.0,0,0,0,True
37000097,8.8,7.5,0,5.5,9.5,8.5,0,0,0,True
37000098,7.4,4.25,5.8,7.25,0,0,0,0,0,True
37000099,8.0,7.75,8.6,6.0,7.0,6.75,0,0,0,True
37000100,0,4.25,0,0,0,0,4.75,6.0,0,False
37000101,0,2.5,0,0,0,0,5.25,6.0,0,False
37000103,6.6,6.25,2.6,0,0,0,6.75,6.25,6.25,False
37000104,6.4,0,5.6,3.5,3.5,0,0,0,0,True
37000105,0,6.25,0,0,0,0,0,8.0,7.25,False
37000106,8.4,0,8.8,5.75,9.25,7.5,0,0,0,True
37000107,8.6,8.75,10.0,6.25,9.0,6.0,0,0,0,True
37000108,6.8,0,6.6,6.25,0,0,0,0,0,True
37000109,0,4.25,0,0,0,0,6.5,7.25,8.0,False
37000111,6.8,8.5,6.8,0,0,0,7.25,6.0,7.5,False
37000113,3.8,8.5,7.0,0,0,0,8.0,7.5,9.0,False
37000114,0,3.0,0,0,0,0,3.0,4.75,0,False
37000115,6.2,8.0,0,0,0,0,0,0,0,False
37000116,8.0,7.75,8.8,8.5,9.5,7.25,0,0,0,True
37000117,3.2,1.75,2.6,0,0,0,3.25,3.25,4.25,False
37000118,0,5.5,0,0,0,0,8.5,8.25,0,False
37000119,3.6,4.75,3.2,0,0,0,3.75,5.5,5.25,False
37000120,8.2,7.5,6.8,5.25,9.5,9.25,0,0,0,True
37000121,0,3.25,0,0,0,0,8.25,7.5,0,False
37000123,0,5.5,0,0,0,0,4.0,5.75,0,False
37000124,6.0,7.25,2.4,0,0,0,6.0,6.25,8.75,False
37000125,5.0,7.5,3.2,0,0,0,6.5,7.25,7.75,False
37000126,7.6,8.25,4.8,4.75,7.5,7.75,0,0,0,True
37000127,0,6.5,0,0,0,0,9.0,7.5,0,False
37000128,6.6,8.0,9.4,0,0,0,7.75,8.25,8.25,False
37000129,8.4,8.25,0,0,0,0,7.5,7.25,8.75,False
37000130,8.0,8.25,8.4,6.25,7.5,8.0,0,0,0,True
37000131,8.8,8.0,8.6,7.75,9.75,9.25,0,0,0,True
37000132,8.2,7.25,9.4,7.75,7.75,7.75,0,0,0,True
37000133,8.2,6.75,9.0,7.75,6.0,7.5,0,0,0,True
37000134,8.0,8.75,7.4,0,0,0,7.25,6.5,9.0,False
37000135,0,7.75,0,0,0,0,6.75,9.0,0,False
37000136,8.8,7.0,0,5.5,9.75,9.5,0,0,0,True
37000137,8.6,6.5,8.2,7.75,8.75,5.75,0,0,0,True
37000138,6.0,9.25,9.2,0,0,0,9.75,6.75,8.75,False
37000139,3.6,6.75,1.8,0,0,0,5.0,6.0,6.75,False
37000140,8.0,7.0,6.4,7.75,8.0,6.75,0,0,0,True
37000141,0,5.5,0,0,0,0,8.25,8.25,0,False
37000142,5.0,7.0,4.2,0,0,0,6.5,8.0,8.5,False
37000143,7.0,6.0,7.6,0,0,0,0,0,0,False
37000144,6.8,6.5,0,6.75,7.25,7.75,0,0,0,True
37000145,6.6,4.5,4.2,0,0,0,0,0,0,False
37000146,2.0,2.25,0,0,0,0,3.0,0,0,False
37000147,8.4,5.0,9.4,8.25,6.75,6.25,0,0,0,True
37000148,8.8,6.25,5.8,4.5,8.5,8.25,0,0,0,True
37000149,7.0,7.0,5.8,8.75,7.75,4.75,0,0,0,True
37000151,8.6,7.75,10.0,6.25,9.75,8.0,0,0,0,True
37000152,7.4,7.25,9.8,6.0,6.0,6.0,0,0,0,True
37000153,0,6.25,0,0,0,0,6.5,7.5,0,False
37000154,9.0,6.0,7.6,7.0,5.0,5.0,0,0,0,True
37000155,6.6,7.25,4.0,6.25,5.75,7.75,0,0,0,True
37000156,3.0,6.0,2.6,0,0,0,3.5,2.25,6.0,False
37000157,7.0,8.0,3.4,0,0,0,9.0,8.5,7.75,False
37000158,7.2,0,0,7.0,6.25,0,0,0,0,True
37000159,0,5.0,0,0,0,0,5.25,7.0,0,False
37000160,0,4.5,0,0,0,0,6.0,7.25,0,False
37000161,7.4,0,0,0,4.0,5.25,0,0,0,True
37000162,7.6,6.5,7.8,7.75,7.25,5.5,0,0,0,True
37000163,7.0,5.75,0,2.25,6.75,5.25,0,0,0,True
37000164,8.8,6.5,9.0,8.75,6.5,6.5,0,0,0,True
37000165,6.6,6.25,8.2,2.0,0,0,0,0,0,True
37000166,8.6,6.75,8.4,4.25,9.5,6.5,0,0,0,True
37000167,0,6.5,0,0,0,0,9.5,9.75,0,False
37000168,8.6,7.75,8.6,7.5,8.0,4.75,0,0,0,True
37000169,0,6.75,0,0,0,0,9.0,9.0,0,False
37000170,8.2,7.25,9.2,7.25,5.75,5.5,0,0,0,True
37000171,0,6.5,0,0,0,0,7.0,6.0,0,False
37000172,2.2,6.5,3.0,0,0,0,4.5,6.25,8.5,False
37000173,5.6,7.75,2.6,0,0,0,8.0,7.5,8.25,False
37000174,2.6,6.5,2.6,0,0,0,4.75,4.75,5.5,False
37000175,7.8,8.0,8.2,5.5,8.0,8.0,0,0,0,True
37000176,8.2,0,8.8,7.0,0,0,0,0,0,True
37000177,8.4,7.5,7.4,7.5,9.0,7.0,0,0,0,True
37000178,7.8,0,0,7.0,8.0,0,0,0,0,True
37000179,8.2,7.75,0,6.5,6.0,7.5,0,0,0,True
37000180,8.6,6.0,6.8,6.75,8.25,4.75,0,0,0,True
37000181,7.6,5.0,7.8,6.0,5.0,5.0,0,0,0,True
37000182,8.2,8.0,7.6,7.75,9.5,7.0,0,0,0,True
37000183,7.8,0,7.8,7.5,5.75,0,0,0,0,True
37000185,0,2.75,0,0,0,0,3.5,4.75,0,False
37000186,8.0,0,0,8.75,8.75,4.25,0,0,0,True
37000187,7.6,0,3.8,6.25,2.0,0,0,0,0,True
37000188,8.8,7.5,8.0,8.5,8.0,5.0,0,0,0,True
37000189,2.2,3.5,0,0,0,0,3.0,0,0,False
37000190,8.4,0,0,8.75,8.25,6.75,0,0,0,True
37000191,7.8,0,0,7.5,7.0,0,0,0,0,True
37000192,9.0,8.0,8.4,8.0,7.25,6.0,0,0,0,True
37000193,0,5.5,0,0,0,0,8.25,7.75,0,False
37000194,4.2,5.0,2.0,0,0,0,4.75,2.75,5.25,False
37000195,9.0,8.0,0,5.5,9.25,9.0,0,0,0,True
37000196,8.0,8.5,9.4,3.5,6.5,7.5,0,0,0,True
37000197,8.2,7.5,9.0,4.75,4.5,4.25,0,0,0,True
37000198,8.8,8.0,0,6.0,9.75,9.25,0,0,0,True
37000199,7.4,7.25,4.2,0,0,0,9.0,7.5,8.75,False
37000200,5.4,6.25,2.0,0,0,0,7.5,7.75,8.75,False
37000201,0,5.0,0,0,0,0,5.0,6.0,0,False
37000202,0,5.5,0,0,0,0,4.0,5.0,0,False
37000203,0,3.25,0,0,0,0,5.0,6.25,0,False
37000204,2.6,7.0,3.4,0,0,0,5.5,6.75,6.25,False
37000205,8.6,8.0,9.6,6.5,9.25,9.25,0,0,0,True
37000206,3.6,5.0,2.0,0,0,0,5.0,5.5,5.5,False
37000207,8.4,0,0,4.25,9.25,7.75,0,0,0,True
37000208,0,5.0,0,0,0,0,7.0,6.5,0,False
37000209,8.6,5.0,8.4,8.5,9.0,7.25,0,0,0,True
37000210,7.8,6.5,9.4,7.0,4.5,6.75,0,0,0,True
37000211,0,8.0,0,0,0,0,6.75,8.0,0,False
37000212,8.0,7.5,9.0,7.5,7.5,6.75,0,0,0,True
37000213,8.8,6.5,9.4,9.25,9.75,7.5,0,0,0,True
37000214,8.6,6.5,10.0,6.75,10.0,8.75,0,0,0,True
37000215,8.0,8.75,9.6,0,0,0,5.75,7.25,8.5,False
37000216,8.2,8.25,7.4,4.75,8.75,8.75,0,0,0,True
37000217,8.8,8.5,9.6,7.75,8.5,8.5,0,0,0,True
37000218,6.8,7.5,0,6.75,5.25,7.0,0,0,0,True
37000219,0,3.75,0,0,0,0,9.25,9.5,0,False
37000220,8.2,6.75,7.8,9.0,9.25,7.5,0,0,0,True
37000221,5.2,6.25,2.6,0,0,0,4.75,5.5,8.75,False
37000222,5.8,6.0,3.2,0,0,0,5.75,7.25,6.25,False
37000223,0,8.25,0,0,0,0,9.0,8.75,0,False
37000224,8.0,6.0,9.6,8.25,4.0,5.5,0,0,0,True
37000225,8.4,7.25,8.8,7.5,7.75,6.75,0,0,0,True
37000226,8.4,6.25,9.0,6.25,10.0,8.75,0,0,0,True
37000227,8.8,6.25,7.2,8.25,8.5,7.5,0,0,0,True
37000228,8.0,7.5,7.2,3.5,7.25,7.5,0,0,0,True
37000229,8.0,9.0,9.2,0,0,0,6.0,6.0,7.5,False
37000230,8.0,7.5,8.6,7.25,7.25,7.0,0,0,0,True
37000231,5.2,5.0,1.6,0,0,0,5.75,6.0,8.0,False
37000232,8.8,6.5,0,4.5,9.75,8.5,0,0,0,True
37000233,8.2,0,0,0,8.25,8.25,0,0,0,True
37000234,9.0,7.5,0,6.75,9.75,9.0,0,0,0,True
37000235,9.2,7.75,9.2,8.75,7.75,9.0,0,0,0,True
37000236,7.2,0,0,7.75,7.5,0,0,0,0,True
37000237,5.8,8.25,8.8,8.25,5.25,5.5,0,0,0,True
37000238,8.4,8.5,9.4,7.5,8.75,5.25,0,0,0,True
37000239,0,6.25,0,0,0,0,7.0,7.75,8.5,False
37000240,0,6.5,0,0,0,0,8.5,8.5,8.0,False
37000241,8.2,8.0,8.8,0,0,0,7.25,7.25,8.5,False
37000242,7.0,6.0,5.4,0,0,0,6.75,7.0,8.5,False
37000243,0,5.0,0,0,0,0,9.5,9.0,0,False
37000244,8.8,6.5,9.0,0,0,0,9.0,8.5,9.75,False
37000245,0,5.0,0,0,0,0,7.25,6.75,0,False
37000246,0,8.25,0,0,0,0,9.0,9.25,0,False
37000247,4.6,7.0,5.0,0,0,0,6.5,7.0,8.0,False
37000248,6.4,6.5,7.2,0,0,0,9.25,8.0,9.75,False
37000249,2.8,4.0,3.0,0,0,0,6.25,5.0,6.75,False
37000250,3.6,5.5,3.4,0,0,0,5.75,5.75,7.5,False
37000251,6.2,6.25,0,0,0,0,0,0,0,False
37000252,6.4,7.75,7.6,0,0,0,7.25,7.5,8.5,False
37000253,6.6,7.0,9.0,7.5,6.75,6.75,0,0,0,True
37000254,8.6,8.0,9.0,7.5,6.25,6.25,0,0,0,True
37000255,8.6,0,0,2.0,9.75,8.75,0,0,0,True
37000256,6.2,8.0,8.0,6.5,6.25,6.25,0,0,0,True
37000257,8.6,6.25,8.6,9.0,8.5,7.5,0,0,0,True
37000258,7.0,0,0,0,7.5,8.0,0,0,0,True
37000259,4.0,5.25,6.2,0,0,0,0,0,0,False
37000260,6.2,5.75,6.6,4.75,6.75,5.5,0,0,0,True
37000261,8.8,8.0,9.2,7.0,9.25,7.25,0,0,0,True
37000262,6.4,6.75,2.4,0,0,0,7.75,8.25,8.5,False
37000263,7.8,6.25,7.6,8.25,7.0,5.75,0,0,0,True
37000264,8.6,6.5,8.8,7.5,5.25,7.0,0,0,0,True
37000265,0,6.5,0,0,0,0,9.25,9.5,0,False
37000266,0,7.5,0,0,0,0,7.5,8.0,0,False
37000267,7.6,0,0,7.0,5.0,0,0,0,0,True
37000268,0,4.0,0,0,0,0,5.25,5.0,0,False
37000269,7.2,7.75,7.0,0,0,0,0,0,0,False
37000270,0,6.25,0,0,0,0,8.0,8.25,0,False
37000271,8.4,7.5,8.2,4.5,8.25,7.5,0,0,0,True
37000273,0,6.5,0,0,0,0,8.75,8.75,0,False
37000274,6.2,6.25,3.2,0,0,0,7.0,8.5,9.0,False
37000275,2.8,6.0,3.0,0,0,0,3.25,5.75,6.25,False
37000276,8.6,6.25,8.6,7.25,7.75,5.5,0,0,0,True
37000277,8.4,8.25,0,7.0,8.5,7.0,0,0,0,True
37000278,5.4,6.5,3.2,0,0,0,7.0,7.25,8.5,False
37000279,3.2,4.0,1.8,0,0,0,3.25,3.5,4.0,False
37000280,8.4,8.5,9.4,8.5,8.25,6.5,0,0,0,True
37000281,8.0,8.25,9.2,0,0,0,7.25,8.0,9.5,False
37000282,2.4,5.75,2.2,0,0,0,4.25,4.25,3.5,False
37000283,8.2,0,2.8,7.75,8.0,2.75,0,0,0,True
37000284,6.2,8.5,8.4,4.5,5.75,6.0,0,0,0,True
37000285,7.2,7.0,7.0,7.75,7.75,7.75,0,0,0,True
37000286,3.2,5.0,2.2,0,0,0,6.25,5.0,6.0,False
37000287,5.8,5.5,4.8,0,0,0,7.5,6.75,9.75,False
37000288,3.0,5.75,3.6,0,0,0,4.75,5.25,5.5,False
37000289,7.4,0,0,0,8.25,6.75,0,0,0,True
37000290,6.8,8.75,7.4,0,0,0,7.0,6.75,7.25,False
37000291,8.0,7.75,7.2,0,0,0,0,0,0,False
37000292,8.6,0,0,8.75,8.5,0,0,0,0,True
37000293,3.2,5.75,3.0,0,0,0,7.25,5.5,7.0,False
37000294,3.2,6.0,2.2,0,0,0,7.0,6.75,7.75,False
37000295,1.8,4.5,1.4,0,0,0,5.0,4.25,5.0,False
37000296,9.4,5.5,6.4,9.25,9.5,5.0,0,0,0,True
37000297,8.0,6.0,9.2,7.5,9.75,7.25,0,0,0,True
37000298,7.6,6.75,0,6.75,8.5,7.5,0,0,0,True
37000299,6.2,7.5,7.6,0,0,0,0,0,0,False
37000300,8.4,8.0,8.8,9.5,9.75,8.0,0,0,0,True
37000301,0,6.5,0,0,0,0,5.5,6.5,0,False
37000302,5.0,6.25,3.6,0,0,0,6.25,7.0,7.75,False
37000303,6.6,6.75,3.6,7.0,5.25,5.5,0,0,0,True
37000304,7.6,0,0,7.5,7.5,0,0,0,0,True
37000305,5.8,7.25,4.4,0,0,0,5.5,7.75,8.75,False
37000306,4.4,6.25,4.6,0,0,0,6.0,6.25,8.75,False
37000307,7.8,9.0,8.4,8.25,6.5,6.25,0,0,0,True
37000308,8.0,0,9.4,0,7.75,0,0,0,0,True
37000309,8.0,8.75,9.8,0,0,0,7.5,7.25,8.75,False
37000310,7.6,8.0,9.4,0,0,0,0,0,0,False
37000311,8.2,7.25,0,7.0,9.75,9.25,0,0,0,True
37000312,8.4,6.5,9.0,8.25,8.25,6.75,0,0,0,True
37000313,8.6,7.5,8.6,6.75,5.75,4.25,0,0,0,True
37000314,2.6,4.75,3.4,0,0,0,4.0,5.0,6.25,False
37000316,8.2,6.5,8.6,9.0,7.25,6.0,0,0,0,True
37000317,0,6.75,0,0,0,0,6.75,7.25,0,False
37000318,9.0,6.5,7.4,9.0,9.0,7.5,0,0,0,True
37000319,7.8,8.5,7.6,8.5,9.5,6.75,0,0,0,True
37000320,7.8,8.0,0,2.5,9.25,8.25,0,0,0,True
37000321,6.0,7.5,2.8,0,0,0,7.75,7.0,8.0,False
37000322,8.2,7.75,3.2,0,0,0,7.75,8.75,9.0,False
37000323,8.4,7.75,8.4,6.25,6.0,5.25,0,0,0,True
37000324,8.0,8.0,5.6,7.5,8.5,6.25,0,0,0,True
37000325,8.2,7.25,9.0,4.25,8.5,8.25,0,0,0,True
37000326,7.6,0,0,7.75,5.0,4.75,0,0,0,True
37000327,7.2,8.75,6.6,0,0,0,6.0,7.25,8.0,False
37000328,8.0,6.5,9.4,9.0,5.0,6.0,0,0,0,True
37000329,7.8,6.75,8.6,8.5,8.5,5.75,0,0,0,True
37000330,8.4,7.25,8.4,6.0,8.25,7.5,0,0,0,True
37000331,8.2,7.5,7.4,8.75,8.5,6.0,0,0,0,True
37000332,8.2,8.0,8.0,8.25,5.0,6.75,0,0,0,True
37000333,7.6,0,6.2,5.5,0,0,0,0,0,True
37000334,8.8,7.0,9.0,8.25,5.5,6.25,0,0,0,True
37000335,8.0,7.0,8.2,0,0,0,0,0,0,False
37000336,6.6,9.0,9.4,0,0,0,7.75,8.5,9.0,False
37000337,7.0,6.75,4.4,0,0,0,0,0,0,False
37000338,4.4,5.5,2.0,0,0,0,5.25,5.5,6.5,False
37000339,3.0,4.5,2.6,0,0,0,4.25,5.25,7.0,False
37000340,5.6,5.25,0,0,0,0,4.0,0,0,False
37000341,8.8,8.0,0,6.0,9.75,8.75,0,0,0,True
37000342,0,8.0,0,0,0,0,8.0,7.75,0,False
37000343,7.4,6.5,6.4,5.25,5.5,6.25,0,0,0,True
37000344,3.8,8.0,5.0,0,0,0,9.5,9.0,8.5,False
37000345,6.8,0,0,7.25,6.5,0,0,0,0,True
37000346,8.4,7.5,6.2,8.5,9.75,5.5,0,0,0,True
37000347,8.2,0,8.8,8.75,0,0,0,0,0,True
37000348,6.4,0,5.0,6.0,0,0,0,0,0,True
37000349,5.0,5.25,2.6,0,0,0,6.0,3.75,6.25,False
37000350,8.0,6.5,9.2,6.5,4.75,6.75,0,0,0,True
37000351,8.0,0,0,0,8.5,8.75,0,0,0,True
37000352,0,5.25,0,0,0,0,6.0,7.25,0,False
37000353,7.6,7.5,7.6,8.75,9.25,7.0,0,0,0,True
37000354,8.8,0,8.2,8.0,0,0,0,0,0,True
37000355,8.6,5.5,9.0,9.5,5.0,7.0,0,0,0,True
37000356,8.0,8.5,0,8.75,5.25,6.5,0,0,0,True
37000357,8.2,7.5,8.2,0,0,0,0,0,0,False
37000358,8.4,6.25,6.6,5.0,7.5,8.0,0,0,0,True
37000359,7.8,0,0,8.25,8.75,0,0,0,0,True
37000360,0,6.75,0,0,0,0,5.25,7.25,0,False
37000361,5.8,7.25,4.4,0,0,0,8.75,9.25,8.75,False
37000362,0,5.5,0,0,0,0,4.25,5.5,0,False
37000363,3.8,5.75,2.0,0,0,0,5.0,6.25,8.0,False
37000364,8.8,8.25,0,7.0,9.25,6.75,0,0,0,True
37000365,8.6,9.5,9.4,7.75,7.0,7.5,0,0,0,True
37000366,8.2,0,0,6.5,8.0,0,0,0,0,True
37000367,5.2,8.25,5.0,0,0,0,6.5,6.75,8.5,False
37000368,5.4,4.5,1.8,0,0,0,4.75,4.75,6.75,False
37000369,5.0,4.5,2.2,0,0,0,5.75,5.5,8.25,False
37000370,7.4,7.5,5.6,0,0,0,0,0,0,False
37000371,7.6,7.75,0,7.5,6.75,7.5,0,0,0,True
37000372,8.8,4.75,6.2,7.75,9.0,7.25,0,0,0,True
37000374,2.8,6.5,3.6,0,0,0,4.0,4.75,5.0,False
37000375,8.8,7.75,7.8,9.25,9.0,7.0,0,0,0,True
37000376,0,5.5,0,0,0,0,6.75,6.0,0,False
37000377,0,2.75,0,0,0,0,1.75,3.75,0,False
37000378,5.6,6.5,7.2,5.5,6.5,7.25,0,0,0,True
37000379,0,8.75,0,0,0,0,9.5,9.75,0,False
37000380,7.4,7.25,0,3.75,8.25,8.25,0,0,0,True
37000381,8.0,7.0,4.6,4.75,7.5,4.25,0,0,0,True
37000382,4.6,5.0,2.8,0,0,0,4.75,5.0,5.0,False
37000383,0,7.25,0,0,0,0,8.5,8.25,0,False
37000384,8.6,7.25,9.0,7.75,5.5,6.75,0,0,0,True
37000385,3.6,6.5,2.2,0,0,0,7.25,6.5,7.5,False
37000386,8.2,7.5,8.4,8.75,8.25,6.0,0,0,0,True
37000387,0,3.25,0,0,0,0,5.5,7.25,0,False
37000388,8.4,7.0,7.2,8.5,6.5,4.75,0,0,0,True
37000389,4.8,0,0,3.75,2.25,0,0,0,0,True
37000390,8.0,5.75,6.4,9.0,9.25,7.25,0,0,0,True
37000391,0,5.0,0,0,0,0,8.0,7.75,0,False
37000392,5.8,0,0,5.0,4.0,0,0,0,0,True
37000393,8.2,6.75,7.8,5.0,9.5,8.0,0,0,0,True
37000394,8.6,7.25,9.4,7.75,7.5,6.75,0,0,0,True
37000395,7.4,5.75,8.8,2.75,9.25,6.25,0,0,0,True
37000396,8.2,8.25,9.2,8.0,9.75,6.5,0,0,0,True
37000397,0,6.0,0,0,0,0,9.0,9.25,0,False
37000398,0,4.75,0,0,0,0,8.5,5.0,0,False
37000399,7.8,9.0,8.0,0,0,0,0,0,0,False
37000400,9.0,7.5,7.4,8.5,8.5,6.25,0,0,0,True
37000401,8.6,7.25,0,8.5,4.0,5.5,0,0,0,True
37000402,8.0,6.25,8.6,8.75,6.0,6.25,0,0,0,True
37000403,8.2,7.25,0,6.0,9.0,7.0,0,0,0,True
37000404,7.6,7.0,5.2,7.25,8.0,5.75,0,0,0,True
37000405,3.0,5.0,3.6,0,0,0,4.5,5.25,7.5,False
37000406,0,8.75,0,0,0,0,8.5,9.0,0,False
37000407,6.8,6.5,7.2,2.75,7.75,6.0,0,0,0,True
37000408,7.4,9.25,8.4,0,0,0,7.75,7.75,7.75,False
37000409,5.4,8.25,9.0,0,0,0,9.25,9.0,9.25,False
37000410,3.8,8.25,2.8,0,0,0,6.5,6.75,7.75,False
37000411,8.6,9.5,7.4,0,0,0,7.0,7.25,8.5,False
37000412,4.0,7.0,5.8,0,0,0,0,0,0,False
37000413,0,6.25,0,0,0,0,9.25,9.25,0,False
37000414,8.6,7.0,5.4,5.25,8.75,5.0,0,0,0,True
37000415,7.8,0,0,8.0,8.25,0,0,0,0,True
37000416,7.6,8.25,8.0,0,0,0,0,0,0,False
37000417,0,5.5,0,0,0,0,7.75,8.75,0,False
37000418,4.2,7.0,3.2,0,0,0,8.0,8.0,7.25,False
37000419,0,5.5,0,0,0,0,8.5,7.25,7.5,False
37000420,7.6,8.75,7.6,0,0,0,8.25,8.5,9.75,False
37000421,8.6,7.75,9.2,9.75,9.25,9.0,0,0,0,True
37000422,3.0,0,0,2.25,5.0,4.75,0,0,0,True
37000423,2.2,5.25,2.8,0,0,0,3.75,4.25,7.0,False
37000424,0,5.0,0,0,0,0,4.25,4.5,0,False
37000425,0,6.5,0,0,0,0,4.0,5.25,0,False
37000426,8.2,0,0,9.0,8.25,0,0,0,0,True
37000427,6.0,8.0,8.8,6.25,6.75,5.0,0,0,0,True
37000428,2.8,7.25,1.8,0,0,0,5.25,5.5,6.0,False
37000429,9.2,8.75,8.8,9.0,8.0,5.25,0,0,0,True
37000430,8.0,0,0,8.5,7.25,0,0,0,0,True
37000431,8.2,8.0,8.0,8.5,7.5,8.25,0,0,0,True
37000432,0,6.25,0,0,0,0,5.25,6.0,0,False
37000433,8.2,0,0,7.0,8.25,0,0,0,0,True
37000434,4.8,6.25,4.0,0,0,0,5.0,5.75,7.0,False
37000435,7.6,8.25,9.0,6.0,9.0,6.25,0,0,0,True
37000436,7.6,8.75,8.4,6.25,8.5,7.75,0,0,0,True
37000437,8.8,8.75,9.0,5.0,9.5,9.25,0,0,0,True
37000438,6.8,0,0,0,7.0,5.5,0,0,0,True
37000439,8.2,9.0,8.8,0,0,0,6.5,6.75,8.25,False
37000440,7.2,9.0,6.8,0,0,0,0,0,0,False
37000441,0,5.25,0,0,0,0,7.5,8.0,0,False
37000442,0,5.0,0,0,0,0,9.5,9.5,0,False
37000443,8.0,7.25,8.8,9.25,5.25,6.25,0,0,0,True
37000444,7.2,0,7.8,6.75,0,0,0,0,0,True
37000445,4.0,6.0,3.0,0,0,0,6.0,6.75,7.5,False
37000446,8.6,0,6.8,7.5,0,0,0,0,0,True
37000447,0,7.25,0,0,0,0,8.75,8.25,0,False
37000448,0,5.5,0,0,0,0,9.5,9.25,0,False
37000449,7.8,7.5,9.0,7.75,8.5,6.0,0,0,0,True
37000450,8.6,6.0,6.0,7.75,8.75,6.0,0,0,0,True
37000451,8.0,7.25,5.6,4.25,7.75,8.25,0,0,0,True
37000452,8.4,7.75,9.4,9.25,7.0,6.5,0,0,0,True
37000453,7.8,7.5,9.6,7.25,7.25,6.75,0,0,0,True
37000454,3.0,5.75,3.2,0,0,0,6.0,5.75,7.25,False
37000455,0,7.0,0,0,0,0,7.0,9.0,0,False
37000456,7.4,7.0,0,8.25,7.75,4.75,0,0,0,True
37000457,0,6.5,0,0,0,0,8.25,8.25,0,False
37000458,4.8,7.0,3.4,0,0,0,5.5,6.0,7.5,False
37000459,8.0,6.75,6.4,5.25,6.25,6.5,0,0,0,True
37000460,4.6,5.75,3.2,0,0,0,5.25,6.25,7.75,False
37000461,3.4,6.5,3.0,0,0,0,3.5,4.25,6.0,False
37000462,7.0,8.25,8.4,0,0,0,0,0,0,False
37000463,8.8,6.5,8.6,5.5,8.75,4.5,0,0,0,True
37000464,8.4,8.25,0,8.0,6.25,6.25,0,0,0,True
37000465,8.8,8.25,7.2,9.0,8.25,7.25,0,0,0,True
37000466,7.8,8.5,8.0,6.25,6.25,5.75,0,0,0,True
37000467,8.8,7.75,7.6,8.75,8.75,5.75,0,0,0,True
37000468,7.8,6.5,8.4,6.0,6.0,6.75,0,0,0,True
37000469,8.6,8.0,9.0,6.25,6.75,7.0,0,0,0,True
37000470,4.4,5.75,2.8,0,0,0,5.75,6.0,6.5,False
37000471,8.6,8.25,8.8,8.0,6.75,7.75,0,0,0,True
37000472,7.8,7.25,7.8,5.0,8.25,8.0,0,0,0,True
37000473,8.0,8.25,8.0,4.75,5.0,7.75,0,0,0,True
37000474,8.0,9.25,8.6,0,0,0,8.0,8.75,8.25,False
37000475,3.6,7.0,3.4,0,0,0,8.75,8.0,8.25,False
37000476,0,6.25,0,0,0,0,6.5,6.5,0,False
37000477,0,5.0,0,0,0,0,6.5,7.5,0,False
37000478,0,5.75,0,0,0,0,5.0,5.0,0,False
37000479,8.6,6.5,8.0,8.25,9.75,8.75,0,0,0,True
37000480,0,4.5,0,0,0,0,4.5,7.5,0,False
37000482,3.6,6.5,2.0,0,0,0,5.75,4.75,7.25,False
37000483,0,7.5,0,0,0,0,3.5,7.0,0,False
37000484,8.0,0,0,7.5,8.25,2.75,0,0,0,True
37000485,0,6.0,0,0,0,0,5.5,6.0,0,False
37000486,0,5.25,0,0,0,0,8.0,8.25,0,False
37000487,8.2,7.25,6.4,7.75,8.75,5.75,0,0,0,True
37000488,7.6,7.5,8.4,7.75,6.25,7.0,0,0,0,True
37000489,7.2,7.75,0,0,0,0,7.5,6.0,7.75,False
37000490,7.4,8.75,9.4,8.0,7.25,6.5,0,0,0,True
37000491,3.6,7.5,2.4,0,0,0,7.0,6.5,6.75,False
37000493,0,8.25,0,0,0,0,7.75,8.5,0,False
37000494,3.4,6.75,2.6,0,0,0,4.25,6.25,6.25,False
37000495,8.8,9.0,8.4,8.75,7.5,7.5,0,0,0,True
37000496,8.2,9.25,8.8,0,0,0,6.5,8.5,9.25,False
37000497,7.0,8.0,3.6,0,0,0,8.0,8.5,8.5,False
37000498,6.8,8.5,8.8,0,0,0,8.0,7.75,8.75,False
37000499,7.8,0,0,7.0,7.25,0,0,0,0,True
37000500,0,6.25,0,0,0,0,6.75,6.5,0,False
37000501,7.0,8.0,7.6,4.5,7.75,7.0,0,0,0,True
37000502,9.0,8.0,9.6,5.5,6.0,7.75,0,0,0,True
37000503,6.8,8.5,6.8,0,0,0,5.0,6.0,7.0,False
37000504,7.0,7.0,0,4.0,4.25,6.25,0,0,0,True
37000505,8.4,8.0,0,8.75,9.0,6.5,0,0,0,True
37000506,8.4,8.5,9.2,0,0,0,8.5,9.25,8.5,False
37000507,0,7.5,0,0,0,0,7.75,8.75,0,False
37000508,8.6,7.75,9.0,7.75,9.25,7.0,0,0,0,True
37000509,8.6,5.75,9.4,6.0,4.75,8.0,0,0,0,True
37000510,0,7.25,0,0,0,0,8.0,8.25,0,False
37000511,8.6,6.75,0,8.5,9.75,5.5,0,0,0,True
37000512,8.4,7.5,8.0,6.25,8.25,5.75,0,0,0,True
37000513,6.0,8.75,0,0,0,0,6.0,6.25,9.0,False
37000514,8.2,0,0,6.75,5.75,0,0,0,0,True
37000515,5.0,7.25,3.4,0,0,0,6.0,6.25,7.25,False
37000516,3.8,6.25,4.0,0,0,0,4.0,4.0,6.5,False
37000517,7.4,8.5,8.8,6.0,7.25,6.5,0,0,0,True
37000518,4.6,7.5,2.6,0,0,0,8.25,7.5,8.0,False
37000519,4.2,8.0,2.4,0,0,0,6.75,7.75,8.5,False
37000520,5.2,0,0,3.25,4.0,0,0,0,0,True
37000521,8.8,8.75,8.2,8.75,7.25,8.0,0,0,0,True
37000522,8.6,8.0,6.2,3.5,9.75,8.75,0,0,0,True
37000523,8.4,6.75,0,3.25,9.25,7.5,0,0,0,True
37000524,0,6.5,0,0,0,0,7.25,9.0,0,False
37000525,7.8,7.75,0,5.25,8.75,5.5,0,0,0,True
37000526,7.8,7.25,7.2,6.75,5.25,7.25,0,0,0,True
37000528,3.2,4.25,0,0,0,0,6.5,0,0,False
37000529,8.4,6.75,9.0,8.25,8.0,5.75,0,0,0,True
37000530,7.2,7.25,8.8,0,0,0,9.0,8.5,9.0,False
37000531,8.4,6.75,0,7.75,7.5,5.75,0,0,0,True
37000532,7.4,7.5,7.8,8.0,7.75,7.5,0,0,0,True
37000533,0,5.0,0,0,0,0,6.25,6.0,0,False
37000534,8.6,7.75,6.8,6.0,8.75,9.25,0,0,0,True
37000535,5.4,6.5,4.4,0,0,0,0,0,0,False
37000536,7.6,8.0,8.2,8.75,8.75,8.0,0,0,0,True
37000537,7.2,7.0,4.2,0,0,0,5.75,7.0,8.0,False
37000538,7.4,7.5,8.6,4.0,5.25,8.5,0,0,0,True
37000540,8.4,8.25,9.4,9.25,5.75,6.5,0,0,0,True
37000541,7.6,8.75,8.6,0,0,0,6.5,7.75,9.0,False
37000542,2.2,4.25,3.0,0,0,0,3.5,5.75,6.5,False
37000543,8.4,0,0,0,8.25,8.0,0,0,0,True
37000544,7.6,7.25,0,5.0,7.25,7.0,0,0,0,True
37000545,8.2,8.25,8.8,0,0,0,9.5,9.75,9.5,False
37000546,8.4,7.75,9.4,6.0,7.5,6.25,0,0,0,True
37000547,8.4,0,9.0,8.5,0,0,0,0,0,True
37000548,6.4,6.75,6.6,0,0,0,7.25,7.5,8.75,False
37000549,0,6.25,0,0,0,0,0,0,0,False
37000550,7.6,8.75,8.2,0,0,0,8.5,7.5,8.0,False
37000551,7.2,6.25,5.6,5.75,8.0,7.75,0,0,0,True
37000552,8.2,8.0,8.2,8.25,8.0,4.5,0,0,0,True
37000553,6.6,8.5,9.0,0,0,0,7.25,7.5,9.75,False
37000554,6.0,7.25,8.0,0,0,0,0,0,0,False
37000555,7.0,8.25,8.8,0,0,0,7.25,8.25,8.5,False
37000556,7.4,8.0,0,0,0,0,8.5,8.0,9.5,False
37000557,8.0,5.75,7.2,3.5,8.0,7.75,0,0,0,True
37000559,8.6,6.0,6.2,5.75,9.25,8.75,0,0,0,True
37000560,8.6,6.25,7.4,4.5,9.75,9.75,0,0,0,True
37000561,3.6,6.25,0,0,0,0,6.25,0,0,False
37000562,8.0,0,0,0,4.75,8.5,0,0,0,True
37000563,8.4,7.25,7.0,7.0,10.0,8.5,0,0,0,True
37000564,5.4,4.75,3.0,0,0,0,6.25,5.25,6.5,False
37000565,4.8,5.25,4.4,0,0,0,5.75,8.25,8.0,False
37000566,0,5.0,0,0,0,0,6.75,5.25,0,False
37000567,5.4,6.25,2.6,0,0,0,6.25,5.0,8.75,False
37000568,0,6.0,0,0,0,0,6.5,8.0,0,False
37000569,0,5.5,0,0,0,0,7.0,6.5,0,False
37000570,6.2,8.25,9.2,0,0,0,9.25,8.5,9.0,False
37000571,7.2,9.0,9.2,0,0,0,9.25,7.5,8.25,False
37000572,3.4,4.0,3.2,0,0,0,5.0,6.25,7.25,False
37000573,8.2,8.5,8.6,8.75,9.0,6.75,0,0,0,True
37000574,5.8,9.0,9.0,0,0,0,7.5,7.75,9.25,False
37000575,8.0,6.25,8.4,6.75,8.75,6.25,0,0,0,True
37000576,7.2,7.25,8.4,7.75,5.5,6.5,0,0,0,True
37000577,0,6.5,0,0,0,0,5.75,6.75,0,False
37000578,3.0,6.25,7.6,0,0,0,0,0,0,False
37000579,8.8,0,0,9.25,10.0,3.75,0,0,0,True
37000580,0,7.75,0,0,0,0,9.5,9.5,8.0,False
37000581,7.6,7.5,7.8,7.75,7.0,6.0,0,0,0,True
37000582,8.0,0,0,0,8.5,8.5,0,0,0,True
37000583,7.2,6.75,0,0,0,0,8.25,0,0,False
37000584,8.6,7.0,8.4,8.75,9.25,7.0,0,0,0,True
37000585,7.8,8.5,9.2,0,0,0,9.0,8.75,8.5,False
37000586,0,4.25,0,0,0,0,5.75,5.75,0,False
37000587,8.2,6.25,5.8,9.25,7.5,4.5,0,0,0,True
37000588,4.0,6.0,3.8,0,0,0,5.0,5.75,7.0,False
37000589,5.0,5.0,0,0,0,0,5.0,5.25,0,False
37000590,7.2,7.25,8.4,0,0,0,7.25,6.75,9.0,False
37000591,8.4,7.25,8.4,6.75,9.75,8.25,0,0,0,True
37000592,9.0,7.25,8.8,8.0,7.5,6.5,0,0,0,True
37000593,5.6,7.0,7.8,0,0,0,0,0,0,False
37000594,8.4,7.5,9.2,7.25,7.75,5.25,0,0,0,True
37000595,5.4,6.25,3.6,0,0,0,7.0,7.75,7.75,False
37000596,7.8,6.0,8.0,8.0,9.5,7.5,0,0,0,True
37000597,8.4,6.75,9.2,7.5,9.25,5.75,0,0,0,True
37000598,0,3.75,0,0,0,0,4.5,6.75,7.25,False
37000599,5.2,6.5,0,0,0,0,7.5,7.75,0,False
37000600,0,7.75,0,0,0,0,6.25,7.25,0,False
37000601,0,6.0,0,0,0,0,9.0,9.75,0,False
37000602,6.2,5.0,0,0,5.25,0,0,0,0,True
37000603,0,7.75,0,0,0,0,9.75,9.0,0,False
37000604,0,5.25,0,0,0,0,3.5,5.5,0,False
37000605,5.4,7.0,2.8,0,0,0,5.5,6.25,7.5,False
37000606,8.4,5.0,4.8,8.0,7.75,6.0,0,0,0,True
37000607,4.2,6.5,2.8,0,0,0,3.75,5.75,4.25,False
37000608,8.2,7.25,5.0,5.25,7.75,8.25,0,0,0,True
37000609,6.0,6.5,8.8,0,0,0,0,0,0,False
37000610,7.2,7.25,6.4,0,0,0,0,0,0,False
37000611,8.2,8.0,9.2,6.5,8.75,8.25,0,0,0,True
37000612,8.2,8.0,0,4.25,8.25,9.0,0,0,0,True
37000613,8.2,8.5,8.8,6.5,6.25,5.5,0,0,0,True
37000614,7.0,8.0,7.0,0,0,0,7.75,8.25,9.5,False
37000615,0,5.25,0,0,0,0,8.0,7.0,0,False
37000616,8.6,8.0,8.8,5.0,7.5,8.5,0,0,0,True
37000617,5.8,7.0,3.8,0,0,0,7.25,6.75,7.5,False
37000618,6.2,7.0,7.6,6.0,8.75,8.0,0,0,0,True
37000619,8.6,7.0,8.2,7.5,9.25,7.5,0,0,0,True
37000620,3.2,6.5,3.0,0,0,0,4.0,5.0,7.0,False
37000621,6.4,7.75,4.4,0,0,0,7.5,7.75,9.25,False
37000622,7.0,7.5,7.8,8.0,2.75,6.25,0,0,0,True
37000623,4.2,5.25,6.4,0,0,0,5.25,7.5,7.0,False
37000624,3.8,5.0,4.8,0,0,0,4.75,6.75,7.75,False
37000625,7.6,8.25,6.4,0,0,0,8.0,7.75,7.75,False
37000626,9.0,7.5,9.0,4.75,7.5,5.75,0,0,0,True
37000627,7.2,4.5,8.8,8.25,5.5,5.5,0,0,0,True
37000628,6.6,7.25,7.8,0,0,0,0,0,0,False
37000629,6.8,7.5,8.8,0,0,0,8.5,6.5,7.75,False
37000630,7.4,4.5,6.8,0,0,0,7.0,6.25,8.75,False
37000631,6.0,7.5,8.0,0,0,0,6.25,7.5,8.75,False
37000632,0,3.0,0,0,0,0,3.0,3.25,0,False
37000633,7.2,8.0,6.0,0,0,0,9.0,8.25,9.0,False
37000634,3.8,4.25,3.0,0,0,0,4.75,7.0,5.25,False
37000635,7.0,6.0,6.4,4.5,7.25,4.5,0,0,0,True
37000636,7.4,6.0,4.2,8.5,8.75,6.25,0,0,0,True
37000637,7.6,7.75,5.8,6.5,7.5,6.0,0,0,0,True
37000638,8.0,6.75,7.2,6.75,6.0,6.0,0,0,0,True
37000639,7.6,6.75,6.8,7.25,6.25,6.25,0,0,0,True
37000640,8.2,6.25,3.8,8.5,7.5,6.0,0,0,0,True
37000641,4.8,6.0,4.2,0,0,0,5.5,6.25,7.5,False
37000642,7.6,7.5,6.6,0,0,0,6.5,7.0,7.75,False
37000643,6.6,6.25,6.0,5.75,6.75,5.5,0,0,0,True
37000644,4.2,6.75,4.6,0,0,0,6.25,7.5,7.75,False
37000645,4.6,6.5,5.4,0,0,0,6.0,7.25,7.75,False
37000646,3.8,8.25,7.4,0,0,0,7.0,5.75,8.25,False
37000647,5.6,4.5,3.0,0,0,0,6.25,7.0,7.5,False
37000648,8.0,7.5,7.4,0,0,0,6.5,6.0,7.25,False
37000649,4.0,6.75,2.4,0,0,0,5.25,7.25,6.0,False
37000650,6.6,6.25,6.4,6.0,8.25,4.5,0,0,0,True
37000651,7.2,6.75,6.4,7.25,6.0,7.25,0,0,0,True
37000652,5.8,7.25,5.4,0,0,0,7.25,8.5,8.75,False
37000653,6.6,8.25,7.2,0,0,0,5.75,7.0,8.25,False
37000654,7.6,6.5,6.6,7.5,6.5,7.0,0,0,0,True
37000655,7.8,7.0,7.4,8.25,5.5,7.25,0,0,0,True
37000657,3.6,5.5,2.4,0,0,0,6.75,6.75,6.75,False
37000658,8.0,4.5,7.4,8.75,4.75,5.5,0,0,0,True
37000659,6.6,6.75,4.4,6.75,7.0,5.5,0,0,0,True
37000660,7.8,6.25,8.0,8.25,8.0,6.25,0,0,0,True
37000661,6.6,0,7.8,5.5,0,0,0,0,0,True
37000662,5.6,7.25,0,0,0,0,7.0,7.5,8.0,False
37000663,6.0,6.0,7.0,0,0,0,6.25,8.0,8.0,False
37000664,7.8,5.75,5.8,4.25,5.5,7.5,0,0,0,True
37000665,6.8,7.0,8.0,7.25,4.25,6.5,0,0,0,True
37000666,7.6,8.0,8.6,0,0,0,6.25,7.0,7.5,False
37000667,4.0,7.25,4.6,0,0,0,5.5,4.5,5.5,False
37000668,5.8,8.25,4.8,0,0,0,6.0,6.5,7.75,False
37000669,6.2,5.0,4.8,0,0,0,4.5,4.75,7.5,False
37000670,8.6,8.0,8.4,0,0,0,0,0,0,False
37000671,6.6,6.5,6.6,0,0,0,6.0,5.0,6.75,False
37000672,5.4,5.75,4.4,0,0,0,4.25,6.5,7.75,False
37000673,7.6,7.75,8.4,7.25,5.0,6.25,0,0,0,True
37000674,4.4,7.25,3.4,0,0,0,0,0,0,False
37000675,6.2,5.0,4.4,4.0,5.5,4.75,0,0,0,True
37000676,8.0,7.0,8.0,7.25,7.0,6.25,0,0,0,True
37000677,7.8,8.25,8.2,0,0,0,7.0,7.25,8.75,False
37000678,6.4,7.25,3.6,0,0,0,7.75,8.25,7.0,False
37000679,7.2,7.0,5.8,0,0,0,4.25,6.25,8.75,False
37000681,7.6,7.25,7.2,3.5,4.5,5.5,0,0,0,True
37000682,3.8,4.25,6.0,0,0,0,5.75,6.5,7.5,False
37000683,7.4,8.25,7.6,0,0,0,6.25,7.0,8.5,False
37000684,8.4,7.0,7.6,0,0,0,5.0,6.75,8.0,False
37000685,7.2,7.25,5.8,0,0,0,7.25,5.75,6.75,False
37000686,7.2,7.0,6.8,8.25,5.75,6.75,0,0,0,True
37000687,5.6,8.5,7.8,0,0,0,8.0,7.5,8.0,False
37000688,6.0,5.0,5.2,0,0,0,6.75,5.5,6.5,False
37000689,6.8,7.25,7.8,7.75,5.0,6.5,0,0,0,True
37000690,8.0,6.5,8.0,7.75,8.75,6.25,0,0,0,True
37000691,4.2,4.75,3.8,0,0,0,7.5,7.0,7.0,False
37000692,8.4,5.5,6.2,8.75,5.0,5.25,0,0,0,True
37000693,7.8,7.0,6.2,7.25,8.0,6.0,0,0,0,True
37000694,4.2,6.0,3.2,0,0,0,6.75,6.0,7.25,False
37000695,9.0,7.0,7.2,0,0,0,8.0,9.0,8.5,False
37000696,7.2,8.0,7.6,7.25,5.75,5.75,0,0,0,True
37000697,7.6,7.5,6.6,6.0,8.0,7.0,0,0,0,True
37000698,5.4,5.0,5.4,0,0,0,5.75,7.25,7.5,False
37000699,8.4,7.25,6.0,7.0,7.0,5.75,0,0,0,True
37000700,7.6,7.25,6.0,0,0,0,7.25,6.75,7.75,False
37000701,6.8,6.5,8.0,6.25,7.75,5.75,0,0,0,True
37000702,7.4,7.0,5.8,0,0,0,8.0,7.5,7.75,False
37000703,6.4,6.5,7.2,6.5,3.5,4.25,0,0,0,True
37000704,5.8,0,0,4.0,5.0,0,0,0,0,True
37000705,4.0,4.25,2.6,0,0,0,5.0,6.75,7.5,False
37000706,7.8,6.25,6.2,7.75,4.5,2.25,0,0,0,True
37000707,5.4,5.25,5.6,0,0,0,7.5,7.75,7.5,False
37000708,4.2,5.75,6.4,0,0,0,5.75,7.5,8.75,False
37000710,5.6,5.25,4.8,0,0,0,5.0,6.5,7.0,False
37000711,8.0,7.25,8.2,4.5,8.25,5.5,0,0,0,True
37000712,8.0,6.75,7.8,7.25,7.0,6.0,0,0,0,True
37000713,3.0,6.75,2.6,0,0,0,5.25,5.5,7.75,False
37000714,3.4,7.75,3.6,0,0,0,6.5,6.0,7.25,False
37000715,5.0,5.75,5.6,0,0,0,4.5,5.25,5.5,False
37000716,6.2,5.25,5.0,0,0,0,4.75,7.25,7.75,False
37000717,5.6,8.25,7.2,0,0,0,7.25,7.0,7.25,False
37000718,8.0,8.75,8.6,0,0,0,7.0,7.0,8.5,False
37000719,5.0,8.0,4.8,0,0,0,5.5,7.0,9.0,False
37000720,7.0,7.0,5.6,0,0,0,8.0,7.25,8.25,False
37000721,4.0,5.75,2.0,0,0,0,5.75,7.0,6.5,False
37000722,6.6,8.75,5.2,0,0,0,8.5,9.25,9.0,False
37000723,7.2,8.5,7.2,0,0,0,7.0,7.25,9.75,False
37000724,7.6,8.0,7.0,0,0,0,0,0,0,False
37000725,8.0,0,7.6,7.25,6.0,0,0,0,0,True
37000726,4.6,5.5,3.8,0,0,0,8.0,7.5,8.75,False
37000727,8.4,8.25,7.0,0,0,0,3.25,7.25,7.0,False
37000728,4.2,7.0,5.0,0,0,0,5.5,6.25,7.0,False
37000729,7.0,7.75,5.6,0,0,0,0,0,0,False
37000730,7.8,0,7.4,6.75,0,0,0,0,0,True
37000731,6.4,6.25,5.0,7.0,7.75,5.75,0,0,0,True
37000732,8.0,6.75,8.2,9.0,8.0,5.75,0,0,0,True
37000733,5.2,5.5,3.6,0,0,0,4.25,6.5,6.5,False
37000734,5.6,7.25,3.0,0,0,0,7.5,7.25,8.5,False
37000735,7.4,8.25,6.4,0,0,0,0,0,0,False
37000736,6.4,6.5,8.0,0,0,0,7.0,6.5,7.5,False
37000737,7.0,0,0,7.25,6.5,4.75,0,0,0,True
37000738,0,3.5,0,0,0,0,6.75,6.5,0,False
37000739,4.8,5.0,3.8,0,0,0,8.25,7.75,8.5,False
37000740,7.8,6.5,7.0,7.75,8.5,4.75,0,0,0,True
37000741,5.6,6.25,3.8,0,0,0,6.5,6.75,7.75,False
37000743,6.6,7.25,5.6,0,0,0,7.0,8.0,9.0,False
37000744,5.4,7.0,7.4,0,0,0,9.75,8.25,7.75,False
37000745,7.2,8.25,8.4,0,0,0,7.5,7.25,8.5,False
37000746,0,5.0,0,0,0,0,8.0,5.25,0,False
37000747,3.0,6.0,6.6,0,0,0,4.5,5.75,6.0,False
37000748,2.8,4.5,6.0,0,0,0,5.75,7.25,7.0,False
37000749,8.2,8.0,7.8,7.25,8.25,7.5,0,0,0,True
37000750,4.8,3.5,3.2,0,0,0,5.25,7.25,6.25,False
37000751,3.0,6.25,5.8,0,0,0,6.75,5.5,8.0,False
37000752,6.4,6.25,4.0,0,0,0,6.75,7.75,8.0,False
37000753,0,5.0,0,0,0,0,6.0,6.5,0,False
37000754,4.4,4.5,3.8,0,0,0,6.25,7.25,8.25,False
37000755,7.0,7.5,4.6,7.75,5.75,7.0,0,0,0,True
37000756,7.0,8.0,5.0,0,0,0,9.0,9.75,8.75,False
37000757,5.2,0,5.4,6.5,0,0,0,0,0,True
37000759,7.4,0,0,7.0,6.75,4.0,0,0,0,True
37000760,8.0,7.5,4.0,0,0,0,8.0,8.5,9.75,False
37000761,6.0,7.0,3.0,0,0,0,6.25,6.75,8.0,False
37000762,6.2,8.0,7.0,0,0,0,6.25,7.25,8.25,False
37000763,3.6,5.5,3.0,0,0,0,7.0,6.25,7.25,False
37000764,6.8,6.5,7.4,7.0,6.5,4.5,0,0,0,True
37000765,6.2,8.5,6.6,0,0,0,7.5,6.75,7.5,False
37000766,7.4,7.5,7.8,0,0,0,7.25,7.5,8.25,False
37000767,0,6.0,0,0,0,0,4.0,5.0,0,False
37000768,6.0,9.0,7.4,0,0,0,7.5,8.0,9.25,False
37000769,7.8,5.5,7.2,6.0,2.75,6.0,0,0,0,True
37000770,7.6,6.0,6.4,7.25,7.0,5.5,0,0,0,True
37000771,5.2,5.75,2.2,0,0,0,4.25,6.25,6.5,False
37000772,3.4,4.5,3.0,0,0,0,7.75,7.25,7.5,False
37000773,7.8,4.5,8.6,8.75,8.5,4.75,0,0,0,True
37000774,7.0,7.0,6.8,6.5,6.0,5.0,0,0,0,True
37000775,7.4,4.75,3.2,0,0,0,8.0,7.5,7.0,False
37000776,6.8,5.25,5.4,3.75,5.75,3.0,0,0,0,True
37000777,0,5.0,0,0,0,0,5.0,7.5,0,False
37000778,7.6,0,7.8,7.25,0,0,0,0,0,True
37000779,7.8,8.0,8.0,0,0,0,7.0,6.0,8.75,False
37000780,8.8,7.0,7.0,6.5,5.75,7.5,0,0,0,True
37000781,8.0,5.75,5.4,6.5,5.75,5.0,0,0,0,True
37000782,2.8,5.25,3.4,0,0,0,5.0,3.75,4.75,False
37000783,8.4,8.0,7.0,8.0,8.25,6.0,0,0,0,True
37000784,6.2,7.5,5.8,0,0,0,7.25,7.0,8.75,False
37000785,8.6,0,8.8,8.0,5.25,3.25,0,0,0,True
37000786,7.8,7.5,6.8,6.75,4.75,6.75,0,0,0,True
37000787,7.6,7.5,8.6,0,0,0,7.25,7.75,8.25,False
37000788,5.2,4.0,3.0,0,0,0,4.25,4.5,7.25,False
37000789,7.6,7.25,7.6,0,0,0,9.0,7.25,8.25,False
37000790,7.4,7.5,7.6,0,0,0,8.0,7.0,8.0,False
37000791,8.4,6.75,7.6,5.75,7.75,6.0,0,0,0,True
37000792,5.6,7.5,8.2,6.5,3.75,5.25,0,0,0,True
37000793,8.0,6.75,7.8,8.5,9.0,6.5,0,0,0,True
37000794,7.8,8.25,7.4,0,0,0,6.5,5.5,8.0,False
37000795,6.8,8.25,7.2,7.25,6.5,6.75,0,0,0,True
37000796,7.2,7.75,5.8,6.25,7.0,4.25,0,0,0,True
37000797,5.8,8.25,7.2,0,0,0,7.0,7.75,7.75,False
37000798,4.6,7.0,5.8,0,0,0,6.0,7.25,8.5,False
37000799,5.0,7.0,5.8,0,0,0,6.5,7.25,8.5,False
37000800,7.6,8.0,9.0,0,0,0,7.75,7.25,8.75,False
37000801,7.6,7.75,9.2,0,0,0,6.75,7.75,8.0,False
37000802,5.4,6.25,0,0,0,0,5.75,5.5,8.25,False
37000803,6.8,7.25,3.0,0,0,0,6.75,8.5,7.75,False
37000804,7.6,8.0,7.2,0,0,0,5.25,7.0,8.25,False
37000806,3.6,7.0,5.8,0,0,0,5.25,5.5,7.0,False
37000807,6.0,7.25,6.0,0,0,0,5.5,5.75,6.0,False
37000808,6.2,8.25,5.4,0,0,0,7.5,7.75,9.0,False
37000809,7.8,6.25,8.2,0,0,0,7.75,7.25,8.25,False
37000810,5.6,5.0,3.0,0,0,0,6.0,7.75,6.5,False
37000811,5.6,6.25,7.0,4.0,6.25,7.25,0,0,0,True
37000812,8.6,6.0,7.6,5.75,5.0,7.5,0,0,0,True
37000813,8.0,6.25,5.0,7.75,4.5,8.75,0,0,0,True
37000814,7.2,5.75,7.8,6.25,3.75,4.0,0,0,0,True
37000815,7.4,7.0,0,0,0,0,8.5,7.0,0,False
37000816,6.8,5.25,4.4,5.5,6.75,6.75,0,0,0,True
37000817,7.6,7.75,5.4,3.0,6.5,6.5,0,0,0,True
37000818,8.2,7.0,8.6,8.25,7.75,7.0,0,0,0,True
37000819,2.0,5.25,0,0,0,0,0,0,0,False
37000820,4.4,3.0,6.0,0,0,0,6.0,6.5,6.25,False
37000821,4.2,7.0,0,0,0,0,0,0,0,False
37000822,7.8,0,7.8,7.0,2.75,2.5,0,0,0,True
37000823,6.6,8.0,7.8,0,0,0,6.25,6.5,8.0,False
37000824,7.0,8.25,7.0,0,0,0,5.5,7.25,8.0,False
37000825,4.6,7.5,3.8,0,0,0,7.25,7.75,8.5,False
37000826,6.2,7.0,5.4,0,0,0,7.5,5.5,7.0,False
37000827,5.2,6.75,6.0,0,0,0,6.0,6.5,8.75,False
37000828,7.8,7.0,6.8,0,0,0,6.75,7.0,5.75,False
37000829,6.0,5.75,6.8,5.0,4.25,4.25,0,0,0,True
37000830,7.4,0,0,6.0,7.0,0,0,0,0,True
37000831,7.4,6.75,8.0,7.75,4.5,4.5,0,0,0,True
37000832,5.2,5.0,4.4,3.75,2.75,2.5,0,0,0,True
37000833,5.6,5.5,7.4,0,0,0,7.5,7.75,8.0,False
37000834,7.2,4.5,2.4,7.25,7.25,3.25,0,0,0,True
37000835,8.8,5.25,5.8,8.5,8.25,5.0,0,0,0,True
37000836,8.4,7.25,6.4,8.0,3.5,6.0,0,0,0,True
37000837,8.2,5.5,6.6,8.75,8.25,5.5,0,0,0,True
37000838,6.4,7.25,0,0,0,0,0,0,0,False
37000839,8.4,7.25,5.8,6.75,4.75,4.0,0,0,0,True
37000840,5.0,8.0,8.0,0,0,0,5.25,7.75,7.5,False
37000841,8.6,6.75,9.6,8.25,6.0,6.5,0,0,0,True
37000842,6.4,7.5,5.4,6.5,4.0,5.5,0,0,0,True
37000843,4.4,6.75,3.4,0,0,0,5.75,7.5,7.5,False
37000844,8.6,8.25,5.4,8.25,7.5,5.75,0,0,0,True
37000845,7.8,0,8.6,8.5,0,0,0,0,0,True
37000846,7.0,5.75,6.2,7.75,8.0,5.5,0,0,0,True
37000847,3.6,3.75,3.6,0,0,0,5.75,6.25,5.75,False
37000848,0,3.75,0,0,0,0,6.0,5.75,0,False
37000849,6.8,0,0,7.0,7.25,0,0,0,0,True
37000850,7.4,6.25,8.0,8.0,5.25,5.25,0,0,0,True
37000851,8.8,8.5,5.0,8.25,9.5,5.0,0,0,0,True
37000852,6.8,7.5,7.0,0,0,0,5.5,5.75,8.5,False
37000853,4.6,6.5,3.4,0,0,0,5.5,7.75,6.25,False
37000854,7.6,7.25,4.6,8.5,7.5,4.75,0,0,0,True
37000855,7.2,6.75,3.6,7.25,7.0,5.0,0,0,0,True
37000856,4.2,6.0,4.8,0,0,0,4.75,8.25,6.25,False
37000857,7.8,7.5,7.8,7.25,7.0,5.75,0,0,0,True
37000858,5.0,7.75,5.6,0,0,0,5.25,6.25,8.5,False
37000859,4.2,7.0,6.4,0,0,0,4.75,6.0,8.25,False
37000860,5.6,6.0,7.4,6.0,7.0,4.0,0,0,0,True
37000861,8.2,0,0,0,8.25,8.5,0,0,0,True
37000863,5.6,6.0,5.0,0,0,0,5.75,6.25,6.5,False
37000864,8.2,6.5,8.2,7.75,5.0,4.0,0,0,0,True
37000866,2.0,6.5,4.6,0,0,0,5.75,5.5,7.0,False
37000867,5.8,8.5,6.4,0,0,0,7.75,6.25,8.0,False
37000868,7.4,7.25,6.8,6.0,7.75,7.25,0,0,0,True
37000869,8.0,0,0,8.25,6.5,0,0,0,0,True
37000870,8.4,6.5,6.4,9.0,7.75,7.0,0,0,0,True
37000871,6.6,0,0,7.0,8.0,0,0,0,0,True
37000873,3.0,2.5,2.2,0,0,0,4.5,3.0,2.75,False
37000874,4.8,6.5,7.8,0,0,0,6.0,7.25,7.0,False
37000875,7.0,7.0,6.4,0,0,0,5.75,7.25,8.0,False
37000876,8.4,8.75,8.4,8.25,5.75,4.25,0,0,0,True
37000877,6.6,7.5,7.4,5.5,7.25,4.5,0,0,0,True
37000878,6.2,7.5,3.6,0,0,0,6.25,8.0,8.0,False
37000879,4.4,8.5,6.2,0,0,0,9.25,9.5,8.25,False
37000880,8.2,7.75,7.0,5.25,9.0,8.75,0,0,0,True
37000881,7.4,7.75,6.0,0,0,0,8.0,6.75,8.0,False
37000882,7.6,4.5,8.2,6.75,1.75,3.0,0,0,0,True
37000883,7.4,0,4.8,7.0,0,0,0,0,0,True
37000884,7.8,8.0,8.2,4.25,8.5,4.75,0,0,0,True
37000885,8.6,0,9.0,0,0,0,0,0,0,False
37000886,7.2,6.0,7.2,5.5,5.25,5.5,0,0,0,True
37000887,7.6,6.75,6.8,8.0,8.75,7.0,0,0,0,True
37000888,6.4,8.0,7.0,5.75,4.75,5.0,0,0,0,True
37000889,8.0,8.5,8.4,0,0,0,9.0,8.25,8.5,False
37000890,3.2,6.0,6.0,0,0,0,4.75,6.5,6.25,False
37000891,8.6,3.75,6.2,8.75,7.25,4.25,0,0,0,True
37000892,7.4,5.75,8.4,6.75,5.75,5.25,0,0,0,True
37000893,7.0,5.5,6.6,6.5,6.0,3.5,0,0,0,True
37000894,7.8,7.25,6.2,0,0,0,7.0,8.25,7.5,False
37000895,0,6.0,0,0,0,0,6.5,4.5,0,False
37000896,6.8,5.5,6.6,0,0,0,7.25,8.5,9.25,False
37000897,4.8,6.5,6.4,0,0,0,8.0,7.75,8.5,False
37000898,0,6.5,0,0,0,0,4.0,8.0,0,False
37000899,3.0,2.25,4.0,0,0,0,3.5,5.75,5.0,False
37000900,6.6,7.25,6.8,0,0,0,4.75,6.0,7.5,False
37000901,6.8,6.75,6.4,0,0,0,6.0,6.5,7.75,False
37000902,6.2,5.75,5.8,5.75,3.25,6.5,0,0,0,True
37000903,7.4,7.25,7.4,6.5,3.5,5.25,0,0,0,True
37000904,4.4,5.25,4.4,0,0,0,4.0,7.75,7.5,False
37000905,8.2,6.0,7.8,6.75,3.75,4.25,0,0,0,True
37000906,3.2,6.0,1.8,0,0,0,5.25,5.75,6.25,False
37000907,8.2,5.5,7.8,7.25,6.25,7.0,0,0,0,True
37000908,8.6,6.25,6.6,8.25,9.0,6.0,0,0,0,True
37000909,6.4,8.5,7.6,0,0,0,8.25,8.0,8.75,False
37000910,6.0,6.0,3.4,0,0,0,5.5,6.0,6.75,False
37000911,4.6,6.5,0,0,0,0,7.5,7.25,7.5,False
37000912,3.8,5.5,5.4,0,0,0,8.5,8.5,8.0,False
37000913,2.4,4.25,3.6,0,0,0,3.75,5.0,6.75,False
37000914,2.0,5.5,4.2,0,0,0,4.0,5.75,6.25,False
37000915,5.8,6.25,5.6,0,0,0,6.0,8.25,8.5,False
37000916,6.8,7.75,6.8,0,0,0,7.0,8.5,9.5,False
37000917,8.2,7.75,4.8,6.5,7.0,3.5,0,0,0,True
37000918,0,3.75,0,0,0,0,5.5,4.5,0,False
37000919,5.2,6.0,3.6,0,0,0,3.75,8.25,8.5,False
37000920,8.4,6.25,4.6,8.25,6.5,6.75,0,0,0,True
37000921,8.0,7.75,6.4,7.25,6.0,6.25,0,0,0,True
37000922,5.8,6.5,8.0,5.5,3.75,6.25,0,0,0,True
37000923,7.0,8.5,8.2,0,0,0,7.5,7.5,8.25,False
37000924,0,5.25,0,0,0,0,4.75,6.25,0,False
37000925,7.8,7.5,8.6,0,0,0,7.75,7.5,7.75,False
37000926,9.0,6.0,6.6,8.5,8.5,5.25,0,0,0,True
37000927,7.2,6.5,6.6,7.0,4.25,7.25,0,0,0,True
37000928,7.2,6.5,6.0,0,0,0,6.75,8.25,7.25,False
37000929,5.8,7.5,8.0,0,0,0,6.75,6.75,8.0,False
37000930,3.2,6.25,4.6,0,0,0,6.5,6.75,7.5,False
37000931,7.0,5.5,5.8,7.75,7.5,4.75,0,0,0,True
37000932,7.2,7.0,9.0,0,0,0,5.0,6.0,9.0,False
37000933,0,8.25,0,0,0,0,8.75,7.5,0,False
37000934,8.2,7.0,7.4,8.0,8.0,6.75,0,0,0,True
37000935,7.4,6.75,6.4,5.25,7.75,8.25,0,0,0,True
37000936,5.0,4.25,4.2,0,0,0,5.5,7.25,8.0,False
37000937,7.8,0,0,7.5,7.0,0,0,0,0,True
37000938,7.0,6.0,6.2,0,0,0,7.25,7.25,7.75,False
37000939,7.6,6.5,6.6,2.75,4.5,6.0,0,0,0,True
37000940,8.8,8.25,8.0,4.75,8.75,8.25,0,0,0,True
37000941,7.6,5.0,8.4,6.0,7.5,6.0,0,0,0,True
37000942,7.2,7.5,7.0,8.75,8.0,6.25,0,0,0,True
37000943,6.4,7.5,0,0,0,0,6.25,6.75,8.0,False
37000944,7.4,7.75,5.4,0,0,0,6.75,6.25,6.5,False
37000945,7.8,5.25,7.6,8.0,5.25,5.5,0,0,0,True
37000946,6.2,6.25,4.4,0,0,0,5.5,7.25,6.75,False
37000947,5.4,5.75,7.2,0,0,0,5.75,6.5,5.25,False
37000948,7.8,7.25,5.4,6.75,6.75,3.75,0,0,0,True
37000949,0,5.5,0,0,0,0,6.25,8.0,0,False
37000950,0,4.5,0,0,0,0,3.5,5.75,0,False
37000951,0,6.0,0,0,0,0,6.5,7.5,0,False
37000952,6.6,5.5,4.4,0,0,0,6.0,8.0,7.75,False
37000953,5.4,5.5,4.0,0,0,0,6.5,6.75,7.75,False
37000954,3.2,6.5,4.2,0,0,0,7.5,8.0,8.75,False
37000955,7.8,7.75,6.6,0,0,0,8.75,7.75,9.5,False
37000956,7.0,8.25,6.0,0,0,0,8.5,9.25,8.25,False
37000957,8.2,8.0,6.4,0,0,0,8.0,7.5,8.75,False
37000958,5.8,5.25,5.8,0,0,0,6.75,8.5,8.5,False
37000959,5.4,6.0,4.0,0,0,0,4.5,4.5,6.25,False
37000960,6.0,5.5,7.2,0,0,0,8.25,7.25,9.25,False
37000961,7.4,7.0,5.0,0,0,0,7.0,6.5,8.5,False
37000962,7.0,6.5,5.0,0,0,0,5.75,7.5,8.0,False
37000963,6.8,6.25,7.4,7.0,3.75,4.5,0,0,0,True
37000964,0,4.5,0,0,0,0,3.75,5.25,0,False
37000965,6.2,6.25,4.4,0,0,0,6.25,7.25,7.75,False
37000966,8.2,7.25,6.2,4.25,7.25,6.25,0,0,0,True
37000967,7.6,7.5,0,4.25,8.0,8.5,0,0,0,True
37000968,7.2,7.0,6.0,0,0,0,7.75,8.0,7.5,False
37000969,8.2,7.75,7.0,4.25,7.25,7.25,0,0,0,True
37000970,5.0,5.5,2.6,0,0,0,5.0,6.5,7.0,False
37000971,4.0,6.75,6.8,0,0,0,6.5,7.25,7.25,False
37000972,8.0,5.5,9.2,0,0,0,7.5,7.5,9.0,False
37000973,8.2,6.25,6.4,6.0,3.5,3.75,0,0,0,True
37000974,7.6,5.75,7.6,7.0,4.75,5.75,0,0,0,True
37000976,7.8,6.25,7.0,7.5,8.0,4.0,0,0,0,True
37000977,3.4,6.0,3.2,0,0,0,6.75,6.25,7.75,False
37000978,5.8,5.5,6.0,0,0,0,6.25,7.0,7.25,False
37000979,7.0,6.0,7.6,6.25,5.0,5.0,0,0,0,True
37000980,4.2,4.5,3.8,0,0,0,5.25,6.25,8.25,False
37000981,7.6,5.25,8.2,6.0,4.75,5.75,0,0,0,True
37000982,6.4,5.5,6.4,2.5,5.75,7.25,0,0,0,True
37000983,8.2,0,0,6.75,6.25,0,0,0,0,True
37000984,8.0,5.0,4.6,7.25,7.25,4.0,0,0,0,True
37000985,6.2,6.0,4.0,6.5,6.0,5.25,0,0,0,True
37000986,5.8,8.0,6.4,0,0,0,5.75,6.75,6.25,False
37000987,7.6,7.25,7.2,8.0,4.0,5.75,0,0,0,True
37000988,6.8,8.25,5.2,8.5,4.5,4.75,0,0,0,True
37000989,4.4,6.75,4.4,0,0,0,5.25,5.5,5.5,False
37000990,3.6,7.0,4.6,0,0,0,5.5,8.5,7.0,False
37000991,7.6,7.5,0,0,0,0,5.75,6.25,8.5,False
37000992,8.0,6.25,3.2,7.25,8.0,6.5,0,0,0,True
37000993,7.6,7.75,5.8,0,0,0,6.25,7.25,7.75,False
37000995,7.0,7.0,8.0,8.5,7.75,6.0,0,0,0,True
37000996,7.6,7.0,6.8,5.0,6.0,6.0,0,0,0,True
37000997,6.6,5.75,5.4,0,0,0,6.75,7.25,8.25,False
37000998,6.4,6.75,5.6,5.5,6.25,5.5,0,0,0,True
37000999,4.6,5.25,5.0,0,0,0,6.25,8.75,8.25,False
37001000,8.0,8.25,7.8,0,0,0,5.0,5.25,5.5,False
37001001,7.2,8.0,5.0,0,0,0,7.25,7.0,7.25,False
37001002,9.0,8.5,7.6,0,0,0,6.25,7.25,8.5,False
37001003,7.8,7.5,6.8,0,0,0,6.5,5.25,7.5,False
37001004,8.0,8.75,8.8,0,0,0,6.5,6.25,7.5,False
37001005,3.4,4.0,4.2,0,0,0,4.25,7.0,7.0,False
37001006,6.8,7.5,8.0,0,0,0,6.5,6.5,7.25,False
37001007,8.4,5.75,7.4,8.25,4.0,5.0,0,0,0,True
37001008,5.2,5.0,6.0,0,0,0,4.5,6.5,8.25,False
37001009,6.6,7.25,5.6,0,0,0,8.5,7.75,9.0,False
37001010,8.2,7.75,4.8,7.25,7.25,5.5,0,0,0,True
37001011,0,7.0,0,0,0,0,4.25,3.75,0,False
37001012,7.0,7.75,8.0,0,0,0,6.75,6.25,8.75,False
37001013,6.4,8.25,7.2,0,0,0,7.5,6.0,9.0,False
37001014,7.2,6.0,7.4,0,0,0,7.0,6.0,7.75,False
37001015,8.2,7.75,7.0,2.5,8.0,6.5,0,0,0,True
37001016,7.8,6.0,7.8,8.25,3.5,5.0,0,0,0,True
37001017,6.0,6.75,4.4,0,0,0,5.25,6.75,8.0,False
37001018,3.2,3.75,5.4,0,0,0,4.75,5.0,7.5,False
37001019,6.6,7.5,6.4,7.25,4.5,5.0,0,0,0,True
37001020,7.0,7.5,6.6,6.0,5.5,3.75,0,0,0,True
37001021,7.4,7.75,6.8,3.75,7.25,6.75,0,0,0,True
37001022,8.0,8.25,8.6,0,0,0,4.75,6.75,7.5,False
37001023,6.8,7.75,7.6,0,0,0,7.25,7.0,7.5,False
37001024,7.8,8.25,7.4,5.5,4.0,6.0,0,0,0,True
37001025,7.6,6.75,7.6,5.75,2.25,4.0,0,0,0,True
37001026,0,7.25,0,0,0,0,6.0,6.5,0,False
37001027,6.4,8.0,8.0,4.5,4.5,7.25,0,0,0,True
37001028,7.8,8.0,6.8,0,0,0,6.75,5.75,6.25,False
37001029,7.4,7.5,6.8,5.5,6.25,6.5,0,0,0,True
37001030,6.6,6.75,7.0,0,0,0,6.0,6.25,7.75,False
37001031,7.0,7.5,6.0,0,0,0,0,0,0,False
37001032,5.2,7.25,5.8,0,0,0,6.0,5.75,7.5,False
37001033,8.2,7.0,5.4,6.5,5.75,5.25,0,0,0,True
37001034,0,0,5.0,0,0,0,6.5,0,0,False
37001035,0,5.75,0,0,0,0,6.25,7.25,0,False
37001036,3.2,5.0,4.0,0,0,0,4.25,5.5,6.0,False
37001037,2.6,5.75,3.4,0,0,0,5.0,6.5,7.75,False
37001038,7.4,6.5,7.2,0,0,0,6.0,8.25,7.75,False
37001039,0,4.5,0,0,0,0,5.5,5.75,0,False
37001040,5.4,6.0,7.2,0,0,0,6.0,7.25,8.5,False
37001041,6.8,3.25,7.0,0,0,0,7.5,5.0,7.75,False
37001042,7.8,8.5,7.6,0,0,0,7.25,7.25,8.75,False
37001043,7.2,6.5,4.2,4.0,7.25,6.75,0,0,0,True
37001044,4.8,8.0,5.2,0,0,0,7.25,7.0,6.0,False
37001045,5.6,9.0,6.4,0,0,0,7.25,6.75,8.0,False
37001046,7.2,7.75,7.0,0,0,0,6.0,6.25,9.0,False
37001047,6.4,5.75,5.4,0,0,0,5.5,4.5,6.75,False
37001049,4.4,5.5,5.4,0,0,0,5.75,6.25,6.25,False
37001050,5.8,5.5,5.0,4.75,0,0,0,0,0,True
37001051,3.4,6.0,5.2,0,0,0,5.0,8.75,7.75,False
37001052,5.8,6.75,4.8,0,0,0,7.0,9.25,8.0,False
37001053,7.2,6.75,7.6,8.25,6.0,5.75,0,0,0,True
37001054,7.6,7.5,6.8,0,0,0,5.25,6.5,6.5,False
37001055,7.6,9.0,7.4,0,0,0,7.5,6.25,8.0,False
37001056,8.2,0,0,0,8.0,7.75,0,0,0,True
37001057,5.6,7.25,0,0,0,0,3.5,5.25,7.0,False
37001058,7.2,7.25,6.8,5.0,6.25,5.0,0,0,0,True
37001059,5.8,7.75,7.8,2.25,6.0,4.5,0,0,0,True
37001060,8.2,7.75,6.0,8.5,7.25,6.75,0,0,0,True
37001061,6.8,8.25,6.4,0,0,0,4.5,6.5,7.25,False
37001062,4.2,6.25,4.4,2.75,3.75,3.5,0,0,0,True
37001063,5.0,5.0,3.8,0,0,0,6.5,7.5,6.5,False
37001064,5.2,7.0,4.8,0,0,0,7.25,8.0,8.75,False
37001065,8.2,5.25,7.2,7.0,6.0,6.25,0,0,0,True
37001066,8.2,6.5,4.6,7.0,5.5,4.0,0,0,0,True
37001067,6.6,5.0,6.4,4.25,2.75,5.0,0,0,0,True
37001068,6.4,6.5,3.8,0,0,0,5.75,6.75,8.25,False
37001069,5.0,6.25,3.8,0,0,0,6.25,8.0,7.5,False
37001070,7.2,7.25,4.8,0,0,0,7.0,7.0,8.75,False
37001071,0,8.0,0,0,0,0,9.5,9.75,0,False
37001072,7.6,8.0,5.0,7.5,8.25,5.5,0,0,0,True
37001073,7.4,7.25,4.0,7.5,8.5,5.0,0,0,0,True
37001074,7.2,5.75,6.8,5.5,4.75,4.5,0,0,0,True
37001075,7.8,5.5,7.2,8.5,4.75,6.75,0,0,0,True
37001076,7.6,7.25,5.6,0,0,0,0,0,0,False
37001077,7.8,7.5,5.4,6.0,4.75,6.0,0,0,0,True
37001078,6.8,7.5,7.2,0,0,0,9.25,8.25,8.75,False
37001079,6.2,5.5,3.8,0,0,0,6.0,7.75,8.25,False
37001080,7.0,8.25,6.8,0,0,0,5.25,6.5,7.25,False
37001081,6.4,7.75,7.4,0,0,0,7.0,7.25,7.5,False
37001082,7.6,7.75,7.6,7.75,7.5,6.0,0,0,0,True
37001083,7.8,7.25,6.0,6.0,7.25,7.75,0,0,0,True
37001084,7.2,7.75,7.2,8.25,8.25,6.5,0,0,0,True
37001085,7.6,6.5,7.2,0,0,0,0,0,0,False
37001086,7.8,6.25,6.6,8.0,6.25,7.0,0,0,0,True
37001087,6.2,6.5,3.2,0,0,0,4.25,7.0,6.75,False
37001088,7.2,8.25,5.8,6.0,6.75,6.5,0,0,0,True
37001089,7.6,8.0,9.0,8.0,5.0,7.75,0,0,0,True
37001090,6.2,8.5,6.4,0,0,0,9.5,9.0,7.0,False
37001091,8.2,8.25,7.2,7.25,6.0,5.5,0,0,0,True
37001092,4.2,7.75,2.0,0,0,0,0,0,0,False
37001093,4.8,7.75,5.6,0,0,0,6.0,4.5,7.0,False
37001094,4.8,5.75,2.4,0,0,0,3.5,4.75,5.0,False
37001095,3.4,7.5,4.8,0,0,0,7.75,8.75,9.0,False
37001096,4.2,6.25,4.8,0,0,0,0,0,0,False
37001097,7.4,8.25,8.0,8.5,5.0,7.0,0,0,0,True
37001098,8.4,8.0,8.2,0,0,0,9.5,9.0,9.5,False
37001099,8.0,8.0,7.6,0,0,0,6.0,7.75,9.0,False
37001100,6.6,5.75,6.8,6.75,6.0,5.25,0,0,0,True
37001101,7.6,7.25,7.6,0,0,0,8.0,7.0,8.25,False
37001102,7.8,7.75,7.6,0,0,0,7.25,7.25,8.75,False
37001103,7.6,7.25,7.4,0,0,0,0,0,0,False
37001104,5.6,7.0,5.4,0,0,0,4.25,7.25,7.25,False
37001105,3.6,6.0,3.8,0,0,0,4.5,5.25,6.25,False
37001106,8.0,6.25,7.0,7.25,7.0,5.5,0,0,0,True
37001107,7.4,8.0,6.4,0,0,0,7.25,7.5,9.0,False
37001108,0,4.25,0,0,0,0,3.25,2.5,0,False
37001109,4.4,5.5,3.8,0,0,0,6.75,7.0,7.5,False
37001110,5.8,6.75,4.2,0,0,0,4.75,7.5,6.75,False
37001111,7.0,8.0,6.8,0,0,0,8.25,8.0,9.0,False
37001112,7.6,7.25,8.2,0,0,0,8.0,8.5,9.0,False
37001113,6.4,8.0,4.2,0,0,0,7.75,9.0,9.25,False
37001114,4.6,6.0,4.4,0,0,0,5.25,6.0,6.5,False
37001115,7.8,7.5,6.6,8.75,9.0,6.75,0,0,0,True
37001116,6.2,6.0,4.8,3.75,6.5,5.5,0,0,0,True
37001117,5.8,7.0,8.6,0,0,0,6.5,7.25,8.0,False
37001119,8.2,6.25,7.8,6.5,6.0,5.75,0,0,0,True
37001120,5.6,7.0,5.8,0,0,0,5.5,7.25,7.0,False
37001121,0,6.25,0,0,0,0,5.75,6.5,0,False
37001122,7.2,5.5,7.6,6.75,5.75,5.0,0,0,0,True
37001123,5.2,6.5,4.0,6.75,6.25,5.75,0,0,0,True
37001124,7.0,6.5,6.4,8.25,7.75,6.0,0,0,0,True
37001125,7.8,7.0,7.0,7.75,8.75,5.5,0,0,0,True
37001126,7.4,7.5,6.8,7.25,7.25,5.75,0,0,0,True
37001127,8.2,7.0,6.8,7.25,8.25,6.75,0,0,0,True
37001128,5.6,7.25,4.8,0,0,0,9.25,8.5,8.75,False
37001129,7.0,7.75,6.8,7.25,3.25,5.0,0,0,0,True
37001130,8.0,5.75,7.4,7.5,5.5,3.5,0,0,0,True
37001131,7.8,0,0,7.25,8.75,0,0,0,0,True
37001132,8.0,6.25,5.0,8.0,8.0,7.0,0,0,0,True
37001133,6.6,6.75,6.8,8.0,5.5,5.75,0,0,0,True
37001134,8.0,7.25,8.6,0,0,0,5.75,6.0,6.75,False
37001135,6.6,4.75,6.4,7.75,7.75,6.25,0,0,0,True
37001136,7.4,7.25,9.2,8.75,6.0,6.5,0,0,0,True
37001137,8.2,8.0,9.2,0,0,0,8.0,8.5,9.25,False
37001138,7.6,7.25,6.2,7.5,8.0,5.5,0,0,0,True
37001139,8.2,8.5,9.4,0,0,0,0,0,0,False
37001140,6.8,7.25,5.2,0,0,0,0,0,0,False
37001141,7.0,7.25,5.2,0,0,0,3.0,6.75,8.0,False
37001142,6.8,6.0,7.4,6.25,4.25,4.25,0,0,0,True
37001143,4.0,5.25,3.4,0,0,0,6.0,7.25,8.0,False
37001144,7.2,6.5,7.8,8.0,6.5,6.25,0,0,0,True
37001145,5.8,5.5,5.4,0,0,0,6.0,6.25,8.25,False
37001146,5.6,7.0,5.8,0,0,0,5.75,5.75,8.0,False
37001147,7.0,6.75,8.2,0,0,0,7.25,6.5,9.0,False
37001148,3.4,5.0,3.2,0,0,0,5.25,3.75,7.25,False
37001149,6.2,6.25,4.8,0,0,0,7.5,7.5,8.0,False
37001150,7.6,0,6.4,0,7.75,8.0,0,0,0,True
37001151,7.0,7.0,5.8,0,0,0,7.0,7.25,8.75,False
37001152,7.0,7.0,5.6,0,0,0,8.0,8.0,7.75,False
37001153,2.8,2.75,2.8,0,0,0,3.0,4.25,4.0,False
37001154,3.4,2.75,3.4,0,0,0,5.25,7.0,6.25,False
37001155,8.4,6.0,5.2,5.5,4.25,5.0,0,0,0,True
37001156,6.8,6.75,7.2,0,0,0,7.0,6.25,7.0,False
37001157,3.6,4.0,5.0,0,0,0,4.25,5.0,6.5,False
37001158,8.8,7.75,7.4,0,0,0,7.25,8.25,9.25,False
37001159,7.0,7.0,0,0,0,0,9.0,0,0,False
37001161,8.0,8.25,7.2,0,0,0,8.25,8.25,8.75,False
37001162,3.4,3.5,4.2,0,0,0,3.75,6.25,5.75,False
37001163,5.0,6.25,6.4,0,0,0,6.0,7.5,7.5,False
37001165,3.6,6.25,3.8,0,0,0,7.0,5.0,6.75,False
37001166,6.2,8.0,8.2,0,0,0,9.0,7.75,8.25,False
37001167,7.8,5.0,5.4,4.75,5.5,4.5,0,0,0,True
37001168,5.6,6.5,6.2,0,0,0,6.0,7.0,8.0,False
37001169,7.4,7.0,7.2,7.0,5.25,6.25,0,0,0,True
37001170,3.8,6.25,2.8,0,0,0,4.0,5.25,6.0,False
37001171,8.0,7.25,6.0,8.25,8.5,6.5,0,0,0,True
37001172,8.4,6.75,7.8,6.0,6.75,4.25,0,0,0,True
37001173,6.6,7.5,8.2,0,0,0,0,0,0,False
37001174,4.0,7.0,6.8,0,0,0,5.75,6.25,7.5,False
37001175,5.0,7.25,7.6,0,0,0,6.5,5.75,7.25,False
37001176,8.2,8.0,8.4,0,0,0,0,0,0,False
37001177,4.0,5.75,5.8,0,0,0,6.0,7.0,7.5,False
37001178,8.2,7.75,8.4,0,0,0,0,0,0,False
37001179,7.6,7.0,0,3.0,8.0,7.0,0,0,0,True
37001180,6.6,6.75,6.6,0,0,0,6.75,6.0,7.5,False
37001181,7.4,7.25,7.6,9.0,9.25,6.0,0,0,0,True
37001182,7.4,5.5,8.2,7.5,5.75,5.75,0,0,0,True
37001183,8.4,7.75,7.8,0,0,0,8.5,7.0,8.25,False
37001184,8.4,7.25,7.4,7.5,5.75,7.0,0,0,0,True
37001185,7.2,7.75,7.6,0,0,0,9.0,6.0,8.5,False
37001186,6.4,7.0,8.4,5.0,6.25,7.0,0,0,0,True
37001187,7.4,6.75,8.2,0,0,0,5.25,6.0,9.25,False
37001188,6.8,0,0,5.5,6.75,0,0,0,0,True
37001190,4.2,5.0,4.8,0,0,0,4.0,6.25,5.75,False
37001191,7.0,7.25,7.4,0,0,0,7.25,7.0,7.0,False
37001192,7.6,6.25,3.8,7.75,5.0,5.0,0,0,0,True
37001193,3.2,1.75,2.4,0,0,0,2.5,6.0,2.75,False
37001194,8.6,6.0,6.8,7.25,7.75,7.0,0,0,0,True
37001195,7.2,0,0,8.25,7.5,3.0,0,0,0,True
37001196,0,5.0,0,0,0,0,6.75,6.25,0,False
37001197,0,8.0,0,0,0,0,7.5,8.75,0,False
37001198,7.8,6.75,4.4,8.25,5.75,6.25,0,0,0,True
37001199,7.0,6.25,3.6,0,0,0,4.0,4.25,0,False
37001200,0,3.5,0,0,0,0,4.5,5.5,0,False
37001201,7.6,6.0,7.8,8.0,7.75,6.5,0,0,0,True
37001202,6.8,5.25,6.0,0,0,0,6.25,7.25,7.25,False
37001204,7.2,6.75,6.4,0,0,0,0,0,0,False
37001206,4.8,6.75,6.4,0,0,0,7.75,8.5,9.0,False
37001207,6.2,6.25,7.0,0,0,0,9.0,8.0,9.25,False
37001208,6.2,6.75,4.6,0,0,0,4.5,4.25,6.0,False
37001209,8.0,6.75,6.2,5.75,4.25,8.0,0,0,0,True
37001210,6.2,5.75,5.2,0,0,0,6.75,8.5,8.75,False
37001211,8.6,8.75,7.4,0,0,0,7.5,7.25,7.75,False
37001212,7.6,7.75,9.4,8.5,5.5,6.0,0,0,0,True
37001213,6.4,6.25,0,4.75,6.25,4.75,0,0,0,True
37001214,7.8,5.75,8.0,6.5,8.0,4.5,0,0,0,True
37001215,7.6,6.25,8.6,6.5,6.0,4.0,0,0,0,True
37001216,8.6,7.75,7.4,7.75,5.25,6.5,0,0,0,True
37001217,7.2,7.25,7.6,0,0,0,7.5,8.0,8.0,False
37001218,2.0,3.75,3.0,0,0,0,2.0,5.5,5.25,False
37001219,5.0,7.25,5.6,0,0,0,7.0,7.25,8.75,False
37001220,5.0,5.25,5.4,0,0,0,4.5,4.75,7.25,False
37001221,8.6,0,8.6,6.75,0,0,0,0,0,True
37001222,5.6,5.0,5.4,0,0,0,4.25,5.75,7.0,False
37001223,8.0,6.5,7.2,8.75,6.0,6.0,0,0,0,True
37001224,7.8,6.5,7.0,0,0,0,7.25,7.0,8.25,False
37001225,4.8,5.5,5.0,0,0,0,0,0,0,False
37001226,7.0,8.0,6.6,0,0,0,4.5,5.5,8.0,False
37001227,5.6,7.25,7.0,0,0,0,7.5,7.0,8.5,False
37001228,3.6,8.0,3.2,0,0,0,6.25,7.25,8.25,False
37001229,8.6,8.5,7.6,7.75,5.25,5.5,0,0,0,True
37001230,8.4,9.25,9.0,6.5,7.75,7.75,0,0,0,True
37001231,0,6.75,0,0,0,0,7.25,6.25,7.0,False
37001232,7.0,7.0,8.4,0,0,0,6.75,8.75,9.0,False
37001233,8.2,6.5,8.2,8.5,7.75,6.75,0,0,0,True
37001234,7.0,7.75,7.2,0,0,0,8.75,7.5,8.75,False
37001235,6.6,5.75,8.0,6.5,5.0,4.75,0,0,0,True
37001236,8.0,7.0,8.8,0,0,0,7.0,8.0,8.75,False
37001237,5.2,6.0,6.0,0,0,0,6.0,6.75,7.5,False
37001238,4.2,3.5,3.4,0,0,0,3.75,7.0,5.25,False
37001239,5.6,6.25,7.6,0,0,0,6.75,7.0,9.25,False
37001240,7.0,6.5,6.8,0,0,0,8.25,7.75,9.25,False
37001241,7.2,7.0,8.6,5.25,7.5,5.5,0,0,0,True
37001242,0,3.5,0,0,0,0,4.5,6.0,0,False
37001243,8.2,7.5,9.0,0,0,0,7.75,6.5,8.0,False
37001244,8.0,5.75,5.4,7.5,7.75,5.25,0,0,0,True
37001245,7.0,7.0,7.8,0,0,0,8.5,7.75,8.75,False
37001246,6.8,6.25,7.0,4.5,5.75,5.5,0,0,0,True
37001247,7.6,5.5,8.8,4.75,7.75,5.0,0,0,0,True
37001248,7.0,6.5,6.8,3.25,4.75,3.5,0,0,0,True
37001249,8.2,0,7.6,8.0,0,0,0,0,0,True
37001250,6.2,7.0,3.8,0,0,0,6.75,7.75,7.25,False
37001251,7.4,7.0,8.8,7.0,8.25,6.5,0,0,0,True
37001252,7.4,6.25,7.6,0,0,0,6.75,7.5,8.75,False
37001253,4.2,3.25,3.6,0,0,0,3.75,5.5,3.0,False
37001254,7.0,5.25,8.2,6.25,7.0,5.75,0,0,0,True
37001255,5.8,6.25,3.4,0,0,0,7.5,6.5,7.5,False
37001256,8.4,6.0,7.8,8.5,8.75,7.25,0,0,0,True
37001257,8.2,5.0,6.2,5.25,4.75,5.25,0,0,0,True
37001258,4.8,5.75,4.0,0,0,0,4.5,8.0,6.0,False
37001259,6.8,7.0,7.4,0,0,0,7.25,7.5,8.0,False
37001260,4.8,6.75,3.0,0,0,0,7.0,6.5,7.75,False
37001261,6.0,6.5,4.8,0,0,0,7.75,8.0,7.5,False
37001262,7.4,9.25,7.2,5.25,4.25,4.25,0,0,0,True
37001263,7.2,8.5,5.8,0,0,0,7.5,8.25,9.25,False
37001264,8.4,8.25,6.6,8.5,8.5,6.5,0,0,0,True
37001265,6.2,6.75,3.8,0,0,0,4.75,7.25,7.5,False
37001266,4.4,5.25,4.0,0,0,0,4.5,6.75,6.75,False
37001267,3.8,7.0,4.6,0,0,0,5.5,6.0,7.25,False
37001268,8.2,8.25,7.0,0,0,0,6.5,8.75,9.0,False
37001269,7.4,0,0,7.0,6.25,4.0,0,0,0,True
37001270,7.4,9.0,7.6,0,0,0,9.0,9.5,8.75,False
37001271,7.4,7.5,6.8,7.0,4.75,3.5,0,0,0,True
37001272,9.0,7.75,6.2,5.0,8.75,9.0,0,0,0,True
37001273,0,3.5,0,0,0,0,6.0,5.75,0,False
37001274,8.0,8.25,8.0,7.75,6.5,6.75,0,0,0,True
37001275,6.2,7.0,6.0,6.0,8.25,6.75,0,0,0,True
37001276,7.8,8.25,8.0,0,0,0,0,0,0,False
37001277,7.2,6.25,7.2,6.5,5.0,5.0,0,0,0,True
37001278,7.6,7.25,5.4,0,0,0,6.75,6.5,8.0,False
37001279,6.6,8.25,7.0,0,0,0,6.25,5.75,6.0,False
37001280,6.0,8.25,9.4,0,0,0,7.75,8.25,9.25,False
37001281,6.8,8.75,7.6,0,0,0,7.5,8.5,8.5,False
37001282,7.8,8.0,7.2,5.25,8.0,6.75,0,0,0,True
37001283,6.4,8.5,7.0,0,0,0,7.75,6.5,8.75,False
37001284,4.6,5.5,8.4,0,0,0,5.25,6.25,8.25,False
37001285,7.8,6.25,9.4,0,0,0,7.25,8.25,8.75,False
37001287,8.0,8.0,7.2,7.5,4.25,5.25,0,0,0,True
37001288,5.8,6.25,5.8,0,0,0,8.5,9.75,8.25,False
37001289,6.4,6.5,7.4,7.25,6.75,4.75,0,0,0,True
37001290,3.6,7.0,6.6,0,0,0,5.5,4.5,7.25,False
37001291,5.6,7.0,4.2,0,0,0,7.0,7.0,7.0,False
37001292,3.6,6.25,5.4,0,0,0,6.25,7.0,7.75,False
37001293,7.4,6.75,7.4,7.5,5.5,5.0,0,0,0,True
37001294,7.4,8.0,7.0,7.75,7.0,6.0,0,0,0,True
37001295,4.8,8.0,6.6,0,0,0,7.75,7.25,7.75,False
37001296,8.2,7.25,7.8,8.0,8.75,6.0,0,0,0,True
37001297,4.0,5.0,3.4,0,0,0,4.25,7.75,6.75,False
37001298,4.6,7.25,4.4,0,0,0,6.25,7.75,8.0,False
37001299,0,4.25,0,0,0,0,5.75,6.75,0,False
37001300,0,7.0,0,0,0,0,5.75,5.75,0,False
37001301,7.8,7.5,4.6,7.75,8.5,5.0,0,0,0,True
37001302,8.4,7.25,8.4,4.75,9.0,8.5,0,0,0,True
37001303,7.8,5.5,6.8,8.0,7.75,4.25,0,0,0,True
37001304,6.8,7.0,3.4,0,0,0,7.0,8.5,8.75,False
37001305,5.8,6.0,3.4,0,0,0,7.0,8.5,7.25,False
37001306,6.6,7.0,6.8,0,0,0,8.25,8.75,8.75,False
37001307,6.2,8.25,6.6,0,0,0,8.75,8.5,8.5,False
37001308,3.4,7.25,5.2,0,0,0,5.5,6.0,8.25,False
37001309,7.2,6.25,5.2,5.5,7.0,7.5,0,0,0,True
37001310,6.8,7.0,6.4,0,0,0,6.75,6.5,8.5,False
37001311,6.2,6.75,6.2,0,0,0,5.75,4.75,8.25,False
37001312,5.6,7.75,5.8,0,0,0,7.25,8.25,8.5,False
37001313,6.8,8.25,6.4,0,0,0,7.25,6.5,8.25,False
37001314,4.6,5.5,6.4,0,0,0,5.0,8.75,6.75,False
37001315,6.0,5.0,9.0,0,0,0,0,0,0,False
37001316,5.0,5.75,2.6,0,0,0,5.75,6.25,8.0,False
37001317,6.8,6.5,7.0,0,0,0,6.75,7.25,8.75,False
37001318,2.2,3.5,3.0,0,0,0,4.0,6.0,4.5,False
37001319,7.6,7.75,7.6,0,0,0,6.5,7.25,8.0,False
37001320,8.2,6.75,5.8,7.5,8.25,7.75,0,0,0,True
37001321,7.4,9.0,7.4,0,0,0,9.0,8.0,8.75,False
37001322,6.4,7.5,6.8,0,0,0,6.5,6.5,8.25,False
37001323,7.2,6.5,6.6,0,0,0,6.25,6.0,8.25,False
37001324,7.8,8.0,8.6,8.0,7.5,7.25,0,0,0,True
37001325,4.0,6.0,4.0,0,0,0,7.25,8.0,8.25,False
37001326,3.8,6.0,7.4,0,0,0,6.75,7.25,8.0,False
37001327,7.8,6.75,0,4.75,6.0,8.0,0,0,0,True
37001328,4.8,5.25,2.4,0,0,0,5.75,6.0,7.75,False
37001329,6.4,7.75,7.2,0,0,0,6.0,7.25,7.25,False
37001330,7.8,8.25,6.8,0,0,0,4.75,5.5,8.0,False
37001331,8.0,6.25,6.6,6.0,6.5,5.0,0,0,0,True
37001332,4.8,7.25,0,0,0,0,8.0,5.75,8.75,False
37001333,8.0,8.0,7.0,0,0,0,7.25,6.5,8.5,False
37001334,6.8,7.0,6.8,0,0,0,5.75,4.5,7.5,False
37001335,7.2,7.75,5.6,0,0,0,7.25,7.0,7.75,False
37001336,7.2,7.0,4.8,6.5,8.25,5.25,0,0,0,True
37001337,7.4,7.75,5.6,0,0,0,7.25,7.0,8.75,False
37001338,8.2,6.5,5.6,0,0,0,7.0,6.5,7.5,False
37001339,5.0,7.75,5.8,0,0,0,5.75,6.5,6.25,False
37001340,8.4,7.0,6.6,0,0,0,6.75,7.5,8.5,False
37001341,8.0,8.25,6.4,6.25,8.25,5.25,0,0,0,True
37001342,7.4,5.75,4.8,3.75,7.0,4.75,0,0,0,True
37001343,6.8,5.5,3.2,0,0,0,4.0,7.25,7.75,False
37001344,6.6,6.25,3.4,0,0,0,6.25,8.5,6.75,False
37001345,7.4,6.5,6.2,5.75,6.5,5.25,0,0,0,True
37001346,7.0,7.75,7.2,0,0,0,6.5,6.0,8.75,False
37001347,8.0,5.75,5.4,7.75,8.25,3.75,0,0,0,True
37001348,7.4,7.5,7.6,8.0,3.25,3.25,0,0,0,True
37001349,7.4,8.0,7.0,5.0,7.5,7.75,0,0,0,True
37001350,7.8,6.25,5.8,7.0,7.25,5.5,0,0,0,True
37001351,8.2,6.5,9.0,6.5,8.0,6.75,0,0,0,True
37001352,8.0,5.5,5.8,8.75,8.25,6.0,0,0,0,True
37001353,8.4,7.25,4.8,7.75,8.5,4.75,0,0,0,True
37001354,6.8,7.5,5.2,6.5,6.0,5.75,0,0,0,True
37001355,7.8,8.25,6.2,7.5,3.5,5.75,0,0,0,True
37001356,7.2,8.0,7.0,8.0,5.5,5.5,0,0,0,True
37001357,7.0,6.25,5.6,0,0,0,0,0,0,False
37001358,6.8,0,8.0,6.25,0,0,0,0,0,True
37001359,6.8,8.0,6.0,0,0,0,6.5,8.25,7.0,False
37001360,8.2,6.25,5.0,7.25,4.75,3.75,0,0,0,True
37001361,8.4,8.75,6.4,0,0,0,6.25,6.25,8.0,False
37001362,7.6,7.5,6.8,0,0,0,8.25,8.5,7.75,False
37001363,5.8,8.25,7.4,0,0,0,7.25,8.75,8.25,False
37001364,6.8,6.5,7.2,5.75,7.25,2.25,0,0,0,True
37001365,7.0,7.5,6.4,4.5,7.5,7.5,0,0,0,True
37001366,0,3.0,0,0,0,0,6.5,7.5,0,False
37001367,7.0,7.0,8.0,4.0,6.25,5.25,0,0,0,True
37001368,8.0,6.0,4.8,5.25,8.5,7.5,0,0,0,True
37001369,6.2,5.0,0,0,0,0,7.75,0,0,False
37001370,0,6.0,0,0,0,0,8.75,9.0,0,False
37001371,7.6,6.5,6.6,8.75,7.75,5.75,0,0,0,True
37001372,7.8,0,8.0,8.0,0,0,0,0,0,True
37001373,4.6,6.0,7.4,3.25,4.75,6.25,0,0,0,True
37001374,5.4,5.75,5.6,0,0,0,5.75,6.0,7.25,False
37001375,6.8,8.0,7.8,6.0,6.25,5.5,0,0,0,True
37001376,3.8,7.5,2.8,0,0,0,5.5,6.0,7.75,False
37001377,3.6,6.0,3.4,0,0,0,3.5,4.5,5.25,False
37001378,3.8,6.5,2.2,0,0,0,5.0,8.5,8.0,False
37001379,6.2,6.25,3.6,0,0,0,8.25,9.25,8.25,False
37001380,7.6,7.25,6.2,4.75,8.75,4.25,0,0,0,True
37001381,6.4,8.0,7.0,0,0,0,6.0,5.25,7.25,False
37001382,7.6,0,6.6,8.75,0,0,0,0,0,True
37001383,6.6,6.5,5.4,0,0,0,8.5,9.0,9.5,False
37001384,7.8,0,5.8,2.25,7.75,0,0,0,0,True
37001385,8.2,9.0,8.6,0,0,0,0,0,0,False
37001386,7.4,8.0,7.2,0,0,0,7.0,6.5,8.5,False
37001387,5.4,5.0,3.8,0,0,0,6.5,6.0,6.0,False
37001388,6.0,6.75,7.8,0,0,0,6.5,7.25,9.0,False
37001389,7.2,6.0,5.4,0,0,0,5.25,6.0,7.25,False
37001390,7.8,6.75,7.4,3.5,6.5,7.0,0,0,0,True
37001391,7.4,7.0,8.2,7.25,6.75,8.0,0,0,0,True
37001392,8.4,7.75,8.4,9.0,6.75,6.25,0,0,0,True
37001393,7.2,7.0,5.8,0,0,0,6.25,8.25,8.0,False
37001394,5.2,5.25,5.2,0,0,0,4.5,5.75,7.5,False
37001395,4.4,7.0,3.8,0,0,0,5.75,5.75,6.75,False
37001396,4.8,7.25,8.2,0,0,0,8.75,7.75,7.5,False
37001397,3.4,1.75,2.4,0,0,0,3.75,6.0,6.25,False
37001398,6.0,7.75,6.2,0,0,0,4.75,6.75,8.25,False
37001399,7.8,8.0,6.8,0,0,0,8.25,8.75,8.75,False
37001400,5.8,7.5,5.0,0,0,0,7.5,7.25,7.75,False
37001401,3.6,6.75,5.4,0,0,0,6.25,7.25,7.75,False
37001402,0,5.5,0,0,0,0,7.5,8.75,0,False
37001404,8.2,8.25,6.0,2.75,4.75,3.75,0,0,0,True
37001405,8.0,8.75,8.0,0,0,0,0,0,0,False
37001406,7.0,5.5,5.4,4.5,4.5,6.75,0,0,0,True
37001407,8.0,5.5,6.8,8.0,7.25,5.75,0,0,0,True
37001408,7.2,7.5,7.4,0,0,0,0,0,0,False
37001409,5.6,6.5,7.2,0,0,0,7.0,6.75,7.0,False
37001410,6.6,0,7.4,6.75,2.25,4.0,0,0,0,True
37001411,8.6,5.0,9.6,5.5,8.25,5.75,0,0,0,True
37001412,7.8,6.75,8.4,6.0,5.0,5.25,0,0,0,True
37001413,7.6,6.25,5.2,6.75,6.0,4.0,0,0,0,True
37001414,0,7.0,0,0,0,0,7.5,5.75,0,False
37001415,7.4,5.5,6.2,6.75,5.25,4.75,0,0,0,True
37001416,6.0,6.25,4.4,0,0,0,6.25,6.75,6.25,False
37001417,6.8,6.75,5.8,5.25,5.75,5.5,0,0,0,True
37001418,6.8,6.75,6.0,0,0,0,6.5,6.75,8.25,False
37001419,0,6.25,0,0,0,0,5.25,6.75,0,False
37001420,7.6,9.0,7.8,0,0,0,6.25,6.5,7.75,False
37001421,7.8,7.5,8.4,2.5,6.25,4.0,0,0,0,True
37001422,6.4,6.25,5.6,0,0,0,6.25,6.0,7.0,False
37001423,7.0,7.25,5.6,0,0,0,7.0,7.0,9.0,False
37001424,7.8,7.75,6.2,7.75,6.5,5.25,0,0,0,True
37001425,6.8,6.75,6.8,6.25,4.75,6.0,0,0,0,True
37001426,7.2,8.5,6.6,0,0,0,7.5,6.75,8.0,False
37001427,6.2,7.75,3.8,0,0,0,7.25,7.25,8.25,False
37001428,6.0,5.75,5.8,0,0,0,3.75,5.75,6.25,False
37001429,6.8,6.5,4.4,4.25,0,0,0,0,0,True
37001430,6.4,8.0,6.8,0,0,0,7.75,6.5,9.25,False
37001431,7.8,7.75,6.6,0,0,0,7.5,7.0,7.5,False
37001432,7.4,6.75,8.0,0,0,0,6.75,8.5,8.25,False
37001433,7.4,8.0,7.4,0,0,0,0,0,0,False
37001434,8.0,6.5,8.0,7.0,5.25,6.25,0,0,0,True
37001435,8.0,6.0,8.4,5.25,7.0,4.25,0,0,0,True
37001436,8.2,6.75,7.6,8.25,6.75,7.5,0,0,0,True
37001437,6.8,6.75,6.2,5.0,6.25,6.75,0,0,0,True
37001438,0,3.5,0,0,0,0,6.0,4.75,0,False
37001439,6.6,7.0,7.0,0,0,0,6.5,7.5,9.5,False
37001440,7.8,8.25,8.4,5.75,5.5,4.75,0,0,0,True
37001441,6.8,7.25,5.4,5.25,5.75,5.0,0,0,0,True
37001442,0,5.75,0,0,0,0,7.75,8.5,0,False
37001443,7.8,7.0,6.8,7.25,6.25,4.0,0,0,0,True
37001444,5.8,7.5,7.6,0,0,0,7.75,7.0,7.5,False
37001445,6.8,7.5,7.0,0,0,0,7.5,6.5,8.25,False
37001446,7.0,7.25,7.4,7.75,5.25,6.25,0,0,0,True
37001447,7.6,7.75,0,0,0,0,6.75,8.75,0,False
37001448,7.8,6.0,6.4,4.5,5.75,3.75,0,0,0,True
37001449,7.6,7.75,9.2,0,0,0,7.5,7.5,8.75,False
37001450,7.8,8.25,8.8,5.5,6.0,5.25,0,0,0,True
37001451,7.4,7.5,7.8,0,0,0,6.5,7.5,8.5,False
37001452,7.2,6.75,9.2,4.75,7.75,6.0,0,0,0,True
37001453,7.4,8.75,8.8,0,0,0,7.75,7.5,9.0,False
37001454,5.4,7.0,0,0,0,0,7.5,8.5,0,False
37001455,8.4,6.5,0,8.5,9.75,8.25,0,0,0,True
37001456,8.4,5.5,8.2,5.25,9.25,6.25,0,0,0,True
37001457,6.6,7.0,8.8,0,0,0,7.0,7.0,8.75,False
37001458,7.8,8.0,8.0,5.5,9.0,7.5,0,0,0,True
37001459,7.6,7.75,7.0,8.0,6.75,7.75,0,0,0,True
37001460,5.8,6.75,5.4,0,0,0,5.5,6.5,8.75,False
37001461,8.4,6.0,7.0,8.75,8.25,6.5,0,0,0,True
37001462,7.2,7.25,7.6,0,0,0,3.75,5.75,6.75,False
37001463,6.8,4.0,0,0,0,0,6.25,5.25,0,False
37001464,6.8,7.25,9.4,0,0,0,7.25,7.0,8.75,False
37001465,7.6,7.25,7.6,6.75,4.5,7.25,0,0,0,True
37001466,6.8,6.0,8.0,3.75,5.75,6.25,0,0,0,True
37001467,7.8,8.0,8.8,6.5,7.25,8.25,0,0,0,True
37001468,5.0,8.25,8.4,0,0,0,9.25,6.25,8.5,False
37001469,5.6,7.0,0,6.25,5.0,6.75,0,0,0,True
37001470,6.6,7.75,6.4,8.0,4.25,5.75,0,0,0,True
37001471,7.2,8.75,7.8,0,0,0,6.0,7.0,8.75,False
37001472,8.0,9.0,8.6,0,0,0,7.0,8.0,8.5,False
37001473,7.6,7.5,8.0,8.75,4.25,5.75,0,0,0,True
37001474,7.6,7.5,9.4,0,0,0,8.5,6.25,8.75,False
37001475,7.6,6.5,7.8,6.5,3.75,4.25,0,0,0,True
37001476,8.4,7.25,0,0,0,0,6.0,6.5,7.75,False
37001477,7.2,7.0,0,4.25,6.5,5.25,0,0,0,True
37001478,7.8,5.5,0,6.0,8.25,8.0,0,0,0,True
37001479,8.2,7.0,5.8,7.75,7.5,6.0,0,0,0,True
37001480,7.4,5.5,5.2,2.75,4.0,5.0,0,0,0,True
37001481,9.0,5.5,7.6,9.25,9.75,6.0,0,0,0,True
37001482,7.0,6.0,9.0,8.0,5.75,5.25,0,0,0,True
37001483,8.4,7.0,8.4,8.75,9.25,4.5,0,0,0,True
37001484,8.4,6.0,5.8,7.0,8.5,8.0,0,0,0,True
37001485,5.8,6.75,7.2,5.75,4.0,6.25,0,0,0,True
37001486,8.4,7.25,8.6,8.0,5.0,6.25,0,0,0,True
37001487,5.6,7.0,7.2,0,0,0,5.75,5.75,7.0,False
37001488,8.8,5.0,6.4,8.75,9.25,5.5,0,0,0,True
37001489,7.8,5.75,8.8,8.25,6.75,6.75,0,0,0,True
37001490,7.4,5.5,8.2,0,0,0,4.75,7.0,8.0,False
37001491,5.6,6.5,3.8,0,0,0,5.0,5.5,6.25,False
37001492,8.4,7.5,9.0,7.25,5.75,8.0,0,0,0,True
37001493,2.6,4.5,0,0,0,0,4.75,7.0,0,False
37001494,7.8,8.75,9.0,0,0,0,9.5,8.0,8.75,False
37001495,6.4,4.75,5.0,0,0,0,5.75,7.75,9.0,False
37001496,8.2,7.75,7.4,7.75,5.5,7.0,0,0,0,True
37001497,8.4,7.0,8.6,7.25,5.5,5.5,0,0,0,True
37001498,8.2,7.0,9.0,7.0,8.75,5.5,0,0,0,True
37001499,8.0,6.5,9.4,0,0,0,6.25,7.75,9.5,False
37001500,8.2,6.0,7.8,2.0,7.5,7.5,0,0,0,True
37001501,6.4,7.0,6.4,0,0,0,5.25,7.0,7.75,False
37001502,8.6,4.25,8.2,8.5,7.0,4.5,0,0,0,True
37001503,8.0,7.0,9.0,0,0,0,7.0,7.75,8.5,False
37001504,8.2,8.5,6.8,7.5,8.25,6.25,0,0,0,True
37001505,8.4,8.0,8.4,8.75,8.0,6.25,0,0,0,True
37001506,2.6,3.75,0,0,0,0,3.75,4.25,0,False
37001507,6.6,7.75,7.4,0,0,0,8.75,8.75,8.25,False
37001508,8.4,6.0,9.0,5.25,8.75,5.5,0,0,0,True
37001509,7.4,7.75,8.4,8.5,5.5,7.0,0,0,0,True
37001510,7.8,7.5,8.4,0,0,0,7.0,7.0,9.0,False
37001511,8.4,6.5,8.8,7.75,3.25,2.0,0,0,0,True
37001512,7.8,6.5,8.4,4.75,5.75,7.0,0,0,0,True
37001513,1.4,6.25,0,0,0,0,4.0,5.0,0,False
37001514,8.4,6.0,8.0,8.25,7.25,5.75,0,0,0,True
37001515,8.2,5.25,8.8,8.25,7.25,7.0,0,0,0,True
37001516,6.6,5.5,6.0,6.25,5.75,3.75,0,0,0,True
37001517,7.2,7.5,8.4,4.25,8.75,4.25,0,0,0,True
37001518,7.8,7.75,7.8,6.5,5.5,5.75,0,0,0,True
37001519,8.8,7.5,6.6,8.5,9.0,6.5,0,0,0,True
37001520,7.2,5.75,5.8,7.0,5.75,6.75,0,0,0,True
37001521,3.0,3.75,0,0,0,0,4.5,4.5,0,False
37001522,3.8,2.5,4.2,0,0,0,4.75,3.25,5.0,False
37001523,2.2,5.0,0,0,0,0,7.5,7.25,0,False
37001524,8.0,6.5,0,7.75,8.25,7.25,0,0,0,True
37001525,7.4,7.75,9.2,4.5,6.5,6.0,0,0,0,True
37001527,3.0,5.75,0,0,0,0,5.5,5.75,0,False
37001528,8.0,8.5,8.6,0,0,0,7.5,7.25,8.75,False
37001529,8.2,7.25,7.8,7.5,7.5,5.5,0,0,0,True
37001530,8.8,5.75,8.6,7.75,7.25,7.0,0,0,0,True
37001531,8.2,8.25,5.4,8.0,6.25,6.75,0,0,0,True
37001532,7.2,8.5,9.2,0,0,0,7.75,7.0,9.25,False
37001533,2.8,6.75,0,0,0,0,5.5,4.75,0,False
37001534,7.8,7.25,8.0,8.25,5.0,6.25,0,0,0,True
37001535,8.4,6.5,5.4,8.25,6.0,5.75,0,0,0,True
37001536,6.2,6.25,9.0,3.0,3.75,5.0,0,0,0,True
37001537,5.6,7.5,8.6,0,0,0,7.25,6.25,7.75,False
37001538,8.4,5.25,6.6,7.5,9.0,5.25,0,0,0,True
37001539,9.0,7.25,8.8,9.25,8.5,8.75,0,0,0,True
37001540,6.8,5.5,0,0,0,0,5.75,6.5,0,False
37001541,6.6,8.5,6.4,0,0,0,9.25,7.75,8.75,False
37001542,8.4,8.25,8.6,0,0,0,7.25,6.0,7.75,False
37001543,6.8,7.0,6.8,0,0,0,4.75,6.25,6.25,False
37001544,4.4,5.0,0,0,0,0,6.0,5.0,0,False
37001545,5.8,4.25,0,0,0,0,7.25,6.75,0,False
37001546,3.4,5.25,0,0,0,0,5.25,6.0,0,False
37001547,3.0,6.0,0,0,0,0,7.75,8.5,0,False
37001548,8.2,7.25,8.8,5.0,8.75,6.5,0,0,0,True
37001549,8.8,6.5,6.2,5.5,5.25,5.75,0,0,0,True
37001550,8.6,5.75,8.6,7.75,7.75,8.0,0,0,0,True
37001551,8.0,6.5,9.2,4.5,8.5,6.25,0,0,0,True
37001552,7.6,6.75,6.4,8.0,7.75,6.25,0,0,0,True
37001553,7.6,5.25,8.6,8.25,2.5,5.75,0,0,0,True
37001554,6.6,6.75,7.8,7.0,8.0,5.25,0,0,0,True
37001555,7.2,7.5,7.6,6.75,5.25,5.25,0,0,0,True
37001556,7.6,7.25,7.8,5.25,8.25,7.25,0,0,0,True
37001557,9.0,6.75,6.6,8.0,9.5,6.0,0,0,0,True
37001558,3.0,4.0,0,0,0,0,4.0,3.5,0,False
37001559,7.6,8.5,8.6,0,0,0,7.75,8.25,9.25,False
37001560,7.8,6.0,7.2,5.75,7.5,6.0,0,0,0,True
37001561,7.0,7.5,8.4,7.75,5.25,5.5,0,0,0,True
37001562,7.4,8.25,7.8,0,0,0,6.75,6.5,8.75,False
37001563,8.4,5.5,9.0,7.75,3.25,3.0,0,0,0,True
37001564,8.0,8.0,0,0,0,0,7.0,7.25,8.5,False
37001565,6.8,7.5,7.8,5.25,8.25,4.5,0,0,0,True
37001566,7.8,8.5,8.8,0,0,0,6.5,7.25,9.25,False
37001567,8.4,8.0,9.0,8.25,7.0,8.25,0,0,0,True
37001568,7.2,7.25,8.0,0,0,0,6.0,6.0,8.0,False
37001569,7.8,7.0,7.8,7.75,8.75,6.75,0,0,0,True
37001570,6.6,8.25,7.4,0,0,0,7.25,7.25,8.5,False
37001571,8.2,8.25,9.2,6.25,7.75,8.25,0,0,0,True
37001572,7.8,6.5,7.8,3.0,7.5,5.0,0,0,0,True
37001574,7.2,6.5,5.6,7.25,6.25,7.75,0,0,0,True
37001575,8.8,7.5,6.6,7.5,10.0,9.5,0,0,0,True
37001576,8.0,8.0,9.0,0,0,0,5.5,7.5,9.0,False
37001577,4.8,6.75,4.4,0,0,0,6.25,6.0,8.0,False
37001578,7.2,6.25,8.2,6.75,4.5,4.5,0,0,0,True
37001579,5.0,6.0,0,0,0,0,6.5,7.75,0,False
37001580,5.0,2.5,0,0,0,0,5.0,5.25,0,False
37001581,3.2,3.25,0,0,0,0,5.5,5.5,0,False
37001582,7.6,8.5,8.8,0,0,0,6.75,7.0,8.5,False
37001583,7.6,7.25,7.0,8.5,5.25,7.25,0,0,0,True
37001584,8.8,4.75,7.6,7.25,6.0,7.5,0,0,0,True
37001585,8.2,7.5,8.2,7.5,4.25,7.0,0,0,0,True
37001587,7.8,7.75,8.6,0,0,0,7.0,5.5,8.75,False
37001588,7.2,7.75,8.8,9.0,6.0,6.25,0,0,0,True
37001589,9.0,7.0,9.2,8.25,5.25,7.25,0,0,0,True
37001590,7.8,6.0,9.2,9.0,4.75,5.75,0,0,0,True
37001591,6.2,7.25,6.6,7.5,4.25,4.75,0,0,0,True
37001592,7.0,8.0,8.0,0,0,0,7.5,5.5,8.25,False
37001593,6.8,7.25,5.4,7.5,7.5,7.25,0,0,0,True
37001594,7.8,8.5,8.8,6.5,5.75,7.25,0,0,0,True
37001595,8.0,8.25,7.6,0,0,0,7.5,7.75,8.25,False
37001596,8.2,7.0,6.4,8.25,7.0,6.0,0,0,0,True
37001597,6.0,7.5,6.8,0,0,0,6.25,7.75,9.5,False
37001598,7.0,6.75,7.6,0,0,0,6.5,7.75,8.5,False
37001599,8.4,7.25,9.0,0,0,0,8.75,8.0,9.0,False
37001600,7.4,7.0,7.4,4.5,7.5,6.25,0,0,0,True
37001601,8.6,7.5,7.4,9.0,4.25,6.5,0,0,0,True
37001602,8.0,8.0,7.6,8.25,4.5,4.5,0,0,0,True
37001603,7.6,8.0,7.2,7.25,4.25,7.0,0,0,0,True
37001604,7.8,7.5,8.0,8.25,7.0,6.25,0,0,0,True
37001605,8.2,6.5,7.4,8.5,8.0,5.75,0,0,0,True
37001606,8.2,6.5,6.0,8.0,8.75,6.75,0,0,0,True
37001607,7.0,7.75,6.6,0,0,0,5.0,8.0,7.75,False
37001608,5.6,6.25,0,0,0,0,6.25,7.75,0,False
37001609,2.2,6.5,0,0,0,0,5.5,5.5,0,False
37001610,4.4,7.0,5.2,0,0,0,5.5,7.0,7.75,False
37001611,7.0,5.75,7.0,6.25,8.5,5.25,0,0,0,True
37001612,6.8,7.5,9.0,0,0,0,7.25,8.25,8.5,False
37001613,6.6,8.0,0,0,0,0,9.5,8.75,9.5,False
37001614,8.0,6.5,7.4,4.75,7.75,7.75,0,0,0,True
37001615,6.6,5.5,6.8,5.0,4.5,6.25,0,0,0,True
37001616,7.2,3.5,0,0,0,0,6.75,7.25,0,False
37001617,5.8,6.5,0,0,0,0,7.5,6.75,0,False
37001618,8.0,6.5,8.8,8.0,6.25,7.25,0,0,0,True
37001619,4.4,3.75,0,0,0,0,4.25,5.5,0,False
37001620,7.4,6.75,8.2,7.5,7.5,4.5,0,0,0,True
37001621,8.2,8.5,8.8,5.75,7.25,7.5,0,0,0,True
37001622,8.2,6.0,6.4,8.25,8.0,5.0,0,0,0,True
37001623,6.2,7.75,8.4,0,0,0,6.0,7.75,9.25,False
37001624,8.0,7.75,0,7.5,6.0,6.75,0,0,0,True
37001625,8.0,5.75,9.0,9.0,7.0,4.5,0,0,0,True
37001626,6.0,7.75,9.0,0,0,0,6.5,7.25,8.5,False
37001627,7.4,6.5,5.0,0,0,0,6.5,9.0,9.0,False
37001628,5.4,7.0,7.8,0,0,0,7.5,7.25,7.75,False
37001629,6.0,8.0,0,0,0,0,7.5,6.5,0,False
37001630,6.4,5.5,0,0,0,0,5.0,7.5,0,False
37001631,6.4,6.25,5.2,4.5,5.25,5.75,0,0,0,True
37001632,8.6,7.75,9.0,0,0,0,6.5,8.75,8.5,False
37001633,8.0,6.75,8.6,0,0,0,6.0,7.5,8.0,False
37001634,4.6,6.5,0,0,0,0,6.0,7.5,0,False
37001635,6.2,4.5,6.2,4.5,5.0,4.75,0,0,0,True
37001636,7.4,5.5,8.8,0,0,0,6.5,7.25,7.75,False
37001637,4.2,5.0,0,0,0,0,6.25,6.25,0,False
37001638,3.6,7.25,6.6,3.5,3.0,6.75,0,0,0,True
37001639,3.8,5.75,4.6,0,0,0,6.5,6.25,7.5,False
37001640,7.8,5.5,4.4,6.0,4.0,6.75,0,0,0,True
37001641,7.2,6.5,8.0,5.0,3.25,6.5,0,0,0,True
37001642,6.2,7.25,5.8,5.75,5.0,6.0,0,0,0,True
37001643,8.8,6.5,6.2,9.5,9.25,5.25,0,0,0,True
37001644,6.8,6.25,6.6,0,0,0,7.25,7.5,8.25,False
37001645,4.8,6.25,5.2,0,0,0,4.75,6.75,8.25,False
37001646,3.2,5.25,0,0,0,0,6.25,5.25,0,False
37001647,6.2,6.75,8.2,0,0,0,6.5,7.25,7.75,False
37001648,8.4,5.5,9.0,8.0,5.75,5.75,0,0,0,True
37001649,5.0,5.25,0,0,0,0,5.0,8.0,0,False
37001650,7.8,6.0,9.2,8.0,5.0,5.25,0,0,0,True
37001651,9.0,6.25,9.4,8.0,9.0,6.75,0,0,0,True
37001652,3.0,4.25,0,0,0,0,5.0,6.25,0,False
37001653,7.6,6.5,8.6,7.5,6.0,5.25,0,0,0,True
37001654,6.8,6.0,6.0,5.75,6.0,6.5,0,0,0,True
37001655,7.0,7.25,8.8,0,0,0,6.5,7.25,8.75,False
37001656,8.0,8.5,8.6,8.75,6.75,6.5,0,0,0,True
37001657,8.2,7.25,8.6,0,0,0,6.5,7.25,8.25,False
37001658,7.4,7.0,6.8,6.0,2.75,3.75,0,0,0,True
37001659,5.6,6.0,0,0,0,0,6.25,6.75,0,False
37001660,8.0,8.25,9.0,0,0,0,7.5,7.0,9.25,False
37001661,7.0,8.25,9.0,0,0,0,8.5,9.0,9.5,False
37001662,6.8,7.75,4.8,0,0,0,4.5,6.0,9.0,False
37001663,4.8,3.5,0,0,0,0,6.25,6.0,0,False
37001664,8.0,6.5,6.8,8.25,7.0,6.5,0,0,0,True
37001665,8.0,6.75,8.6,7.5,7.5,8.5,0,0,0,True
37001666,7.8,6.25,9.2,8.0,5.5,6.5,0,0,0,True
37001667,5.6,5.0,0,2.75,4.25,6.5,0,0,0,True
37001668,8.2,7.75,6.8,0,0,0,7.0,8.75,8.75,False
37001669,7.2,8.0,9.2,0,0,0,5.5,7.0,8.5,False
37001670,7.0,8.25,9.0,0,0,0,7.25,8.5,8.25,False
37001671,5.2,6.25,0,0,0,0,7.0,8.0,0,False
37001672,6.6,8.0,7.2,0,0,0,6.75,8.25,8.25,False
37001673,5.0,6.5,8.0,6.0,7.75,5.25,0,0,0,True
37001674,4.6,5.25,0,0,0,0,7.25,6.0,0,False
37001675,7.6,6.75,7.8,7.75,8.25,7.0,0,0,0,True
37001676,5.8,6.75,7.4,6.25,2.75,5.0,0,0,0,True
37001677,7.0,6.75,7.2,6.75,6.75,5.5,0,0,0,True
37001678,8.0,6.25,9.4,9.0,9.0,6.75,0,0,0,True
37001679,7.4,6.5,7.2,0,0,0,8.5,7.75,9.0,False
37001680,8.2,6.75,9.2,8.0,5.75,5.25,0,0,0,True
37001681,7.2,7.0,0,0,0,0,8.75,7.0,9.0,False
37001682,8.2,6.5,9.0,6.25,4.0,6.25,0,0,0,True
37001683,7.6,6.25,8.0,0,0,0,4.75,6.5,7.5,False
37001684,8.2,7.25,7.8,9.25,9.0,6.5,0,0,0,True
37001685,8.8,8.25,8.4,5.75,7.25,6.0,0,0,0,True
37001686,8.0,5.5,8.4,8.25,9.5,6.75,0,0,0,True
37001687,7.4,5.75,8.2,4.25,5.75,6.5,0,0,0,True
37001688,7.2,7.0,6.4,6.75,7.25,6.25,0,0,0,True
37001689,8.0,7.0,8.6,3.75,8.25,7.5,0,0,0,True
37001690,7.4,6.75,8.2,8.0,7.5,6.25,0,0,0,True
37001691,5.4,4.25,5.6,0,0,0,4.75,6.25,8.25,False
37001692,6.0,5.75,7.0,6.75,7.25,5.5,0,0,0,True
37001693,7.8,7.75,8.4,0,0,0,4.75,8.0,8.5,False
37001694,4.6,7.5,0,0,0,0,6.5,7.75,8.5,False
37001695,8.6,5.5,8.0,7.25,3.75,4.25,0,0,0,True
37001696,7.4,6.0,6.2,0,0,0,4.75,8.0,7.25,False
37001697,7.4,7.0,8.2,7.0,5.75,5.25,0,0,0,True
37001698,5.4,5.0,6.8,4.25,3.75,4.25,0,0,0,True
37001699,9.2,6.5,8.0,9.75,9.0,7.75,0,0,0,True
37001700,6.0,6.25,0,0,0,0,7.0,5.25,0,False
37001701,7.6,7.25,6.4,8.75,7.5,8.0,0,0,0,True
37001702,8.4,5.5,6.4,8.25,7.0,5.5,0,0,0,True
37001703,5.4,4.0,4.4,3.75,4.0,5.5,0,0,0,True
37001704,6.4,5.5,7.6,5.5,3.25,3.25,0,0,0,True
37001705,6.6,6.0,8.4,0,0,0,4.25,5.5,7.0,False
37001706,7.8,7.25,8.6,4.25,8.5,7.5,0,0,0,True
37001707,4.2,6.5,0,0,0,0,6.5,7.25,0,False
37001708,7.4,7.75,8.2,7.5,5.25,6.5,0,0,0,True
37001709,8.8,7.0,7.8,8.75,4.0,5.75,0,0,0,True
37001710,8.6,7.0,8.4,8.25,5.0,7.0,0,0,0,True
37001711,6.8,6.0,0,0,0,0,4.5,6.25,0,False
37001712,6.2,5.5,5.6,4.0,4.75,7.75,0,0,0,True
37001713,4.4,4.25,5.8,0,0,0,6.5,7.25,0,False
37001714,8.6,8.5,8.4,0,0,0,6.25,6.5,7.0,False
37001715,5.4,6.5,0,0,0,0,6.0,6.5,7.5,False
37001716,8.6,7.5,8.8,7.5,6.5,6.0,0,0,0,True
37001717,7.6,7.25,0,4.75,8.0,8.5,0,0,0,True
37001718,7.8,5.75,4.6,6.0,4.5,7.5,0,0,0,True
37001719,7.6,7.0,5.8,5.0,5.5,3.75,0,0,0,True
37001720,8.0,7.75,8.6,8.0,9.0,6.25,0,0,0,True
37001721,6.6,6.0,8.6,0,0,0,7.5,6.75,8.0,False
37001722,3.4,5.75,0,0,0,0,9.0,8.25,0,False
37001723,8.2,8.25,9.0,8.0,8.0,7.25,0,0,0,True
37001724,8.2,6.0,8.6,0,0,0,6.5,7.75,8.25,False
37001725,7.6,7.25,6.6,5.5,6.0,7.5,0,0,0,True
37001726,7.6,7.25,6.8,5.5,5.5,5.75,0,0,0,True
37001727,5.6,6.75,7.6,0,0,0,5.5,6.75,7.5,False
37001728,4.4,5.25,7.4,0,0,0,8.0,7.5,8.75,False
37001729,8.4,7.25,8.0,7.0,7.5,6.25,0,0,0,True
37001730,1.8,6.5,0,0,0,0,6.75,8.0,0,False
37001731,7.2,7.0,6.4,0,0,0,5.0,8.0,9.5,False
37001732,8.0,8.0,8.4,0,0,0,7.25,6.75,7.75,False
37001733,5.8,7.5,6.8,0,0,0,7.75,8.5,8.75,False
37001734,6.2,7.5,8.6,0,0,0,6.0,7.25,9.0,False
37001735,5.8,8.0,8.4,0,0,0,6.75,5.75,9.25,False
37001736,8.2,3.5,8.6,7.0,3.5,5.0,0,0,0,True
37001737,7.6,7.0,8.6,0,0,0,6.5,7.25,8.25,False
37001738,8.4,7.25,8.8,0,0,0,8.0,7.25,9.0,False
37001739,5.2,7.75,10.0,0,0,0,6.75,6.5,8.25,False
37001740,8.2,5.75,5.8,7.0,4.25,3.5,0,0,0,True
37001741,8.0,7.5,9.2,0,0,0,7.5,8.0,8.75,False
37001742,7.0,8.0,7.6,0,0,0,7.75,8.5,9.5,False
37001743,6.6,8.25,8.2,0,0,0,7.25,8.0,8.5,False
37001744,8.0,8.0,8.2,8.25,6.75,7.25,0,0,0,True
37001745,6.6,8.25,7.4,4.5,7.25,7.25,0,0,0,True
37001746,6.6,7.25,7.8,7.25,5.25,4.75,0,0,0,True
37001747,7.6,6.5,9.2,8.0,7.25,6.5,0,0,0,True
37001748,6.4,6.75,6.4,5.5,7.25,6.25,0,0,0,True
37001749,8.0,8.0,9.6,6.5,9.0,6.75,0,0,0,True
37001750,7.4,8.0,9.0,0,0,0,8.5,8.75,8.75,False
37001751,7.4,7.0,9.4,7.5,4.5,5.0,0,0,0,True
37001752,8.0,6.0,8.4,8.5,4.25,5.0,0,0,0,True
37001753,8.2,6.0,8.0,7.75,8.75,7.25,0,0,0,True
37001754,8.4,5.25,9.0,3.75,8.5,8.25,0,0,0,True
37001755,7.6,7.75,8.6,0,0,0,6.5,7.25,8.0,False
37001756,7.0,6.0,9.4,5.0,6.5,6.0,0,0,0,True
37001757,7.2,7.75,9.0,0,0,0,7.25,7.5,8.25,False
37001758,7.6,8.75,9.6,0,0,0,8.5,9.0,9.0,False
37001759,8.2,8.5,9.6,0,0,0,7.5,8.25,8.5,False
37001760,7.4,6.5,0,0,0,0,8.25,9.0,0,False
37001761,7.6,8.0,8.2,0,0,0,7.0,7.75,9.0,False
37001762,8.2,5.0,7.4,7.75,4.75,6.0,0,0,0,True
37001763,7.4,5.0,8.4,6.25,3.5,5.75,0,0,0,True
37001764,7.6,4.25,7.4,8.0,3.75,6.0,0,0,0,True
37001765,8.2,7.0,7.0,0,0,0,6.5,7.0,8.0,False
37001766,8.8,7.25,7.6,0,0,0,7.5,7.5,8.25,False
37001767,7.6,5.5,8.8,3.25,9.25,4.25,0,0,0,True
37001768,5.6,6.75,0,0,0,0,7.5,9.0,0,False
37001769,7.4,5.75,9.4,7.0,4.5,5.0,0,0,0,True
37001770,8.6,4.75,6.4,2.0,7.25,8.25,0,0,0,True
37001771,7.8,7.25,5.0,0,0,0,6.0,7.75,8.5,False
37001772,6.8,6.25,7.2,6.0,3.0,3.75,0,0,0,True
37001773,8.6,6.0,5.0,8.75,8.25,6.75,0,0,0,True
37001774,7.8,6.0,8.4,8.0,3.5,6.5,0,0,0,True
37001775,8.6,5.0,8.0,8.5,8.75,6.75,0,0,0,True
37001776,8.6,6.5,6.4,8.0,8.0,6.25,0,0,0,True
37001777,3.0,5.5,0,0,0,0,5.25,7.0,0,False
37001778,8.2,5.75,4.0,8.25,8.75,5.5,0,0,0,True
37001779,7.6,6.25,7.2,8.0,3.5,5.75,0,0,0,True
37001780,8.2,7.0,7.6,8.5,9.75,5.0,0,0,0,True
37001781,6.0,5.5,4.4,0,0,0,4.0,6.75,5.25,False
37001782,8.2,5.75,6.0,8.5,9.0,3.0,0,0,0,True
37001783,8.0,7.25,7.4,6.25,7.5,5.25,0,0,0,True
37001784,2.8,5.25,0,0,0,0,6.5,7.0,0,False
37001785,7.4,6.5,7.0,8.0,8.0,6.5,0,0,0,True
37001786,6.8,6.75,8.0,5.5,8.5,5.75,0,0,0,True
37001787,7.6,7.75,9.0,6.25,5.75,6.5,0,0,0,True
37001788,7.4,8.0,0,6.5,6.25,7.75,0,0,0,True
37001789,8.4,7.0,4.4,9.0,8.5,5.0,0,0,0,True
37001790,7.8,7.75,7.0,6.5,6.25,8.25,0,0,0,True
37001791,6.6,7.5,0,0,0,0,4.75,7.5,0,False
37001792,6.4,6.5,5.4,4.0,6.5,7.5,0,0,0,True
37001793,8.0,8.0,8.2,0,0,0,6.5,7.25,8.25,False
37001794,8.0,7.25,8.0,8.75,3.75,4.5,0,0,0,True
37001795,7.4,7.75,8.4,8.5,5.0,5.75,0,0,0,True
37001796,6.2,6.5,0,0,0,0,9.0,7.5,0,False
37001797,8.0,5.5,7.8,8.25,4.0,3.5,0,0,0,True
37001798,8.4,7.0,8.0,4.25,8.0,4.0,0,0,0,True
37001799,8.6,7.5,8.4,7.5,8.5,7.75,0,0,0,True
37001800,7.6,7.5,8.4,5.0,7.25,6.5,0,0,0,True
37001801,8.2,8.25,7.2,7.0,8.75,7.0,0,0,0,True
37001802,8.4,8.0,8.8,7.25,3.25,5.5,0,0,0,True
37001803,7.6,7.75,8.8,7.25,5.25,7.25,0,0,0,True
37001804,3.0,4.0,0,0,0,0,5.25,6.0,0,False
37001805,8.4,8.0,7.4,8.5,8.5,7.0,0,0,0,True
37001806,9.4,6.5,6.0,6.75,7.5,5.0,0,0,0,True
37001807,6.4,7.0,0,0,0,0,6.5,7.0,7.5,False
37001808,8.4,7.25,7.4,2.75,7.75,3.75,0,0,0,True
37001809,7.6,7.25,8.8,8.5,4.0,5.0,0,0,0,True
37001810,7.4,6.75,9.4,7.5,8.0,7.5,0,0,0,True
37001811,5.2,6.25,4.6,0,0,0,8.75,6.25,8.75,False
37001812,7.4,7.5,8.4,0,0,0,6.5,7.5,9.5,False
37001813,7.8,7.5,8.8,0,0,0,6.0,7.5,7.5,False
37001814,8.6,6.0,7.6,7.75,4.5,5.5,0,0,0,True
37001815,8.2,7.25,7.4,4.5,8.75,8.5,0,0,0,True
37001816,7.6,8.0,8.2,0,0,0,6.5,7.75,8.5,False
37001817,7.0,7.25,5.0,0,0,0,6.25,8.25,7.5,False
37001818,3.2,4.25,0,0,0,0,3.75,5.0,0,False
37001819,6.4,6.75,8.4,0,0,0,7.0,6.25,8.0,False
37001820,8.6,8.75,8.8,0,0,0,8.0,8.75,9.75,False
37001821,6.0,8.25,5.0,0,0,0,7.0,8.25,8.0,False
37001822,5.6,6.0,7.4,1.75,6.5,6.75,0,0,0,True
37001823,6.8,6.5,7.0,7.75,6.75,4.25,0,0,0,True
37001824,7.8,6.75,7.4,6.25,7.0,7.0,0,0,0,True
37001825,8.4,5.25,8.6,8.25,6.0,6.75,0,0,0,True
37001826,7.4,7.75,8.2,6.25,6.75,6.5,0,0,0,True
37001827,8.2,7.5,9.6,0,0,0,8.5,7.75,9.75,False
37001828,8.2,8.25,8.4,0,0,0,7.25,7.75,8.75,False
37001829,7.6,8.75,8.2,6.5,7.5,7.0,0,0,0,True
37001830,8.0,7.25,7.2,5.25,9.5,7.75,0,0,0,True
37001831,4.8,5.5,0,0,0,0,3.75,5.5,0,False
37001832,8.0,7.5,8.4,7.5,4.25,6.75,0,0,0,True
37001833,7.0,7.25,0,5.75,6.0,4.75,0,0,0,True
37001834,8.4,7.5,8.6,7.75,7.25,5.75,0,0,0,True
37001835,8.6,6.75,8.8,7.5,3.75,4.75,0,0,0,True
37001836,6.2,6.25,6.4,6.0,6.25,7.75,0,0,0,True
37001837,7.8,8.25,0,0,0,0,8.5,8.0,9.25,False
37001838,1.6,7.25,8.0,0,0,0,4.25,7.0,7.75,False
37001839,4.8,6.5,4.6,0,0,0,4.5,7.25,8.5,False
37001840,8.4,6.0,8.0,8.0,5.25,5.5,0,0,0,True
37001841,8.8,6.25,7.4,7.75,7.75,6.0,0,0,0,True
37001842,7.4,7.75,8.6,7.5,6.0,5.5,0,0,0,True
37001843,8.0,7.75,9.4,0,0,0,7.75,7.5,8.5,False
37001844,7.4,8.0,7.6,4.75,7.25,5.0,0,0,0,True
37001845,7.6,7.0,8.0,7.25,6.5,8.0,0,0,0,True
37001846,6.0,6.5,0,0,0,0,7.0,6.5,0,False
37001847,8.4,7.75,7.8,0,0,0,6.75,5.0,8.25,False
37001848,6.4,5.0,3.2,0,0,0,7.0,6.0,7.25,False
37001849,6.8,7.0,0,0,0,0,6.75,8.25,7.25,False
37001850,3.8,3.25,0,0,0,0,5.5,5.5,0,False
37001851,8.0,5.5,6.8,6.75,4.5,5.5,0,0,0,True
37001852,6.6,5.75,6.6,0,0,0,8.0,7.75,8.75,False
37001853,8.4,6.5,0,5.0,7.75,6.75,0,0,0,True
37001854,7.4,6.5,7.0,7.5,8.0,6.0,0,0,0,True
37001855,9.2,7.25,8.4,9.5,9.75,7.25,0,0,0,True
37001856,6.4,6.25,7.2,0,0,0,6.5,7.5,8.0,False
37001857,7.6,6.75,8.2,0,0,0,6.25,7.0,7.75,False
37001858,5.2,3.75,0,0,0,0,6.75,7.0,0,False
37001859,7.6,6.5,7.8,6.75,4.0,4.5,0,0,0,True
37001860,8.2,6.5,6.6,8.25,7.75,5.0,0,0,0,True
37001861,8.4,5.5,7.4,7.75,5.5,5.25,0,0,0,True
37001862,7.6,6.75,9.2,8.0,3.75,6.75,0,0,0,True
37001863,5.6,6.25,6.6,0,0,0,3.5,4.75,7.25,False
37001864,5.6,5.75,8.4,7.0,4.75,5.0,0,0,0,True
37001865,8.2,6.0,8.6,0,0,0,6.75,7.25,9.25,False
37001866,5.0,5.0,0,0,0,0,6.75,8.0,0,False
37001867,7.8,7.75,8.8,0,0,0,6.75,7.0,6.75,False
37001868,8.2,6.0,6.8,6.75,3.25,3.25,0,0,0,True
37001869,6.8,4.25,6.2,5.0,6.5,6.5,0,0,0,True
37001870,7.2,7.5,0,4.75,6.5,4.5,0,0,0,True
37001871,8.8,6.5,0,5.25,9.25,9.0,0,0,0,True
37001872,8.4,6.25,7.8,8.25,6.0,4.25,0,0,0,True
37001873,8.0,7.25,9.0,8.5,6.75,6.25,0,0,0,True
37001874,4.2,5.25,0,0,0,0,7.5,7.5,0,False
37001875,8.6,5.75,8.8,8.0,6.5,5.25,0,0,0,True
37001876,8.6,8.0,8.4,0,0,0,5.25,7.5,7.25,False
37001877,8.8,8.5,9.2,7.75,5.0,6.5,0,0,0,True
37001878,6.2,7.5,9.2,5.75,7.25,6.0,0,0,0,True
37001879,7.2,5.75,6.6,0,0,0,6.5,8.0,9.0,False
37001880,8.2,8.5,8.4,0,0,0,4.5,5.75,7.75,False
37001881,8.8,5.5,8.4,8.5,7.0,5.5,0,0,0,True
37001882,7.6,6.5,8.2,8.25,5.25,5.0,0,0,0,True
37001883,7.8,8.75,9.4,0,0,0,7.5,6.75,7.5,False
37001884,8.4,5.5,7.6,8.0,5.5,6.5,0,0,0,True
37001885,7.6,6.75,9.0,5.0,7.0,4.75,0,0,0,True
37001886,7.2,8.5,8.2,0,0,0,9.75,8.25,8.5,False
37001887,7.8,8.0,8.4,7.0,7.0,5.0,0,0,0,True
37001888,6.0,7.0,8.6,0,0,0,6.5,6.75,8.0,False
37001889,7.4,8.75,8.4,0,0,0,9.5,6.5,9.25,False
37001890,7.8,7.75,8.0,7.0,2.25,3.25,0,0,0,True
37001891,7.2,7.75,8.2,0,0,0,7.75,7.5,8.75,False
37001892,7.2,6.5,7.2,6.0,7.25,5.25,0,0,0,True
37001893,7.2,7.5,7.2,0,0,0,6.25,8.25,8.25,False
37001894,8.0,6.25,7.6,5.75,5.75,4.5,0,0,0,True
37001895,9.4,8.0,9.4,9.5,7.5,6.5,0,0,0,True
37001896,7.4,7.0,7.2,2.75,5.75,4.5,0,0,0,True
37001897,8.4,8.0,8.0,8.0,6.25,7.25,0,0,0,True
37001898,7.2,8.0,0,7.75,4.25,5.25,0,0,0,True
37001899,7.2,8.25,6.4,8.5,4.75,5.5,0,0,0,True
37001900,7.8,7.75,4.8,4.0,6.25,6.75,0,0,0,True
37001901,9.0,8.75,8.6,0,0,0,7.0,8.0,8.5,False
37001902,7.4,8.25,8.0,0,0,0,7.75,7.0,9.75,False
37001903,5.4,5.0,0,0,0,0,6.0,6.5,0,False
37001904,2.0,1.5,0,0,0,0,5.75,5.5,0,False
37001905,6.0,6.0,7.8,5.25,5.5,6.25,0,0,0,True
37001906,2.4,5.0,0,0,0,0,3.75,5.25,0,False
37001907,7.8,7.0,8.8,8.25,3.75,6.5,0,0,0,True
37001908,7.4,7.25,9.8,0,0,0,7.25,8.0,8.75,False
37001909,7.8,6.25,7.0,4.0,6.75,5.75,0,0,0,True
37001910,7.6,7.0,6.8,6.25,4.75,4.75,0,0,0,True
37001911,7.2,5.0,4.6,0,0,0,8.0,7.25,8.5,False
37001912,7.0,6.5,7.6,0,0,0,8.25,9.25,8.5,False
37001913,7.8,8.75,9.2,0,0,0,6.25,7.5,8.5,False
37001914,8.8,6.0,9.2,8.0,8.5,7.0,0,0,0,True
37001915,8.6,6.5,8.6,8.0,7.25,4.5,0,0,0,True
37001916,2.6,6.0,0,0,0,0,6.0,6.0,0,False
37001917,7.8,6.5,4.6,8.0,7.5,5.0,0,0,0,True
37001918,3.0,6.5,0,0,0,0,6.5,6.25,0,False
37001919,7.4,5.5,8.6,6.75,5.25,6.0,0,0,0,True
37001920,8.4,5.75,8.6,8.75,4.5,7.75,0,0,0,True
37001921,9.0,6.5,9.0,8.5,8.75,6.5,0,0,0,True
37001922,3.4,3.75,0,0,0,0,4.25,6.0,0,False
37001923,8.4,8.0,8.8,0,0,0,8.25,8.0,9.25,False
37001924,8.0,7.0,8.6,7.75,7.25,6.75,0,0,0,True
37001925,7.4,7.5,7.6,8.75,6.75,7.25,0,0,0,True
37001926,7.0,7.75,7.2,7.25,7.25,5.0,0,0,0,True
37001927,8.4,3.5,9.0,9.25,3.75,5.0,0,0,0,True
37001928,6.0,5.5,6.0,0,0,0,6.25,5.0,8.75,False
37001929,5.8,5.5,0,5.25,5.5,6.5,0,0,0,True
37001930,8.4,6.5,0,8.75,8.75,7.75,0,0,0,True
37001931,7.0,4.25,3.8,4.75,4.5,3.25,0,0,0,True
37001932,8.6,5.0,9.2,8.5,4.0,7.5,0,0,0,True
37001933,8.0,6.75,8.8,9.25,5.5,6.25,0,0,0,True
37001934,3.4,5.25,0,0,0,0,4.25,6.0,0,False
37001935,5.8,5.25,5.4,0,0,0,6.75,6.25,7.75,False
37001936,7.8,8.5,5.2,0,0,0,5.5,8.0,8.25,False
37001937,6.6,7.25,5.4,5.25,5.25,6.25,0,0,0,True
37001938,5.6,4.5,6.8,0,0,0,7.0,6.25,7.75,False
37001939,7.4,4.75,0,0,0,0,5.25,5.25,0,False
37001940,8.0,8.0,7.2,0,0,0,8.25,9.0,8.5,False
37001941,7.6,8.0,9.0,0,0,0,6.0,8.25,8.75,False
37001942,7.2,8.25,9.6,0,0,0,6.25,7.0,9.5,False
37001943,8.0,7.5,9.4,8.5,6.5,6.0,0,0,0,True
37001944,7.2,7.25,6.2,4.25,7.75,5.75,0,0,0,True
37001945,6.0,5.5,0,0,0,0,7.75,7.5,0,False
37001946,6.2,6.75,0,0,0,0,8.0,8.75,0,False
37001947,7.8,7.5,9.2,8.0,8.5,7.75,0,0,0,True
37001948,6.0,4.75,0,0,0,0,6.0,5.75,0,False
37001949,9.2,7.0,6.6,8.25,8.5,5.5,0,0,0,True
37001950,7.6,5.5,0,0,0,0,8.75,8.75,0,False
37001951,4.0,2.5,0,0,0,0,5.0,6.25,0,False
37001952,8.8,5.5,9.6,0,0,0,7.25,8.5,9.0,False
37001953,2.8,2.5,0,0,0,0,5.5,6.5,0,False
37001954,8.0,5.75,8.6,3.5,8.0,4.0,0,0,0,True
37001955,7.4,7.0,7.8,5.25,5.0,6.5,0,0,0,True
37001956,7.8,7.0,7.2,0,0,0,6.0,6.25,7.75,False
37001957,8.2,6.5,6.8,7.75,4.0,5.5,0,0,0,True
37001958,8.0,8.5,8.2,3.25,6.25,6.5,0,0,0,True
37001959,6.8,6.75,6.2,0,0,0,5.5,6.25,8.25,False
37001960,7.0,6.0,8.2,7.0,3.5,5.75,0,0,0,True
37001961,4.0,6.5,0,0,0,0,5.75,7.25,0,False
37001962,6.6,5.5,0,0,0,0,6.0,7.0,0,False
37001963,6.4,5.0,0,0,0,0,7.25,7.0,0,False
37001964,6.0,5.25,0,0,0,0,6.25,5.75,0,False
37001965,6.4,7.5,6.2,0,0,0,6.75,7.0,8.0,False
37001966,9.0,5.5,9.2,9.0,7.25,7.0,0,0,0,True
37001967,8.4,8.25,9.6,0,0,0,6.25,7.5,9.5,False
37001968,6.6,5.75,5.6,3.75,6.75,6.0,0,0,0,True
37001969,7.0,5.75,7.0,6.5,4.75,5.25,0,0,0,True
37001970,8.2,7.75,8.2,7.25,5.0,4.75,0,0,0,True
37001971,7.8,8.5,9.0,0,0,0,7.0,8.0,8.75,False
37001972,4.4,7.25,0,0,0,0,6.0,7.0,0,False
37001973,8.6,8.0,8.8,9.0,8.0,8.25,0,0,0,True
37001974,5.6,5.0,7.6,5.75,4.25,7.25,0,0,0,True
37001975,7.6,8.0,7.0,5.25,6.5,6.0,0,0,0,True
37001976,8.2,7.5,0,0,0,0,7.5,7.0,9.0,False
37001977,8.0,8.0,6.6,0,0,0,5.5,6.5,7.75,False
37001978,7.4,7.75,6.4,0,0,0,6.5,7.25,8.5,False
37001979,7.2,8.0,0,0,0,0,8.0,7.0,8.75,False
37001980,8.2,8.0,0,0,0,0,9.0,9.75,8.5,False
37001981,7.0,5.0,6.0,7.0,6.0,6.25,0,0,0,True
37001982,8.2,7.0,8.6,8.0,5.5,7.25,0,0,0,True
37001983,8.0,7.0,7.8,7.5,7.75,7.5,0,0,0,True
37001984,7.8,7.0,8.4,0,0,0,7.5,8.75,8.0,False
37001985,6.2,6.75,7.2,0,0,0,6.5,8.0,8.0,False
37001986,8.8,7.25,8.2,9.25,4.25,6.0,0,0,0,True
37001987,8.6,7.25,7.2,7.75,4.75,6.25,0,0,0,True
37001988,8.6,7.25,8.2,8.0,6.5,7.25,0,0,0,True
37001989,4.4,3.25,0,0,0,0,4.5,4.75,0,False
37001990,8.4,6.75,8.0,8.25,8.0,7.25,0,0,0,True
37001991,4.4,6.75,5.4,0,0,0,4.25,6.5,8.0,False
37001992,6.0,4.0,5.2,0,0,0,4.5,5.0,6.25,False
37001993,7.4,7.25,7.2,8.0,5.0,7.25,0,0,0,True
37001994,8.8,7.25,8.2,7.5,5.75,6.75,0,0,0,True
37001995,6.2,5.5,3.0,0,0,0,3.5,6.5,6.75,False
37001996,5.8,4.0,0,0,0,0,6.5,6.0,0,False
37001997,7.8,5.75,8.2,3.25,3.5,5.25,0,0,0,True
37001999,8.2,7.75,6.2,7.75,7.5,5.75,0,0,0,True
37002000,6.4,6.5,9.2,6.25,7.0,7.75,0,0,0,True
37002001,5.4,6.5,9.2,4.25,5.0,5.75,0,0,0,True
37002002,9.2,7.0,8.2,8.75,8.75,3.75,0,0,0,True
37002003,7.2,7.5,7.8,8.25,5.0,5.0,0,0,0,True
37002004,6.6,5.75,7.6,0,0,0,5.5,6.25,5.75,False
37002005,5.6,5.25,3.8,0,0,0,5.25,5.5,8.25,False
37002006,4.0,5.75,0,0,0,0,5.5,5.0,0,False
37002007,6.6,6.25,0,6.5,3.75,6.0,0,0,0,True
37002008,6.8,7.75,4.2,0,0,0,8.0,7.5,8.75,False
37002009,8.6,6.75,7.6,0,0,0,5.25,7.5,7.75,False
37002010,6.8,5.25,5.2,0,0,0,6.75,5.5,6.75,False
37002011,4.2,4.25,0,0,0,0,5.75,5.0,0,False
37002012,6.8,7.5,0,7.75,4.0,5.75,0,0,0,True
37002013,7.0,6.75,5.8,0,0,0,4.5,6.25,7.75,False
37002014,8.0,7.5,8.8,0,0,0,8.25,8.0,9.5,False
37002015,5.6,5.75,0,0,0,0,5.75,5.75,0,False
37002016,7.4,7.25,5.4,5.75,7.25,5.5,0,0,0,True
37002017,8.2,7.5,6.6,7.0,9.0,6.75,0,0,0,True
37002018,8.0,7.0,8.4,8.5,9.5,8.25,0,0,0,True
37002019,3.6,6.0,0,0,0,0,4.25,6.25,0,False
37002020,3.0,6.5,0,0,0,0,6.5,5.5,0,False
37002021,7.0,5.0,5.0,0,0,0,5.0,5.25,6.25,False
37002022,7.0,8.25,5.8,0,0,0,5.75,7.5,7.25,False
37002023,8.0,5.5,0,5.25,3.5,5.75,0,0,0,True
37002024,8.8,7.25,8.4,7.25,8.75,4.75,0,0,0,True
37002025,7.2,7.75,7.2,0,0,0,6.5,7.0,7.75,False
37002026,7.6,8.0,8.8,0,0,0,7.25,8.25,9.5,False
37002027,7.6,7.0,6.4,0,0,0,6.5,8.5,8.0,False
37002028,5.2,7.0,0,0,0,0,5.0,6.5,0,False
37002029,6.4,6.0,8.2,7.75,6.25,6.5,0,0,0,True
37002030,7.6,6.5,8.6,8.5,5.25,5.0,0,0,0,True
37002031,7.2,7.75,6.6,0,0,0,5.75,7.5,7.5,False
37002032,4.8,5.5,4.4,0,0,0,4.75,6.0,6.5,False
37002033,6.2,4.25,0,0,0,0,7.5,6.5,0,False
37002034,7.2,6.75,4.8,5.25,7.5,5.25,0,0,0,True
37002035,6.2,5.75,0,0,0,0,6.75,6.5,0,False
37002036,6.4,5.0,0,0,0,0,7.25,6.75,0,False
37002037,8.8,5.25,9.4,4.0,9.5,8.75,0,0,0,True
37002038,7.0,4.5,2.4,5.75,6.0,5.75,0,0,0,True
37002039,6.6,6.0,0,0,0,0,5.5,5.25,6.75,False
37002040,6.6,5.75,6.0,4.25,7.0,7.25,0,0,0,True
37002041,7.4,7.25,5.6,6.25,2.75,4.0,0,0,0,True
37002042,3.6,6.25,0,0,0,0,5.75,5.75,0,False
37002043,5.8,6.75,0,0,0,0,6.5,6.75,0,False
37002044,7.6,8.0,8.6,8.5,6.25,6.75,0,0,0,True
37002045,8.0,8.0,4.2,0,0,0,7.5,8.25,8.75,False
37002046,4.0,6.25,0,0,0,0,5.0,7.0,0,False
37002047,8.4,7.5,8.0,8.25,4.75,4.25,0,0,0,True
37002048,6.0,7.0,4.4,0,0,0,5.25,6.25,7.25,False
37002049,8.2,8.25,6.6,0,0,0,6.5,8.0,9.5,False
37002050,8.0,8.0,8.2,8.25,6.25,6.25,0,0,0,True
37002051,7.4,9.0,7.8,0,0,0,7.25,6.75,7.5,False
37002052,8.4,9.0,8.4,0,0,0,7.75,8.25,8.5,False
37002053,7.6,8.0,7.8,0,0,0,7.25,8.5,9.5,False
37002054,6.2,7.0,6.2,0,0,0,6.5,7.75,9.25,False
37002055,7.8,8.0,8.6,4.25,8.75,6.0,0,0,0,True
37002056,7.8,8.25,9.4,0,0,0,7.5,7.0,8.0,False
37002057,8.0,7.25,8.8,5.25,8.0,6.25,0,0,0,True
37002058,7.4,8.5,9.2,0,0,0,7.0,7.0,9.0,False
37002059,8.6,7.5,8.8,8.25,7.0,6.5,0,0,0,True
37002060,8.0,5.25,6.2,8.0,8.25,5.5,0,0,0,True
37002061,8.0,7.75,8.4,0,0,0,7.75,9.5,9.5,False
37002062,7.8,7.5,7.8,8.0,3.75,5.75,0,0,0,True
37002063,8.0,8.5,8.0,8.25,8.0,7.5,0,0,0,True
37002064,8.2,8.25,9.0,7.25,4.5,5.5,0,0,0,True
37002065,7.2,7.25,7.4,4.0,5.75,6.75,0,0,0,True
37002066,8.2,6.75,6.6,6.0,6.75,6.75,0,0,0,True
37002067,5.8,5.5,0,0,0,0,5.25,5.5,0,False
37002068,6.2,5.25,0,0,0,0,7.75,6.5,0,False
37002069,8.4,8.5,7.8,0,0,0,6.75,7.75,7.75,False
37002070,5.2,5.75,3.8,0,0,0,5.5,5.75,7.5,False
37002071,7.6,6.25,8.4,8.0,6.75,6.0,0,0,0,True
37002072,6.6,4.25,0,0,0,0,6.5,6.75,0,False
37002073,7.8,6.25,8.2,7.0,6.5,6.5,0,0,0,True
37002074,7.2,8.0,7.6,8.0,6.75,7.75,0,0,0,True
37002075,7.2,8.0,8.0,7.25,5.25,7.0,0,0,0,True
37002076,2.0,5.5,0,0,0,0,5.25,5.25,0,False
37002077,8.8,6.75,6.8,9.25,6.0,5.0,0,0,0,True
37002078,2.2,5.25,0,0,0,0,6.0,6.25,0,False
37002079,8.2,7.5,8.2,8.0,9.0,6.75,0,0,0,True
37002080,8.0,6.0,8.8,7.75,6.5,4.75,0,0,0,True
37002081,8.0,6.75,8.4,6.25,7.5,6.75,0,0,0,True
37002082,6.0,7.5,6.0,5.25,7.5,5.5,0,0,0,True
37002083,7.4,7.5,8.2,0,0,0,6.5,8.5,8.5,False
37002084,7.6,7.25,9.0,5.5,7.0,6.25,0,0,0,True
37002085,8.2,7.25,8.4,6.25,9.5,6.75,0,0,0,True
37002086,8.8,5.5,9.6,7.25,6.5,6.25,0,0,0,True
37002087,7.6,8.25,5.6,7.0,7.0,8.25,0,0,0,True
37002088,8.8,7.5,9.2,8.25,6.75,7.0,0,0,0,True
37002089,7.6,8.75,7.8,0,0,0,6.5,6.75,7.25,False
37002090,6.4,5.25,0,0,0,0,7.25,5.25,0,False
37002091,6.2,5.25,0,0,0,0,5.75,7.25,0,False
37002092,8.0,8.5,7.2,0,0,0,7.0,7.75,8.0,False
37002093,8.0,7.75,9.0,7.25,6.0,5.5,0,0,0,True
37002094,8.8,6.75,7.8,5.5,7.75,6.25,0,0,0,True
37002095,7.2,8.0,8.0,0,0,0,9.0,6.75,8.75,False
37002096,8.8,8.25,8.0,7.0,9.0,8.5,0,0,0,True
37002097,8.2,8.0,7.2,5.75,7.5,7.0,0,0,0,True
37002098,8.2,8.25,7.4,8.25,5.0,5.5,0,0,0,True
37002099,7.6,8.25,8.4,7.75,7.25,7.0,0,0,0,True
37002100,5.2,8.5,6.4,0,0,0,7.25,7.75,9.25,False
37002101,7.8,8.0,9.6,6.25,8.75,8.0,0,0,0,True
37002102,8.4,7.5,9.0,7.5,8.0,6.25,0,0,0,True
37002103,8.4,7.25,6.4,7.5,8.5,3.25,0,0,0,True
37002104,7.0,7.25,9.6,5.25,6.5,5.75,0,0,0,True
37002105,6.0,6.75,4.2,0,0,0,5.0,5.25,7.5,False
37002106,7.6,6.5,7.8,7.0,4.0,5.75,0,0,0,True
37002107,6.0,6.75,5.6,0,0,0,5.25,6.25,7.5,False
37002108,5.6,6.75,9.4,0,0,0,7.25,7.5,8.25,False
37002109,7.8,7.5,8.6,7.75,6.25,6.0,0,0,0,True
37002110,6.6,7.25,7.4,7.0,6.25,6.0,0,0,0,True
37002111,8.0,7.5,9.4,9.25,4.25,6.5,0,0,0,True
37002112,6.6,7.25,7.6,5.75,6.5,7.25,0,0,0,True
37002113,7.4,5.75,5.8,5.75,6.5,6.0,0,0,0,True
37002114,7.2,6.75,7.4,8.5,3.75,5.25,0,0,0,True
37002115,8.4,6.0,4.0,8.5,4.0,6.5,0,0,0,True
37002116,8.2,9.0,7.8,6.75,5.75,5.25,0,0,0,True
37002117,6.4,7.0,7.6,7.5,3.25,5.25,0,0,0,True
37002118,8.6,8.5,0,0,0,0,7.5,9.25,9.0,False
37002119,6.2,6.0,3.2,0,0,0,6.5,5.25,7.5,False
37002120,7.8,5.5,0,7.75,7.75,5.75,0,0,0,True
37002121,7.8,6.25,8.6,7.75,6.0,7.0,0,0,0,True
37002122,8.4,5.5,7.0,9.0,9.25,7.25,0,0,0,True
37002123,7.6,6.25,7.6,9.25,8.75,5.0,0,0,0,True
37002124,6.0,4.75,0,0,0,0,7.0,7.5,0,False
37002125,5.2,2.75,4.6,0,0,0,5.0,5.0,7.0,False
37002126,6.8,7.0,7.0,0,0,0,8.0,7.5,9.5,False
37002127,8.0,4.5,7.8,7.75,2.75,2.5,0,0,0,True
37002128,7.0,5.0,6.0,6.25,7.25,8.5,0,0,0,True
37002129,5.4,6.25,0,0,0,0,6.75,7.0,0,False
37002130,2.2,4.25,0,0,0,0,4.5,7.25,0,False
37002131,6.0,7.75,8.0,0,0,0,4.75,6.0,6.75,False
37002132,5.4,8.75,7.8,0,0,0,9.5,8.75,8.75,False
37002133,2.8,5.75,0,0,0,0,5.25,5.25,0,False
37002134,6.6,6.0,5.4,6.5,2.75,7.5,0,0,0,True
37002135,6.8,6.75,8.0,0,0,0,6.75,7.25,9.0,False
37002136,8.8,7.5,8.8,0,0,0,9.75,9.5,9.0,False
37002137,8.2,5.0,9.0,6.75,5.75,4.75,0,0,0,True
37002138,5.8,7.5,8.4,6.0,5.0,6.25,0,0,0,True
37002139,3.0,4.0,0,0,0,0,4.25,6.75,0,False
37002140,7.4,8.0,7.6,0,0,0,9.75,9.75,9.25,False
37002141,9.4,7.25,8.6,8.5,8.25,7.75,0,0,0,True
37002142,6.8,6.5,4.4,3.75,3.25,6.0,0,0,0,True
37002143,8.2,6.5,9.0,0,0,0,5.5,6.5,8.0,False
37002144,8.0,5.5,8.4,8.75,7.5,5.75,0,0,0,True
37002145,7.6,7.0,8.8,6.25,6.25,4.5,0,0,0,True
37002146,7.0,3.5,7.4,6.25,4.75,3.5,0,0,0,True
37002147,8.0,6.25,8.4,8.25,4.75,5.75,0,0,0,True
37002148,7.0,7.0,8.0,5.0,5.0,5.75,0,0,0,True
37002149,7.2,7.25,7.2,7.25,5.25,5.5,0,0,0,True
37002150,6.2,5.0,6.8,3.75,7.25,5.5,0,0,0,True
37002152,6.6,7.0,0,0,0,0,8.75,9.0,0,False
37002153,5.4,5.0,0,0,0,0,6.0,6.75,0,False
37002154,4.4,4.5,0,0,0,0,8.5,7.75,0,False
37002155,6.6,7.25,7.4,0,0,0,6.0,7.0,6.75,False
37002156,7.8,6.5,9.4,8.75,4.0,5.5,0,0,0,True
37002157,7.8,6.0,7.8,6.75,7.5,4.75,0,0,0,True
37002158,7.6,4.5,7.2,4.75,6.75,4.5,0,0,0,True
37002159,6.6,7.75,9.4,4.75,5.0,6.5,0,0,0,True
37002160,7.2,8.0,8.6,0,0,0,6.75,7.25,8.25,False
37002161,8.4,7.5,8.8,7.75,6.25,6.25,0,0,0,True
37002162,6.6,7.0,0,0,0,0,6.5,7.25,8.0,False
37002163,5.6,8.0,8.8,0,0,0,5.5,7.5,9.0,False
37002164,7.8,8.25,8.0,0,0,0,7.0,8.0,8.5,False
37002165,6.0,4.5,0,0,0,0,6.75,7.0,0,False
37002166,8.6,7.0,7.4,8.0,6.25,6.75,0,0,0,True
37002167,7.2,8.25,7.6,0,0,0,9.5,9.5,9.25,False
37002168,5.6,7.5,9.0,0,0,0,6.25,7.5,8.75,False
37002169,8.6,8.0,8.4,7.5,4.5,6.75,0,0,0,True
37002170,8.2,3.5,8.4,9.25,4.75,5.25,0,0,0,True
37002171,3.4,4.25,0,0,0,0,4.0,6.0,0,False
37002172,2.2,6.25,0,0,0,0,6.25,5.25,0,False
37002173,6.8,7.75,8.2,0,0,0,5.75,7.5,7.75,False
37002174,7.0,4.25,0,0,0,0,4.25,5.25,0,False
37002175,8.8,5.0,9.8,8.5,8.0,4.75,0,0,0,True
37002176,7.6,7.0,5.8,5.0,5.25,6.0,0,0,0,True
37002177,8.8,5.5,8.6,8.75,9.5,7.5,0,0,0,True
37002178,5.6,7.0,6.8,0,0,0,5.0,6.75,8.25,False
37002179,8.0,7.25,8.4,8.25,7.75,8.25,0,0,0,True
37002180,6.8,6.0,4.4,6.25,5.0,6.0,0,0,0,True
37002181,7.2,5.75,7.8,7.5,5.0,5.0,0,0,0,True
37002182,8.2,7.25,8.2,6.25,2.25,4.25,0,0,0,True
37002183,5.8,7.25,7.4,0,0,0,7.25,8.25,8.0,False
37002184,6.8,5.75,7.4,0,0,0,4.75,5.75,8.25,False
37002185,8.2,7.0,3.6,6.25,6.75,4.75,0,0,0,True
37002186,8.4,7.5,8.8,7.75,5.5,5.0,0,0,0,True
37002187,8.0,7.5,8.6,5.75,5.0,5.75,0,0,0,True
37002188,8.8,6.75,8.0,6.75,9.5,6.75,0,0,0,True
37002189,7.0,7.0,6.0,0,0,0,5.5,5.0,8.0,False
37002190,7.4,6.5,8.6,5.5,8.0,8.25,0,0,0,True
37002191,8.4,6.0,7.8,8.75,8.25,4.5,0,0,0,True
37002192,8.0,8.0,6.8,8.5,7.25,7.75,0,0,0,True
37002193,7.6,8.0,7.4,0,0,0,5.5,7.25,8.25,False
37002194,7.8,6.75,7.0,7.25,6.5,5.5,0,0,0,True
37002195,8.4,8.75,7.6,7.5,6.25,5.75,0,0,0,True
37002196,7.6,7.75,8.0,0,0,0,5.75,5.5,7.75,False
37002197,8.6,5.75,8.6,6.5,9.5,6.0,0,0,0,True
37002198,5.8,7.25,7.8,4.5,4.0,3.25,0,0,0,True
37002199,7.8,7.75,9.0,6.75,8.5,8.75,0,0,0,True
37002200,3.6,3.0,0,0,0,0,4.25,4.0,0,False
37002201,6.2,3.25,7.8,0,0,0,5.25,5.0,6.25,False
37002202,6.8,6.25,9.0,8.0,5.0,4.0,0,0,0,True
37002203,7.0,7.75,8.8,0,0,0,6.0,7.5,9.0,False
37002204,7.6,8.0,8.2,8.0,8.5,6.25,0,0,0,True
37002205,7.4,7.0,7.4,7.25,6.5,6.25,0,0,0,True
37002206,8.0,8.0,9.4,8.0,7.75,6.75,0,0,0,True
37002207,6.8,6.75,7.6,5.75,4.75,5.5,0,0,0,True
37002208,6.0,6.5,6.0,5.0,7.0,4.5,0,0,0,True
37002209,6.8,6.5,3.8,0,0,0,8.0,8.25,8.75,False
37002210,8.6,7.0,3.6,8.75,9.0,6.5,0,0,0,True
37002211,8.0,6.0,4.2,0,0,0,6.0,4.75,6.0,False
37002212,6.4,5.75,6.6,0,0,0,5.5,7.5,8.0,False
37002213,7.2,5.25,3.4,6.5,7.25,4.75,0,0,0,True
37002214,8.2,8.5,6.0,4.75,6.75,5.75,0,0,0,True
37002215,6.4,5.5,4.8,0,0,0,7.5,7.0,6.75,False
37002216,6.0,5.5,5.6,5.25,7.75,4.75,0,0,0,True
37002217,6.6,8.25,4.0,0,0,0,8.25,7.0,8.5,False
37002218,6.0,5.0,6.0,0,0,0,8.25,6.5,7.0,False
37002219,7.6,6.5,7.0,4.75,6.5,5.5,0,0,0,True
37002220,7.0,7.75,7.6,7.25,7.75,5.0,0,0,0,True
37002221,7.2,7.5,6.8,0,0,0,8.75,7.75,8.5,False
37002222,7.0,5.75,8.2,0,0,0,6.75,8.0,8.5,False
37002223,5.0,3.25,4.2,0,0,0,5.75,4.25,7.0,False
37002224,7.6,5.75,6.0,9.25,8.0,5.25,0,0,0,True
37002225,7.6,7.25,4.0,6.75,8.25,6.0,0,0,0,True
37002226,6.0,8.25,6.8,0,0,0,6.0,5.75,8.25,False
37002227,6.4,6.0,6.2,6.25,7.5,6.0,0,0,0,True
37002228,7.4,6.75,5.8,6.75,7.5,6.25,0,0,0,True
37002229,6.6,6.5,6.2,0,0,0,6.0,6.75,7.5,False
37002230,7.4,8.0,6.6,6.0,5.5,6.75,0,0,0,True
37002231,7.8,6.0,6.6,6.5,6.25,4.75,0,0,0,True
37002232,7.6,6.0,7.0,7.0,5.25,5.75,0,0,0,True
37002233,7.0,4.25,5.0,0,0,0,4.75,2.75,6.5,False
37002234,7.8,6.0,6.0,0,0,0,6.25,7.0,7.75,False
37002235,8.0,7.25,4.4,7.5,8.0,5.75,0,0,0,True
37002236,7.6,5.75,9.0,3.0,5.75,6.0,0,0,0,True
37002237,7.6,7.5,6.8,3.0,7.5,7.75,0,0,0,True
37002238,8.0,7.25,7.8,7.5,8.0,7.0,0,0,0,True
37002239,6.4,5.25,6.0,0,0,0,5.75,5.0,7.5,False
37002240,7.6,6.25,6.4,0,0,0,7.5,7.25,8.5,False
37002241,7.8,8.0,7.6,0,0,0,6.75,7.25,9.0,False
37002242,4.0,1.75,7.6,0,0,0,2.25,3.5,6.0,False
37002243,6.4,6.75,3.8,0,0,0,5.75,7.5,8.25,False
37002244,7.8,7.25,6.4,7.75,6.25,6.5,0,0,0,True
37002245,8.6,5.25,3.6,7.5,8.0,6.0,0,0,0,True
37002246,7.2,5.25,5.0,0,0,0,7.25,8.0,9.0,False
37002247,6.6,5.75,4.4,0,0,0,5.25,4.75,7.25,False
37002248,6.2,5.25,4.2,7.25,6.75,4.0,0,0,0,True
37002249,6.2,5.25,3.2,0,0,0,5.5,4.75,6.5,False
37002250,7.8,8.0,7.2,7.0,7.25,7.0,0,0,0,True
37002251,6.4,7.0,5.4,0,0,0,6.75,8.0,9.0,False
37002252,8.0,8.25,8.2,5.75,6.5,5.75,0,0,0,True
37002253,5.4,7.0,6.4,0,0,0,3.0,4.5,6.75,False
37002254,7.6,7.0,9.0,0,0,0,6.0,7.5,7.75,False
37002255,6.2,3.5,6.0,0,0,0,4.75,4.75,6.0,False
37002256,7.6,6.75,5.8,6.5,7.0,7.0,0,0,0,True
37002257,5.0,7.0,4.8,0,0,0,6.5,6.75,8.75,False
37002258,8.0,8.0,8.6,0,0,0,9.5,7.5,10.0,False
37002259,6.8,8.5,8.8,0,0,0,9.0,6.5,9.25,False
37002260,5.8,8.5,7.8,0,0,0,9.5,8.0,9.0,False
37002261,5.2,7.5,4.4,0,0,0,7.0,7.25,7.25,False
37002262,8.2,8.0,8.0,6.25,9.25,7.75,0,0,0,True
37002263,5.6,6.5,5.8,4.0,6.25,4.75,0,0,0,True
37002264,7.2,6.5,7.6,6.75,7.5,5.25,0,0,0,True
37002265,8.4,7.0,9.0,4.75,5.0,5.0,0,0,0,True
37002266,7.4,6.25,8.4,6.75,4.25,6.5,0,0,0,True
37002267,7.4,7.75,9.0,6.5,7.0,6.0,0,0,0,True
37002268,4.6,6.25,2.4,0,0,0,6.5,7.25,8.5,False
37002269,5.4,8.0,4.8,0,0,0,6.75,7.25,7.75,False
37002270,8.2,8.0,6.6,0,0,0,8.75,7.25,9.25,False
37002271,6.6,7.25,5.2,0,0,0,6.25,4.0,7.75,False
37002272,5.4,7.25,4.2,0,0,0,2.0,5.25,8.0,False
37002273,6.6,8.25,6.6,0,0,0,6.5,6.5,8.0,False
37002274,6.6,8.5,7.0,0,0,0,8.5,9.0,9.25,False
37002275,8.0,7.5,7.0,8.25,9.0,4.0,0,0,0,True
37002276,7.6,8.0,6.2,0,0,0,6.5,7.25,8.75,False
37002277,6.0,7.25,5.4,0,0,0,7.0,7.0,9.0,False
37002278,6.8,7.0,7.0,0,0,0,6.25,5.0,8.75,False
37002279,6.2,7.0,5.0,0,0,0,8.0,7.25,8.0,False
37002280,5.0,8.0,5.4,0,0,0,7.75,8.75,9.5,False
37002281,7.8,7.75,8.8,8.0,8.25,6.5,0,0,0,True
37002282,7.2,8.0,6.6,7.25,7.75,5.25,0,0,0,True
37002283,7.8,7.75,6.2,6.0,8.0,6.25,0,0,0,True
37002284,6.8,6.0,6.2,0,0,0,7.5,8.25,9.0,False
37002285,8.2,5.75,5.6,7.75,7.5,4.75,0,0,0,True
37002286,7.6,5.5,2.6,0,0,0,6.75,7.25,7.0,False
37002287,8.4,6.5,5.0,8.0,8.25,6.0,0,0,0,True
37002288,7.2,5.25,5.2,5.5,3.0,4.5,0,0,0,True
37002289,5.4,5.0,4.2,0,0,0,6.5,6.25,6.0,False
37002290,8.8,7.75,4.6,8.5,9.75,6.0,0,0,0,True
37002291,7.6,6.25,4.8,0,0,0,8.0,7.5,8.25,False
37002292,8.2,8.25,8.0,8.0,4.25,6.0,0,0,0,True
37002293,6.4,6.75,5.2,0,0,0,6.0,5.75,8.25,False
37002294,7.0,6.0,4.6,0,0,0,7.0,6.0,7.5,False
37002295,8.0,6.25,6.8,4.75,8.5,6.25,0,0,0,True
37002296,6.8,6.75,5.4,0,0,0,6.25,7.25,8.0,False
37002297,6.2,6.25,4.6,0,0,0,5.5,6.5,7.5,False
37002299,5.2,7.0,6.8,0,0,0,4.5,5.25,7.25,False
37002300,6.6,7.75,6.4,0,0,0,7.25,7.25,7.75,False
37002301,8.4,8.0,6.2,7.75,9.0,6.25,0,0,0,True
37002302,5.8,8.0,4.0,0,0,0,6.0,5.5,7.0,False
37002303,4.8,1.25,5.4,0,0,0,2.0,5.0,5.5,False
37002304,7.0,6.75,6.6,4.5,8.75,6.0,0,0,0,True
37002305,7.0,5.5,5.2,4.0,6.5,3.75,0,0,0,True
37002306,8.2,6.0,4.8,7.75,9.0,4.25,0,0,0,True
37002307,8.2,7.75,7.4,8.5,6.25,7.0,0,0,0,True
37002308,5.6,7.25,5.4,3.75,5.0,5.0,0,0,0,True
37002309,4.8,7.5,8.0,0,0,0,5.75,6.0,8.0,False
37002310,6.4,6.25,2.8,0,0,0,7.25,7.75,6.75,False
37002311,7.4,5.0,3.6,6.5,6.75,5.5,0,0,0,True
37002312,5.0,6.5,4.4,0,0,0,6.25,7.0,6.25,False
37002313,5.6,6.75,4.4,0,0,0,6.5,6.75,8.0,False
37002314,8.2,6.75,7.8,8.25,7.5,7.5,0,0,0,True
37002315,8.0,5.75,4.6,8.0,6.75,5.75,0,0,0,True
37002316,8.0,8.0,9.2,0,0,0,6.5,7.0,7.75,False
37002317,8.2,5.75,4.6,8.0,8.0,6.0,0,0,0,True
37002318,7.8,5.0,6.8,6.25,3.25,5.75,0,0,0,True
37002319,8.6,7.5,5.6,9.0,9.25,8.5,0,0,0,True
37002320,6.4,6.0,3.0,0,0,0,6.0,6.0,7.75,False
37002321,0,1.75,0,0,0,0,5.5,5.25,7.0,False
37002322,7.0,8.25,5.0,0,0,0,9.25,9.5,9.25,False
37002323,8.8,5.75,8.0,7.5,5.5,5.75,0,0,0,True
37002324,7.4,7.25,4.6,5.75,8.0,6.25,0,0,0,True
37002325,7.6,6.5,4.4,6.75,7.5,4.5,0,0,0,True
37002326,6.8,7.75,7.8,0,0,0,8.75,8.25,10.0,False
37002327,7.0,7.75,6.6,0,0,0,7.0,7.0,9.0,False
37002328,7.8,7.75,8.4,0,0,0,9.0,8.75,9.5,False
37002329,4.6,5.5,3.4,0,0,0,5.0,5.5,7.75,False
37002330,7.6,8.0,6.4,6.5,5.25,5.25,0,0,0,True
37002331,6.2,6.5,3.8,0,0,0,7.0,8.0,8.5,False
37002332,7.0,8.0,6.2,8.25,6.5,5.0,0,0,0,True
37002333,8.4,7.5,6.8,0,0,0,7.25,8.5,8.75,False
37002334,5.8,5.75,6.0,0,0,0,5.0,6.5,7.5,False
37002335,8.2,8.25,7.4,7.5,8.5,7.5,0,0,0,True
37002336,7.4,6.75,4.8,0,0,0,8.75,8.5,9.25,False
37002337,5.6,6.25,4.8,0,0,0,8.25,8.5,8.75,False
37002338,5.6,6.25,5.8,0,0,0,7.25,8.5,6.75,False
37002339,8.0,7.0,3.6,0,0,0,7.25,8.25,9.0,False
37002340,8.8,8.75,9.0,8.25,9.25,7.0,0,0,0,True
37002341,7.4,5.75,5.0,8.0,8.75,7.25,0,0,0,True
37002342,6.4,7.25,5.6,0,0,0,6.75,7.5,8.5,False
37002343,7.0,7.5,6.2,6.75,6.75,6.25,0,0,0,True
37002344,6.6,7.25,6.0,0,0,0,6.0,8.0,8.0,False
37002345,3.2,5.25,5.0,0,0,0,6.5,5.5,7.5,False
37002346,6.4,7.0,8.6,0,0,0,7.75,7.5,9.25,False
37002347,7.8,7.5,5.4,6.75,8.5,6.0,0,0,0,True
37002348,5.6,5.25,6.8,0,0,0,5.0,8.0,7.5,False
37002349,9.0,8.75,7.8,8.0,9.75,9.25,0,0,0,True
37002350,7.4,8.0,8.2,0,0,0,6.75,6.75,8.0,False
37002351,3.4,0,3.6,0,0,0,4.5,5.75,4.5,False
37002352,4.8,5.5,6.2,0,0,0,6.5,5.25,7.5,False
37002353,7.6,7.0,5.4,0,0,0,7.25,6.25,8.75,False
37002354,7.8,8.0,6.4,0,0,0,7.0,7.0,9.0,False
37002355,7.6,6.5,8.2,6.5,8.25,5.5,0,0,0,True
37002356,6.0,7.5,6.0,0,0,0,7.5,7.25,8.5,False
37002357,4.6,6.5,4.8,0,0,0,5.0,8.0,8.75,False
37002358,7.0,6.75,6.2,5.75,5.75,6.75,0,0,0,True
37002359,7.8,6.0,6.4,7.25,8.0,5.75,0,0,0,True
37002360,7.8,8.0,8.8,0,0,0,9.25,6.75,9.25,False
37002361,6.6,6.25,4.0,0,0,0,8.5,7.25,9.5,False
37002362,3.6,5.25,5.0,0,0,0,6.0,6.0,8.0,False
37002363,5.8,6.5,4.8,0,0,0,7.25,7.0,8.5,False
37002364,8.0,6.5,8.2,5.25,8.0,6.0,0,0,0,True
37002365,8.2,5.5,7.4,5.0,4.75,4.5,0,0,0,True
37002366,7.4,6.0,6.0,0,0,0,5.75,7.0,8.5,False
37002367,7.0,5.0,6.0,3.5,6.25,5.25,0,0,0,True
37002368,6.2,7.5,8.0,0,0,0,7.5,7.0,8.75,False
37002369,6.2,7.25,6.4,0,0,0,6.25,6.25,8.0,False
37002370,6.4,8.0,6.6,0,0,0,8.25,7.25,8.5,False
37002371,5.8,7.25,5.8,0,0,0,7.25,7.0,7.75,False
37002372,7.6,5.0,5.2,4.75,6.0,5.75,0,0,0,True
37002373,6.2,6.0,5.8,0,0,0,4.5,6.5,6.5,False
37002374,7.8,7.0,4.8,3.75,7.25,6.75,0,0,0,True
37002375,5.6,5.0,6.8,0,0,0,5.5,7.5,8.0,False
37002376,9.2,6.75,6.6,9.0,9.5,8.75,0,0,0,True
37002377,5.6,5.5,3.8,0,0,0,6.0,5.0,7.25,False
37002378,7.2,7.0,5.0,0,0,0,7.25,8.0,8.25,False
37002379,8.0,6.5,4.6,6.75,6.0,5.0,0,0,0,True
37002380,7.0,7.5,7.4,0,0,0,7.75,6.5,8.0,False
37002381,6.6,6.5,3.0,0,0,0,6.75,7.75,8.75,False
37002382,4.8,8.5,4.2,0,0,0,7.75,7.25,7.5,False
37002383,6.8,4.5,5.0,0,0,0,5.5,6.25,7.5,False
37002384,6.6,7.5,6.0,0,0,0,7.5,7.5,8.75,False
37002385,5.0,8.0,3.0,0,0,0,8.5,7.5,8.5,False
37002386,8.0,8.25,8.6,8.75,9.0,7.75,0,0,0,True
37002387,8.6,6.0,6.4,7.25,8.5,7.25,0,0,0,True
37002388,8.2,6.5,6.8,7.75,8.0,6.25,0,0,0,True
37002389,8.6,6.5,4.6,8.75,7.5,5.25,0,0,0,True
37002390,7.8,6.5,3.0,0,0,0,7.75,6.0,6.75,False
37002391,7.8,6.25,5.6,0,0,0,6.75,7.0,7.75,False
37002392,7.2,6.5,5.2,0,0,0,7.25,6.0,6.5,False
37002393,8.8,7.25,5.8,7.5,6.5,8.0,0,0,0,True
37002394,7.6,7.25,6.4,7.0,8.5,5.5,0,0,0,True
37002395,6.0,7.5,3.2,0,0,0,7.0,7.5,8.25,False
37002396,5.4,5.75,4.8,0,0,0,6.5,7.0,8.0,False
37002397,5.0,6.5,6.4,0,0,0,6.25,7.0,7.75,False
37002398,6.6,7.0,4.8,0,0,0,6.25,7.25,8.5,False
37002399,4.8,7.5,4.4,0,0,0,5.25,5.75,7.0,False
37002400,7.6,6.5,5.0,5.0,8.25,6.5,0,0,0,True
37002401,7.2,5.75,8.0,7.25,4.75,7.75,0,0,0,True
37002402,7.0,5.75,7.0,6.0,6.75,5.75,0,0,0,True
37002403,6.2,5.25,5.4,4.0,5.75,4.5,0,0,0,True
37002404,7.6,5.0,4.4,0,0,0,6.75,6.5,9.0,False
37002405,7.0,8.0,5.0,0,0,0,6.5,7.0,8.5,False
37002406,7.6,5.0,0,8.25,8.75,5.25,0,0,0,True
37002407,6.0,7.0,4.8,0,0,0,6.0,7.5,7.5,False
37002408,5.6,6.5,4.6,0,0,0,5.0,4.75,7.5,False
37002409,8.0,7.75,9.2,8.0,7.25,7.5,0,0,0,True
37002410,6.8,5.25,4.0,0,0,0,5.5,5.75,7.5,False
37002412,4.0,6.5,4.4,0,0,0,5.75,6.0,6.5,False
37002413,6.6,7.25,5.0,0,0,0,7.0,7.75,7.75,False
37002414,7.4,7.0,5.6,8.0,7.25,6.0,0,0,0,True
37002415,7.4,8.0,4.4,0,0,0,8.5,7.5,8.0,False
37002416,6.4,7.0,4.8,0,0,0,6.5,6.75,7.25,False
37002417,7.0,6.25,4.2,0,0,0,6.75,6.25,8.5,False
37002418,7.6,7.5,5.6,0,0,0,9.25,7.25,9.25,False
37002419,6.6,7.75,5.0,0,0,0,8.25,6.75,9.25,False
37002420,6.4,5.25,4.2,0,0,0,7.0,6.5,7.0,False
37002421,6.6,6.25,4.8,0,0,0,7.0,7.0,6.5,False
37002422,6.8,4.25,4.0,0,0,0,5.75,6.25,6.5,False
37002423,7.2,6.25,5.6,7.0,8.0,5.75,0,0,0,True
37002424,5.4,6.25,8.2,0,0,0,6.5,7.5,8.25,False
37002425,5.2,3.75,3.6,0,0,0,6.25,6.5,7.25,False
37002426,5.8,6.5,5.0,0,0,0,6.75,5.75,8.5,False
37002427,7.0,5.25,5.2,0,0,0,7.25,5.25,7.75,False
37002428,5.6,5.0,6.0,0,0,0,6.75,7.25,7.75,False
37002429,6.6,7.75,5.4,0,0,0,7.0,6.75,8.5,False
37002430,8.2,8.75,8.2,0,0,0,8.75,8.0,9.5,False
37002431,7.6,8.5,5.2,0,0,0,6.75,7.25,8.25,False
37002432,7.8,8.0,5.0,0,0,0,7.5,8.5,9.75,False
37002433,5.6,8.0,6.0,0,0,0,5.75,7.5,8.5,False
37002434,6.4,7.25,5.0,0,0,0,6.75,7.5,8.25,False
37002435,7.2,3.0,6.0,0,0,0,6.0,7.25,8.25,False
37002436,7.8,5.75,4.0,6.75,7.75,6.25,0,0,0,True
37002437,7.0,4.0,7.2,6.75,9.0,7.5,0,0,0,True
37002438,7.8,6.25,7.8,9.25,9.0,9.0,0,0,0,True
37002439,7.8,6.0,8.2,5.0,8.5,3.0,0,0,0,True
37002440,4.6,7.0,4.4,0,0,0,5.0,6.5,7.25,False
37002441,7.4,7.5,8.6,5.25,9.0,6.75,0,0,0,True
37002442,6.0,6.25,5.6,0,0,0,6.5,8.0,8.0,False
37002443,8.0,5.5,8.8,5.25,9.0,3.75,0,0,0,True
37002444,4.8,6.0,3.4,0,0,0,8.25,8.25,8.75,False
37002445,8.4,6.0,7.8,7.75,6.0,5.75,0,0,0,True
37002446,4.4,5.5,1.6,0,0,0,6.25,5.75,8.5,False
37002447,5.0,6.0,5.6,5.25,8.0,4.25,0,0,0,True
37002448,8.0,7.5,4.6,7.75,9.25,5.0,0,0,0,True
37002449,7.6,6.25,5.2,4.25,5.0,5.0,0,0,0,True
37002450,6.8,5.5,2.6,4.0,7.5,6.5,0,0,0,True
37002451,6.6,7.5,7.2,0,0,0,5.25,6.5,8.25,False
37002452,7.6,7.25,5.6,0,0,0,8.25,7.75,8.25,False
37002453,7.0,5.0,2.6,6.25,6.0,4.75,0,0,0,True
37002454,8.6,8.25,8.4,0,0,0,7.0,6.5,8.5,False
37002455,8.6,5.0,4.8,8.75,8.5,7.5,0,0,0,True
37002456,7.8,6.0,7.0,5.25,8.5,8.25,0,0,0,True
37002457,6.0,6.0,5.2,0,0,0,5.5,6.0,7.0,False
37002458,6.6,5.5,5.2,5.75,7.75,5.5,0,0,0,True
37002459,8.4,7.75,6.2,6.75,8.25,8.5,0,0,0,True
37002460,6.0,5.0,5.6,4.25,6.25,4.0,0,0,0,True
37002461,6.0,5.0,4.0,4.25,4.5,2.75,0,0,0,True
37002462,2.4,5.25,2.4,0,0,0,5.0,2.75,6.75,False
37002463,8.4,6.75,5.6,8.0,8.0,5.75,0,0,0,True
37002464,8.6,6.0,6.0,7.75,7.5,7.5,0,0,0,True
37002465,8.4,7.5,7.0,8.0,9.25,8.0,0,0,0,True
37002466,8.0,7.5,4.0,8.0,7.0,4.25,0,0,0,True
37002467,8.0,6.75,4.4,0,0,0,6.75,7.0,7.5,False
37002468,7.8,6.5,5.8,7.75,8.25,5.75,0,0,0,True
37002469,7.0,8.5,7.0,4.25,6.5,3.75,0,0,0,True
37002470,7.6,6.5,4.0,0,0,0,4.75,6.75,6.75,False
37002471,7.8,5.5,9.0,7.75,5.5,5.5,0,0,0,True
37002472,6.2,4.0,3.6,0,0,0,6.75,7.0,7.25,False
37002473,8.0,6.75,7.8,8.25,5.75,5.25,0,0,0,True
37002474,7.6,7.5,4.2,5.0,8.5,6.25,0,0,0,True
37002475,7.0,6.5,6.8,0,0,0,7.5,7.25,9.0,False
37002476,7.6,8.25,6.4,0,0,0,7.25,8.0,8.5,False
37002477,6.8,6.25,5.4,0,0,0,8.0,7.75,9.0,False
37002478,5.8,5.25,4.2,0,0,0,6.5,5.0,5.75,False
37002479,6.0,5.5,3.8,0,0,0,6.75,7.0,8.75,False
37002480,5.6,6.0,3.0,0,0,0,5.75,5.0,7.25,False
37002481,8.0,6.5,5.8,0,0,0,5.5,7.25,8.5,False
37002482,9.0,7.0,5.6,6.5,8.25,7.75,0,0,0,True
37002483,7.6,5.5,6.8,5.0,6.0,6.25,0,0,0,True
37002484,8.4,6.0,8.8,7.0,4.5,7.0,0,0,0,True
37002485,5.2,5.75,4.6,0,0,0,6.0,6.75,7.5,False
37002486,6.4,6.5,4.6,0,0,0,6.5,5.75,7.75,False
37002487,7.4,7.0,4.2,0,0,0,6.0,5.25,7.75,False
37002488,8.4,6.25,5.2,6.75,5.5,7.5,0,0,0,True
37002489,6.2,7.0,6.4,0,0,0,6.0,7.75,7.25,False
37002490,4.4,4.25,3.6,0,0,0,6.0,5.5,7.75,False
37002491,7.6,5.75,7.2,7.0,5.5,7.25,0,0,0,True
37002492,6.6,7.25,2.8,0,0,0,5.75,6.0,8.25,False
37002493,6.2,6.75,5.0,6.75,7.5,4.25,0,0,0,True
37002494,5.8,7.75,2.8,0,0,0,5.0,6.5,7.5,False
37002495,5.2,6.25,3.6,0,0,0,7.75,7.75,8.5,False
37002496,8.2,8.75,6.8,0,0,0,8.75,7.25,7.75,False
37002497,8.0,8.5,8.2,0,0,0,7.25,6.75,8.25,False
37002498,4.2,7.25,3.4,0,0,0,5.75,6.0,8.5,False
37002499,3.8,5.25,5.6,0,0,0,5.75,5.75,7.5,False
37002500,4.6,6.0,2.4,0,0,0,6.25,7.25,9.25,False
37002501,4.6,6.0,3.6,0,0,0,6.5,5.75,6.75,False
37002502,6.4,6.25,4.4,0,0,0,4.0,5.0,7.25,False
37002503,8.2,6.75,6.2,8.5,9.5,4.25,0,0,0,True
37002504,7.6,7.0,6.4,5.25,7.25,3.25,0,0,0,True
37002505,5.8,6.5,3.6,0,0,0,4.25,7.5,5.25,False
37002506,8.2,8.5,8.4,5.75,7.25,5.5,0,0,0,True
37002507,6.4,6.5,5.2,6.5,8.5,5.75,0,0,0,True
37002508,7.6,6.75,4.6,5.0,7.75,5.75,0,0,0,True
37002509,7.8,6.25,6.0,7.0,8.25,6.25,0,0,0,True
37002510,7.0,6.75,4.4,0,0,0,6.0,7.75,8.0,False
37002511,5.6,8.5,4.2,0,0,0,8.5,9.25,9.5,False
37002512,5.2,6.0,4.0,0,0,0,4.5,5.0,6.0,False
37002513,5.6,5.5,3.2,0,0,0,3.75,6.25,7.5,False
37002514,9.0,7.5,6.6,3.25,6.5,7.25,0,0,0,True
37002515,9.0,7.25,7.8,5.0,7.75,4.5,0,0,0,True
37002516,8.2,7.5,5.8,6.25,6.75,6.5,0,0,0,True
37002517,6.6,6.75,8.0,0,0,0,6.0,6.75,9.0,False
37002518,6.2,6.75,4.2,0,0,0,7.5,7.75,9.5,False
37002519,5.8,7.0,4.4,0,0,0,6.0,6.75,8.5,False
37002520,8.6,8.25,5.4,6.75,6.75,6.75,0,0,0,True
37002521,7.2,6.0,6.0,6.0,8.0,5.5,0,0,0,True
37002522,7.6,5.25,4.4,0,0,0,7.25,6.5,8.5,False
37002523,8.8,5.75,7.8,7.75,8.0,7.0,0,0,0,True
37002524,7.8,7.25,3.8,5.75,7.75,6.0,0,0,0,True
37002525,6.0,6.75,3.6,0,0,0,8.25,7.0,8.75,False
37002526,7.6,8.25,6.6,7.75,9.25,8.0,0,0,0,True
37002527,7.0,6.0,3.6,6.0,6.0,6.25,0,0,0,True
37002528,7.4,6.25,4.4,3.5,7.75,4.5,0,0,0,True
37002529,5.2,7.0,3.0,0,0,0,6.75,7.0,8.75,False
37002530,7.2,7.5,5.2,0,0,0,4.25,6.25,8.25,False
37002531,6.8,4.5,3.2,0,0,0,3.75,5.75,7.25,False
37002532,9.0,7.75,8.8,6.75,8.25,7.25,0,0,0,True
37002533,3.0,5.0,3.8,0,0,0,3.75,5.25,4.25,False
37002534,7.6,7.0,7.8,5.75,7.75,5.75,0,0,0,True
37002535,7.2,7.5,5.2,0,0,0,7.25,7.0,8.5,False
37002536,6.2,7.75,3.6,0,0,0,8.75,7.0,9.0,False
37002537,7.2,7.25,4.6,8.25,7.5,5.25,0,0,0,True
37002538,3.2,7.0,2.6,0,0,0,7.25,7.5,7.75,False
37002539,4.8,6.75,3.6,0,0,0,4.5,7.0,8.0,False
37002540,7.0,6.5,4.8,4.25,6.5,4.75,0,0,0,True
37002541,7.4,8.5,6.4,0,0,0,7.5,6.5,8.0,False
37002542,7.4,6.0,5.8,6.5,6.25,6.0,0,0,0,True
37002543,4.0,5.5,2.8,0,0,0,6.5,5.25,7.5,False
37002544,3.0,6.0,4.8,0,0,0,6.25,6.5,7.75,False
37002545,4.0,7.0,6.6,0,0,0,7.0,7.5,8.25,False
37002546,5.4,7.0,4.6,4.5,4.5,4.25,0,0,0,True
37002547,8.2,7.5,7.4,6.25,8.5,4.5,0,0,0,True
37002548,7.0,6.0,5.0,6.5,5.5,5.75,0,0,0,True
37002549,7.0,6.5,6.4,6.25,6.75,8.75,0,0,0,True
37002550,8.4,7.75,5.8,7.5,7.25,6.75,0,0,0,True
37002551,4.6,5.0,4.4,0,0,0,6.25,6.0,8.0,False
37002552,4.0,6.25,5.4,0,0,0,4.75,5.0,5.75,False
37002553,6.8,7.75,4.6,0,0,0,6.75,7.5,8.5,False
37002554,8.0,5.75,5.0,6.75,6.75,7.5,0,0,0,True
37002555,5.0,6.75,5.0,0,0,0,6.75,7.75,8.25,False
37002556,7.4,7.5,7.2,3.75,8.0,7.0,0,0,0,True
37002557,8.4,7.0,6.8,0,0,0,6.25,8.25,8.5,False
37002558,6.6,7.75,7.0,0,0,0,6.0,6.75,8.25,False
37002559,5.8,5.75,5.8,0,0,0,5.75,7.0,7.5,False
37002560,6.6,7.75,7.0,7.0,5.0,7.5,0,0,0,True
37002561,8.6,8.0,8.6,7.75,7.25,8.25,0,0,0,True
37002562,3.0,6.75,4.8,0,0,0,5.25,6.75,7.5,False
37002563,4.8,7.0,5.4,0,0,0,4.75,7.25,9.0,False
37002564,5.4,8.0,6.6,0,0,0,6.5,6.5,7.5,False
37002565,6.8,7.25,5.6,0,0,0,7.75,8.0,8.5,False
37002566,5.2,6.25,3.8,3.5,7.5,7.5,0,0,0,True
37002567,7.6,6.25,7.6,6.25,4.75,7.25,0,0,0,True
37002568,7.2,7.75,7.4,5.0,5.5,8.25,0,0,0,True
37002569,4.4,5.75,4.0,0,0,0,6.0,6.75,8.25,False
37002570,4.8,5.5,6.0,0,0,0,5.75,7.5,8.0,False
37002571,3.0,6.0,1.6,0,0,0,6.25,6.25,5.5,False
37002572,8.0,6.0,5.0,8.5,7.5,7.75,0,0,0,True
37002573,7.4,6.5,6.2,4.75,8.0,7.75,0,0,0,True
37002574,4.0,6.5,3.8,0,0,0,6.0,4.75,6.75,False
37002575,6.8,6.0,7.8,6.5,7.75,8.25,0,0,0,True
37002576,5.2,7.75,4.6,0,0,0,4.75,6.0,8.5,False
37002577,6.2,6.5,4.6,0,0,0,5.75,6.75,8.25,False
37002578,6.0,7.0,4.2,0,0,0,4.75,6.5,7.5,False
37002579,4.8,6.75,3.2,0,0,0,5.5,6.25,7.5,False
37002580,4.8,5.75,5.2,0,0,0,6.0,7.25,9.0,False
37002581,7.8,6.75,9.0,8.25,7.5,6.75,0,0,0,True
37002582,5.2,4.25,4.4,0,0,0,5.75,6.0,7.0,False
37002583,8.2,7.5,6.2,7.5,8.25,6.25,0,0,0,True
37002584,7.4,5.5,4.2,0,0,0,6.5,6.25,8.75,False
37002585,4.6,3.75,3.2,0,0,0,4.5,6.0,7.25,False
37002586,4.4,4.5,4.2,0,0,0,4.75,7.0,6.5,False
37002587,5.6,7.0,3.4,0,0,0,5.0,4.75,6.75,False
37002588,5.4,7.5,3.8,0,0,0,6.0,6.5,6.25,False
37002589,8.0,7.0,4.8,8.0,7.75,7.0,0,0,0,True
37002590,7.4,8.75,9.0,0,0,0,8.0,7.5,9.0,False
37002591,7.6,8.5,7.4,0,0,0,5.25,7.25,7.5,False
37002592,8.4,8.25,8.4,8.25,7.75,7.5,0,0,0,True
37002593,2.2,5.25,4.0,0,0,0,4.0,3.75,5.75,False
37002594,6.4,6.5,4.4,0,0,0,7.75,7.5,8.75,False
37002595,5.8,5.25,2.8,0,0,0,7.0,5.5,7.75,False
37002596,6.2,7.0,5.8,0,0,0,6.5,7.0,8.75,False
37002597,6.0,6.5,5.0,0,0,0,6.75,7.25,9.25,False
37002598,7.2,7.75,7.6,0,0,0,7.0,7.75,9.0,False
37002599,8.2,6.5,4.2,8.75,7.75,7.5,0,0,0,True
37002600,6.2,6.75,5.4,0,0,0,6.25,6.75,8.0,False
37002601,6.2,7.25,4.2,0,0,0,7.25,7.5,8.75,False
37002602,7.8,7.75,6.0,0,0,0,8.0,9.25,8.75,False
37002603,7.6,7.25,8.4,8.0,9.0,7.5,0,0,0,True
37002604,7.0,7.25,6.0,0,0,0,9.5,8.5,9.25,False
37002605,7.0,8.0,6.6,0,0,0,8.75,6.5,8.25,False
37002606,6.8,7.75,3.6,5.0,6.75,7.5,0,0,0,True
37002607,5.2,6.25,4.0,0,0,0,5.0,5.25,6.75,False
37002608,8.0,7.5,7.8,5.0,8.25,7.75,0,0,0,True
37002609,8.0,8.0,6.6,6.5,6.25,9.0,0,0,0,True
37002610,6.0,7.5,5.6,0,0,0,7.25,7.5,8.5,False
37002611,7.2,5.5,6.8,0,0,0,8.5,6.5,8.25,False
37002612,8.4,8.25,9.0,0,0,0,9.5,9.0,9.0,False
37002613,6.2,6.25,5.0,0,0,0,6.5,9.0,8.75,False
37002614,8.8,7.75,8.4,5.0,8.5,7.75,0,0,0,True
37002615,4.6,8.0,5.4,0,0,0,6.5,7.0,8.5,False
37002616,7.0,6.5,4.2,0,0,0,7.0,7.75,8.5,False
37002617,3.8,6.5,0,0,0,0,4.0,5.75,7.75,False
37002618,8.8,7.0,5.2,7.75,8.25,6.75,0,0,0,True
37002619,6.4,6.75,5.6,0,0,0,7.75,7.25,9.0,False
37002620,8.6,6.0,8.2,9.0,7.5,8.0,0,0,0,True
37002621,7.8,7.0,5.0,6.5,8.0,6.5,0,0,0,True
37002622,7.8,7.25,6.8,5.0,6.75,6.5,0,0,0,True
37002623,7.2,6.5,5.4,0,0,0,7.5,6.75,9.0,False
37002624,6.6,5.75,4.0,0,0,0,4.25,7.5,6.75,False
37002625,7.8,7.25,6.4,5.25,6.5,7.5,0,0,0,True
37002626,5.6,5.25,4.0,0,0,0,6.5,8.5,8.25,False
37002627,6.6,5.75,4.4,0,0,0,8.5,7.5,9.0,False
37002628,8.0,7.5,9.4,0,0,0,6.5,6.5,8.25,False
37002629,8.4,6.75,7.6,8.0,4.5,5.75,0,0,0,True
37002630,7.8,5.75,5.2,6.5,6.25,6.5,0,0,0,True
37002631,5.6,4.75,2.6,0,0,0,3.5,4.75,6.5,False
37002632,6.8,6.25,5.4,3.25,7.5,6.5,0,0,0,True
37002633,8.2,6.25,8.0,6.75,4.5,7.5,0,0,0,True
37002634,4.6,7.5,5.6,0,0,0,3.25,4.0,7.5,False
37002635,5.4,6.75,2.8,0,0,0,6.75,6.25,7.75,False
37002636,7.8,6.75,5.4,6.25,8.5,8.0,0,0,0,True
37002637,7.4,8.25,5.6,8.25,8.25,6.0,0,0,0,True
37002638,7.0,7.25,7.6,0,0,0,6.0,7.5,9.0,False
37002639,6.6,6.75,4.2,6.75,7.75,5.5,0,0,0,True
37002640,8.6,7.75,6.6,0,0,0,7.75,8.0,9.0,False
37002641,7.4,7.75,8.0,0,0,0,6.0,6.75,9.0,False
37002642,6.4,8.5,3.8,0,0,0,7.5,7.25,8.5,False
37002643,7.0,6.75,4.4,0,0,0,7.0,7.5,9.25,False
37002644,7.4,8.0,5.4,6.75,8.0,6.25,0,0,0,True
37002645,6.0,5.75,3.2,0,0,0,5.5,5.75,6.25,False
37002646,8.4,7.75,5.8,7.5,7.75,7.5,0,0,0,True
37002647,6.2,6.75,5.8,0,0,0,5.5,4.5,7.5,False
37002648,5.2,8.5,6.4,0,0,0,5.75,5.5,7.5,False
37002649,6.0,6.75,7.0,0,0,0,5.5,6.25,7.0,False
37002650,5.0,6.75,4.8,0,0,0,7.0,7.0,8.0,False
37002651,7.0,6.25,7.8,5.25,6.25,6.25,0,0,0,True
37002652,7.8,5.25,7.6,4.25,7.75,5.75,0,0,0,True
37002653,6.8,3.5,3.6,0,0,0,6.0,7.25,5.75,False
37002654,7.2,7.75,6.6,0,0,0,6.0,7.25,8.25,False
37002655,7.2,7.5,6.6,6.5,6.5,5.25,0,0,0,True
37002656,4.2,7.5,4.6,0,0,0,6.75,7.5,7.75,False
37002657,7.8,5.0,9.0,4.25,8.5,2.0,0,0,0,True
37002658,7.2,7.25,6.8,0,0,0,5.75,6.25,8.75,False
37002659,4.2,6.0,4.2,0,0,0,6.0,6.75,8.25,False
37002660,7.4,5.25,7.8,5.75,7.75,4.75,0,0,0,True
37002661,8.2,8.0,7.4,0,0,0,7.75,8.75,8.5,False
37002662,4.8,7.5,6.0,0,0,0,7.0,6.0,8.5,False
37002663,4.4,6.0,3.4,0,0,0,4.0,6.75,6.0,False
37002664,6.4,7.25,5.2,0,0,0,7.25,7.25,8.75,False
37002665,7.0,7.25,5.8,0,0,0,7.5,6.25,8.5,False
37002666,8.0,7.0,5.6,0,0,0,5.75,6.5,9.0,False
37002667,7.8,7.5,8.6,8.25,7.5,3.75,0,0,0,True
37002668,7.8,7.75,5.6,5.25,7.75,6.25,0,0,0,True
37002669,8.0,7.75,9.4,0,0,0,6.25,7.25,8.25,False
37002670,7.0,8.5,5.6,0,0,0,3.5,7.75,8.5,False
37002671,5.8,6.5,6.6,0,0,0,6.75,6.75,8.75,False
37002672,8.0,7.5,6.2,5.5,6.5,5.75,0,0,0,True
37002673,7.0,8.75,8.2,0,0,0,6.75,7.5,8.75,False
37002674,7.0,6.75,6.2,5.0,6.0,5.0,0,0,0,True
37002675,6.0,8.25,4.8,0,0,0,5.75,7.5,7.5,False
37002676,8.0,9.0,6.6,0,0,0,6.75,8.0,9.0,False
37002677,8.0,7.0,5.6,7.0,7.0,4.5,0,0,0,True
37002678,5.8,7.75,6.2,0,0,0,6.0,6.25,8.5,False
37002679,6.4,5.5,4.8,0,0,0,6.5,7.25,7.5,False
37002680,8.8,5.75,7.0,7.75,6.5,4.5,0,0,0,True
37002681,3.6,6.75,3.6,0,0,0,5.75,6.0,6.0,False
37002682,8.4,7.5,8.0,8.25,7.0,4.0,0,0,0,True
37002683,7.0,6.5,8.8,2.75,9.0,5.75,0,0,0,True
37002684,7.4,6.0,7.8,0,0,0,7.5,8.0,10.0,False
37002685,7.0,7.75,4.6,0,0,0,8.25,8.75,9.25,False
37002686,7.6,7.75,4.4,0,0,0,8.25,8.75,9.0,False
37002687,8.2,5.75,9.2,6.0,7.0,6.75,0,0,0,True
37002688,6.4,5.0,3.0,5.75,6.25,3.75,0,0,0,True
37002689,6.2,7.0,7.2,0,0,0,7.75,6.5,8.25,False
37002690,7.2,6.0,4.4,0,0,0,6.5,6.5,7.5,False
37002691,7.2,5.5,6.0,6.5,5.25,5.25,0,0,0,True
37002692,8.2,6.25,5.2,8.5,7.5,5.5,0,0,0,True
37002693,9.2,7.5,7.4,9.25,8.0,8.75,0,0,0,True
37002694,7.4,6.5,4.4,6.25,6.5,4.5,0,0,0,True
37002695,6.6,7.75,6.2,0,0,0,7.5,7.75,8.25,False
37002696,7.2,5.0,5.6,5.25,3.5,5.5,0,0,0,True
37002697,7.4,5.5,5.4,0,0,0,7.25,5.5,8.0,False
37002698,6.6,7.25,3.4,0,0,0,8.5,6.0,7.5,False
37002699,5.6,6.0,4.6,0,0,0,7.25,4.25,6.5,False
37002700,8.0,6.25,5.2,8.0,6.75,3.25,0,0,0,True
37002701,4.0,5.25,2.2,0,0,0,5.0,5.5,7.75,False
37002702,6.0,6.25,5.8,0,0,0,6.5,7.75,7.75,False
37002703,6.4,7.0,3.2,0,0,0,6.75,7.5,7.75,False
37002704,7.8,5.5,6.6,7.5,7.5,5.25,0,0,0,True
37002705,7.2,6.0,4.4,6.75,6.5,5.0,0,0,0,True
37002706,7.2,6.5,5.6,0,0,0,5.5,5.5,6.0,False
37002707,6.8,7.0,5.8,0,0,0,6.75,6.25,9.0,False
37002708,7.6,7.5,6.2,0,0,0,6.25,6.75,7.0,False
37002709,7.8,6.75,6.6,8.25,8.0,4.0,0,0,0,True
37002710,7.0,6.75,5.4,0,0,0,5.5,5.75,7.25,False
37002711,5.8,5.5,3.4,0,0,0,7.0,7.25,8.75,False
37002712,7.2,6.0,5.6,7.5,4.75,4.0,0,0,0,True
37002713,7.6,8.5,6.8,0,0,0,6.25,7.75,9.25,False
37002714,6.8,5.75,3.6,0,0,0,8.0,8.25,8.25,False
37002715,6.8,3.75,6.4,0,0,0,6.5,5.5,6.25,False
37002716,9.0,7.5,9.6,7.75,7.5,7.75,0,0,0,True
37002717,5.4,5.0,6.2,0,0,0,5.5,6.5,7.5,False
37002718,8.0,5.5,6.8,0,0,0,6.0,5.75,7.0,False
37002719,8.4,7.25,7.0,8.25,8.5,8.0,0,0,0,True
37002720,7.8,7.0,8.2,7.5,6.25,5.75,0,0,0,True
37002721,5.8,6.25,5.4,0,0,0,3.5,7.25,7.25,False
37002722,8.2,6.75,6.4,4.25,8.0,5.25,0,0,0,True
37002723,8.8,6.75,6.0,8.0,8.0,4.25,0,0,0,True
37002724,3.0,4.75,3.4,0,0,0,5.25,6.5,5.5,False
37002725,6.8,6.75,5.8,0,0,0,7.25,6.5,9.0,False
37002726,7.2,5.75,7.0,0,0,0,5.75,6.5,7.0,False
37002727,8.0,7.5,7.6,0,0,0,7.5,9.0,7.75,False
37002728,6.2,7.0,8.0,0,0,0,6.75,4.5,6.25,False
37002729,7.0,6.75,4.2,0,0,0,7.75,7.25,8.25,False
37002730,7.4,7.5,6.4,7.25,7.75,6.0,0,0,0,True
37002731,7.8,6.0,4.0,0,0,0,6.0,5.5,5.75,False
37002732,6.0,7.0,5.8,0,0,0,7.0,6.25,7.75,False
37002733,7.4,7.5,5.6,0,0,0,8.5,8.25,8.75,False
37002734,7.0,7.0,6.2,0,0,0,7.5,6.5,8.5,False
37002735,6.0,6.0,3.8,0,0,0,7.75,7.75,7.25,False
37002736,6.8,8.0,5.6,0,0,0,9.25,8.75,8.5,False
37002737,6.8,5.75,5.2,0,0,0,5.75,7.5,8.25,False
37002738,5.6,3.5,3.6,0,0,0,6.0,6.0,8.0,False
37002739,7.8,7.5,6.2,6.5,8.25,4.75,0,0,0,True
37002740,6.8,6.75,5.0,0,0,0,5.75,4.75,7.0,False
37002741,7.6,7.0,5.6,5.5,6.75,5.75,0,0,0,True
37002742,5.8,5.75,5.8,0,0,0,6.25,6.5,8.5,False
37002743,5.6,6.25,4.2,0,0,0,7.0,8.75,8.75,False
37002745,6.4,6.5,5.6,0,0,0,7.5,7.25,8.75,False
37002746,8.4,7.0,5.8,7.25,4.25,6.5,0,0,0,True
37002747,7.8,5.5,4.0,6.75,6.0,6.75,0,0,0,True
37002748,7.0,7.25,4.4,0,0,0,6.25,5.0,7.0,False
37002749,7.8,6.5,4.8,0,0,0,8.0,8.0,8.5,False
37002750,6.6,6.5,5.8,6.5,8.0,4.25,0,0,0,True
37002751,6.6,6.0,4.8,0,0,0,8.75,7.75,8.75,False
37002752,7.6,7.0,8.4,0,0,0,7.5,7.25,8.75,False
37002753,4.8,6.25,4.8,0,0,0,7.75,6.75,9.0,False
37002754,6.2,6.5,3.4,0,0,0,7.0,5.25,6.25,False
37002755,8.6,7.0,8.8,9.25,8.5,7.0,0,0,0,True
37002756,3.4,5.0,4.6,0,0,0,4.25,6.0,6.5,False
37002757,7.4,5.25,3.4,7.25,7.75,3.5,0,0,0,True
37002758,7.6,6.75,4.0,0,0,0,7.5,7.0,7.5,False
37002759,6.6,6.25,4.6,0,0,0,4.75,5.5,6.0,False
37002760,8.2,8.0,6.6,8.25,7.5,6.25,0,0,0,True
37002761,6.8,6.5,7.8,0,0,0,6.25,8.25,8.5,False
37002762,8.6,7.0,8.0,6.5,8.75,7.25,0,0,0,True
37002763,6.6,5.75,6.2,5.25,6.0,6.0,0,0,0,True
37002764,8.2,7.0,4.8,3.25,7.75,8.0,0,0,0,True
37002765,8.6,6.75,5.2,8.25,8.25,7.25,0,0,0,True
37002766,4.8,5.25,6.4,0,0,0,4.5,5.75,5.75,False
37002767,8.6,6.75,8.8,4.0,8.5,6.25,0,0,0,True
37002768,7.0,6.5,6.4,0,0,0,4.0,6.25,8.5,False
37002769,7.8,8.0,6.4,0,0,0,6.75,8.0,8.75,False
37002770,5.2,6.0,7.4,0,0,0,6.25,4.75,1.75,False
37002771,8.0,6.75,6.6,0,0,0,8.5,7.75,9.0,False
37002772,7.6,8.25,9.4,0,0,0,9.5,8.0,9.5,False
37002773,7.0,6.0,6.8,0,0,0,5.5,6.0,7.75,False
37002774,2.8,4.0,5.0,0,0,0,4.5,5.0,8.0,False
37002775,5.4,7.0,5.4,0,0,0,6.75,6.0,8.75,False
37002776,6.6,6.0,5.4,0,0,0,4.75,6.5,6.75,False
37002777,6.8,5.5,5.4,0,0,0,5.25,5.75,7.5,False
37002778,6.2,8.0,6.4,0,0,0,6.0,7.25,7.75,False
37002779,5.4,7.25,7.6,2.0,6.5,4.0,0,0,0,True
37002780,7.4,6.25,6.8,7.25,5.75,5.0,0,0,0,True
37002781,6.8,7.75,7.2,0,0,0,6.0,6.25,8.75,False
37002782,8.4,7.75,6.8,0,0,0,6.25,7.75,8.5,False
37002783,8.0,5.75,8.6,8.0,8.25,7.0,0,0,0,True
37002784,4.4,5.5,5.6,0,0,0,5.75,7.5,7.75,False
37002785,6.6,6.5,4.6,0,0,0,6.5,6.75,8.25,False
37002786,6.2,7.0,4.4,3.0,7.0,5.5,0,0,0,True
37002787,8.0,7.0,5.2,0,0,0,6.75,7.0,8.0,False
37002788,7.8,5.0,6.0,4.75,7.75,4.5,0,0,0,True
37002789,4.0,6.75,5.0,0,0,0,6.25,7.25,7.5,False
37002790,7.2,7.75,8.2,0,0,0,5.25,7.75,8.5,False
37002791,6.0,7.5,6.0,0,0,0,6.25,5.25,7.75,False
37002792,8.0,5.0,7.6,5.75,8.75,7.25,0,0,0,True
37002793,7.6,6.25,7.2,5.0,8.5,5.0,0,0,0,True
37002794,6.0,6.0,5.4,0,0,0,6.5,8.0,8.25,False
37002795,5.8,5.75,4.8,0,0,0,7.0,7.0,7.5,False
37002796,5.0,6.25,5.8,0,0,0,6.5,6.5,7.5,False
37002797,8.0,5.5,5.0,8.5,8.25,6.0,0,0,0,True
37002798,6.6,6.0,3.2,3.25,4.0,5.75,0,0,0,True
37002799,5.2,7.5,5.4,0,0,0,7.25,6.0,8.0,False
37002800,5.4,6.25,4.8,0,0,0,6.75,8.0,8.25,False
37002801,6.6,3.75,4.4,0,0,0,6.5,6.75,7.5,False
37002802,5.2,6.25,6.0,0,0,0,6.25,7.5,7.0,False
37002803,7.8,6.25,3.6,8.0,7.5,6.5,0,0,0,True
37002804,7.4,5.75,7.2,3.75,3.0,5.5,0,0,0,True
37002805,5.0,6.25,3.6,0,0,0,6.75,8.25,9.5,False
37002806,8.0,6.75,6.2,3.5,3.75,5.5,0,0,0,True
37002807,6.0,7.0,6.4,0,0,0,7.25,6.0,8.5,False
37002808,7.2,7.0,6.0,5.25,6.0,6.75,0,0,0,True
37002809,7.8,6.75,5.2,7.75,8.0,5.75,0,0,0,True
37002810,5.6,5.5,5.0,0,0,0,7.0,7.0,8.5,False
37002811,3.6,4.0,2.8,0,0,0,3.5,5.0,4.5,False
37002812,5.0,5.75,5.6,0,0,0,6.0,7.5,8.5,False
37002813,3.6,7.75,4.4,0,0,0,8.0,6.0,8.75,False
37002814,4.2,5.5,2.0,0,0,0,5.0,5.5,5.5,False
37002815,6.2,7.0,7.0,0,0,0,6.75,8.5,8.0,False
37002816,4.8,5.75,2.4,0,0,0,6.0,5.75,6.75,False
37002817,6.0,6.25,5.0,0,0,0,6.75,7.75,9.0,False
37002818,5.8,7.5,5.6,0,0,0,7.5,8.0,9.75,False
37002819,6.6,6.0,5.0,0,0,0,5.0,7.25,9.0,False
37002820,5.8,7.0,3.4,0,0,0,7.25,7.5,8.5,False
37002821,7.0,7.25,7.0,0,0,0,5.0,7.5,8.25,False
37002822,4.4,5.5,6.4,0,0,0,6.25,6.25,7.5,False
37002823,7.6,7.75,7.4,4.0,8.25,5.75,0,0,0,True
37002824,8.6,7.5,5.4,7.5,7.75,5.25,0,0,0,True
37002825,5.4,6.0,3.4,0,0,0,6.75,7.0,7.25,False
37002826,5.4,5.75,4.4,0,0,0,6.5,5.5,6.25,False
37002827,8.2,7.25,8.0,0,0,0,7.0,7.5,8.75,False
37002828,6.6,7.75,6.4,0,0,0,6.5,6.0,8.75,False
37002829,8.4,7.75,8.6,6.75,8.5,7.75,0,0,0,True
37002830,8.4,8.0,6.4,0,0,0,9.0,9.0,8.75,False
37002831,5.8,8.5,3.6,0,0,0,8.5,8.75,9.75,False
37002832,6.6,7.0,5.0,0,0,0,9.25,8.25,8.0,False
37002833,4.2,5.75,3.6,0,0,0,5.5,6.25,8.75,False
37002834,3.8,6.0,6.6,0,0,0,5.5,7.5,7.25,False
37002835,7.4,6.25,5.4,0,0,0,5.5,6.0,9.25,False
37002836,8.2,7.25,7.2,6.75,7.75,6.0,0,0,0,True
37002837,6.8,7.75,7.8,0,0,0,6.0,7.25,7.5,False
37002838,8.0,8.0,4.0,6.25,8.0,6.75,0,0,0,True
37002839,7.6,7.5,4.8,4.25,4.25,5.0,0,0,0,True
37002840,6.2,6.75,5.2,0,0,0,5.75,5.25,7.0,False
37002841,6.8,8.0,5.6,3.75,5.75,7.75,0,0,0,True
37002842,7.0,7.25,7.2,0,0,0,7.0,6.25,8.5,False
37002843,5.4,7.5,5.0,0,0,0,5.5,8.0,7.25,False
37002844,5.8,6.75,5.6,0,0,0,5.75,5.75,9.5,False
37002845,7.0,6.0,3.2,5.5,7.5,6.5,0,0,0,True
37002846,6.6,7.5,4.2,0,0,0,6.75,6.25,7.75,False
37002847,8.2,7.75,6.6,7.5,9.0,5.0,0,0,0,True
37002848,7.4,8.0,7.8,7.25,8.5,6.25,0,0,0,True
37002849,6.4,8.0,6.2,0,0,0,6.5,7.25,9.0,False
37002850,8.0,8.5,6.4,5.75,5.75,4.75,0,0,0,True
37002851,7.2,7.0,5.6,0,0,0,6.75,6.0,6.25,False
37002852,7.0,7.75,4.0,0,0,0,7.0,6.5,7.75,False
37002853,7.6,8.5,6.4,0,0,0,7.0,7.5,9.0,False
37002854,6.8,7.5,2.8,0,0,0,6.75,6.5,8.25,False
37002855,8.0,7.5,7.8,6.75,6.5,6.75,0,0,0,True
37002856,6.8,7.0,2.0,0,0,0,8.0,7.0,9.25,False
37002857,6.4,6.5,3.4,0,0,0,7.0,6.75,7.25,False
37002858,7.6,7.5,3.2,0,0,0,7.5,8.5,9.25,False
37002859,8.4,7.5,6.2,0,0,0,7.75,7.5,9.0,False
37002860,7.2,8.75,6.2,0,0,0,9.0,9.75,8.5,False
37002861,7.6,8.25,7.2,5.5,8.0,8.25,0,0,0,True
37002862,4.4,7.75,5.8,0,0,0,5.0,6.0,7.75,False
37002863,5.2,4.0,4.6,0,0,0,5.5,5.0,6.25,False
37002864,7.2,5.75,5.8,8.0,7.5,6.75,0,0,0,True
37002865,6.4,7.5,6.4,0,0,0,6.5,6.5,7.0,False
37002866,7.8,7.5,6.6,0,0,0,6.25,6.25,7.5,False
37002867,7.6,8.0,6.0,0,0,0,6.0,7.25,8.25,False
37002868,8.4,6.5,8.2,7.0,5.75,5.75,0,0,0,True
37002869,8.4,6.75,6.2,5.75,5.75,6.25,0,0,0,True
37002870,7.6,6.5,8.0,8.0,8.5,5.5,0,0,0,True
37002871,8.6,6.25,4.8,7.75,8.5,7.25,0,0,0,True
37002872,7.4,9.0,8.4,0,0,0,9.5,10.0,9.0,False
37002873,8.2,7.75,8.2,0,0,0,6.5,8.5,9.25,False
37002874,7.2,7.75,6.8,6.5,7.75,4.75,0,0,0,True
37002875,7.6,7.0,6.0,5.0,4.75,4.0,0,0,0,True
37002876,8.8,7.0,8.6,6.5,9.25,6.0,0,0,0,True
37002877,7.2,5.75,6.2,6.0,4.5,4.25,0,0,0,True
37002878,7.0,5.75,4.2,7.25,8.75,5.75,0,0,0,True
37002879,5.6,5.25,4.8,0,0,0,4.5,5.5,7.5,False
37002880,6.2,5.25,4.0,0,0,0,4.5,6.0,8.0,False
37002881,7.6,8.0,6.2,6.75,8.25,4.5,0,0,0,True
37002882,2.8,5.5,2.0,0,0,0,4.5,5.0,5.5,False
37002883,4.6,7.0,5.0,0,0,0,4.75,5.0,7.0,False
37002884,5.2,5.0,4.4,0,0,0,6.25,7.5,7.0,False
37002885,6.4,6.0,6.0,0,0,0,5.25,6.75,7.75,False
37002886,5.6,7.0,4.2,0,0,0,5.75,6.75,8.75,False
37002887,8.2,6.5,6.6,0,0,0,5.5,5.75,8.25,False
37002888,7.2,7.25,6.6,0,0,0,7.5,6.0,8.5,False
37002889,5.4,5.75,3.8,0,0,0,4.0,4.75,6.5,False
37002890,5.6,3.25,4.8,0,0,0,6.0,6.5,7.5,False
37002891,7.8,8.75,9.0,0,0,0,7.75,7.75,9.0,False
37002892,8.2,8.0,9.2,7.0,9.5,6.25,0,0,0,True
37002893,7.0,8.0,5.6,0,0,0,7.0,7.75,8.25,False
37002894,7.8,8.25,8.6,0,0,0,8.75,8.25,8.5,False
37002895,7.8,6.75,5.2,6.25,8.5,6.5,0,0,0,True
37002896,5.2,7.75,4.8,0,0,0,5.5,6.0,5.5,False
37002897,5.8,6.75,6.4,0,0,0,6.25,7.25,8.0,False
37002898,8.2,6.0,6.8,8.25,9.0,6.5,0,0,0,True
37002899,6.0,6.0,6.2,0,0,0,4.25,6.75,7.5,False
37002900,7.2,7.75,6.4,0,0,0,6.75,7.0,7.75,False
37002901,6.8,7.75,8.0,7.25,7.75,6.75,0,0,0,True
37002902,7.2,7.5,8.4,0,0,0,7.75,7.0,7.5,False
37002903,5.8,4.25,4.8,0,0,0,5.0,5.25,6.5,False
37002904,5.8,6.75,4.8,0,0,0,6.75,5.5,7.75,False
37002905,7.6,5.0,4.0,2.0,6.75,6.25,0,0,0,True
37002906,7.8,7.75,8.2,4.25,7.5,4.0,0,0,0,True
37002907,7.4,7.75,5.6,0,0,0,6.75,7.5,8.0,False
37002908,7.2,7.25,6.2,7.5,7.25,5.75,0,0,0,True
37002909,6.0,8.0,5.4,0,0,0,7.25,8.0,9.25,False
37002910,7.4,8.0,4.0,0,0,0,9.25,9.25,9.5,False
37002911,7.0,8.0,7.2,0,0,0,5.0,6.75,8.25,False
37002912,5.0,7.0,5.0,0,0,0,7.75,8.0,9.0,False
37002913,7.6,6.0,8.6,0,0,0,8.25,7.5,9.75,False
37002914,5.4,7.75,5.0,0,0,0,6.0,7.25,9.75,False
37002915,7.8,6.0,4.6,7.25,8.25,6.0,0,0,0,True
37002916,7.0,9.0,5.6,0,0,0,7.5,7.75,7.75,False
37002917,5.6,7.25,7.4,0,0,0,6.5,8.75,9.5,False
37002918,5.6,7.5,4.6,0,0,0,5.5,7.5,8.25,False
37002919,5.6,7.5,5.0,0,0,0,6.5,7.5,8.25,False
37002920,9.0,6.25,8.6,8.75,6.5,7.0,0,0,0,True
37002921,9.2,7.0,8.6,7.75,8.75,6.75,0,0,0,True
37002922,6.2,6.75,5.0,0,0,0,6.75,6.25,7.5,False
37002923,7.2,7.0,6.6,0,0,0,4.75,6.25,9.25,False
37002924,6.8,6.25,5.8,0,0,0,5.75,6.5,7.0,False
37002925,8.0,7.75,8.4,5.5,7.0,5.5,0,0,0,True
37002926,7.2,6.75,4.2,0,0,0,6.75,7.5,8.75,False
37002927,6.0,7.75,7.2,0,0,0,8.5,7.5,9.0,False
37002928,5.6,6.0,5.8,0,0,0,5.5,6.5,8.75,False
37002929,7.4,7.75,8.0,0,0,0,4.5,5.75,8.0,False
37002930,6.2,6.25,5.0,0,0,0,4.5,7.75,7.25,False
37002931,8.2,6.0,7.2,7.25,9.25,6.5,0,0,0,True
37002932,8.2,7.0,5.2,8.5,8.5,7.25,0,0,0,True
37002933,8.2,6.75,4.2,6.5,8.0,8.0,0,0,0,True
37002934,6.8,5.5,3.6,0,0,0,5.5,6.5,6.5,False
37002935,7.6,7.75,7.8,6.0,8.25,7.25,0,0,0,True
37002936,8.0,8.0,7.6,7.25,6.75,5.75,0,0,0,True
37002937,7.4,7.0,6.2,6.25,7.0,5.5,0,0,0,True
37002938,5.6,6.25,3.8,0,0,0,6.25,7.5,8.75,False
37002939,4.2,3.5,6.0,0,0,0,6.5,5.5,8.5,False
37002940,5.8,6.0,5.2,0,0,0,7.5,8.0,7.25,False
37002941,6.4,5.5,6.0,4.25,6.25,5.25,0,0,0,True
37002942,7.0,7.5,7.4,6.0,7.0,7.0,0,0,0,True
37002943,8.4,5.5,4.4,7.75,7.5,7.25,0,0,0,True
37002944,5.4,5.0,4.8,0,0,0,6.0,4.0,6.5,False
37002945,6.4,5.75,5.0,0,0,0,4.5,5.5,6.75,False
37002946,6.6,5.75,5.8,3.5,6.5,4.75,0,0,0,True
37002947,7.0,5.0,3.0,0,0,0,5.0,5.75,6.75,False
37002948,6.8,6.5,8.2,0,0,0,9.5,8.25,9.25,False
37002949,7.2,6.75,2.8,0,0,0,8.75,8.25,9.0,False
37002950,6.0,7.0,5.4,0,0,0,8.0,7.75,9.5,False
37002951,8.2,6.75,4.6,7.75,5.5,4.5,0,0,0,True
37002952,8.0,6.75,5.2,5.25,7.5,5.25,0,0,0,True
37002953,4.8,6.75,3.2,0,0,0,6.75,5.5,7.0,False
37002954,4.6,5.0,5.2,0,0,0,4.75,5.0,7.5,False
37002955,4.8,6.5,8.2,0,0,0,8.0,7.5,8.5,False
37002956,7.0,7.25,8.4,5.5,5.5,4.75,0,0,0,True
37002957,7.8,6.0,4.4,4.75,6.75,6.75,0,0,0,True
37002958,6.0,7.0,8.6,0,0,0,7.5,8.5,8.25,False
37002959,6.6,6.0,4.6,4.25,5.75,5.5,0,0,0,True
37002960,6.6,6.75,5.2,0,0,0,5.75,8.25,8.25,False
37002961,7.0,6.0,2.8,4.75,6.5,5.5,0,0,0,True
37002962,5.4,5.75,4.4,0,0,0,6.0,6.25,8.5,False
37002963,6.0,5.25,4.2,0,0,0,6.75,6.5,7.0,False
37002964,7.4,7.25,7.0,0,0,0,7.75,7.5,8.0,False
37002965,4.4,4.5,4.8,0,0,0,5.5,7.25,9.0,False
37002966,5.8,7.25,5.8,0,0,0,6.25,6.75,9.5,False
37002967,6.4,6.5,4.0,0,0,0,6.5,4.75,6.25,False
37002968,4.0,3.5,4.6,0,0,0,5.25,7.25,7.5,False
37002969,7.2,6.5,5.6,3.0,5.0,4.5,0,0,0,True
37002970,7.4,6.25,4.6,0,0,0,6.75,6.5,6.75,False
37002971,7.2,8.75,8.2,0,0,0,7.5,8.25,9.0,False
37002972,7.2,6.25,4.4,0,0,0,8.25,8.5,9.25,False
37002973,6.0,5.0,3.8,0,0,0,6.75,5.75,7.25,False
37002974,5.4,3.5,3.4,0,0,0,5.5,4.75,7.25,False
37002975,8.2,6.75,5.0,6.0,7.0,4.75,0,0,0,True
37002976,8.8,3.75,6.8,8.5,6.0,6.0,0,0,0,True
37002977,5.2,5.5,3.8,0,0,0,3.75,4.75,8.25,False
37002978,6.8,7.75,5.0,0,0,0,5.75,6.25,7.5,False
37002979,7.4,4.5,7.6,6.25,4.5,6.25,0,0,0,True
37002980,8.2,7.25,5.6,0,0,0,4.0,4.0,6.75,False
37002981,6.4,7.0,6.4,0,0,0,6.25,7.25,8.25,False
37002982,6.8,5.75,5.8,0,0,0,7.25,7.25,9.5,False
37002983,7.4,5.5,6.8,6.75,5.0,7.5,0,0,0,True
37002984,7.6,8.0,7.0,0,0,0,5.25,6.25,8.5,False
37002985,5.6,7.5,4.6,0,0,0,6.25,5.5,7.5,False
37002986,6.8,7.25,5.4,0,0,0,6.5,6.75,8.25,False
37002987,6.4,7.75,4.8,0,0,0,7.5,8.25,8.75,False
37002988,6.6,5.0,7.4,7.0,6.5,3.5,0,0,0,True
37002989,7.4,7.25,5.0,6.25,7.5,4.5,0,0,0,True
37002990,7.2,8.5,7.4,0,0,0,8.5,7.75,8.75,False
37002991,6.8,7.25,4.0,6.75,6.25,2.75,0,0,0,True
37002992,8.0,6.25,6.8,8.0,9.25,5.5,0,0,0,True
37002993,2.8,5.25,3.6,0,0,0,5.25,6.75,7.0,False
37002994,8.8,6.75,8.6,8.75,8.75,8.75,0,0,0,True
37002995,6.8,5.75,4.0,4.75,6.25,5.75,0,0,0,True
37002996,8.4,7.25,7.2,4.5,7.75,5.25,0,0,0,True
37002997,8.4,6.0,2.6,8.5,7.75,6.0,0,0,0,True
37002998,7.4,6.0,6.6,0,0,0,6.25,8.25,6.75,False
37002999,5.8,4.5,3.8,5.5,8.0,6.25,0,0,0,True
37003000,6.8,5.0,5.8,6.25,6.75,5.75,0,0,0,True
37003001,4.0,3.5,2.8,0,0,0,6.5,6.25,8.0,False
37003002,5.6,7.5,4.8,0,0,0,8.75,7.25,7.0,False
37003003,5.2,5.75,4.4,0,0,0,6.75,7.5,7.0,False
37003004,3.0,5.75,3.4,0,0,0,5.25,6.5,7.75,False
37003005,5.2,4.5,5.4,0,0,0,6.25,6.5,7.5,False
37003006,7.4,5.0,4.8,5.5,5.75,7.75,0,0,0,True
37003007,5.6,7.0,4.6,0,0,0,6.75,4.5,8.5,False
37003008,4.2,7.75,3.6,0,0,0,7.0,8.0,8.5,False
37003009,3.6,5.0,3.8,0,0,0,7.75,8.75,8.0,False
37003010,5.0,5.0,3.4,0,0,0,7.0,6.0,6.75,False
37003011,7.8,5.75,8.6,5.0,7.25,6.75,0,0,0,True
37003012,7.6,7.25,3.6,0,0,0,9.25,7.75,8.5,False
37003013,6.6,7.0,4.6,0,0,0,7.75,8.0,8.75,False
37003014,7.0,6.5,6.2,7.0,6.75,6.25,0,0,0,True
37003015,7.8,5.0,5.8,6.25,8.5,5.75,0,0,0,True
37003016,7.2,8.0,5.4,0,0,0,8.5,9.25,9.5,False
37003017,7.6,8.0,6.0,0,0,0,8.25,8.25,9.5,False
37003018,7.6,8.5,7.4,0,0,0,7.5,7.5,9.5,False
37003019,5.4,7.5,6.8,0,0,0,6.5,6.0,8.25,False
37003020,6.6,7.25,6.6,0,0,0,6.5,6.25,8.5,False
37003021,7.2,7.25,5.6,0,0,0,6.0,5.75,7.5,False
37003022,6.0,7.0,5.8,0,0,0,7.0,5.25,8.0,False
37003023,7.2,8.0,6.8,8.25,7.75,7.25,0,0,0,True
37003024,6.0,7.25,7.4,0,0,0,8.25,7.75,8.75,False
37003025,7.8,7.75,6.2,7.0,7.5,6.0,0,0,0,True
37003026,7.8,7.0,5.4,0,0,0,5.75,7.25,9.25,False
37003027,7.6,7.5,7.4,0,0,0,7.5,7.75,9.0,False
37003028,6.2,7.0,3.2,0,0,0,5.5,7.25,8.5,False
37003029,7.8,8.0,8.6,6.75,7.25,6.5,0,0,0,True
37003030,7.2,6.75,5.2,0,0,0,7.25,7.0,8.5,False
37003031,7.4,7.25,8.4,0,0,0,7.5,7.0,8.5,False
37003032,5.2,6.75,6.8,0,0,0,6.0,7.75,7.75,False
37003033,7.6,8.0,8.2,7.5,7.75,5.25,0,0,0,True
37003034,7.2,5.0,3.8,0,0,0,6.75,6.5,5.25,False
37003035,5.0,5.5,6.6,0,0,0,4.75,6.75,8.25,False
37003036,7.2,8.75,7.6,0,0,0,8.75,7.75,8.75,False
37003037,6.8,8.25,7.6,0,0,0,8.0,7.25,9.0,False
37003038,7.4,8.5,6.6,7.0,8.5,6.25,0,0,0,True
37003039,6.2,8.25,6.8,0,0,0,6.75,5.5,7.0,False
37003040,7.2,7.75,8.8,6.75,8.25,6.0,0,0,0,True
37003041,7.0,8.0,7.2,0,0,0,6.0,7.25,8.75,False
37003042,7.2,7.25,7.0,4.5,6.0,6.75,0,0,0,True
37003043,7.6,8.25,7.0,0,0,0,9.5,8.25,9.25,False
37003044,6.4,6.5,6.0,0,0,0,5.5,6.75,8.25,False
37003045,7.0,7.5,7.8,0,0,0,6.5,7.5,8.5,False
37003046,8.4,7.75,7.2,5.75,7.25,8.25,0,0,0,True
37003047,7.0,5.0,6.2,5.0,6.75,7.25,0,0,0,True
37003048,7.4,5.5,7.2,6.5,5.75,6.75,0,0,0,True
37003049,6.0,8.0,5.4,0,0,0,7.5,8.25,8.25,False
37003050,7.2,8.75,8.6,0,0,0,8.5,7.25,9.0,False
37003051,5.4,6.5,5.2,0,0,0,5.0,6.5,8.25,False
37003052,6.8,7.25,4.4,0,0,0,6.5,7.0,8.5,False
37003053,4.8,5.25,5.4,0,0,0,5.0,5.5,7.25,False
37003054,6.8,6.75,5.0,0,0,0,6.25,7.75,8.5,False
37003055,0,6.0,0,0,0,0,9.75,9.75,0,False
37003056,5.4,7.5,7.6,0,0,0,6.5,7.75,9.0,False
37003057,7.0,7.25,4.2,0,0,0,6.75,7.5,8.5,False
37003058,7.4,7.5,7.4,0,0,0,7.25,8.0,8.75,False
37003059,7.0,7.0,6.2,0,0,0,7.0,7.0,9.25,False
37003060,7.4,7.25,6.8,0,0,0,7.25,8.25,8.5,False
37003061,8.2,0,0,8.0,8.0,6.25,0,0,0,True
37003062,7.0,6.75,5.0,6.75,6.75,7.0,0,0,0,True
37003063,7.2,0,0,8.0,7.0,0,0,0,0,True
37003064,7.2,7.0,8.8,5.0,6.75,7.25,0,0,0,True
37003065,8.6,6.75,7.8,7.0,7.25,6.5,0,0,0,True
37003066,8.2,7.25,6.8,7.5,7.0,5.25,0,0,0,True
37003067,8.2,6.75,5.8,8.0,5.25,6.0,0,0,0,True
37003068,5.8,7.5,4.8,0,0,0,9.5,8.5,9.5,False
37003069,5.8,7.0,5.0,0,0,0,7.75,7.75,7.5,False
37003070,6.8,7.25,5.0,0,0,0,8.0,6.5,8.25,False
37003071,6.6,7.25,6.0,0,0,0,7.0,7.25,8.5,False
37003072,6.2,7.0,3.2,0,0,0,4.75,7.0,8.0,False
37003073,6.4,7.25,7.2,0,0,0,7.25,4.75,7.5,False
37003074,5.8,7.0,4.0,0,0,0,7.5,7.0,8.25,False
37003076,5.8,6.5,5.6,0,0,0,7.0,7.25,8.25,False
37003077,4.8,8.0,6.6,0,0,0,5.75,6.0,8.5,False
37003078,8.2,7.25,9.4,7.75,6.25,6.75,0,0,0,True
37003079,8.2,4.5,0,0,0,0,5.75,5.5,0,False
37003080,7.8,6.0,7.8,5.5,5.0,4.0,0,0,0,True
37003081,7.6,6.25,5.6,6.75,5.25,5.25,0,0,0,True
37003082,6.2,6.25,5.4,0,0,0,6.75,7.0,8.75,False
37003083,8.0,8.25,6.0,7.75,6.5,6.75,0,0,0,True
37003084,4.4,6.25,7.0,0,0,0,7.0,7.75,7.0,False
37003085,5.6,7.25,4.2,0,0,0,8.25,8.5,9.25,False
37003086,6.8,8.75,5.2,0,0,0,6.75,7.75,9.25,False
37003087,6.0,7.0,3.8,0,0,0,7.25,6.5,8.0,False
37003088,5.2,6.0,6.0,0,0,0,7.25,7.5,7.75,False
37003089,7.0,7.0,5.4,0,0,0,6.75,6.5,8.75,False
37003090,5.2,6.5,4.2,0,0,0,7.0,6.5,9.0,False
37003091,5.8,4.75,4.6,0,0,0,7.5,8.0,6.75,False
37003092,6.6,6.0,4.6,0,0,0,7.25,7.25,7.0,False
37003093,6.2,6.0,5.2,0,0,0,7.75,6.75,8.5,False
37003094,5.4,0,4.2,4.5,0,0,0,0,0,True
37003095,8.0,7.0,5.6,6.5,7.0,6.5,0,0,0,True
37003096,4.6,7.0,5.0,0,0,0,6.0,7.75,7.75,False
37003097,7.2,6.75,3.4,0,0,0,8.0,7.5,8.75,False
37003098,8.4,9.0,8.6,8.25,7.0,6.5,0,0,0,True
37003099,7.0,6.25,4.6,0,0,0,6.5,7.5,7.0,False
37003100,4.6,6.0,3.8,0,0,0,8.5,6.75,8.25,False
37003101,7.2,7.25,7.2,7.5,5.5,4.5,0,0,0,True
37003102,6.6,7.0,7.6,0,0,0,7.25,7.0,8.5,False
37003103,8.4,0,4.2,9.0,7.75,4.25,0,0,0,True
37003104,6.2,7.5,8.0,0,0,0,7.25,8.25,9.25,False
37003105,6.8,7.5,5.0,5.5,6.75,6.0,0,0,0,True
37003106,7.2,6.75,6.6,0,0,0,7.75,7.5,8.75,False
37003107,7.2,8.75,5.6,0,0,0,6.75,7.75,8.75,False
37003108,5.2,5.75,5.6,0,0,0,7.25,4.5,8.25,False
37003109,7.0,8.5,6.6,0,0,0,7.5,7.5,8.75,False
37003110,7.0,8.5,7.8,0,0,0,7.25,8.25,9.0,False
37003111,5.2,4.25,5.4,0,0,0,6.0,6.75,5.5,False
37003112,6.0,6.5,4.2,0,0,0,6.25,7.25,9.0,False
37003113,6.8,8.25,6.4,0,0,0,0,0,0,False
37003114,6.4,7.25,6.2,0,0,0,7.25,7.5,9.0,False
37003115,7.6,5.75,7.0,0,0,0,7.0,7.75,8.0,False
37003116,7.8,6.5,5.2,0,0,0,7.0,7.75,8.75,False
37003117,8.0,7.25,7.4,0,0,0,8.0,8.75,9.0,False
37003118,7.6,7.5,5.8,7.75,6.5,6.0,0,0,0,True
37003119,7.0,7.5,7.0,0,0,0,7.25,8.5,9.25,False
37003120,6.4,5.25,3.2,0,0,0,7.0,6.75,8.0,False
37003121,5.8,5.25,6.4,0,0,0,7.5,7.25,7.75,False
37003122,4.2,6.5,6.0,0,0,0,6.25,7.75,8.5,False
37003123,6.0,7.75,5.8,0,0,0,8.25,7.25,9.0,False
37003124,7.8,8.0,7.2,0,0,0,0,0,0,False
37003125,6.8,5.75,8.2,0,0,0,6.25,7.0,9.0,False
37003126,7.2,6.75,5.4,5.75,7.0,7.75,0,0,0,True
37003127,5.4,6.25,5.6,0,0,0,7.75,7.5,8.5,False
37003128,6.6,5.5,5.0,0,0,0,8.25,7.75,8.5,False
37003129,6.6,7.0,7.2,0,0,0,6.75,7.5,9.0,False
37003130,6.6,7.5,6.2,8.5,7.0,7.0,0,0,0,True
37003131,6.6,5.5,4.6,0,0,0,7.5,6.25,8.0,False
37003132,7.8,6.0,6.2,0,0,0,8.25,9.5,8.5,False
37003133,7.2,7.5,8.4,0,0,0,8.25,9.25,9.25,False
37003134,7.0,6.5,5.4,0,0,0,7.5,8.5,8.75,False
37003135,7.4,7.75,6.0,0,0,0,7.75,7.5,8.25,False
37003136,7.6,8.0,6.8,7.25,8.0,7.25,0,0,0,True
37003137,8.2,7.25,7.6,0,0,0,8.25,8.0,9.0,False
37003138,6.8,8.5,6.8,0,0,0,7.25,7.25,8.5,False
37003139,7.0,6.75,5.4,0,0,0,7.5,7.0,9.25,False
37003140,6.4,6.0,4.4,7.25,7.25,6.5,0,0,0,True
37003141,7.6,6.75,6.0,0,0,0,7.25,6.25,7.5,False
37003142,6.0,7.0,6.8,0,0,0,6.75,6.75,7.75,False
37003143,5.8,7.25,5.8,0,0,0,6.75,7.25,8.25,False
37003144,6.0,7.25,5.0,0,0,0,8.5,7.75,7.5,False
37003145,6.8,6.75,5.2,0,0,0,7.75,8.75,8.75,False
37003146,5.8,6.5,6.8,0,0,0,7.0,5.75,8.5,False
37003147,7.4,7.75,5.8,8.25,6.0,6.25,0,0,0,True
37003148,3.8,8.5,4.2,0,0,0,5.75,7.0,8.25,False
37003149,7.2,7.25,6.0,6.75,6.25,6.0,0,0,0,True
37003150,5.0,6.75,5.8,0,0,0,7.5,7.75,9.0,False
37003151,6.8,7.25,6.0,0,0,0,5.75,5.75,8.75,False
37003152,7.0,7.5,5.6,0,0,0,6.5,7.0,8.25,False
37003153,5.8,6.0,7.6,0,0,0,7.25,8.5,9.0,False
37003154,7.4,6.0,6.8,8.0,5.75,5.5,0,0,0,True
37003155,5.8,6.5,8.2,0,0,0,6.0,7.0,8.25,False
37003156,7.8,6.25,6.4,6.75,5.25,6.0,0,0,0,True
37003157,6.6,6.25,6.0,0,0,0,9.0,8.25,9.0,False
37003158,8.4,6.25,4.6,4.75,7.75,8.5,0,0,0,True
37003159,5.6,5.75,8.6,6.25,5.75,4.75,0,0,0,True
37003160,7.4,7.25,6.6,6.0,6.0,6.0,0,0,0,True
37003161,6.4,6.75,7.8,4.5,7.0,7.25,0,0,0,True
37003162,4.2,6.5,6.2,0,0,0,7.25,7.0,8.5,False
37003163,6.8,4.75,7.2,6.0,5.0,4.75,0,0,0,True
37003164,9.2,8.0,7.8,8.0,8.0,5.25,0,0,0,True
37003165,8.0,6.75,6.2,6.5,5.5,5.0,0,0,0,True
37003166,6.4,5.75,4.8,0,0,0,6.25,6.75,6.5,False
37003167,7.6,7.5,7.2,0,0,0,7.75,8.25,9.0,False
37003168,6.8,7.25,5.4,0,0,0,7.5,7.0,9.0,False
37003169,8.0,0,0,2.25,8.25,8.75,0,0,0,True
37003170,6.0,6.25,4.4,0,0,0,7.75,7.5,7.5,False
37003171,3.2,6.5,0,0,0,0,8.0,7.75,0,False
37003172,8.0,0,8.2,6.75,8.75,7.0,0,0,0,True
37003173,7.6,7.75,7.2,0,0,0,8.25,7.25,8.25,False
37003174,5.2,7.0,6.8,0,0,0,8.0,7.0,8.75,False
37003176,5.4,7.25,3.8,0,0,0,6.0,7.25,7.0,False
37003177,6.8,6.0,7.4,4.5,7.5,7.25,0,0,0,True
37003178,5.4,4.25,6.4,3.75,6.25,4.25,0,0,0,True
37003179,0,7.75,0,0,0,0,9.0,9.75,0,False
37003180,4.8,5.25,5.2,0,0,0,6.25,7.75,9.0,False
37003181,6.2,8.0,5.2,0,0,0,7.75,8.25,9.0,False
37003182,6.0,7.0,5.0,0,0,0,8.0,7.75,8.75,False
37003183,6.0,6.25,5.8,0,0,0,7.5,7.75,9.25,False
37003184,6.4,5.25,6.2,7.25,6.75,4.5,0,0,0,True
37003185,8.0,0,7.8,0,8.0,0,0,0,0,True
37003186,8.2,6.5,3.6,7.0,7.25,5.5,0,0,0,True
37003187,5.4,8.0,7.6,0,0,0,6.25,7.25,8.5,False
37003188,7.6,7.0,5.4,0,0,0,7.25,7.5,9.0,False
37003189,5.0,6.25,0,0,0,0,7.0,0,0,False
37003190,8.4,5.75,5.0,7.0,7.25,6.0,0,0,0,True
37003191,0,8.5,0,0,0,0,9.5,9.5,0,False
37003192,6.2,6.0,4.2,0,0,0,6.0,6.5,8.75,False
37003193,4.4,6.5,6.4,0,0,0,6.25,7.25,7.75,False
37003194,8.2,6.5,6.6,0,0,0,0,0,0,False
37003195,4.2,6.0,7.2,0,0,0,7.5,6.5,9.0,False
37003196,7.6,7.0,6.8,5.5,6.5,4.75,0,0,0,True
37003197,7.2,7.0,6.6,0,0,0,6.0,7.25,8.25,False
37003198,7.8,7.5,7.4,6.75,4.75,6.0,0,0,0,True
37003199,7.0,6.75,6.2,6.75,7.0,6.0,0,0,0,True
37003200,6.0,7.5,8.6,6.25,6.25,6.75,0,0,0,True
37003201,6.8,7.5,3.8,0,0,0,7.5,9.0,9.0,False
37003202,6.8,8.5,4.2,0,0,0,6.25,6.75,9.25,False
37003203,7.2,6.5,8.0,5.5,4.5,6.5,0,0,0,True
37003204,7.4,7.0,8.2,0,0,0,7.25,6.5,8.75,False
37003205,7.8,0,0,3.5,8.25,8.25,0,0,0,True
37003206,4.8,8.25,8.2,0,0,0,7.75,8.25,9.0,False
37003207,5.0,7.5,7.2,0,0,0,5.0,6.75,8.0,False
37003208,7.8,6.5,5.0,0,0,0,8.25,7.5,8.0,False
37003209,5.0,7.25,4.8,0,0,0,6.5,7.75,7.5,False
37003210,7.2,6.75,5.2,4.0,6.0,5.0,0,0,0,True
37003211,7.4,0,0,3.5,8.75,7.25,0,0,0,True
37003212,7.4,5.75,5.8,8.0,5.75,7.0,0,0,0,True
37003213,4.2,6.5,6.2,4.25,4.5,5.5,0,0,0,True
37003214,8.0,8.5,9.2,0,0,0,7.25,7.25,8.75,False
37003215,6.6,7.25,7.0,0,0,0,7.5,8.0,8.5,False
37003216,6.8,6.5,7.0,8.25,6.75,5.5,0,0,0,True
37003217,6.8,5.5,6.0,0,0,0,6.0,6.75,8.25,False
37003218,7.4,4.0,6.8,7.75,4.75,6.0,0,0,0,True
37003219,7.6,5.75,8.6,6.75,4.75,6.25,0,0,0,True
37003220,7.8,7.25,6.2,7.0,6.5,6.25,0,0,0,True
37003221,6.0,7.25,6.2,0,0,0,6.0,5.0,7.5,False
37003222,6.2,7.5,4.8,0,0,0,6.75,7.25,8.0,False
37003223,6.2,6.25,5.4,0,0,0,7.0,8.25,9.5,False
37003224,7.8,6.5,6.2,6.75,4.25,5.5,0,0,0,True
37003225,6.8,6.75,5.8,0,0,0,6.5,6.25,9.25,False
37003226,7.8,6.5,4.2,0,0,0,6.0,6.25,7.25,False
37003227,6.6,7.75,4.6,0,0,0,6.75,8.5,9.0,False
37003228,7.8,6.75,4.0,6.5,5.5,6.5,0,0,0,True
37003229,6.4,6.0,4.8,0,0,0,6.25,7.75,8.0,False
37003230,7.2,6.5,4.4,0,0,0,6.5,8.5,9.0,False
37003231,5.8,7.75,5.4,0,0,0,7.0,6.25,7.5,False
37003232,7.0,8.75,7.0,5.5,6.25,7.25,0,0,0,True
37003233,6.6,6.25,8.4,4.75,5.25,5.75,0,0,0,True
37003234,7.2,6.25,5.8,5.25,3.5,3.75,0,0,0,True
37003235,7.6,7.25,8.6,0,0,0,6.75,7.0,9.0,False
37003236,6.4,6.5,5.6,4.25,0,0,0,0,0,True
37003237,7.8,7.5,6.6,6.5,7.5,5.75,0,0,0,True
37003238,6.4,7.0,4.0,0,0,0,4.75,7.0,8.0,False
37003239,8.6,9.0,8.8,0,0,0,0,0,0,False
37003240,7.0,7.0,5.6,0,0,0,8.5,8.25,9.5,False
37003241,6.4,6.75,6.4,0,0,0,7.25,7.5,8.5,False
37003242,6.4,7.5,5.2,0,0,0,6.75,6.75,9.25,False
37003243,5.0,6.75,6.2,0,0,0,7.75,5.0,8.5,False
37003244,7.2,7.25,7.8,0,0,0,6.5,9.0,8.5,False
37003245,6.0,7.25,5.6,0,0,0,8.5,8.0,9.5,False
37003246,7.2,8.75,8.8,0,0,0,0,0,0,False
37003247,5.2,6.5,5.4,0,0,0,7.25,6.5,9.0,False
37003248,6.8,7.25,7.8,6.75,8.0,6.25,0,0,0,True
37003249,5.6,5.75,4.4,0,0,0,7.0,5.0,8.25,False
37003250,7.6,7.75,7.6,0,0,0,6.5,6.75,9.25,False
37003251,7.4,5.25,3.0,0,0,0,6.75,6.25,6.75,False
37003252,5.8,8.0,9.2,0,0,0,8.25,7.75,9.5,False
37003253,7.4,7.5,5.2,6.0,7.25,7.25,0,0,0,True
37003254,0,6.75,0,0,0,0,9.75,10.0,0,False
37003255,5.4,4.25,7.0,0,0,0,6.25,4.75,7.5,False
37003256,7.0,7.75,8.6,0,0,0,7.0,6.25,10.0,False
37003257,7.4,8.0,5.4,0,0,0,6.75,7.0,9.5,False
37003258,7.4,6.0,7.6,7.0,4.25,3.75,0,0,0,True
37003259,5.8,5.0,8.0,1.75,3.5,5.25,0,0,0,True
37003260,4.6,7.0,6.6,0,0,0,6.75,6.75,8.5,False
37003261,7.0,7.0,5.0,0,0,0,9.0,8.0,7.25,False
37003262,4.2,8.25,4.4,0,0,0,7.5,8.5,8.5,False
37003263,0,7.75,0,0,0,0,0,0,0,False
37003264,8.2,7.0,6.0,6.75,7.0,6.5,0,0,0,True
37003265,7.4,7.75,7.0,0,0,0,8.0,8.0,8.75,False
37003266,7.4,7.5,4.0,7.0,7.25,6.0,0,0,0,True
37003267,6.0,6.25,3.6,0,0,0,6.5,7.5,7.75,False
37003268,8.2,8.0,6.2,0,0,0,0,0,0,False
37003269,5.2,5.75,4.0,0,0,0,6.25,6.0,8.5,False
37003270,4.6,7.75,4.6,0,0,0,7.25,6.75,9.75,False
37003271,5.0,8.25,4.6,0,0,0,8.0,8.0,9.0,False
37003272,6.2,8.0,4.6,0,0,0,6.5,7.25,7.75,False
37003273,7.6,7.75,4.6,0,0,0,7.25,8.0,8.75,False
37003274,5.8,6.0,5.6,0,0,0,6.25,4.75,7.0,False
37003275,7.0,7.75,7.6,6.25,6.0,5.75,0,0,0,True
37003276,7.4,8.25,7.0,0,0,0,7.5,9.0,9.25,False
37003277,7.0,7.5,0,0,0,0,6.5,7.25,8.5,False
37003278,7.6,7.0,5.2,7.75,7.75,4.75,0,0,0,True
37003279,6.4,7.5,7.2,6.75,6.0,5.0,0,0,0,True
37003280,7.4,7.0,3.8,4.75,6.0,5.0,0,0,0,True
37003281,7.0,8.5,6.8,0,0,0,7.75,8.25,9.25,False
37003282,6.8,8.25,6.4,8.0,7.25,5.5,0,0,0,True
37003283,7.0,7.0,6.2,0,0,0,7.0,7.75,8.5,False
37003284,7.6,6.75,5.0,0,0,0,6.0,8.0,9.0,False
37003285,5.0,5.25,4.8,0,0,0,6.0,6.5,8.5,False
37003286,6.0,6.0,3.2,6.0,7.0,3.25,0,0,0,True
37003287,5.4,4.75,5.0,0,0,0,6.25,4.0,5.75,False
37003288,6.4,7.5,6.0,6.25,3.75,3.5,0,0,0,True
37003289,5.8,7.0,4.8,5.25,6.75,3.75,0,0,0,True
37003290,5.6,7.25,5.4,0,0,0,7.25,6.75,8.5,False
37003291,7.4,7.5,6.8,7.25,8.75,8.75,0,0,0,True
37003292,6.8,7.5,7.8,8.0,7.0,6.0,0,0,0,True
37003293,7.8,7.75,0,6.75,6.0,2.75,0,0,0,True
37003294,7.8,8.5,6.4,0,0,0,7.5,8.5,9.0,False
37003295,6.8,8.5,8.8,0,0,0,9.25,8.75,8.75,False
37003296,7.2,8.0,5.6,0,0,0,8.0,6.75,9.0,False
37003297,6.6,7.75,7.2,0,0,0,7.25,7.0,9.0,False
37003298,7.2,5.75,5.6,7.0,7.5,6.5,0,0,0,True
37003299,5.6,7.5,7.8,0,0,0,6.75,7.75,8.75,False
37003300,6.8,7.5,7.6,0,0,0,8.0,7.75,9.5,False
37003301,7.2,8.0,6.8,0,0,0,8.0,7.25,9.25,False
37003302,7.2,7.5,4.8,0,0,0,5.5,5.75,8.75,False
37003303,8.4,0,5.2,8.25,0,0,0,0,0,True
37003304,7.0,7.25,7.8,0,0,0,3.5,5.0,7.5,False
37003305,6.4,7.75,3.8,0,0,0,7.25,6.75,7.75,False
37003306,7.0,8.0,6.2,0,0,0,6.75,9.0,9.0,False
37003307,6.4,6.5,4.4,0,0,0,5.5,7.0,8.0,False
37003308,6.8,5.75,5.2,0,0,0,7.0,7.5,7.25,False
37003309,3.8,8.0,4.2,0,0,0,7.5,6.75,8.75,False
37003310,6.4,8.25,8.4,0,0,0,8.25,7.75,9.0,False
37003311,3.8,8.5,4.8,0,0,0,6.75,7.25,9.25,False
37003312,3.8,6.75,5.6,0,0,0,5.0,7.0,8.5,False
37003313,6.6,7.0,6.4,5.25,6.0,5.5,0,0,0,True
37003314,7.8,8.25,6.6,7.25,7.25,6.5,0,0,0,True
37003315,5.6,8.0,7.8,0,0,0,7.5,6.75,7.75,False
37003316,6.8,7.75,8.0,6.5,3.0,4.75,0,0,0,True
37003317,6.4,7.75,4.6,0,0,0,7.0,7.75,9.25,False
37003318,7.2,7.75,6.4,6.75,4.5,6.25,0,0,0,True
37003319,4.4,6.75,5.6,0,0,0,6.5,7.5,9.5,False
37003320,7.4,6.5,7.4,0,0,0,6.75,6.75,9.0,False
37003321,7.6,8.0,0,0,0,0,9.0,8.75,9.0,False
37003322,7.6,7.75,6.6,7.0,6.0,6.25,0,0,0,True
37003323,7.2,7.25,5.2,0,0,0,5.0,5.75,8.25,False
37003324,6.2,8.0,5.8,0,0,0,6.5,6.5,8.0,False
37003325,7.2,7.75,6.8,0,0,0,5.5,6.25,8.25,False
37003326,5.2,7.0,3.6,0,0,0,7.0,5.75,8.0,False
37003327,8.2,8.5,6.2,7.25,6.25,7.0,0,0,0,True
37003328,8.0,7.5,6.4,0,0,0,8.25,8.5,9.0,False
37003329,8.8,5.5,6.4,0,0,0,6.0,7.75,8.5,False
37003330,7.0,8.0,7.8,5.25,7.75,5.75,0,0,0,True
37003331,5.2,6.25,4.0,0,0,0,6.75,5.75,7.5,False
37003332,6.8,8.25,7.8,5.75,5.75,5.5,0,0,0,True
37003333,6.8,6.25,6.4,0,0,0,5.75,8.75,9.0,False
37003334,6.4,8.25,5.0,0,0,0,7.25,8.25,9.25,False
37003335,7.0,6.25,5.2,0,0,0,6.75,5.25,8.25,False
37003336,5.6,7.5,6.2,0,0,0,6.75,7.75,9.5,False
37003337,6.2,8.0,6.4,0,0,0,6.25,8.75,8.5,False
37003338,6.8,0,0,0,7.25,7.25,0,0,0,True
37003339,7.6,6.0,7.2,0,0,0,0,0,0,False
37003340,6.4,7.75,5.8,0,0,0,6.5,7.75,9.25,False
37003341,7.2,7.25,6.6,0,0,0,6.0,7.0,8.0,False
37003342,6.6,6.75,7.0,0,0,0,7.25,8.0,9.5,False
37003343,7.4,7.75,5.4,0,0,0,5.5,7.0,8.25,False
37003344,8.2,6.5,8.0,6.75,8.25,5.75,0,0,0,True
37003345,8.2,7.75,6.2,0,0,0,8.5,7.25,9.0,False
37003346,6.6,7.5,5.4,7.5,6.75,6.25,0,0,0,True
37003347,6.8,7.0,5.0,0,0,0,6.25,7.0,9.0,False
37003348,6.6,6.75,5.6,0,0,0,6.25,7.75,7.75,False
37003349,6.2,8.5,4.4,0,0,0,5.5,7.25,8.0,False
37003350,7.8,7.5,6.4,0,0,0,5.5,7.75,8.0,False
37003351,7.0,8.25,7.4,0,0,0,9.0,7.75,9.5,False
37003352,7.4,6.5,6.8,0,0,0,6.0,8.25,8.5,False
37003353,6.6,7.0,5.2,0,0,0,6.25,7.0,9.0,False
37003354,5.4,3.75,5.6,0,0,0,7.5,5.25,7.75,False
37003355,7.4,7.0,6.2,6.0,5.25,5.0,0,0,0,True
37003356,4.2,7.0,3.6,0,0,0,6.5,6.0,8.0,False
37003358,0,7.0,0,0,0,0,9.0,9.25,0,False
37003359,7.6,8.5,7.4,0,0,0,8.0,8.25,8.75,False
37003360,8.2,8.0,6.0,0,0,0,7.5,7.75,8.75,False
37003361,6.4,6.75,4.6,0,0,0,4.0,6.0,7.75,False
37003362,6.8,6.75,3.6,0,0,0,7.0,7.5,7.75,False
37003363,8.6,0,9.2,8.0,0,0,0,0,0,True
37003364,0,7.75,4.4,0,0,0,0,9.0,0,False
37003365,7.6,7.5,6.0,7.0,6.75,6.5,0,0,0,True
37003366,7.2,6.75,6.0,0,0,0,8.5,6.75,9.5,False
37003367,7.4,7.5,5.6,7.0,6.75,5.75,0,0,0,True
37003368,6.4,7.75,6.4,0,0,0,7.0,6.25,8.0,False
37003369,7.2,7.0,7.6,0,0,0,7.0,8.75,8.75,False
37003370,5.2,7.25,4.6,0,0,0,6.75,7.25,8.5,False
37003371,7.8,6.0,5.0,5.75,4.5,5.5,0,0,0,True
37003372,8.2,7.75,7.4,8.25,3.5,5.0,0,0,0,True
37003373,7.6,7.5,5.8,0,0,0,6.5,6.25,8.5,False
37003374,7.2,7.5,7.4,0,0,0,9.25,7.5,8.75,False
37003375,5.6,6.75,5.6,0,0,0,6.0,6.75,7.25,False
37003376,8.0,6.5,4.8,4.75,9.25,8.5,0,0,0,True
37003377,6.6,5.75,6.4,5.5,3.25,5.0,0,0,0,True
37003378,3.0,6.25,3.8,0,0,0,6.75,7.25,8.5,False
37003379,7.8,0,0,8.25,7.25,0,0,0,0,True
37003380,5.8,6.75,8.0,5.5,7.25,6.25,0,0,0,True
37003381,7.2,7.0,5.6,6.75,6.75,5.0,0,0,0,True
37003382,4.8,7.0,6.8,0,0,0,6.0,7.75,8.25,False
37003383,7.6,6.75,5.2,7.5,8.25,5.0,0,0,0,True
37003384,6.0,7.0,5.2,0,0,0,6.75,6.75,7.75,False
37003385,5.6,6.0,3.4,0,0,0,7.5,7.0,8.0,False
37003386,6.8,6.0,7.0,7.0,6.25,4.0,0,0,0,True
37003387,7.0,7.25,6.4,0,0,0,7.0,7.0,8.0,False
37003388,4.4,7.25,3.0,0,0,0,5.5,6.5,9.0,False
37003389,8.0,8.75,7.6,6.75,8.5,8.25,0,0,0,True
37003390,8.4,0,0,7.5,8.0,4.5,0,0,0,True
37003391,4.4,6.75,3.0,0,0,0,6.5,6.0,8.0,False
37003392,8.0,6.75,5.8,0,0,0,7.5,7.5,8.25,False
37003393,7.4,5.75,3.2,7.0,6.0,5.75,0,0,0,True
37003394,7.4,8.0,4.8,4.0,4.25,7.0,0,0,0,True
37003395,5.4,5.75,4.2,0,0,0,6.0,7.25,7.5,False
37003396,6.4,6.5,3.4,0,0,0,6.25,6.75,8.5,False
37003397,6.8,6.25,3.2,6.25,6.75,5.5,0,0,0,True
37003398,6.4,6.25,4.8,5.0,7.0,6.0,0,0,0,True
37003399,7.4,7.5,4.6,0,0,0,7.0,6.25,8.5,False
37003400,6.4,8.5,5.4,0,0,0,6.0,7.25,8.0,False
37003401,4.6,7.0,2.4,0,0,0,3.75,7.75,7.5,False
37003402,7.8,6.25,6.6,7.5,4.25,7.75,0,0,0,True
37003403,6.8,8.25,5.2,0,0,0,6.75,7.5,8.5,False
37003404,6.8,6.25,5.2,6.25,4.75,6.0,0,0,0,True
37003405,5.6,8.0,3.0,0,0,0,7.5,7.75,8.25,False
37003406,6.6,6.25,3.6,5.25,5.75,6.5,0,0,0,True
37003407,6.8,7.25,4.4,0,0,0,7.0,7.25,6.75,False
37003408,4.8,7.5,4.0,0,0,0,6.75,7.5,8.0,False
37003409,7.2,8.25,4.6,0,0,0,8.75,8.0,9.25,False
37003410,0,9.0,0,0,0,0,9.75,9.75,0,False
37003411,6.4,7.25,6.4,5.5,5.75,6.5,0,0,0,True
37003412,7.2,6.5,6.6,0,0,0,8.0,7.0,8.75,False
37003413,3.4,5.0,3.8,0,0,0,5.0,6.75,7.25,False
37003414,7.6,6.0,6.0,7.75,6.5,5.5,0,0,0,True
37003415,3.0,6.25,5.6,0,0,0,5.75,6.75,9.0,False
37003416,6.0,5.5,5.4,0,0,0,5.75,5.5,6.25,False
37003417,7.4,6.75,6.6,0,0,0,7.5,7.25,9.0,False
37003418,7.6,7.25,4.8,6.5,7.25,4.75,0,0,0,True
37003419,6.2,7.25,6.6,0,0,0,7.5,7.75,9.75,False
37003420,6.2,6.75,5.8,0,0,0,7.0,7.75,8.75,False
37003421,7.0,7.5,7.2,0,0,0,7.0,7.5,8.25,False
37003422,7.0,6.75,2.2,0,0,0,7.25,8.0,8.5,False
37003423,6.2,7.25,5.8,0,0,0,5.75,6.5,7.5,False
37003424,5.8,7.0,3.8,0,0,0,4.0,7.0,7.25,False
37003425,6.8,7.75,6.4,6.5,5.75,6.25,0,0,0,True
37003426,7.0,7.25,6.0,0,0,0,7.0,6.75,8.5,False
37003427,4.8,5.25,4.6,0,0,0,6.5,6.0,7.5,False
37003428,0,8.75,0,0,0,0,9.5,9.25,0,False
37003429,7.0,6.75,6.8,0,0,0,7.75,7.25,8.25,False
37003430,5.0,5.5,6.2,0,0,0,5.75,6.0,8.75,False
37003431,6.4,5.5,4.4,0,0,0,6.5,6.75,8.25,False
37003432,6.6,6.5,4.4,7.25,7.0,6.0,0,0,0,True
37003433,5.6,6.25,5.2,0,0,0,7.75,6.25,8.5,False
37003434,6.8,6.75,7.4,0,0,0,0,0,0,False
37003435,7.8,6.75,5.8,0,0,0,8.0,7.75,9.0,False
37003436,7.0,7.25,4.2,0,0,0,8.5,8.5,9.5,False
37003437,6.0,7.0,4.8,0,0,0,5.5,6.75,8.75,False
37003438,7.0,6.0,4.6,0,0,0,7.5,8.25,7.5,False
37003439,8.2,6.75,6.0,7.75,7.25,6.25,0,0,0,True
37003440,6.6,7.5,5.6,0,0,0,7.5,8.75,8.5,False
37003441,7.8,5.5,5.4,6.25,7.0,4.5,0,0,0,True
37003442,5.4,6.75,5.0,0,0,0,6.25,6.5,8.25,False
37003443,7.8,7.75,5.8,0,0,0,8.0,8.0,9.0,False
37003444,6.2,6.25,4.8,0,0,0,7.25,7.5,9.0,False
37003445,7.6,6.75,5.0,0,0,0,5.75,7.0,8.0,False
37003446,8.0,4.75,6.0,7.75,8.0,4.5,0,0,0,True
37003447,6.6,7.25,5.4,0,0,0,0,0,0,False
37003448,8.2,7.75,0,0,0,0,0,0,0,False
37003449,3.6,4.5,6.0,0,0,0,5.25,5.25,7.5,False
37003450,6.2,8.75,6.2,7.5,5.75,4.0,0,0,0,True
37003451,7.6,8.0,4.8,6.75,8.0,4.5,0,0,0,True
37003452,6.2,7.25,4.6,0,0,0,7.25,6.75,8.5,False
37003453,7.8,8.0,7.6,0,0,0,7.5,7.75,8.0,False
37003454,6.2,8.0,6.4,0,0,0,5.75,6.75,8.25,False
37003455,6.8,7.25,5.2,0,0,0,6.0,7.25,7.75,False
37003456,6.6,7.5,7.2,0,0,0,6.0,7.75,9.25,False
37003457,6.6,8.0,6.8,0,0,0,7.75,7.0,8.25,False
37003458,7.2,7.25,7.4,6.5,6.25,7.0,0,0,0,True
37003459,8.0,7.5,8.0,0,0,0,0,0,0,False
37003460,5.8,7.5,7.4,0,0,0,5.75,7.75,9.0,False
37003461,7.2,4.0,5.6,0,0,0,6.25,6.0,7.75,False
37003462,6.8,8.5,7.0,0,0,0,7.5,8.0,9.5,False
37003463,8.4,6.0,8.6,8.0,6.5,6.0,0,0,0,True
37003464,5.2,6.5,4.2,0,0,0,8.25,6.75,8.25,False
37003465,6.4,7.25,6.8,0,0,0,5.5,7.25,8.5,False
37003466,7.8,6.0,7.2,0,0,0,6.75,8.5,9.25,False
37003467,6.6,8.75,5.6,0,0,0,8.25,9.0,9.0,False
37003468,6.6,7.0,5.2,0,0,0,7.25,8.25,8.5,False
37003469,6.6,8.25,7.8,0,0,0,8.0,9.0,9.0,False
37003470,6.8,5.75,6.8,7.25,7.25,6.25,0,0,0,True
37003471,6.0,5.5,5.2,0,0,0,5.5,8.25,9.0,False
37003472,7.0,6.0,6.0,0,0,0,5.5,7.25,7.75,False
37003473,6.0,7.25,6.6,0,0,0,6.75,8.25,8.75,False
37003474,8.0,6.5,7.4,6.25,7.0,4.0,0,0,0,True
37003475,7.0,8.5,7.8,0,0,0,6.25,8.0,9.0,False
37003476,7.8,6.0,6.6,0,0,0,5.75,8.25,7.5,False
37003477,7.8,7.75,6.4,0,0,0,7.25,8.5,8.75,False
37003478,8.8,6.0,7.6,6.75,6.25,5.25,0,0,0,True
37003479,7.2,6.75,7.0,5.25,7.25,4.5,0,0,0,True
37003480,6.0,5.75,5.8,0,0,0,6.5,7.25,8.75,False
37003481,5.6,5.75,6.0,0,0,0,6.5,6.75,8.0,False
37003482,7.8,6.5,8.8,0,0,0,6.75,7.5,8.5,False
37003483,7.6,5.25,5.6,7.25,7.0,5.0,0,0,0,True
37003484,6.8,5.25,6.0,6.75,6.75,5.25,0,0,0,True
37003485,6.0,5.5,8.2,5.5,3.75,5.5,0,0,0,True
37003486,4.4,7.0,4.0,0,0,0,8.0,7.25,8.5,False
37003487,7.8,7.25,4.0,6.5,7.25,4.5,0,0,0,True
37003488,5.0,7.5,6.4,0,0,0,7.0,7.0,9.0,False
37003489,7.4,7.75,7.2,7.5,6.5,5.0,0,0,0,True
37003490,6.0,8.0,4.0,0,0,0,6.25,6.25,9.0,False
37003491,4.6,7.0,5.2,0,0,0,7.0,9.0,8.25,False
37003492,5.6,7.25,5.4,0,0,0,6.5,6.0,8.0,False
37003493,7.0,7.0,6.2,0,0,0,6.25,7.25,8.5,False
37003494,6.6,7.5,7.2,0,0,0,7.75,7.75,8.5,False
37003495,5.4,7.0,5.0,0,0,0,7.25,8.0,8.0,False
37003496,7.0,7.5,5.0,0,0,0,8.25,8.5,9.0,False
37003497,6.2,7.5,6.6,0,0,0,7.25,6.5,6.75,False
37003498,7.0,7.0,4.6,0,0,0,7.25,6.75,10.0,False
37003499,7.6,7.0,5.8,0,0,0,7.75,9.0,8.75,False
37003500,6.0,6.5,6.6,0,0,0,8.25,7.75,9.5,False
37003501,5.2,6.5,5.2,0,0,0,6.75,7.0,8.0,False
37003502,6.8,8.0,5.2,0,0,0,5.75,7.5,7.5,False
37003503,6.8,7.0,6.0,0,0,0,7.5,8.5,9.25,False
37003504,6.4,7.25,5.6,0,0,0,7.25,8.0,8.0,False
37003505,7.6,6.25,6.0,0,0,0,7.75,5.5,9.0,False
37003506,5.8,6.5,6.0,0,0,0,5.5,8.5,8.25,False
37003507,7.4,8.25,6.8,0,0,0,7.5,8.0,8.75,False
37003508,0,5.0,0,0,0,0,6.25,6.25,8.25,False
37003509,5.4,6.5,5.4,0,0,0,5.0,6.75,7.25,False
37003510,6.6,7.5,6.6,0,0,0,6.5,7.0,8.0,False
37003511,6.6,7.5,3.8,0,0,0,5.5,6.0,8.5,False
37003512,7.2,9.0,6.8,0,0,0,6.5,6.5,8.5,False
37003513,6.4,7.5,3.8,0,0,0,6.0,7.25,8.25,False
37003514,7.0,8.0,5.6,0,0,0,6.75,7.75,9.5,False
37003515,7.0,7.5,5.8,0,0,0,6.0,8.0,8.0,False
37003516,6.4,8.0,7.2,0,0,0,6.25,7.25,8.5,False
37003517,4.8,7.25,3.8,0,0,0,5.75,6.25,8.5,False
37003518,7.0,8.0,6.2,0,0,0,6.5,8.0,8.25,False
37003519,6.6,7.0,5.8,0,0,0,7.75,6.75,8.75,False
37003520,7.4,7.0,7.2,0,0,0,7.75,7.25,7.75,False
37003521,4.8,7.0,4.4,0,0,0,7.0,6.0,8.5,False
37003522,6.4,5.5,7.4,7.5,3.25,5.0,0,0,0,True
37003523,8.4,0,0,6.5,8.0,0,0,0,0,True
37003524,5.6,5.75,7.4,0,0,0,5.5,5.25,7.25,False
37003525,7.4,7.75,6.0,0,0,0,6.25,6.0,8.75,False
37003526,6.6,7.25,6.0,0,0,0,6.75,6.75,9.0,False
37003527,6.6,7.25,5.2,0,0,0,7.5,8.0,9.25,False
37003528,7.0,7.5,5.8,0,0,0,7.5,8.0,8.75,False
37003529,7.0,8.0,4.4,0,0,0,5.75,6.25,8.75,False
37003530,0,6.25,0,0,0,0,5.75,4.25,0,False
37003531,7.0,0,0,5.75,6.25,0,0,0,0,True
37003532,8.0,0,7.6,2.75,7.5,5.75,0,0,0,True
37003533,8.0,0,0,0,8.0,8.75,0,0,0,True
37003534,6.8,6.25,5.0,0,0,0,5.25,5.5,8.25,False
37003535,6.8,6.5,5.8,0,0,0,7.25,7.75,8.75,False
37003536,6.8,5.75,5.8,0,0,0,6.25,6.75,6.75,False
37003537,5.2,6.5,6.6,0,0,0,5.0,5.0,7.5,False
37003538,7.8,6.75,7.4,0,0,0,7.0,8.0,9.0,False
37003539,8.2,0,0,4.0,9.0,8.5,0,0,0,True
37003540,8.0,4.5,6.4,7.75,8.25,6.75,0,0,0,True
37003541,8.6,0,0,3.5,9.5,7.75,0,0,0,True
37003542,7.2,6.25,5.6,0,0,0,6.5,7.5,8.25,False
37003543,7.2,6.25,5.8,0,0,0,6.25,7.75,7.75,False
37003544,7.0,7.25,7.6,0,0,0,7.25,8.5,8.75,False
37003545,7.0,8.0,5.4,0,0,0,7.75,8.75,9.0,False
37003546,7.4,6.75,4.0,0,0,0,7.5,7.5,8.75,False
37003547,7.0,6.0,7.2,0,0,0,7.25,7.5,8.5,False
37003548,6.2,7.5,6.8,0,0,0,8.0,9.0,9.25,False
37003549,7.4,6.5,5.8,0,0,0,8.5,7.5,8.5,False
37003550,5.8,8.25,5.4,0,0,0,8.0,9.0,9.25,False
37003551,7.0,6.75,6.6,0,0,0,7.75,7.0,9.25,False
37003552,6.6,6.0,7.0,5.25,6.25,4.25,0,0,0,True
37003553,7.6,7.0,6.4,0,0,0,8.0,7.25,9.25,False
37003554,5.6,6.0,6.0,0,0,0,5.75,6.75,8.25,False
37003555,6.0,6.5,5.2,0,0,0,8.0,7.5,8.5,False
37003556,7.2,7.5,7.4,6.5,6.0,8.5,0,0,0,True
37003557,7.8,7.5,7.2,0,0,0,7.0,7.75,9.25,False
37003558,8.0,6.25,6.6,5.5,3.5,5.0,0,0,0,True
37003559,7.2,7.0,6.6,0,0,0,7.25,5.75,9.0,False
37003560,5.2,7.75,6.6,0,0,0,7.5,7.25,8.5,False
37003561,7.8,7.75,4.6,0,0,0,5.5,6.25,7.75,False
37003562,6.2,6.0,4.8,0,0,0,7.75,6.75,9.25,False
37003563,7.6,9.0,7.8,0,0,0,8.0,9.0,9.0,False
37003564,8.6,0,0,0,8.75,8.75,0,0,0,True
37003565,7.6,6.5,6.4,8.0,7.5,7.25,0,0,0,True
37003566,9.4,7.0,8.4,8.5,6.75,7.25,0,0,0,True
37003567,6.4,8.0,6.0,0,0,0,9.0,7.75,9.0,False
37003568,8.4,0,0,6.0,8.0,0,0,0,0,True
37003569,8.0,7.0,6.8,5.0,7.25,7.25,0,0,0,True
37003570,4.8,6.0,5.6,0,0,0,6.5,8.5,8.75,False
37003571,7.0,7.0,6.4,6.0,4.75,8.25,0,0,0,True
37003572,4.8,7.0,4.8,0,0,0,5.0,8.75,8.75,False
37003573,6.6,7.0,6.2,4.75,4.5,6.75,0,0,0,True
37003574,5.0,6.75,3.4,0,0,0,3.25,6.0,8.0,False
37003575,6.6,6.0,7.8,4.5,6.0,5.0,0,0,0,True
37003576,8.4,6.75,4.6,8.5,8.75,7.25,0,0,0,True
37003577,8.4,7.25,8.8,8.0,8.0,7.25,0,0,0,True
37003578,6.4,8.5,7.2,0,0,0,7.75,8.25,8.75,False
37003579,7.0,6.0,5.4,6.75,7.0,5.25,0,0,0,True
37003580,7.4,7.5,5.6,6.0,6.25,6.0,0,0,0,True
37003581,4.6,7.25,4.8,0,0,0,6.75,7.25,9.25,False
37003582,6.6,7.25,6.0,0,0,0,6.0,7.75,8.0,False
37003583,5.8,7.75,4.0,0,0,0,7.5,7.25,8.25,False
37003584,5.8,6.0,5.2,0,0,0,3.25,4.75,5.25,False
37003585,4.8,7.75,2.2,0,0,0,7.0,7.5,9.25,False
37003586,5.8,6.25,3.2,0,0,0,4.75,6.5,8.0,False
37003587,7.6,6.25,6.2,7.0,3.5,6.75,0,0,0,True
37003588,6.6,8.0,6.0,0,0,0,9.0,9.0,9.75,False
37003589,7.6,6.5,6.2,6.75,4.0,6.0,0,0,0,True
37003590,4.8,7.25,3.8,0,0,0,6.25,5.25,8.25,False
37003591,8.0,6.75,7.2,5.5,4.25,6.25,0,0,0,True
37003592,7.0,6.5,0,0,0,0,0,0,0,False
37003593,6.8,5.0,7.2,5.75,5.0,6.5,0,0,0,True
37003594,7.0,7.0,7.0,0,0,0,7.25,7.75,9.0,False
37003595,5.6,6.75,3.6,0,0,0,6.0,6.5,8.5,False
37003596,6.8,7.0,7.4,0,0,0,7.0,7.5,8.75,False
37003597,5.0,5.25,2.6,0,0,0,5.75,6.0,7.75,False
37003598,4.0,6.5,2.8,0,0,0,4.75,5.5,7.75,False
37003599,7.4,7.0,5.6,5.0,3.5,7.25,0,0,0,True
37003600,6.0,6.75,4.6,0,0,0,7.25,7.75,8.25,False
37003601,2.8,3.25,0,0,0,0,5.0,6.75,0,False
37003602,4.6,4.0,3.8,0,0,0,3.25,5.0,8.0,False
37003603,5.8,5.0,5.0,0,0,0,5.25,6.25,8.0,False
37003604,5.8,7.5,4.4,0,0,0,4.5,6.5,7.75,False
37003605,5.6,7.75,7.0,0,0,0,6.75,7.25,8.0,False
37003606,4.8,7.0,4.8,0,0,0,5.25,7.25,7.75,False
37003607,6.6,6.5,3.6,0,0,0,4.5,7.0,8.0,False
37003608,5.4,4.5,4.2,0,0,0,3.25,5.0,8.25,False
37003609,5.8,5.75,0,0,0,0,6.25,7.75,0,False
37003610,6.2,5.5,0,0,0,0,4.5,6.25,0,False
37003611,6.8,5.75,5.2,0,0,0,7.0,8.25,7.75,False
37003612,3.6,3.0,0,0,0,0,4.0,6.0,0,False
37003613,5.0,3.5,7.4,0,0,0,4.75,6.75,6.5,False
37003614,8.0,6.75,7.2,0,0,0,8.0,8.5,0,False
37003615,7.8,5.75,8.8,7.75,8.0,6.75,0,0,0,True
37003616,5.6,2.75,0,0,0,0,4.25,5.75,0,False
37003617,7.4,5.25,0,0,0,0,7.75,8.5,0,False
37003618,8.0,6.0,5.6,0,0,0,5.75,6.75,6.25,False
37003619,6.4,6.0,4.2,0,0,0,7.25,7.0,8.75,False
37003620,5.8,5.5,4.4,4.5,4.0,6.5,0,0,0,True
37003621,5.6,5.5,4.2,0,0,0,6.0,7.25,7.25,False
37003622,3.6,4.25,0,0,0,0,6.0,7.0,0,False
37003623,3.0,5.5,0,0,0,0,5.25,7.25,0,False
37003624,4.6,2.0,0,0,0,0,3.5,7.0,0,False
37003625,4.8,5.25,4.0,0,0,0,5.25,4.5,7.75,False
37003626,5.6,4.0,0,0,0,0,6.75,6.25,0,False
37003627,3.8,7.75,3.6,0,0,0,9.0,8.25,9.75,False
37003628,5.4,7.25,5.2,0,0,0,6.0,7.25,7.75,False
37003629,5.6,7.25,6.2,0,0,0,6.25,6.25,8.25,False
37003630,5.0,5.75,3.8,0,0,0,6.75,6.25,6.75,False
37003631,6.8,6.75,0,0,0,0,8.5,8.5,0,False
37003632,6.4,6.75,4.6,0,0,0,4.0,6.0,8.75,False
37003633,7.0,5.75,5.8,0,0,0,5.75,7.75,6.0,False
37003634,6.8,4.5,4.4,0,0,0,6.25,7.5,8.0,False
37003635,6.2,4.5,3.8,0,0,0,6.0,7.0,7.5,False
37003636,4.8,3.75,0,0,0,0,5.5,6.0,0,False
37003637,4.8,4.0,0,0,0,0,3.75,3.5,0,False
37003638,7.8,7.25,5.4,0,0,0,5.25,7.5,8.5,False
37003639,7.2,6.0,6.6,0,0,0,8.25,8.25,8.25,False
37003640,6.8,7.0,5.2,0,0,0,7.5,9.0,9.25,False
37003641,6.8,6.5,5.0,0,0,0,6.75,7.5,7.5,False
37003642,6.6,6.5,7.0,0,0,0,6.5,8.0,8.0,False
37003643,7.0,5.75,0,0,0,0,6.0,7.5,0,False
37003644,6.4,6.0,6.0,0,0,0,6.5,7.75,9.0,False
37003645,5.8,6.25,4.0,0,0,0,4.75,6.75,8.5,False
37003646,6.2,7.0,5.0,0,0,0,5.5,7.5,7.0,False
37003647,5.0,5.25,0,0,0,0,5.25,5.5,0,False
37003648,5.0,6.0,4.0,0,0,0,4.75,7.25,7.75,False
37003649,4.8,5.5,3.2,0,0,0,7.25,7.0,7.25,False
37003650,3.8,5.5,0,0,0,0,6.0,6.25,0,False
37003651,5.6,6.5,1.8,0,0,0,5.75,7.25,7.0,False
37003652,7.8,4.5,4.6,0,0,0,6.5,6.25,5.25,False
37003653,6.8,5.0,7.0,0,0,0,6.75,7.5,7.5,False
37003654,7.2,5.25,5.4,7.0,6.25,6.0,0,0,0,True
37003655,6.0,6.5,4.4,0,0,0,6.0,7.25,5.75,False
37003656,7.0,7.25,7.0,0,0,0,6.75,8.5,7.25,False
37003657,8.0,6.5,4.8,0,0,0,6.0,8.25,9.0,False
37003658,7.2,7.75,4.4,0,0,0,5.5,7.5,8.5,False
37003659,6.8,7.0,5.6,0,0,0,7.25,6.75,9.25,False
37003660,5.2,5.25,3.6,0,0,0,5.25,5.75,9.75,False
37003661,6.4,5.0,4.2,0,0,0,5.25,6.25,7.0,False
37003662,6.0,8.0,4.4,0,0,0,5.0,7.0,7.25,False
37003663,7.8,7.0,0,0,0,0,6.5,4.75,0,False
37003664,8.6,7.5,0,7.75,7.75,6.5,0,0,0,True
37003665,7.0,6.25,2.6,0,0,0,8.25,8.5,8.0,False
37003666,7.8,6.5,8.2,0,0,0,6.5,7.75,0,False
37003667,6.4,5.0,4.6,0,0,0,5.5,5.0,6.0,False
37003668,8.0,6.0,5.4,7.5,7.0,5.0,0,0,0,True
37003669,8.0,6.75,6.2,7.5,4.5,5.0,0,0,0,True
37003670,6.8,3.75,2.8,0,0,0,5.75,3.5,7.25,False
37003671,4.8,3.5,0,0,0,0,5.25,7.25,0,False
37003672,6.0,5.0,4.4,0,0,0,6.25,6.75,0,False
37003673,5.0,6.25,4.4,0,0,0,6.0,6.75,7.5,False
37003674,6.4,5.5,0,0,0,0,7.25,6.25,0,False
37003675,2.8,2.5,0,0,0,0,5.0,6.75,0,False
37003676,7.0,4.0,0,0,0,0,6.5,7.25,0,False
37003677,6.8,6.0,2.8,0,0,0,6.0,6.75,7.0,False
37003678,6.6,4.5,7.0,0,0,0,8.75,7.5,8.75,False
37003679,7.4,7.75,6.0,0,0,0,6.0,5.75,7.5,False
37003680,8.2,7.0,7.8,8.5,4.5,7.25,0,0,0,True
37003681,5.8,6.75,5.4,0,0,0,7.75,6.5,8.25,False
37003682,6.2,3.0,4.6,0,0,0,6.75,5.75,7.75,False
37003683,6.8,6.25,0,0,0,0,7.75,9.0,0,False
37003684,7.6,4.5,4.4,0,0,0,5.0,6.25,6.5,False
37003685,6.4,6.75,0,0,0,0,6.5,7.25,0,False
37003686,4.6,4.5,3.8,0,0,0,5.5,6.5,0,False
37003687,6.2,7.0,4.4,0,0,0,6.0,6.75,7.5,False
37003688,5.4,2.5,0,0,0,0,3.75,5.25,0,False
37003689,7.8,7.5,5.0,0,0,0,9.75,9.0,9.25,False
37003690,5.4,5.25,0,0,0,0,8.0,7.75,0,False
37003691,5.0,7.0,3.4,0,0,0,4.75,6.25,6.75,False
37003692,6.4,6.5,6.8,0,0,0,6.25,7.25,8.75,False
37003693,5.2,6.25,3.2,0,0,0,6.5,6.75,7.0,False
37003694,5.8,7.5,4.4,0,0,0,8.25,7.25,7.75,False
37003695,6.0,7.0,3.6,0,0,0,6.5,6.75,8.25,False
37003696,7.0,4.75,3.0,0,0,0,4.75,5.25,7.25,False
37003697,4.0,4.5,3.0,0,0,0,5.0,7.5,7.25,False
37003698,6.4,4.5,0,0,0,0,5.25,6.0,0,False
37003699,8.0,7.5,3.6,0,0,0,6.5,7.5,7.75,False
37003700,4.6,5.0,0,0,0,0,5.75,6.25,0,False
37003701,4.0,5.75,0,0,0,0,4.0,5.5,0,False
37003702,5.4,6.0,3.0,0,0,0,4.25,7.0,8.75,False
37003703,6.0,7.0,5.0,0,0,0,7.75,8.0,9.25,False
37003704,5.4,5.25,4.6,0,0,0,6.0,8.0,10.0,False
37003705,4.2,6.75,2.2,0,0,0,4.0,6.5,8.25,False
37003706,7.4,7.75,5.6,0,0,0,6.75,6.5,0,False
37003707,5.4,6.25,6.0,0,0,0,4.5,7.25,8.0,False
37003708,5.6,5.25,4.0,0,0,0,5.25,6.5,6.5,False
37003709,4.8,6.25,4.6,0,0,0,8.0,6.75,8.75,False
37003710,7.4,6.5,7.2,4.5,7.75,4.75,0,0,0,True
37003711,6.6,5.5,5.4,0,0,0,6.25,5.0,7.75,False
37003712,7.0,7.0,5.2,0,0,0,5.75,7.75,7.75,False
37003713,6.4,6.0,5.0,0,0,0,5.5,7.0,8.0,False
37003714,6.4,4.75,3.8,4.5,5.5,4.75,0,0,0,True
37003715,7.2,7.5,0,0,0,0,9.0,9.0,0,False
37003716,6.6,6.25,3.6,0,0,0,6.0,6.5,7.75,False
37003717,3.4,4.25,0,0,0,0,3.5,4.25,0,False
37003718,5.6,3.25,3.0,0,0,0,6.5,6.5,6.0,False
37003719,5.6,6.25,4.6,0,0,0,4.75,7.5,7.0,False
37003720,5.4,7.0,3.2,0,0,0,6.25,7.5,8.25,False
37003721,5.2,7.75,6.0,0,0,0,6.25,8.0,9.5,False
37003722,7.0,7.25,5.8,7.25,6.0,7.25,0,0,0,True
37003723,6.6,8.0,5.6,0,0,0,7.5,8.25,9.5,False
37003724,6.6,7.25,5.2,0,0,0,7.0,8.25,8.75,False
37003725,7.6,6.25,5.6,0,0,0,5.5,8.0,8.75,False
37003726,5.6,5.0,0,0,0,0,7.25,5.5,0,False
37003727,5.0,4.5,0,0,0,0,6.0,6.5,0,False
37003728,6.2,5.0,4.0,0,0,0,7.5,7.5,8.5,False
37003729,6.0,4.5,0,0,0,0,6.75,5.75,0,False
37003730,3.8,4.25,0,0,0,0,7.0,6.75,0,False
37003731,6.4,4.75,2.6,0,0,0,6.25,6.25,9.0,False
37003732,8.0,5.75,6.8,0,0,0,9.0,9.5,9.5,False
37003733,4.0,4.0,0,0,0,0,4.75,6.5,0,False
37003734,2.0,4.25,0,0,0,0,6.0,4.25,0,False
37003735,7.2,5.75,0,0,0,0,8.0,8.25,0,False
37003736,6.6,6.0,4.6,0,0,0,5.5,8.0,9.0,False
37003737,4.8,4.0,4.0,0,0,0,6.0,6.75,8.0,False
37003738,4.6,5.25,0,0,0,0,3.75,5.75,0,False
37003739,4.2,6.5,0,0,0,0,5.0,5.75,0,False
37003740,5.4,7.75,5.2,0,0,0,6.0,7.25,7.25,False
37003741,3.2,4.0,0,0,0,0,6.75,7.75,0,False
37003742,6.8,5.0,6.2,0,0,0,7.75,7.25,8.0,False
37003743,4.0,5.5,0,0,0,0,6.25,5.75,0,False
37003744,4.8,5.75,7.4,0,0,0,5.5,7.0,7.0,False
37003745,5.6,5.75,4.4,0,0,0,5.0,6.25,8.0,False
37003746,5.2,5.5,0,0,0,0,5.75,6.5,0,False
37003747,5.2,6.75,5.6,0,0,0,5.5,7.25,9.25,False
37003748,5.2,7.0,0,0,0,0,5.75,8.75,0,False
37003749,5.6,7.5,4.4,0,0,0,5.75,6.25,7.25,False
37003750,4.8,6.75,3.6,0,0,0,4.5,6.0,6.25,False
37003751,5.0,6.25,5.8,0,0,0,6.0,7.0,7.5,False
37003752,8.2,5.0,0,7.25,6.75,3.25,0,0,0,True
37003753,5.2,4.75,6.2,0,0,0,5.25,5.5,6.75,False
37003754,6.6,6.5,6.6,0,0,0,5.25,8.25,8.0,False
37003755,5.6,7.5,5.6,0,0,0,7.25,7.5,9.5,False
37003756,5.8,6.75,7.0,0,0,0,6.0,8.0,8.0,False
37003757,4.8,6.0,0,0,0,0,7.0,8.25,0,False
37003758,6.8,6.25,5.0,0,0,0,5.5,6.25,6.5,False
37003759,5.6,4.25,0,0,0,0,6.25,6.5,0,False
37003760,6.0,4.5,0,0,0,0,5.5,6.25,0,False
37003761,5.4,5.75,6.6,0,0,0,7.25,7.5,7.5,False
37003762,4.0,3.25,0,0,0,0,7.75,4.75,0,False
37003763,5.8,5.5,0,0,0,0,6.75,6.0,0,False
37003764,6.2,6.0,6.0,0,0,0,6.75,7.75,7.25,False
37003765,7.6,5.75,8.4,0,0,0,7.75,9.0,9.0,False
37003766,7.0,6.75,6.6,0,0,0,7.75,8.25,8.25,False
37003767,2.2,3.75,0,0,0,0,4.5,5.75,0,False
37003768,4.0,3.5,0,0,0,0,6.75,4.75,0,False
37003769,4.6,4.75,0,0,0,0,7.25,5.75,0,False
37003770,5.8,5.0,6.0,0,0,0,7.75,6.75,7.5,False
37003771,5.4,6.0,5.4,0,0,0,7.25,7.25,7.25,False
37003772,3.4,4.0,0,0,0,0,6.25,6.75,0,False
37003773,4.6,6.25,5.6,0,0,0,6.75,7.25,6.25,False
37003774,6.2,7.25,4.6,0,0,0,8.0,7.5,7.0,False
37003775,6.6,7.0,5.4,0,0,0,7.25,7.25,9.25,False
37003776,6.8,5.25,5.2,0,0,0,7.5,6.25,6.75,False
37003777,7.0,6.75,8.0,0,0,0,8.25,7.5,9.5,False
37003778,5.8,7.75,0,0,0,0,7.0,9.0,0,False
37003779,4.8,5.0,0,0,0,0,5.75,6.5,0,False
37003780,3.0,2.5,0,0,0,0,7.0,6.25,0,False
37003781,3.8,5.0,0,0,0,0,6.0,5.5,0,False
37003782,5.0,3.75,5.6,0,0,0,6.0,6.0,7.5,False
37003783,6.0,4.5,5.8,0,0,0,8.75,9.0,8.25,False
37003784,6.4,4.5,7.4,0,0,0,7.75,7.5,7.5,False
37003785,6.2,6.0,3.4,0,0,0,6.0,7.5,8.0,False
37003787,7.6,6.5,6.2,0,0,0,7.25,8.0,9.25,False
37003788,8.4,5.5,8.4,5.5,8.75,6.5,0,0,0,True
37003789,3.4,2.75,0,0,0,0,5.75,7.0,0,False
37003790,7.8,6.0,6.2,7.5,6.0,3.25,0,0,0,True
37003791,2.6,0,2.2,0,0,0,5.5,7.0,0,False
37003792,5.0,4.0,0,0,0,0,6.5,7.0,0,False
37003793,8.4,5.5,6.6,7.25,5.25,3.75,0,0,0,True
37003794,6.0,5.0,0,0,0,0,7.0,7.5,0,False
37003795,6.6,6.75,6.6,0,0,0,6.25,7.0,7.0,False
37003796,6.2,6.75,2.8,0,0,0,7.0,7.75,9.0,False
37003797,6.0,7.5,5.8,0,0,0,8.25,8.25,8.75,False
37003798,5.2,5.5,5.2,0,0,0,6.0,7.0,8.75,False
37003799,7.8,7.0,4.4,8.5,8.75,7.0,0,0,0,True
37003800,7.6,3.75,5.4,0,0,0,6.75,8.25,9.75,False
37003801,6.6,6.75,6.2,0,0,0,7.25,7.25,7.5,False
37003802,7.4,5.25,8.2,0,0,0,6.25,6.5,8.5,False
37003803,3.4,3.5,5.6,0,0,0,5.0,5.25,6.75,False
37003804,7.0,6.0,6.0,0,0,0,6.5,7.5,7.75,False
37003805,7.6,7.25,7.0,0,0,0,5.5,7.25,8.0,False
37003806,5.8,7.75,5.6,0,0,0,7.75,7.25,7.5,False
37003807,2.2,4.25,4.2,0,0,0,8.25,8.0,7.25,False
37003808,7.2,6.5,5.8,0,0,0,6.75,6.25,7.75,False
37003809,6.4,5.75,3.8,0,0,0,4.5,7.0,8.25,False
37003810,4.8,5.75,0,0,0,0,6.75,5.75,0,False
37003811,6.0,5.75,3.8,0,0,0,6.0,5.5,8.5,False
37003812,7.6,6.75,4.4,0,0,0,6.5,7.5,7.25,False
37003813,8.0,7.5,6.4,0,0,0,6.0,6.75,8.75,False
37003814,3.4,7.0,0,0,0,0,5.0,6.5,0,False
37003815,5.0,5.25,4.0,0,0,0,6.5,4.75,7.5,False
37003816,6.0,6.0,4.2,0,0,0,7.25,7.0,8.0,False
37003817,4.6,6.75,4.0,0,0,0,4.75,4.5,6.75,False
37003818,4.4,6.5,0,0,0,0,5.0,6.0,0,False
37003819,5.2,3.25,0,0,0,0,5.25,6.5,0,False
37003820,7.6,6.5,3.0,0,0,0,6.75,7.25,0,False
37003821,4.6,3.75,0,0,0,0,4.5,6.75,0,False
37003822,7.6,6.5,5.8,0,0,0,6.0,7.25,8.5,False
37003823,5.6,4.0,3.2,0,0,0,6.25,5.5,6.75,False
37003824,3.6,6.25,0,0,0,0,5.75,6.75,0,False
37003825,4.2,6.5,3.4,0,0,0,6.5,8.0,9.0,False
37003826,5.0,6.25,3.8,0,0,0,5.0,5.5,8.0,False
37003827,5.4,7.0,0,0,0,0,6.5,7.75,0,False
37003828,4.0,3.25,0,0,0,0,3.5,5.75,0,False
37003829,6.8,4.5,0,0,0,0,7.75,6.75,0,False
37003830,6.4,8.0,6.0,0,0,0,7.25,7.0,9.0,False
37003831,7.2,3.5,0,0,0,0,6.25,6.25,0,False
37003832,5.6,8.0,5.6,0,0,0,6.5,5.5,7.5,False
37003833,5.2,6.5,4.4,3.5,6.0,4.75,0,0,0,True
37003834,4.0,4.5,3.4,0,0,0,6.5,5.25,3.25,False
37003835,6.0,4.75,4.0,0,0,0,6.25,5.5,5.0,False
37003836,6.6,6.25,5.8,0,0,0,5.75,6.75,8.75,False
37003837,5.4,6.5,0,0,0,0,5.0,6.25,0,False
37003838,5.6,4.0,4.6,0,0,0,6.0,7.0,8.0,False
37003839,5.0,7.0,4.4,0,0,0,7.5,8.0,8.0,False
37003840,5.0,5.75,0,0,0,0,6.25,6.0,0,False
37003841,4.2,6.75,4.2,0,0,0,6.25,6.25,6.75,False
37003843,4.6,5.25,0,0,0,0,6.75,8.25,0,False
37003844,5.4,4.75,6.0,0,0,0,5.25,6.25,7.75,False
37003845,6.0,6.5,5.0,0,0,0,4.5,6.5,7.0,False
37003846,4.2,5.5,4.4,0,0,0,6.0,7.5,8.25,False
37003847,7.6,6.75,0,0,0,0,9.0,9.0,0,False
37003848,7.0,7.25,6.6,0,0,0,8.5,7.75,9.0,False
37003849,6.2,5.25,4.4,0,0,0,7.25,6.0,0,False
37003850,7.0,7.25,4.6,0,0,0,7.5,7.5,7.5,False
37003851,5.2,5.25,4.0,0,0,0,6.0,6.0,7.25,False
37003852,5.4,4.5,7.4,0,0,0,6.5,6.0,7.5,False
37003853,6.0,6.25,6.0,0,0,0,5.75,6.75,8.0,False
37003854,6.0,5.0,0,0,0,0,4.0,5.5,0,False
37003855,7.6,6.25,5.8,6.75,6.5,5.0,0,0,0,True
37003856,6.8,6.75,4.2,0,0,0,7.25,6.5,8.25,False
37003857,6.6,4.0,2.8,0,0,0,6.0,6.5,6.75,False
37003858,4.0,5.5,5.6,0,0,0,6.75,6.25,7.75,False
37003859,5.2,5.25,0,0,0,0,4.5,7.0,0,False
37003860,5.6,3.75,6.0,0,0,0,6.5,5.75,7.5,False
37003861,4.0,3.25,5.2,0,0,0,5.0,6.5,7.0,False
37003862,7.8,5.5,0,0,0,0,7.25,7.0,0,False
37003863,6.2,7.5,6.0,0,0,0,6.5,7.0,8.0,False
37003864,6.0,6.25,4.6,3.25,4.5,5.5,0,0,0,True
37003865,6.8,5.25,4.4,0,0,0,3.75,5.75,7.25,False
37003866,6.8,5.5,5.0,0,0,0,6.75,5.75,7.25,False
37003867,6.2,7.0,5.2,0,0,0,7.5,7.25,8.25,False
37003868,6.0,4.5,0,0,0,0,5.25,4.0,0,False
37003869,5.6,6.25,5.0,0,0,0,7.0,7.5,7.75,False
37003870,7.0,6.75,5.0,0,0,0,6.0,7.5,8.25,False
37003871,7.0,5.75,5.6,0,0,0,6.5,6.25,7.5,False
37003872,7.4,8.0,6.2,0,0,0,7.75,9.5,9.5,False
37003873,6.2,7.25,4.6,0,0,0,7.0,7.75,8.25,False
37003874,7.0,7.25,5.0,0,0,0,7.25,8.25,7.75,False
37003875,5.0,5.5,4.0,0,0,0,5.5,7.25,9.25,False
37003876,6.2,5.0,0,0,0,0,5.75,7.25,0,False
37003877,5.0,6.75,5.2,0,0,0,4.0,6.25,7.25,False
37003878,4.8,4.5,0,0,0,0,5.0,5.5,0,False
37003879,6.2,2.5,3.4,0,0,0,5.25,7.0,7.25,False
37003880,4.2,5.25,2.4,0,0,0,5.25,6.5,8.0,False
37003881,6.4,3.5,7.0,3.75,5.5,4.25,0,0,0,True
37003882,5.0,4.25,0,0,0,0,6.5,8.0,0,False
37003883,6.0,5.75,6.2,0,0,0,6.75,7.75,8.75,False
37003884,4.6,6.0,4.0,0,0,0,5.5,8.0,8.0,False
37003885,5.6,4.0,4.6,0,0,0,4.25,6.75,7.0,False
37003886,5.6,4.0,4.4,0,0,0,5.25,5.75,7.25,False
37003887,5.2,5.75,5.4,0,0,0,6.25,6.5,5.75,False
37003888,5.0,6.0,5.2,0,0,0,6.25,6.5,7.25,False
37003889,7.0,6.25,5.4,0,0,0,6.5,7.0,8.25,False
37003890,4.8,6.0,5.2,5.5,4.5,4.75,0,0,0,True
37003891,5.0,7.0,5.8,0,0,0,7.25,8.0,7.25,False
37003892,6.6,5.75,0,0,0,0,6.75,6.25,0,False
37003893,6.4,4.5,0,0,0,0,6.5,6.5,0,False
37003894,7.2,6.25,6.2,0,0,0,6.0,8.25,7.0,False
37003895,5.2,2.75,3.6,0,0,0,4.5,6.0,7.25,False
37003896,6.0,5.75,5.2,0,0,0,5.25,7.0,7.75,False
37003897,4.0,4.75,4.4,0,0,0,4.75,5.5,7.5,False
37003898,6.6,7.5,6.0,0,0,0,6.0,6.5,9.0,False
37003899,5.4,4.5,0,0,0,0,3.75,6.75,0,False
37003900,7.0,7.0,6.2,0,0,0,6.5,8.25,9.5,False
37003901,7.0,7.5,5.0,0,0,0,5.5,7.0,8.25,False
37003902,5.0,7.25,4.6,0,0,0,5.5,6.75,7.25,False
37003903,4.8,7.5,6.0,0,0,0,8.0,8.5,9.5,False
37003904,7.8,7.75,6.6,0,0,0,8.25,9.25,8.5,False
37003905,7.2,6.5,3.8,0,0,0,7.5,7.25,8.5,False
37003906,6.4,8.0,3.6,0,0,0,6.5,7.75,8.0,False
37003907,4.2,3.75,3.8,0,0,0,4.75,6.0,8.25,False
37003908,5.2,6.5,2.0,0,0,0,3.75,5.5,4.5,False
37003909,6.0,5.75,4.6,0,0,0,6.75,8.25,0,False
37003910,7.6,6.5,4.2,8.5,8.5,7.0,0,0,0,True
37003911,4.6,7.75,0,0,0,0,5.0,5.75,0,False
37003912,5.0,5.5,0,0,0,0,7.0,6.75,0,False
37003913,5.2,6.5,5.2,0,0,0,5.75,6.0,7.5,False
37003914,3.0,6.25,5.2,0,0,0,2.25,6.5,6.25,False
37003915,3.6,3.5,4.4,0,0,0,5.0,6.0,7.25,False
37003916,4.2,3.0,0,0,0,0,5.25,7.75,0,False
37003917,5.0,6.25,0,0,0,0,6.0,6.75,0,False
37003918,5.0,6.0,2.6,0,0,0,4.25,5.0,6.75,False
37003919,5.2,6.75,4.0,0,0,0,7.5,7.0,8.0,False
37003920,4.0,6.5,3.6,0,0,0,4.75,6.25,7.0,False
37003921,3.4,6.5,4.4,0,0,0,3.25,5.5,7.25,False
37003922,6.0,6.0,5.0,2.25,4.75,4.75,0,0,0,True
37003923,5.4,2.5,0,0,0,0,4.0,7.0,0,False
37003924,8.2,7.25,5.4,0,0,0,6.5,6.75,8.0,False
37003925,8.6,4.25,6.2,6.0,3.25,5.0,0,0,0,True
37003926,7.6,7.0,6.0,8.25,4.5,5.25,0,0,0,True
37003927,6.4,6.5,5.0,0,0,0,5.5,5.75,7.0,False
37003928,3.2,7.25,0,0,0,0,6.5,6.75,0,False
37003929,7.8,6.5,7.6,7.75,2.5,5.75,0,0,0,True
37003930,6.4,6.25,0,0,0,0,6.0,7.25,0,False
37003931,6.0,6.0,6.0,0,0,0,6.0,6.75,7.25,False
37003932,6.0,4.5,7.0,0,0,0,5.25,7.0,7.5,False
37003933,5.8,5.5,6.6,0,0,0,5.75,6.5,7.0,False
37003934,6.0,6.75,7.4,0,0,0,6.5,7.0,7.75,False
37003935,7.6,6.5,5.6,0,0,0,5.25,7.5,8.25,False
37003936,6.8,6.5,4.2,0,0,0,5.25,6.0,7.75,False
37003937,6.6,3.5,0,0,0,0,5.5,7.0,0,False
37003938,5.8,6.0,4.6,0,0,0,9.0,7.25,9.25,False
37003939,4.4,3.75,0,0,0,0,6.25,6.0,0,False
37003940,2.6,3.25,3.2,0,0,0,4.5,2.75,4.5,False
37003941,6.4,6.25,5.4,0,0,0,6.75,7.75,8.25,False
37003942,6.0,6.75,7.4,0,0,0,6.75,8.0,7.0,False
37003943,5.6,4.75,5.4,0,0,0,3.75,6.75,8.0,False
37003944,7.0,6.0,5.0,0,0,0,7.25,5.75,7.0,False
37003945,6.8,6.75,0,0,0,0,7.25,7.5,0,False
37003946,7.0,5.5,5.2,0,0,0,5.0,6.5,9.0,False
37003947,4.8,5.75,4.0,0,0,0,2.25,5.5,6.0,False
37003948,5.0,6.0,2.2,0,0,0,6.25,6.25,7.0,False
37003949,5.4,6.75,2.2,0,0,0,7.75,8.0,8.25,False
37003950,6.0,7.75,3.6,0,0,0,6.5,7.25,8.25,False
37003951,4.8,6.0,0,0,0,0,6.25,6.75,0,False
37003952,7.2,7.25,4.2,0,0,0,6.25,6.75,8.0,False
37003953,6.4,6.5,4.0,0,0,0,7.5,8.5,8.25,False
37003954,3.0,5.0,3.4,0,0,0,5.5,7.25,8.0,False
37003955,5.8,6.5,5.4,0,0,0,6.25,7.5,0,False
37003956,3.8,6.5,0,0,0,0,7.0,6.5,0,False
37003957,3.8,2.5,0,0,0,0,6.25,6.0,0,False
37003958,4.6,6.0,0,0,0,0,7.0,6.5,0,False
37003959,7.2,6.5,7.4,0,0,0,5.75,7.0,8.75,False
37003960,6.4,6.75,0,0,0,0,5.0,7.5,0,False
37003961,6.6,6.25,3.8,0,0,0,4.75,7.5,7.75,False
37003962,3.4,4.75,0,0,0,0,5.0,5.5,0,False
37003963,4.8,7.25,3.2,0,0,0,4.75,6.75,7.0,False
37003964,4.6,6.75,3.4,0,0,0,6.5,6.75,7.25,False
37003965,4.4,7.25,4.2,0,0,0,5.5,5.75,0,False
37003966,5.2,7.0,4.2,0,0,0,7.0,6.5,8.25,False
37003967,6.0,7.25,6.0,0,0,0,6.5,7.5,8.5,False
37003968,2.4,2.5,0,0,0,0,5.0,5.0,0,False
37003969,5.0,4.0,3.0,0,0,0,5.75,6.0,8.5,False
37003970,6.2,6.0,4.8,0,0,0,7.5,8.75,9.25,False
37003971,5.2,5.0,0,0,0,0,5.75,7.0,0,False
37003972,4.6,4.75,2.0,0,0,0,5.5,6.75,8.25,False
37003973,7.6,5.25,3.6,0,0,0,9.0,8.25,9.0,False
37003974,6.8,5.25,0,6.75,5.0,4.75,0,0,0,True
37003975,7.4,6.25,3.6,0,0,0,8.0,7.5,7.75,False
37003976,8.0,5.0,4.6,7.0,7.5,6.5,0,0,0,True
37003977,5.2,3.25,0,0,0,0,5.25,6.5,0,False
37003978,6.2,5.0,3.8,0,0,0,5.5,6.25,6.25,False
37003979,8.0,6.0,4.2,0,0,0,9.0,8.0,9.0,False
37003980,4.8,6.0,4.4,0,0,0,4.25,7.0,5.75,False
37003981,5.8,6.0,5.2,0,0,0,5.75,7.5,6.5,False
37003982,5.6,6.75,9.0,0,0,0,6.5,8.5,8.75,False
37003983,6.0,5.0,5.6,6.25,6.0,6.0,0,0,0,True
37003984,4.6,5.75,4.8,0,0,0,6.75,6.25,7.5,False
37003985,6.2,5.0,4.6,0,0,0,6.0,6.75,6.75,False
37003986,4.6,6.75,0,0,0,0,6.75,5.75,0,False
37003987,5.0,5.5,0,0,0,0,4.5,6.5,0,False
37003988,5.2,5.0,3.8,0,0,0,5.75,6.75,7.5,False
37003989,4.2,3.0,0,0,0,0,5.75,6.25,0,False
37003990,3.0,2.0,3.4,0,0,0,4.5,3.5,4.75,False
37003991,8.6,6.75,6.0,5.75,7.25,6.0,0,0,0,True
37003992,7.6,5.25,4.0,0,0,0,6.0,6.5,8.5,False
37003993,5.0,6.25,5.0,0,0,0,6.5,6.75,7.5,False
37003994,5.4,5.25,4.8,0,0,0,6.5,7.5,7.25,False
37003995,6.0,7.25,4.6,0,0,0,6.0,6.75,8.25,False
37003996,4.4,6.75,2.8,0,0,0,4.5,6.75,5.75,False
37003997,3.6,8.0,4.2,0,0,0,6.25,7.25,8.0,False
37003998,3.6,5.75,0,0,0,0,4.25,6.25,0,False
37003999,3.2,4.5,0,0,0,0,3.0,2.75,0,False
37004000,6.4,8.0,5.0,0,0,0,6.0,7.75,7.75,False
37004001,5.2,3.75,0,0,0,0,5.5,6.5,0,False
37004002,5.2,6.25,5.8,0,0,0,7.5,6.5,7.5,False
37004003,3.6,5.0,5.2,0,0,0,6.0,8.25,7.5,False
37004004,6.4,5.75,0,0,0,0,6.5,6.25,0,False
37004005,6.0,7.25,5.4,0,0,0,7.0,7.75,8.5,False
37004006,4.4,4.0,0,0,0,0,5.75,6.25,0,False
37004007,5.4,7.0,5.4,0,0,0,6.75,8.5,7.25,False
37004008,4.2,5.75,5.4,0,0,0,6.25,5.5,7.75,False
37004009,7.0,7.5,0,0,0,0,7.5,7.75,0,False
37004010,5.0,6.75,5.4,0,0,0,5.75,6.75,8.0,False
37004011,7.0,8.5,5.4,0,0,0,6.0,9.25,9.0,False
37004012,7.0,6.5,4.4,0,0,0,7.0,6.25,7.5,False
37004013,6.8,5.5,0,0,0,0,6.75,7.25,0,False
37004014,6.2,5.25,4.0,0,0,0,8.25,8.0,8.25,False
37004015,2.6,1.75,0,0,0,0,6.75,5.25,0,False
37004016,5.8,5.25,4.6,0,0,0,7.75,7.5,8.5,False
37004017,6.4,6.5,4.4,0,0,0,6.25,6.75,9.25,False
37004018,3.4,5.5,0,0,0,0,6.75,7.25,0,False
37004019,2.6,4.5,0,0,0,0,7.25,7.25,0,False
37004020,7.2,7.5,5.2,0,0,0,8.0,9.0,8.25,False
37004021,3.8,5.0,0,0,0,0,5.75,8.5,0,False
37004022,6.0,6.0,4.6,0,0,0,6.25,7.25,8.5,False
37004023,7.0,6.75,4.6,0,0,0,7.75,9.25,8.0,False
37004024,7.8,6.75,7.4,6.75,7.0,4.5,0,0,0,True
37004025,5.4,5.0,5.4,0,0,0,7.0,6.5,8.75,False
37004026,7.0,7.75,6.0,0,0,0,7.25,7.75,8.75,False
37004027,6.6,6.75,6.6,0,0,0,6.75,8.0,7.0,False
37004028,3.8,6.25,0,0,0,0,7.0,7.25,0,False
37004029,4.6,5.5,5.4,0,0,0,4.0,4.0,5.5,False
37004030,5.0,5.5,5.8,0,0,0,6.75,7.75,8.5,False
37004031,4.6,6.25,6.4,0,0,0,6.25,7.0,8.75,False
37004032,5.2,7.25,6.4,0,0,0,7.75,7.75,7.5,False
37004033,3.8,4.5,0,0,0,0,5.75,6.5,0,False
37004034,6.2,5.5,5.2,0,0,0,4.5,7.5,7.25,False
37004035,5.6,5.0,7.0,0,0,0,5.25,7.25,7.5,False
37004036,7.8,6.75,7.8,0,0,0,5.5,7.25,9.0,False
37004037,4.6,4.25,0,0,0,0,5.25,6.75,0,False
37004038,3.8,6.25,6.0,0,0,0,5.75,7.25,8.5,False
37004039,4.2,6.25,5.2,0,0,0,5.0,5.75,7.0,False
37004040,6.2,7.0,4.6,0,0,0,8.25,8.5,9.0,False
37004041,5.8,8.0,6.0,0,0,0,6.5,6.75,0,False
37004042,7.2,7.75,4.0,0,0,0,7.0,7.25,8.0,False
37004043,5.0,3.25,3.6,0,0,0,4.75,6.75,5.5,False
37004044,6.0,6.0,6.8,0,0,0,6.5,7.5,8.75,False
37004045,6.6,6.25,0,0,0,0,7.0,9.0,0,False
37004046,6.8,7.0,6.0,0,0,0,5.0,7.25,8.0,False
37004047,5.0,4.25,4.8,0,0,0,6.75,5.5,7.0,False
37004048,3.2,3.0,0,0,0,0,5.75,7.0,0,False
37004049,7.4,7.25,5.8,0,0,0,9.0,9.0,9.25,False
37004050,7.4,4.75,6.4,0,0,0,6.5,8.25,7.75,False
37004051,6.8,6.5,4.8,0,0,0,8.0,7.5,6.75,False
37004052,6.6,4.75,0,0,0,0,6.0,6.5,0,False
37004053,8.2,7.25,4.0,0,0,0,7.5,8.75,9.75,False
37004054,6.4,6.5,4.8,0,0,0,8.5,6.5,7.75,False
37004055,5.8,3.25,4.0,0,0,0,5.5,6.75,0,False
37004056,7.2,6.75,4.8,0,0,0,8.0,8.5,9.25,False
37004057,7.6,7.0,6.2,0,0,0,8.75,8.0,7.75,False
37004058,6.6,6.0,8.8,7.5,7.5,6.0,0,0,0,True
37004059,8.0,6.25,7.2,7.5,9.25,6.5,0,0,0,True
37004060,6.0,6.25,5.0,0,0,0,5.75,6.75,8.75,False
37004061,6.4,6.25,4.4,0,0,0,5.5,6.5,7.25,False
37004062,4.2,3.5,0,0,0,0,4.5,7.25,0,False
37004063,5.4,4.75,0,0,0,0,6.5,6.25,0,False
37004064,5.8,6.75,3.2,0,0,0,6.75,8.0,8.75,False
37004065,4.8,7.5,2.8,0,0,0,7.25,8.25,9.0,False
37004066,6.6,7.0,4.4,0,0,0,7.0,8.75,8.5,False
37004067,5.2,7.0,0,0,0,0,6.5,7.0,0,False
37004068,4.6,7.0,4.2,0,0,0,6.0,6.0,7.75,False
37004069,3.4,5.75,0,0,0,0,7.25,7.0,0,False
37004070,5.6,6.25,5.0,0,0,0,6.0,6.25,7.5,False
37004071,8.0,7.25,9.2,0,0,0,9.5,9.75,9.5,False
37004072,6.0,6.25,0,0,0,0,8.0,7.0,0,False
37004073,7.8,6.5,0,0,0,0,7.0,6.0,0,False
37004074,6.6,6.0,6.6,0,0,0,6.5,6.0,7.0,False
37004075,5.4,6.0,5.6,0,0,0,6.75,5.75,8.25,False
37004076,6.8,7.25,5.4,0,0,0,5.5,5.75,8.75,False
37004077,7.4,7.0,7.0,0,0,0,6.5,8.5,8.5,False
37004078,5.6,6.75,5.4,0,0,0,5.25,7.5,8.5,False
37004079,7.6,6.25,6.0,0,0,0,6.75,8.0,7.75,False
37004080,5.4,4.75,4.2,0,0,0,5.0,7.0,6.75,False
37004081,6.2,5.75,4.8,0,0,0,5.5,6.5,7.0,False
37004082,6.8,7.25,5.0,0,0,0,8.25,7.75,9.0,False
37004083,5.4,6.25,4.4,0,0,0,7.75,6.5,8.25,False
37004084,5.4,5.0,0,0,0,0,6.5,5.5,0,False
37004085,7.2,7.5,7.6,0,0,0,9.25,9.5,8.0,False
37004086,5.6,6.0,0,0,0,0,4.5,6.75,0,False
37004087,7.2,4.5,6.8,0,0,0,6.5,7.75,9.0,False
37004088,7.4,4.75,0,0,0,0,6.5,5.25,0,False
37004089,7.6,7.25,5.4,0,0,0,6.0,6.75,8.25,False
37004090,7.0,7.0,6.0,0,0,0,5.75,7.75,8.5,False
37004091,5.6,7.75,0,0,0,0,6.0,7.25,0,False
37004092,3.0,7.0,0,0,0,0,3.25,7.0,0,False
37004093,3.6,6.25,4.8,0,0,0,4.25,5.75,5.0,False
37004094,6.4,6.0,5.2,0,0,0,6.0,6.75,7.75,False
37004095,6.8,6.75,5.0,0,0,0,6.75,7.25,8.25,False
37004096,6.4,3.0,0,0,0,0,7.25,7.5,0,False
37004097,6.4,6.0,3.6,0,0,0,4.75,6.5,7.0,False
37004098,5.4,6.0,4.4,0,0,0,7.75,7.0,8.0,False
37004099,6.4,7.25,6.6,0,0,0,8.0,9.25,9.75,False
37004100,7.0,7.0,4.8,0,0,0,6.0,7.25,7.5,False
37004101,5.4,3.25,0,0,0,0,6.75,6.5,0,False
37004102,6.2,5.0,0,0,0,0,5.75,4.25,0,False
37004103,6.0,5.5,4.4,0,0,0,7.5,7.5,9.0,False
37004104,5.8,6.25,4.6,0,0,0,5.0,6.0,8.75,False
37004105,3.8,5.75,4.6,0,0,0,5.0,6.75,7.0,False
37004106,4.2,5.25,3.8,0,0,0,7.25,7.75,6.0,False
37004107,7.6,4.5,3.0,0,0,0,5.0,6.5,0,False
37004108,4.6,4.0,5.6,0,0,0,4.0,6.25,7.25,False
37004109,6.8,5.25,0,0,0,0,6.25,7.5,0,False
37004110,4.2,4.5,0,0,0,0,5.5,6.75,0,False
37004111,7.2,7.5,0,0,0,0,5.5,6.25,0,False
37004112,8.2,7.0,5.8,7.75,8.25,7.75,0,0,0,True
37004113,6.4,5.25,5.2,0,0,0,5.0,6.5,7.5,False
37004114,5.6,6.0,5.2,0,0,0,7.5,8.75,9.5,False
37004115,4.6,5.0,0,0,0,0,6.25,6.75,0,False
37004116,6.6,6.25,0,0,0,0,6.75,6.75,0,False
37004117,6.6,7.25,7.0,0,0,0,6.5,8.25,8.25,False
37004118,4.6,6.25,6.2,0,0,0,6.25,7.0,7.5,False
37004119,4.6,7.5,5.8,0,0,0,5.75,7.5,8.25,False
37004120,5.8,7.25,5.6,0,0,0,5.0,6.0,8.25,False
37004121,6.6,6.5,0,0,0,0,6.75,7.0,0,False
37004122,7.4,7.0,5.4,0,0,0,7.0,7.75,8.5,False
37004123,5.6,7.75,7.6,0,0,0,6.5,7.5,8.75,False
37004124,6.0,8.25,6.4,0,0,0,5.0,6.5,8.5,False
37004125,6.8,5.25,5.4,0,0,0,7.25,7.0,8.5,False
37004126,5.8,7.0,5.0,0,0,0,2.75,6.5,5.75,False
37004127,4.4,3.75,0,0,0,0,4.5,6.25,0,False
37004128,4.0,7.25,4.0,0,0,0,5.75,6.25,7.75,False
37004129,6.4,6.25,6.4,0,0,0,6.5,6.25,8.0,False
37004130,5.8,6.25,6.2,0,0,0,5.25,7.25,9.25,False
37004131,4.2,3.25,0,0,0,0,5.0,6.25,0,False
37004132,5.4,5.75,0,0,0,0,5.5,7.0,0,False
37004133,6.0,2.5,0,0,0,0,5.25,6.0,0,False
37004134,3.0,3.0,0,0,0,0,6.25,6.0,0,False
37004135,7.2,6.75,4.2,0,0,0,7.5,8.0,8.75,False
37004136,6.6,4.5,4.8,0,0,0,6.0,7.25,0,False
37004137,3.4,4.25,0,0,0,0,6.5,6.25,0,False
37004138,6.6,6.5,3.4,0,0,0,5.75,7.5,8.5,False
37004139,6.0,6.25,5.2,0,0,0,3.75,6.75,5.75,False
37004140,7.6,8.0,6.8,0,0,0,7.5,8.75,8.5,False
37004141,6.8,6.25,6.4,0,0,0,5.0,5.5,6.75,False
37004142,3.4,6.5,4.4,0,0,0,7.0,7.0,7.0,False
37004143,6.6,5.5,0,5.75,7.5,6.75,0,0,0,True
37004144,5.4,7.0,4.6,0,0,0,5.0,6.5,8.0,False
37004145,6.6,7.5,5.2,0,0,0,5.0,5.5,5.75,False
37004146,7.0,6.25,4.2,0,0,0,8.25,7.75,8.0,False
37004147,4.4,6.75,3.6,0,0,0,5.25,6.75,7.0,False
37004148,6.4,6.25,3.4,0,0,0,5.25,6.75,7.5,False
37004149,3.4,4.25,0,0,0,0,4.0,6.0,0,False
37004150,4.4,2.25,1.8,0,0,0,3.5,5.0,4.75,False
37004151,4.6,5.5,2.0,0,0,0,5.75,7.5,7.0,False
37004152,3.2,6.0,2.8,0,0,0,5.25,6.75,7.5,False
37004153,5.4,5.25,3.8,0,0,0,5.0,6.0,7.0,False
37004154,5.2,6.5,5.4,0,0,0,4.5,6.75,7.0,False
37004155,7.2,7.5,3.2,0,0,0,7.75,7.25,8.75,False
37004156,5.4,5.0,2.8,0,0,0,5.5,6.75,5.75,False
37004157,7.0,6.5,6.2,5.25,7.25,5.75,0,0,0,True
37004158,5.6,6.5,0,0,0,0,7.25,7.25,0,False
37004159,5.8,7.25,4.4,0,0,0,4.75,6.0,7.0,False
37004160,4.2,4.0,0,0,0,0,5.5,7.5,0,False
37004161,3.8,6.75,0,0,0,0,7.0,7.5,0,False
37004162,7.8,7.0,5.8,0,0,0,6.5,6.75,8.75,False
37004163,7.8,7.25,7.2,7.0,4.75,4.5,0,0,0,True
37004164,6.6,5.75,4.8,0,0,0,6.0,5.5,7.5,False
37004165,6.8,6.0,4.2,0,0,0,5.25,8.0,7.0,False
37004166,4.2,6.5,0,0,0,0,4.75,7.5,0,False
37004167,7.8,6.5,3.8,0,0,0,6.25,7.25,9.25,False
37004168,4.2,7.5,5.0,0,0,0,5.0,7.0,8.5,False
37004169,6.2,7.75,0,0,0,0,6.0,8.5,0,False
37004170,7.4,6.5,5.6,0,0,0,7.75,8.25,8.0,False
37004171,6.6,7.0,4.8,0,0,0,7.5,6.5,8.0,False
37004172,6.4,5.5,0,0,0,0,5.75,6.25,0,False
37004173,6.0,5.5,0,0,0,0,5.25,7.5,0,False
37004174,5.2,6.0,0,0,0,0,4.5,5.5,0,False
37004175,4.2,4.5,0,0,0,0,3.5,6.25,0,False
37004176,5.8,4.0,0,0,0,0,4.75,7.25,0,False
37004177,6.8,4.25,0,0,0,0,7.75,7.25,0,False
37004178,5.2,7.75,4.2,0,0,0,5.0,6.75,8.0,False
37004179,5.4,8.25,4.6,0,0,0,5.5,6.75,0,False
37004180,7.8,8.0,7.0,7.75,6.25,7.5,0,0,0,True
37004181,4.8,6.5,4.0,0,0,0,6.5,8.0,8.25,False
37004182,5.6,4.75,2.8,0,0,0,4.75,8.0,7.0,False
37004183,5.6,6.25,5.0,0,0,0,4.75,6.75,8.0,False
37004184,6.6,6.75,0,0,0,0,6.75,7.25,0,False
37004185,4.4,3.75,3.4,0,0,0,6.5,6.25,6.75,False
37004186,6.4,4.25,4.2,0,0,0,3.75,7.0,7.5,False
37004187,4.4,6.0,0,0,0,0,6.0,7.5,0,False
37004188,6.8,7.75,5.4,0,0,0,6.0,8.0,8.5,False
37004189,6.0,7.5,6.6,0,0,0,7.25,8.25,8.75,False
37004190,6.4,6.5,4.4,0,0,0,6.0,8.0,7.75,False
37004191,5.0,7.25,4.8,0,0,0,5.0,6.25,8.0,False
37004192,4.6,7.5,4.2,0,0,0,5.75,6.5,7.0,False
37004193,7.2,7.75,7.4,0,0,0,8.0,7.75,8.75,False
37004194,8.0,7.25,4.2,5.75,7.5,4.75,0,0,0,True
37004195,3.6,5.75,4.6,0,0,0,5.0,5.5,9.0,False
37004196,6.6,7.0,6.0,0,0,0,7.0,8.0,9.25,False
37004197,5.0,6.0,0,0,0,0,8.0,7.25,0,False
37004198,5.4,5.75,6.8,0,0,0,5.5,6.75,8.75,False
37004199,6.0,7.5,7.0,0,0,0,7.75,7.25,8.5,False
37004200,6.2,7.25,5.6,0,0,0,5.5,7.25,8.25,False
37004201,6.4,5.0,4.4,0,0,0,7.0,6.0,8.25,False
37004202,4.4,7.5,0,0,0,0,6.0,6.75,0,False
37004203,6.2,6.25,4.0,0,0,0,5.0,8.0,8.75,False
37004204,8.0,6.0,6.4,0,0,0,7.25,8.5,8.75,False
37004205,6.8,7.0,9.0,0,0,0,9.0,8.5,9.0,False
37004206,6.6,5.5,5.8,0,0,0,7.0,7.0,8.0,False
37004207,4.8,7.5,2.4,0,0,0,4.0,8.0,6.75,False
37004208,3.8,5.25,3.2,0,0,0,3.0,3.5,6.5,False
37004209,7.2,7.5,4.0,0,0,0,7.25,7.75,8.75,False
37004210,3.4,5.75,4.0,0,0,0,4.75,6.0,5.75,False
37004211,7.2,8.0,4.2,0,0,0,5.5,7.5,0,False
37004212,7.6,7.5,4.0,0,0,0,6.0,6.25,7.5,False
37004213,9.0,5.75,6.2,6.0,9.75,8.25,0,0,0,True
37004214,7.8,7.75,6.6,0,0,0,6.25,6.75,8.25,False
37004215,7.2,8.5,6.6,0,0,0,5.5,6.0,9.25,False
37004216,8.4,5.0,4.2,5.5,9.0,9.25,0,0,0,True
37004217,7.0,7.25,7.4,4.25,7.0,7.25,0,0,0,True
37004218,8.0,5.5,8.6,8.75,7.25,6.0,0,0,0,True
37004219,6.4,5.5,6.6,3.25,4.0,3.75,0,0,0,True
37004220,6.8,7.25,7.4,0,0,0,6.25,8.0,8.75,False
37004221,6.8,7.0,8.2,0,0,0,8.25,7.5,8.25,False
37004222,8.2,7.25,9.0,6.75,9.5,5.5,0,0,0,True
37004223,7.4,7.0,8.2,4.25,6.5,3.75,0,0,0,True
37004224,5.4,7.0,9.0,0,0,0,6.75,8.75,8.5,False
37004225,6.6,7.5,6.6,0,0,0,5.75,6.25,8.0,False
37004226,8.4,5.5,4.0,7.0,7.25,4.25,0,0,0,True
37004227,6.2,5.5,5.8,7.25,6.25,4.75,0,0,0,True
37004228,7.6,6.5,4.6,8.5,8.75,5.25,0,0,0,True
37004229,6.6,7.0,2.8,6.5,4.0,3.5,0,0,0,True
37004230,8.4,6.75,4.4,6.0,6.5,5.5,0,0,0,True
37004231,8.0,9.0,7.2,0,0,0,7.5,6.75,9.5,False
37004232,6.8,8.0,6.2,0,0,0,7.75,7.75,8.5,False
37004233,6.6,8.5,6.2,0,0,0,8.75,8.5,9.25,False
37004234,7.4,8.5,6.6,0,0,0,7.5,8.5,8.75,False
37004235,7.6,8.25,7.4,0,0,0,7.0,8.0,7.75,False
37004236,7.8,7.0,8.2,7.5,7.5,4.25,0,0,0,True
37004237,8.0,8.0,7.0,0,0,0,8.0,8.75,8.0,False
37004238,8.2,8.0,5.2,7.5,8.5,6.75,0,0,0,True
37004239,8.4,6.0,4.8,7.25,8.75,6.5,0,0,0,True
37004240,8.6,4.75,5.0,9.25,8.5,6.5,0,0,0,True
37004241,7.0,7.25,4.2,0,0,0,7.5,7.75,8.5,False
37004242,8.6,5.75,5.4,8.0,8.75,6.5,0,0,0,True
37004243,8.6,6.0,6.2,7.25,7.5,6.0,0,0,0,True
37004244,7.0,6.75,2.4,6.75,8.0,6.0,0,0,0,True
37004245,4.0,6.0,3.2,0,0,0,7.25,6.5,7.5,False
37004246,8.4,6.25,7.8,4.75,8.0,5.25,0,0,0,True
37004247,8.4,8.25,4.2,8.0,8.0,6.5,0,0,0,True
37004248,7.8,7.25,5.8,6.75,6.75,5.0,0,0,0,True
37004249,7.4,8.25,6.4,8.5,8.0,5.0,0,0,0,True
37004250,6.2,8.0,6.6,4.0,4.5,5.5,0,0,0,True
37004251,7.2,7.5,6.8,0,0,0,8.0,5.75,8.0,False
37004252,6.6,7.25,5.6,0,0,0,6.0,7.5,7.25,False
37004253,6.2,6.75,5.4,0,0,0,6.5,7.25,8.0,False
37004254,7.4,7.0,5.6,8.25,9.25,5.5,0,0,0,True
37004255,7.2,8.0,7.0,0,0,0,7.0,7.75,8.0,False
37004256,7.8,8.5,8.6,0,0,0,8.25,8.5,8.0,False
37004257,6.0,7.5,5.4,0,0,0,9.5,8.25,9.25,False
37004258,8.4,7.0,5.0,8.25,8.5,6.5,0,0,0,True
37004259,8.2,6.0,8.2,6.75,5.25,5.75,0,0,0,True
37004260,8.0,7.75,9.0,7.5,7.5,7.75,0,0,0,True
37004261,6.8,3.5,4.8,6.75,7.25,6.25,0,0,0,True
37004262,8.2,7.5,7.0,8.25,8.0,5.75,0,0,0,True
37004263,7.0,7.25,6.2,0,0,0,7.75,8.25,7.5,False
37004264,7.2,8.75,6.0,0,0,0,8.25,8.5,8.25,False
37004265,8.0,7.5,5.8,8.5,8.75,7.75,0,0,0,True
37004266,8.0,7.5,6.6,0,0,0,6.0,6.75,6.5,False
37004267,8.6,7.5,6.4,7.25,8.75,8.25,0,0,0,True
37004268,7.4,7.75,4.4,6.75,6.75,6.5,0,0,0,True
37004269,8.2,6.75,6.0,7.75,6.5,6.25,0,0,0,True
37004270,8.8,6.5,7.0,8.5,8.25,7.0,0,0,0,True
37004271,7.4,4.5,7.2,8.5,5.0,7.0,0,0,0,True
37004272,7.6,6.25,7.2,8.25,7.25,6.75,0,0,0,True
37004273,6.2,7.5,5.2,0,0,0,7.25,8.5,8.0,False
37004274,6.8,6.25,6.8,0,0,0,5.0,7.5,7.5,False
37004275,5.2,8.25,8.0,0,0,0,7.75,7.75,8.5,False
37004276,7.8,8.75,8.2,0,0,0,7.25,7.5,9.25,False
37004277,7.2,3.5,6.0,6.75,4.0,5.25,0,0,0,True
37004278,7.4,6.5,6.0,0,0,0,8.25,7.25,8.5,False
37004279,8.4,6.75,3.8,8.25,8.25,7.75,0,0,0,True
37004280,7.2,6.5,5.2,0,0,0,6.25,6.25,7.0,False
37004281,8.0,6.25,4.4,7.25,8.5,5.25,0,0,0,True
37004282,7.4,3.5,4.2,5.25,7.5,3.25,0,0,0,True
37004283,7.2,7.5,7.6,5.5,7.75,5.5,0,0,0,True
37004284,4.2,6.5,5.2,0,0,0,7.5,5.5,8.5,False
37004285,8.0,5.0,4.8,5.5,7.0,7.0,0,0,0,True
37004286,6.6,5.0,4.2,0,0,0,3.25,6.25,6.75,False
37004287,6.8,6.75,6.2,8.25,7.5,5.75,0,0,0,True
37004288,8.4,6.0,5.6,8.75,8.75,6.75,0,0,0,True
37004289,7.4,7.75,7.6,0,0,0,7.0,7.5,7.75,False
37004290,7.8,6.75,6.0,7.25,7.0,7.75,0,0,0,True
37004291,5.6,7.5,4.4,0,0,0,8.25,9.25,7.75,False
37004292,7.0,6.75,5.0,7.5,8.0,6.5,0,0,0,True
37004293,7.6,4.75,4.6,7.75,8.25,6.25,0,0,0,True
37004294,8.2,6.25,4.4,8.75,8.25,6.25,0,0,0,True
37004295,8.0,7.5,7.6,7.25,7.25,7.0,0,0,0,True
37004296,7.8,8.25,9.2,0,0,0,8.25,8.0,9.25,False
37004297,6.0,8.25,5.0,0,0,0,7.5,8.5,9.0,False
37004298,7.4,8.0,6.8,0,0,0,6.25,7.75,9.0,False
37004299,7.0,6.75,5.0,4.0,3.75,4.25,0,0,0,True
37004300,7.6,6.5,6.0,5.5,7.5,7.75,0,0,0,True
37004301,7.8,6.75,5.2,3.5,7.0,7.5,0,0,0,True
37004302,8.4,8.0,6.4,7.5,9.0,7.0,0,0,0,True
37004303,8.4,8.0,7.8,0,0,0,5.75,7.25,8.75,False
37004304,8.2,7.5,6.8,7.75,8.5,6.25,0,0,0,True
37004305,5.6,7.5,5.8,0,0,0,7.25,6.75,8.75,False
37004306,6.8,7.0,4.4,0,0,0,5.25,7.0,7.75,False
37004307,8.2,7.25,8.8,7.25,6.0,7.25,0,0,0,True
37004308,7.2,7.25,6.2,7.5,7.5,6.0,0,0,0,True
37004309,8.2,6.25,5.0,7.25,7.25,5.75,0,0,0,True
37004310,6.4,7.5,5.8,0,0,0,5.25,5.25,8.0,False
37004311,8.0,6.25,5.2,0,0,0,7.75,7.5,9.25,False
37004312,7.6,8.5,9.2,5.5,6.5,6.5,0,0,0,True
37004313,7.2,7.75,6.6,0,0,0,5.5,7.25,7.5,False
37004314,7.2,8.0,8.4,0,0,0,6.75,6.75,7.5,False
37004315,7.2,7.75,9.0,8.0,7.0,5.5,0,0,0,True
37004316,8.8,5.5,5.0,7.5,8.25,7.25,0,0,0,True
37004317,7.6,5.75,4.6,7.0,8.25,5.5,0,0,0,True
37004318,8.2,6.25,6.4,7.75,7.5,4.75,0,0,0,True
37004319,8.0,6.75,5.6,8.75,8.75,5.0,0,0,0,True
37004320,8.4,6.75,6.2,8.25,8.75,4.25,0,0,0,True
37004321,8.0,6.25,0,5.5,8.75,9.0,0,0,0,True
37004322,8.8,7.0,9.2,9.0,9.0,7.25,0,0,0,True
37004323,8.4,7.0,7.0,7.5,8.75,7.25,0,0,0,True
37004324,6.8,7.5,6.6,0,0,0,5.75,6.0,8.0,False
37004325,6.8,7.25,5.2,0,0,0,7.5,6.0,7.75,False
37004326,7.2,8.0,5.0,8.25,7.25,7.5,0,0,0,True
37004327,6.2,7.25,5.0,0,0,0,4.25,6.0,7.25,False
37004328,7.6,7.5,5.6,7.25,6.0,7.25,0,0,0,True
37004329,6.8,7.0,7.0,0,0,0,7.0,8.25,7.75,False
37004330,7.0,7.75,6.8,0,0,0,6.75,5.75,7.75,False
37004331,3.6,7.25,6.6,0,0,0,6.75,7.5,8.5,False
37004332,7.8,7.25,4.6,8.5,8.75,6.25,0,0,0,True
37004333,6.4,4.5,3.0,8.25,7.0,4.75,0,0,0,True
37004334,7.2,6.5,4.8,3.0,8.0,7.25,0,0,0,True
37004335,7.8,5.75,8.2,8.0,6.75,6.0,0,0,0,True
37004336,8.2,5.25,8.0,7.5,5.5,5.75,0,0,0,True
37004337,8.4,5.75,8.2,8.5,9.5,6.75,0,0,0,True
37004338,8.0,4.75,8.0,6.0,3.75,7.25,0,0,0,True
37004339,7.6,7.25,6.0,0,0,0,8.0,7.0,8.0,False
37004340,8.2,4.5,5.8,7.25,8.25,6.5,0,0,0,True
37004341,7.6,7.5,6.0,0,0,0,6.75,7.25,7.5,False
37004342,8.0,8.0,8.4,6.5,9.0,5.0,0,0,0,True
37004343,2.6,5.5,6.0,0,0,0,5.75,6.0,6.5,False
37004344,7.6,7.25,7.8,0,0,0,6.5,8.25,9.25,False
37004345,5.8,7.75,3.6,0,0,0,7.5,7.5,8.75,False
37004346,7.6,7.25,8.0,7.75,8.25,6.75,0,0,0,True
37004347,8.0,6.75,4.6,7.75,6.75,7.25,0,0,0,True
37004348,8.2,6.0,5.4,5.75,7.25,5.75,0,0,0,True
37004349,8.4,7.25,7.2,7.25,6.5,6.0,0,0,0,True
37004350,7.8,7.75,7.6,8.5,4.75,5.25,0,0,0,True
37004351,8.4,5.75,5.2,8.75,7.75,5.25,0,0,0,True
37004352,7.4,7.0,7.2,0,0,0,8.0,8.25,7.75,False
37004353,8.4,5.25,8.6,7.0,5.5,4.0,0,0,0,True
37004354,8.8,5.75,3.6,9.25,8.75,3.75,0,0,0,True
37004355,9.0,7.5,8.6,8.75,5.75,4.75,0,0,0,True
37004356,8.6,7.75,5.4,6.5,7.0,6.75,0,0,0,True
37004357,8.4,6.5,9.0,6.0,8.25,8.5,0,0,0,True
37004358,7.0,6.0,8.4,0,0,0,7.5,7.0,8.0,False
37004359,7.8,6.5,5.4,8.75,7.75,6.5,0,0,0,True
37004360,8.2,5.0,8.2,9.25,7.25,7.25,0,0,0,True
37004361,8.4,5.75,5.6,8.75,9.25,6.75,0,0,0,True
37004362,8.6,7.5,7.4,9.0,8.5,6.25,0,0,0,True
37004363,7.2,8.25,5.2,0,0,0,7.25,7.75,7.25,False
37004364,8.0,5.75,4.6,7.5,8.25,7.25,0,0,0,True
37004365,8.0,5.0,6.2,3.5,7.5,6.25,0,0,0,True
37004366,8.2,6.75,5.4,8.25,8.5,4.25,0,0,0,True
37004367,8.8,4.75,6.2,7.25,8.5,4.75,0,0,0,True
37004368,8.0,6.75,8.0,7.5,8.75,8.0,0,0,0,True
37004369,7.8,8.25,7.2,0,0,0,6.25,7.75,7.25,False
37004370,8.2,8.5,8.6,0,0,0,6.25,7.5,7.5,False
37004371,7.6,5.5,4.8,6.25,7.0,5.0,0,0,0,True
37004372,8.6,7.25,7.2,5.0,5.75,7.25,0,0,0,True
37004373,6.4,7.5,6.2,0,0,0,9.0,8.5,8.75,False
37004374,7.8,7.25,4.4,8.0,8.75,7.0,0,0,0,True
37004375,7.6,7.75,7.6,0,0,0,6.75,7.25,8.75,False
37004376,8.6,6.5,6.2,8.25,8.25,5.75,0,0,0,True
37004377,6.8,6.0,4.8,0,0,0,5.75,8.75,9.0,False
37004378,7.8,8.0,5.8,8.0,8.25,5.5,0,0,0,True
37004379,8.4,5.25,5.4,7.75,8.0,6.5,0,0,0,True
37004380,7.2,6.5,6.0,4.0,7.75,5.0,0,0,0,True
37004381,6.6,7.25,4.4,0,0,0,8.0,8.25,8.25,False
37004382,6.6,8.0,6.6,8.5,7.0,5.0,0,0,0,True
37004383,7.8,8.0,7.0,0,0,0,6.5,8.0,7.75,False
37004384,7.0,5.5,4.6,6.0,8.25,5.0,0,0,0,True
37004385,6.4,4.75,6.0,5.0,4.75,4.0,0,0,0,True
37004386,8.8,7.5,6.0,7.75,8.75,6.25,0,0,0,True
37004387,7.8,6.75,5.0,7.25,7.5,6.5,0,0,0,True
37004388,8.8,3.0,7.4,8.75,8.5,5.75,0,0,0,True
37004389,8.2,6.5,8.0,7.5,7.25,4.0,0,0,0,True
37004390,8.2,6.5,4.6,8.0,8.5,4.75,0,0,0,True
37004391,7.6,6.25,8.6,8.5,5.0,3.25,0,0,0,True
37004392,6.4,8.5,6.8,0,0,0,5.75,5.0,8.75,False
37004393,6.8,8.0,5.4,7.75,7.5,5.25,0,0,0,True
37004394,7.0,8.25,5.2,8.25,7.25,6.25,0,0,0,True
37004395,7.6,8.0,5.8,8.75,7.25,6.5,0,0,0,True
37004396,6.0,8.0,5.4,0,0,0,5.75,8.0,8.0,False
37004397,8.6,7.0,8.8,8.0,5.75,8.0,0,0,0,True
37004398,7.4,6.75,6.4,6.5,7.75,6.0,0,0,0,True
37004399,6.8,7.0,4.6,8.0,8.75,6.0,0,0,0,True
37004400,5.2,6.5,1.8,0,0,0,7.0,8.75,8.0,False
37004401,8.8,7.75,4.4,8.25,8.5,8.0,0,0,0,True
37004402,8.0,8.5,8.4,7.5,7.75,7.0,0,0,0,True
37004403,5.6,8.5,4.4,0,0,0,8.25,9.75,8.0,False
37004404,5.4,8.75,4.4,0,0,0,6.5,8.5,7.75,False
37004405,7.8,7.25,9.0,5.5,9.25,7.25,0,0,0,True
37004406,6.4,7.0,4.0,6.75,7.0,5.25,0,0,0,True
37004407,6.4,7.25,5.0,0,0,0,6.25,6.75,8.0,False
37004408,7.0,7.5,6.8,0,0,0,6.0,7.75,8.0,False
37004409,7.8,3.5,7.6,7.5,5.25,4.75,0,0,0,True
37004410,4.6,6.0,8.0,0,0,0,5.75,6.0,6.75,False
37004411,7.6,6.5,7.2,6.75,8.25,6.25,0,0,0,True
37004412,8.2,6.25,8.4,7.25,6.5,7.0,0,0,0,True
37004413,8.0,6.5,5.6,9.0,9.0,7.25,0,0,0,True
37004414,7.8,7.25,6.4,8.25,8.0,7.0,0,0,0,True
37004415,4.6,8.75,3.8,0,0,0,5.75,6.75,8.75,False
37004416,7.0,8.75,6.4,0,0,0,6.75,8.25,9.0,False
37004417,7.8,8.75,7.4,0,0,0,4.5,7.0,8.0,False
37004418,8.6,5.75,7.8,7.5,6.5,6.75,0,0,0,True
37004419,7.8,8.25,7.4,8.0,6.75,7.25,0,0,0,True
37004420,7.0,6.0,7.6,7.0,3.75,5.5,0,0,0,True
37004421,3.4,5.25,3.4,0,0,0,5.25,5.5,8.25,False
37004422,8.2,8.0,8.0,7.75,5.5,6.0,0,0,0,True
37004423,6.6,7.25,9.6,6.0,7.75,5.0,0,0,0,True
37004424,7.6,7.75,8.0,6.75,8.0,5.5,0,0,0,True
37004425,8.2,5.75,8.2,7.25,9.0,4.75,0,0,0,True
37004426,8.2,7.5,7.2,0,0,0,7.75,8.0,8.5,False
37004427,7.4,8.0,7.2,0,0,0,5.5,7.25,9.25,False
37004428,7.6,8.5,7.6,0,0,0,7.5,7.5,8.75,False
37004429,8.4,7.5,6.4,7.0,7.75,6.25,0,0,0,True
37004430,8.0,7.0,6.2,8.75,8.25,7.75,0,0,0,True
37004431,8.0,8.0,9.0,7.25,8.5,7.25,0,0,0,True
37004432,7.2,5.75,6.8,4.0,7.75,7.25,0,0,0,True
37004433,6.8,8.5,5.4,0,0,0,9.25,9.75,8.75,False
37004434,8.6,6.25,4.0,8.5,10.0,6.5,0,0,0,True
37004435,6.0,7.5,4.8,0,0,0,7.0,8.5,7.75,False
37004436,7.8,7.5,6.6,9.25,9.5,5.25,0,0,0,True
37004437,4.2,7.0,6.6,0,0,0,6.25,7.75,7.75,False
37004438,7.6,8.0,6.8,6.25,8.0,5.0,0,0,0,True
37004439,8.4,8.25,9.0,4.25,4.75,6.0,0,0,0,True
37004440,6.4,8.25,5.4,0,0,0,6.0,7.5,7.25,False
37004441,5.8,7.25,5.8,0,0,0,5.25,7.75,8.75,False
37004442,4.6,7.0,4.6,0,0,0,7.0,7.75,8.25,False
37004443,6.8,7.5,7.2,0,0,0,6.25,6.25,8.25,False
37004444,8.8,5.0,7.6,8.75,8.75,6.25,0,0,0,True
37004445,7.4,8.25,6.8,0,0,0,8.75,9.75,8.75,False
37004446,7.0,8.25,6.4,0,0,0,8.25,8.0,7.75,False
37004447,6.4,7.5,7.0,7.75,8.75,8.25,0,0,0,True
37004448,8.0,7.5,7.2,9.0,7.75,7.25,0,0,0,True
37004449,7.2,7.5,6.6,7.0,8.25,7.25,0,0,0,True
37004450,8.6,5.25,8.4,8.5,8.0,7.5,0,0,0,True
37004451,7.4,6.5,9.0,6.25,8.5,7.75,0,0,0,True
37004452,8.0,6.0,8.2,7.75,6.5,7.75,0,0,0,True
37004453,8.0,7.75,6.8,8.25,8.0,7.5,0,0,0,True
37004454,7.0,8.0,8.6,0,0,0,7.5,7.25,8.25,False
37004455,8.0,7.75,6.4,7.0,9.5,8.75,0,0,0,True
37004456,8.4,8.25,6.2,0,0,0,8.0,8.25,9.5,False
37004457,4.0,6.0,3.6,0,0,0,5.75,7.75,6.5,False
37004458,7.2,7.25,7.0,7.75,6.0,4.25,0,0,0,True
37004460,6.2,7.5,6.4,0,0,0,8.0,7.5,7.75,False
37004461,6.2,6.5,6.0,8.0,7.0,4.75,0,0,0,True
37004462,5.4,7.75,5.0,0,0,0,8.5,9.5,8.0,False
37004463,8.6,7.0,7.6,7.75,8.5,9.0,0,0,0,True
37004464,8.6,5.5,8.0,8.5,9.0,5.75,0,0,0,True
37004465,6.4,8.5,7.0,0,0,0,9.0,9.5,8.5,False
37004466,7.8,8.25,6.2,0,0,0,8.0,8.5,8.25,False
37004467,7.4,8.75,9.2,0,0,0,6.75,7.5,8.0,False
37004468,8.0,6.25,8.6,7.5,5.75,5.25,0,0,0,True
37004469,6.2,7.0,4.8,0,0,0,5.75,6.25,8.25,False
37004470,6.4,7.25,5.0,0,0,0,7.0,7.75,8.5,False
37004471,8.2,4.75,4.2,4.75,8.75,7.75,0,0,0,True
37004472,8.4,6.5,7.0,8.75,8.75,7.0,0,0,0,True
37004473,7.2,7.0,5.4,7.75,7.25,7.0,0,0,0,True
37004474,3.4,8.0,3.4,0,0,0,7.5,6.5,8.0,False
37004475,8.6,7.5,6.4,8.75,9.0,5.75,0,0,0,True
37004476,8.4,9.0,9.2,0,0,0,7.5,8.0,8.75,False
37004477,8.0,5.25,7.2,8.5,5.5,6.75,0,0,0,True
37004478,8.0,7.0,3.8,7.5,7.25,5.5,0,0,0,True
37004479,6.6,8.25,5.6,0,0,0,6.25,7.75,8.0,False
37004480,6.2,8.75,5.6,0,0,0,5.25,7.0,9.0,False
37004481,6.4,6.75,3.8,0,0,0,5.5,5.75,6.5,False
37004482,7.8,6.75,5.2,5.0,9.0,8.25,0,0,0,True
37004483,6.6,6.75,4.8,0,0,0,5.25,7.0,8.5,False
37004484,8.0,7.25,9.0,6.25,8.5,7.0,0,0,0,True
37004485,7.6,8.0,6.4,5.75,8.75,7.5,0,0,0,True
37004486,7.6,7.0,6.0,0,0,0,7.0,8.0,8.5,False
37004487,8.2,6.5,8.4,7.25,6.0,7.0,0,0,0,True
37004488,8.0,6.25,4.2,8.0,8.5,6.0,0,0,0,True
37004489,8.4,7.75,6.8,3.75,7.0,5.0,0,0,0,True
37004490,7.0,7.75,6.8,0,0,0,8.25,9.25,9.25,False
37004491,4.8,7.75,4.4,0,0,0,9.25,9.25,8.0,False
37004492,7.0,5.0,5.2,6.0,7.25,5.75,0,0,0,True
37004493,7.4,6.25,7.8,8.0,6.75,8.5,0,0,0,True
37004494,6.6,6.75,6.0,0,0,0,5.75,5.75,7.0,False
37004495,7.0,6.25,7.8,0,0,0,7.25,7.25,8.75,False
37004496,8.2,5.5,6.4,7.5,8.0,4.25,0,0,0,True
37004497,8.0,6.0,8.6,8.75,8.75,7.25,0,0,0,True
37004498,8.0,5.25,5.6,7.75,8.0,6.0,0,0,0,True
37004499,5.2,6.75,3.2,3.25,5.75,4.0,0,0,0,True
37004500,7.0,6.0,3.6,8.0,7.5,6.0,0,0,0,True
37004501,8.6,8.5,7.6,9.25,10.0,8.25,0,0,0,True
37004502,8.0,7.5,8.8,5.75,8.25,5.5,0,0,0,True
37004503,7.6,6.75,8.6,6.0,3.5,5.5,0,0,0,True
37004504,4.0,6.5,5.8,0,0,0,5.25,5.5,5.75,False
37004505,7.0,7.75,6.8,0,0,0,6.0,6.75,7.5,False
37004506,8.4,7.75,6.6,8.25,9.0,6.75,0,0,0,True
37004507,6.6,8.25,7.4,0,0,0,8.75,7.75,9.0,False
37004508,7.2,7.0,6.8,5.25,5.25,3.25,0,0,0,True
37004509,7.0,7.25,6.4,7.5,8.75,5.75,0,0,0,True
37004510,8.2,7.0,6.0,8.25,8.75,6.25,0,0,0,True
37004511,8.0,8.0,8.2,0,0,0,6.25,7.25,8.25,False
37004512,6.8,7.75,5.2,6.75,5.25,6.0,0,0,0,True
37004513,7.8,6.0,5.8,8.0,6.0,5.75,0,0,0,True
37004514,8.4,8.0,7.6,0,0,0,5.75,7.25,8.5,False
37004515,7.6,7.0,8.4,7.75,7.75,4.75,0,0,0,True
37004516,7.4,8.0,7.0,0,0,0,5.25,8.25,9.0,False
37004517,8.0,8.25,8.2,0,0,0,5.75,8.0,8.25,False
37004518,7.2,8.0,7.2,0,0,0,5.0,7.25,9.0,False
37004519,8.2,8.0,8.4,5.25,7.0,6.5,0,0,0,True
37004520,8.0,6.5,5.6,6.25,7.25,7.25,0,0,0,True
37004521,7.8,7.75,7.6,0,0,0,7.25,7.75,8.25,False
37004522,7.0,7.25,5.2,7.5,7.25,6.5,0,0,0,True
37004523,7.0,8.0,5.2,0,0,0,8.5,7.0,9.0,False
37004524,7.8,7.25,4.8,4.5,7.25,7.75,0,0,0,True
37004525,7.6,7.0,7.8,4.5,4.25,4.75,0,0,0,True
37004526,7.0,7.75,3.8,0,0,0,6.25,6.75,9.25,False
37004527,7.6,6.75,8.2,7.25,6.0,4.5,0,0,0,True
37004528,8.2,6.75,6.0,0,0,0,7.25,7.75,9.25,False
37004529,6.6,8.0,6.0,0,0,0,6.5,7.0,9.25,False
37004530,5.6,7.75,4.6,5.25,5.0,3.75,0,0,0,True
37004531,6.8,7.25,5.2,0,0,0,6.0,7.25,8.75,False
37004532,8.8,6.5,5.8,8.25,8.25,5.5,0,0,0,True
37004533,6.6,7.5,4.2,0,0,0,8.0,8.25,9.0,False
37004534,7.6,5.0,5.4,3.75,5.75,5.75,0,0,0,True
37004535,8.2,5.25,7.2,7.5,6.25,4.5,0,0,0,True
37004536,7.2,7.25,4.6,7.5,7.0,4.5,0,0,0,True
37004537,8.4,8.0,7.4,8.5,8.5,7.5,0,0,0,True
37004538,7.2,8.0,6.4,0,0,0,6.75,8.0,8.75,False
37004539,6.2,6.5,5.6,0,0,0,3.75,6.0,6.25,False
37004540,6.6,6.0,5.8,5.25,7.5,5.5,0,0,0,True
37004541,8.2,8.0,7.8,8.5,5.25,5.0,0,0,0,True
37004542,8.4,8.0,6.6,8.25,8.75,8.5,0,0,0,True
37004543,8.4,9.0,8.2,6.75,6.25,7.5,0,0,0,True
37004544,7.6,8.25,6.8,0,0,0,4.75,6.5,8.0,False
37004545,6.0,8.0,9.0,0,0,0,5.25,6.5,7.5,False
37004546,7.8,6.25,8.8,7.75,5.5,6.25,0,0,0,True
37004547,7.4,8.0,6.8,6.5,6.0,5.75,0,0,0,True
37004548,7.4,8.0,9.2,0,0,0,8.0,9.5,9.5,False
37004549,7.2,9.0,5.2,0,0,0,9.0,7.75,8.25,False
37004550,6.4,5.75,4.8,0,0,0,7.5,7.0,7.25,False
37004551,5.8,6.0,5.0,0,0,0,5.5,6.5,7.25,False
37004552,6.6,7.0,5.6,0,0,0,5.5,7.75,7.25,False
37004553,7.2,7.75,5.4,0,0,0,5.25,6.5,7.25,False
37004554,6.6,6.75,5.0,5.0,5.5,4.5,0,0,0,True
37004555,6.8,8.0,5.8,0,0,0,4.5,6.25,7.25,False
37004556,3.6,6.5,2.4,0,0,0,6.75,4.5,7.25,False
37004557,8.2,6.75,5.0,7.25,6.75,3.75,0,0,0,True
37004558,5.4,7.75,4.6,0,0,0,8.5,8.25,9.25,False
37004559,7.2,8.25,4.6,4.75,8.75,6.25,0,0,0,True
37004560,8.0,6.75,3.6,8.75,7.25,5.0,0,0,0,True
37004561,8.6,8.5,9.4,9.0,10.0,8.5,0,0,0,True
37004562,7.4,6.0,5.4,4.25,5.0,3.75,0,0,0,True
37004563,6.8,7.0,5.2,6.5,7.0,6.0,0,0,0,True
37004564,5.8,8.75,6.0,0,0,0,9.25,8.5,8.5,False
37004565,7.4,6.5,8.2,9.0,7.25,7.25,0,0,0,True
37004566,7.2,7.5,7.0,7.25,5.25,6.5,0,0,0,True
37004567,8.0,8.0,5.8,6.75,5.0,5.0,0,0,0,True
37004568,8.0,8.0,7.8,0,0,0,8.0,6.25,7.0,False
37004569,7.6,8.75,5.2,0,0,0,7.25,8.0,8.0,False
37004570,8.2,8.75,6.0,0,0,0,5.25,5.75,7.0,False
37004571,7.6,6.25,3.2,7.25,7.5,5.5,0,0,0,True
37004572,8.2,4.0,3.4,6.0,6.5,4.75,0,0,0,True
37004573,5.6,7.0,4.8,0,0,0,5.75,7.75,8.75,False
37004574,5.0,8.5,2.0,0,0,0,3.75,7.5,8.75,False
37004575,4.8,6.5,5.2,0,0,0,4.75,6.75,8.5,False
37004576,7.2,6.0,6.6,7.25,7.5,6.25,0,0,0,True
37004577,7.4,6.75,8.2,6.5,8.0,5.25,0,0,0,True
37004578,7.8,4.75,8.4,7.25,4.75,6.75,0,0,0,True
37004579,7.4,8.25,9.2,0,0,0,5.25,8.0,9.0,False
37004580,7.0,7.25,8.6,0,0,0,8.0,8.0,9.5,False
37004581,8.0,7.5,5.8,0,0,0,7.0,7.75,8.75,False
37004582,6.6,7.75,7.0,0,0,0,3.5,5.5,7.25,False
37004583,8.8,9.25,6.0,0,0,0,6.0,6.75,7.5,False
37004584,6.0,6.5,5.0,0,0,0,7.0,6.25,7.5,False
37004585,6.2,8.25,5.2,0,0,0,8.25,9.25,7.75,False
37004586,8.4,8.0,6.2,6.5,6.5,6.25,0,0,0,True
37004587,7.0,7.75,5.2,0,0,0,5.5,7.0,8.25,False
37004588,7.4,7.75,5.8,7.75,5.75,5.25,0,0,0,True
37004589,7.4,8.75,7.0,0,0,0,8.75,8.0,9.0,False
37004590,6.4,9.25,3.0,0,0,0,8.5,8.5,8.25,False
37004591,8.4,9.0,8.8,0,0,0,7.25,8.5,8.5,False
37004592,7.2,7.5,4.6,0,0,0,7.25,8.5,8.75,False
37004593,7.2,8.25,7.8,0,0,0,7.25,7.25,9.25,False
37004594,7.6,8.5,4.2,0,0,0,8.25,8.0,8.25,False
37004595,7.8,5.75,6.8,8.25,7.0,5.75,0,0,0,True
37004596,8.2,8.5,8.4,0,0,0,6.5,7.75,9.75,False
37004597,8.2,7.25,9.4,8.0,8.0,5.75,0,0,0,True
37004598,7.2,7.75,9.2,0,0,0,9.0,9.25,9.5,False
37004599,7.6,7.75,4.6,5.75,8.75,8.0,0,0,0,True
37004600,7.4,7.75,7.8,8.5,9.0,8.5,0,0,0,True
37004601,8.0,8.25,8.8,0,0,0,7.75,8.25,9.75,False
37004602,7.4,7.0,4.4,7.5,8.0,4.75,0,0,0,True
37004603,7.2,6.25,5.0,5.5,6.25,5.25,0,0,0,True
37004604,6.2,8.5,4.8,0,0,0,7.75,8.75,7.25,False
37004605,6.6,7.5,6.4,0,0,0,5.75,7.75,8.0,False
37004606,6.6,6.5,5.4,0,0,0,8.0,8.0,8.75,False
37004607,7.6,7.75,5.0,8.0,7.25,6.5,0,0,0,True
37004608,6.8,7.75,3.6,7.0,7.25,5.25,0,0,0,True
37004609,8.4,5.75,4.8,7.75,8.0,5.75,0,0,0,True
37004610,7.6,7.75,6.4,0,0,0,6.5,8.0,8.0,False
37004611,4.6,8.25,2.8,0,0,0,8.5,7.25,8.25,False
37004612,7.8,8.25,7.4,2.25,4.75,4.25,0,0,0,True
37004613,7.6,8.0,6.6,4.25,7.75,7.5,0,0,0,True
37004614,8.4,7.0,7.2,8.5,9.0,3.75,0,0,0,True
37004615,8.0,5.5,7.6,9.0,8.0,5.5,0,0,0,True
37004616,8.2,9.0,7.6,0,0,0,7.25,8.75,8.5,False
37004617,8.2,7.0,6.6,8.5,7.5,6.0,0,0,0,True
37004618,7.4,5.0,6.4,5.0,6.75,6.25,0,0,0,True
37004619,7.6,7.75,5.4,0,0,0,5.25,7.25,8.25,False
37004620,8.2,7.0,5.8,8.5,8.75,4.25,0,0,0,True
37004621,8.4,7.25,4.0,8.0,7.5,4.75,0,0,0,True
37004622,8.6,8.5,6.6,0,0,0,5.0,6.5,7.75,False
37004623,7.4,7.5,8.6,7.75,9.25,6.5,0,0,0,True
37004624,7.4,7.5,7.0,8.0,7.25,6.25,0,0,0,True
37004625,7.0,8.25,6.0,0,0,0,6.0,7.25,9.25,False
37004626,6.2,8.0,6.4,0,0,0,7.0,6.5,8.0,False
37004627,6.0,8.0,6.0,0,0,0,7.25,7.25,8.0,False
37004628,7.8,8.5,6.2,5.5,4.75,4.5,0,0,0,True
37004629,6.8,7.5,6.4,6.5,7.25,5.75,0,0,0,True
37004630,7.6,5.5,8.4,4.75,8.0,5.75,0,0,0,True
37004631,7.6,7.75,7.4,9.0,7.75,7.5,0,0,0,True
37004632,6.2,5.75,5.6,0,0,0,5.5,6.25,6.75,False
37004633,8.6,6.75,7.4,7.5,8.5,6.75,0,0,0,True
37004634,6.0,8.0,6.0,0,0,0,6.5,7.0,8.5,False
37004635,7.2,5.75,5.0,0,0,0,6.75,7.25,6.75,False
37004636,6.4,7.25,4.8,0,0,0,7.0,6.5,7.0,False
37004637,7.2,7.0,7.2,0,0,0,8.25,8.25,8.5,False
37004638,6.8,8.0,7.2,0,0,0,8.0,8.0,7.75,False
37004639,7.8,6.5,6.0,6.5,7.25,5.5,0,0,0,True
37004640,7.4,6.5,7.4,7.0,6.0,5.75,0,0,0,True
37004641,6.6,8.5,5.2,0,0,0,10.0,9.0,9.0,False
37004642,8.4,7.5,7.8,7.25,9.0,7.5,0,0,0,True
37004643,8.2,8.25,8.8,6.25,9.0,6.25,0,0,0,True
37004644,6.6,9.5,5.2,0,0,0,8.25,8.25,8.0,False
37004645,7.4,6.5,6.0,6.5,9.0,8.0,0,0,0,True
37004646,7.2,7.0,8.2,6.75,8.0,4.5,0,0,0,True
37004647,7.2,7.5,7.4,7.25,6.25,5.5,0,0,0,True
37004648,6.0,6.5,3.6,6.25,7.5,5.5,0,0,0,True
37004649,6.0,7.0,8.0,0,0,0,5.5,7.0,8.25,False
37004650,6.4,5.5,2.2,0,0,0,5.75,4.0,7.25,False
37004651,8.6,6.0,4.2,6.0,7.5,5.5,0,0,0,True
37004652,7.2,6.0,4.2,6.5,7.0,5.25,0,0,0,True
37004653,8.8,7.25,8.6,8.75,9.0,6.75,0,0,0,True
37004654,7.6,7.75,4.2,7.0,7.0,4.75,0,0,0,True
37004655,7.8,5.5,5.6,3.75,8.5,5.0,0,0,0,True
37004656,5.0,5.0,5.8,3.75,5.75,5.75,0,0,0,True
37004657,7.0,7.25,6.2,0,0,0,7.0,7.5,7.75,False
37004658,7.6,6.0,4.8,6.5,8.75,6.25,0,0,0,True
37004659,8.2,7.0,6.6,5.5,9.0,8.25,0,0,0,True
37004660,5.2,6.5,5.6,0,0,0,7.0,8.5,8.5,False
37004661,8.2,7.25,8.8,9.25,10.0,7.5,0,0,0,True
37004662,8.8,6.75,5.4,7.0,7.0,6.5,0,0,0,True
37004663,6.8,7.5,7.4,0,0,0,7.25,8.0,8.75,False
37004664,7.8,7.0,5.0,4.0,8.5,7.75,0,0,0,True
37004665,8.4,6.5,5.6,8.25,9.75,5.5,0,0,0,True
37004666,6.4,6.0,4.6,0,0,0,6.0,7.25,7.25,False
37004667,7.2,8.0,6.4,0,0,0,4.5,6.25,7.75,False
37004668,8.2,7.25,8.0,8.5,9.0,7.5,0,0,0,True
37004669,8.4,7.25,5.6,7.75,7.5,6.5,0,0,0,True
37004670,7.4,6.0,4.6,5.75,6.25,4.75,0,0,0,True
37004671,8.2,8.75,8.4,8.75,9.5,5.5,0,0,0,True
37004672,8.2,7.75,8.6,8.75,9.5,7.0,0,0,0,True
37004673,7.2,6.75,5.4,8.0,8.25,6.0,0,0,0,True
37004674,6.2,5.5,4.4,5.75,6.75,6.25,0,0,0,True
37004675,8.2,7.75,7.0,6.75,5.5,6.75,0,0,0,True
37004676,5.6,6.5,5.4,0,0,0,7.0,8.0,9.5,False
37004677,7.0,6.75,7.0,0,0,0,8.75,8.0,9.5,False
37004678,8.2,6.5,4.8,7.75,8.0,4.5,0,0,0,True
37004679,7.8,6.5,6.0,5.75,9.0,4.5,0,0,0,True
37004680,6.2,8.5,6.6,0,0,0,8.25,8.5,8.75,False
37004681,6.0,7.0,6.8,5.5,4.25,4.0,0,0,0,True
37004682,8.4,6.75,8.4,8.75,8.5,6.25,0,0,0,True
37004683,7.4,8.25,6.8,0,0,0,8.75,9.5,9.0,False
37004684,7.6,6.75,6.0,8.5,8.0,7.5,0,0,0,True
37004685,5.2,7.0,4.2,0,0,0,4.75,7.5,8.5,False
37004686,8.8,6.0,6.4,6.0,8.5,8.0,0,0,0,True
37004687,5.6,5.5,5.2,0,0,0,5.0,5.75,7.75,False
37004688,6.6,8.25,5.8,0,0,0,9.5,9.0,8.75,False
37004689,6.6,7.75,5.4,0,0,0,5.25,8.5,7.75,False
37004690,8.4,7.0,8.4,7.5,8.0,7.25,0,0,0,True
37004691,6.4,5.5,4.8,0,0,0,5.0,5.5,7.25,False
37004692,8.4,6.25,6.4,8.75,8.25,7.25,0,0,0,True
37004693,7.6,4.0,6.4,6.75,9.0,6.75,0,0,0,True
37004694,8.0,4.0,6.2,7.0,3.75,5.0,0,0,0,True
37004695,6.4,7.25,7.6,0,0,0,6.0,7.25,6.75,False
37004696,4.6,6.25,7.6,0,0,0,7.5,8.25,8.75,False
37004697,8.2,6.0,7.2,9.0,8.5,5.75,0,0,0,True
37004698,8.2,6.0,9.0,7.5,6.75,7.0,0,0,0,True
37004699,7.4,7.5,7.6,7.25,8.75,7.5,0,0,0,True
37004700,5.2,8.0,5.4,0,0,0,9.25,8.0,7.75,False
37004701,6.8,5.25,6.6,0,0,0,6.0,6.5,7.5,False
37004702,7.2,8.25,7.6,0,0,0,6.5,8.75,8.75,False
37004703,7.2,8.75,6.6,0,0,0,6.25,7.25,8.0,False
37004704,7.8,8.25,7.6,8.75,6.5,7.25,0,0,0,True
37004705,8.0,7.75,8.2,6.5,6.0,6.5,0,0,0,True
37004706,8.2,7.0,6.8,7.0,6.25,4.75,0,0,0,True
37004707,7.0,6.0,6.2,0,0,0,7.5,8.5,8.75,False
37004708,8.2,7.5,7.8,0,0,0,6.0,6.5,8.5,False
37004709,8.8,8.25,8.8,8.75,9.0,8.25,0,0,0,True
37004710,6.2,8.0,7.0,0,0,0,9.0,8.25,9.5,False
37004711,7.2,7.5,7.4,0,0,0,5.25,7.75,7.5,False
37004712,7.4,7.5,5.0,0,0,0,5.25,6.75,7.75,False
37004713,6.8,6.5,5.0,0,0,0,8.25,8.5,8.75,False
37004714,6.8,6.75,3.6,0,0,0,6.25,7.25,8.0,False
37004715,6.8,7.75,5.2,0,0,0,4.5,7.75,8.75,False
37004716,5.0,2.0,3.8,0,0,0,5.5,6.5,7.5,False
37004717,8.0,6.75,4.6,7.75,7.0,6.25,0,0,0,True
37004718,6.2,2.25,0,0,0,0,5.5,5.5,0,False
37004719,6.0,6.25,4.2,0,0,0,8.5,5.5,8.25,False
37004720,6.0,6.0,3.4,0,0,0,5.5,7.25,8.5,False
37004721,7.0,5.0,2.2,0,0,0,6.0,5.75,7.5,False
37004722,7.2,7.25,3.4,0,0,0,8.5,7.25,8.25,False
37004723,6.6,4.75,0,0,0,0,4.5,7.0,0,False
37004724,3.6,6.75,3.4,0,0,0,6.75,7.25,7.5,False
37004725,2.8,5.25,0,0,0,0,5.25,4.0,0,False
37004726,6.8,5.5,5.4,5.25,7.25,6.75,0,0,0,True
37004727,4.2,5.5,3.0,0,0,0,7.75,7.25,7.0,False
37004728,3.6,5.25,0,0,0,0,5.0,5.75,0,False
37004729,5.8,8.0,4.2,0,0,0,5.75,6.5,7.75,False
37004730,6.2,6.75,5.4,0,0,0,7.75,8.25,7.5,False
37004731,6.4,6.0,3.6,0,0,0,8.0,8.25,8.5,False
37004732,7.2,6.0,4.8,0,0,0,8.0,7.25,7.75,False
37004733,7.0,5.5,4.6,0,0,0,6.75,6.5,7.75,False
37004734,5.6,5.0,4.0,0,0,0,6.75,7.0,9.25,False
37004735,5.2,3.25,0,0,0,0,8.25,6.25,0,False
37004736,6.4,6.75,5.0,0,0,0,9.75,8.5,9.25,False
37004737,5.8,3.5,0,0,0,0,7.5,4.25,0,False
37004738,8.8,5.0,2.8,7.75,8.5,7.75,0,0,0,True
37004739,7.6,7.25,4.2,0,0,0,8.0,8.0,9.25,False
37004740,7.0,4.75,4.8,0,0,0,7.5,8.25,8.75,False
37004741,6.0,2.75,0,0,0,0,7.0,3.0,0,False
37004742,5.4,6.5,3.4,0,0,0,6.5,7.0,9.5,False
37004743,6.8,6.75,5.4,7.0,8.5,7.75,0,0,0,True
37004744,5.6,6.5,4.6,0,0,0,6.75,7.75,7.5,False
37004745,7.0,7.75,5.4,0,0,0,8.25,8.5,9.0,False
37004746,7.0,6.25,3.8,0,0,0,6.0,5.75,7.0,False
37004747,7.0,7.25,5.4,0,0,0,7.75,8.25,9.5,False
37004748,6.4,7.5,5.4,0,0,0,8.5,8.75,9.5,False
37004749,6.4,7.5,5.0,0,0,0,5.75,6.75,8.0,False
37004750,6.8,6.5,4.4,0,0,0,8.5,6.0,7.25,False
37004751,7.0,6.5,4.6,0,0,0,6.75,8.5,8.5,False
37004752,6.8,6.75,3.0,0,0,0,4.25,5.75,7.25,False
37004753,6.0,7.25,3.6,0,0,0,8.5,7.5,8.75,False
37004754,4.6,3.75,3.2,0,0,0,6.0,7.5,6.75,False
37004755,6.8,5.0,0,0,0,0,6.5,6.75,0,False
37004756,7.4,6.75,4.0,0,0,0,8.75,8.75,8.75,False
37004757,5.4,6.75,0,0,0,0,7.75,6.75,0,False
37004758,6.4,4.25,4.6,0,0,0,7.75,8.5,8.25,False
37004759,5.4,4.5,1.8,0,0,0,7.5,7.5,8.75,False
37004760,7.6,6.0,3.4,0,0,0,7.0,8.5,9.0,False
37004761,6.6,6.25,3.4,0,0,0,7.0,8.75,8.25,False
37004762,6.6,7.0,5.4,0,0,0,7.75,7.25,8.5,False
37004763,6.6,6.5,5.6,0,0,0,5.25,5.75,7.5,False
37004764,7.0,6.75,3.8,0,0,0,4.5,6.75,8.0,False
37004765,6.8,7.5,4.4,0,0,0,8.25,9.0,9.0,False
37004766,6.0,6.5,3.4,0,0,0,7.0,7.5,8.0,False
37004767,6.4,5.75,4.2,0,0,0,6.75,7.0,8.25,False
37004768,6.0,6.5,4.0,0,0,0,7.75,7.0,7.75,False
37004769,6.2,7.0,3.0,5.0,5.75,6.0,0,0,0,True
37004770,7.8,7.5,5.6,0,0,0,8.5,9.0,8.75,False
37004771,6.0,5.75,2.8,0,0,0,7.5,8.75,7.25,False
37004772,5.2,6.5,3.4,0,0,0,8.0,8.25,8.25,False
37004773,7.4,7.75,6.0,0,0,0,8.25,8.75,9.0,False
37004774,6.4,6.0,5.0,0,0,0,7.25,7.5,8.0,False
37004775,7.4,5.5,5.8,0,0,0,9.0,8.75,9.25,False
37004776,5.4,6.0,3.0,0,0,0,6.5,7.25,8.25,False
37004777,5.0,3.75,0,0,0,0,5.25,6.75,0,False
37004778,4.8,4.0,3.2,0,0,0,6.0,6.0,5.25,False
37004779,6.6,7.0,3.4,0,0,0,7.25,7.5,6.75,False
37004780,7.6,8.0,4.8,0,0,0,6.25,7.5,9.25,False
37004781,6.2,5.75,0,0,0,0,6.5,5.25,0,False
37004782,6.0,5.0,3.8,0,0,0,8.25,8.5,8.75,False
37004783,5.2,4.5,0,0,0,0,6.75,6.5,0,False
37004784,5.2,6.75,3.6,0,0,0,6.0,5.5,6.5,False
37004785,6.6,7.25,3.6,0,0,0,6.25,7.75,9.0,False
37004786,4.2,5.25,3.0,0,0,0,7.0,5.25,6.5,False
37004787,6.6,5.75,4.4,0,0,0,7.0,8.25,9.0,False
37004788,7.2,6.5,5.2,7.0,9.25,7.25,0,0,0,True
37004789,4.0,4.0,4.6,0,0,0,5.25,3.75,7.5,False
37004790,4.6,6.25,4.4,0,0,0,7.0,7.75,8.75,False
37004791,7.8,6.25,5.8,0,0,0,7.75,8.75,8.75,False
37004792,5.2,6.75,3.0,0,0,0,6.75,6.5,7.75,False
37004793,7.4,6.75,3.2,0,0,0,8.5,8.75,8.0,False
37004794,3.0,2.75,0,0,0,0,4.0,0.0,0,False
37004795,4.2,5.25,2.4,0,0,0,7.5,9.25,7.75,False
37004796,4.0,6.0,1.8,0,0,0,7.25,6.75,7.0,False
37004797,3.8,5.0,3.8,0,0,0,4.25,6.25,7.25,False
37004798,6.8,7.75,4.0,6.5,7.0,6.5,0,0,0,True
37004799,5.0,6.0,2.8,0,0,0,4.5,7.75,7.25,False
37004800,5.0,3.75,3.2,0,0,0,6.0,5.0,7.75,False
37004801,6.4,4.5,4.4,0,0,0,7.25,5.75,7.0,False
37004802,6.0,5.75,4.6,0,0,0,4.75,6.5,7.25,False
37004803,3.2,1.25,0,0,0,0,5.5,3.0,0,False
37004804,7.0,6.0,3.6,0,0,0,5.5,8.0,8.0,False
37004805,4.8,3.0,0,0,0,0,5.75,6.25,0,False
37004806,7.8,6.0,4.4,6.75,6.25,6.25,0,0,0,True
37004807,7.6,7.0,4.6,0,0,0,6.75,8.0,9.0,False
37004808,8.2,8.25,1.8,0,0,0,9.25,8.0,9.5,False
37004809,8.2,6.25,3.6,5.75,7.5,6.75,0,0,0,True
37004810,6.2,6.25,3.4,0,0,0,7.0,7.0,7.5,False
37004811,5.8,4.25,4.8,0,0,0,7.25,7.25,7.5,False
37004812,5.0,5.5,3.2,0,0,0,6.0,7.5,7.25,False
37004813,4.6,6.75,4.8,0,0,0,5.75,6.75,8.75,False
37004814,6.4,7.0,5.2,0,0,0,7.5,7.5,8.0,False
37004815,7.0,6.25,5.0,6.5,7.0,6.5,0,0,0,True
37004816,7.0,7.5,5.2,0,0,0,7.75,8.0,9.25,False
37004817,4.6,5.75,6.4,0,0,0,6.5,8.0,7.5,False
37004818,4.8,7.0,5.4,0,0,0,6.5,8.25,7.5,False
37004819,6.2,3.75,0,0,0,0,6.75,6.75,0,False
37004820,6.0,5.5,4.0,0,0,0,4.75,7.0,7.0,False
37004821,5.0,3.75,4.2,0,0,0,5.5,6.0,7.25,False
37004822,3.4,2.75,0,0,0,0,6.0,7.25,0,False
37004823,5.6,3.5,0,0,0,0,5.75,7.75,0,False
37004824,4.6,5.0,3.6,0,0,0,5.0,7.0,6.25,False
37004825,7.0,5.5,4.0,7.5,8.5,7.5,0,0,0,True
37004826,8.4,7.0,4.6,7.5,8.0,7.0,0,0,0,True
37004827,6.4,7.0,6.0,0,0,0,7.5,6.5,8.5,False
37004828,3.2,6.5,4.6,0,0,0,7.5,6.0,7.75,False
37004829,5.6,5.5,2.6,0,0,0,5.25,5.5,7.5,False
37004830,7.8,6.0,4.2,6.25,6.5,7.0,0,0,0,True
37004831,4.2,5.5,6.2,0,0,0,5.25,4.75,8.0,False
37004832,7.6,5.25,4.2,3.25,5.75,6.25,0,0,0,True
37004833,7.0,6.25,4.2,0,0,0,5.75,7.25,8.25,False
37004834,5.6,3.5,0,0,0,0,5.75,5.75,0,False
37004835,7.0,5.75,3.4,0,0,0,3.25,5.25,7.0,False
37004836,6.4,7.25,5.4,0,0,0,7.5,8.5,8.5,False
37004837,6.8,5.25,5.2,0,0,0,6.5,6.75,7.5,False
37004838,6.2,6.25,4.8,0,0,0,7.5,7.5,8.5,False
37004839,6.0,7.5,4.8,0,0,0,6.75,7.0,7.0,False
37004840,6.6,6.5,4.6,0,0,0,6.75,7.0,7.25,False
37004841,7.2,6.75,4.0,0,0,0,6.0,6.75,6.75,False
37004842,7.2,5.5,4.4,0,0,0,5.75,6.75,7.5,False
37004843,5.0,6.75,5.0,0,0,0,8.0,8.5,8.5,False
37004844,5.2,5.75,3.4,0,0,0,8.25,8.25,9.5,False
37004845,6.2,6.5,4.2,0,0,0,4.75,7.0,7.0,False
37004846,5.6,6.0,4.8,0,0,0,5.25,7.0,7.25,False
37004847,6.0,5.25,3.0,0,0,0,6.0,7.75,8.0,False
37004848,7.6,6.0,5.2,4.75,6.0,5.0,0,0,0,True
37004849,6.8,5.0,0,0,0,0,7.25,6.5,0,False
37004850,6.4,6.75,4.0,0,0,0,8.75,8.25,9.25,False
37004851,6.0,7.25,3.0,0,0,0,7.5,7.75,7.0,False
37004852,6.4,5.75,4.6,0,0,0,7.75,8.0,8.0,False
37004853,6.8,5.75,3.2,0,0,0,9.0,8.75,7.0,False
37004854,6.6,4.5,0,0,0,0,6.25,7.25,0,False
37004855,7.8,5.0,0,0,0,0,8.0,8.5,0,False
37004856,6.4,4.5,4.6,0,0,0,6.75,7.0,7.0,False
37004857,5.6,5.0,0,0,0,0,6.5,6.0,0,False
37004858,7.2,6.0,4.4,6.0,7.25,7.25,0,0,0,True
37004859,8.4,5.0,0,0,0,0,8.0,6.75,0,False
37004860,8.0,7.0,3.8,5.25,7.0,7.5,0,0,0,True
37004862,5.8,6.5,3.8,0,0,0,6.5,7.75,8.75,False
37004863,6.6,5.75,3.2,0,0,0,7.0,9.0,8.5,False
37004864,6.8,5.0,6.4,0,0,0,8.5,9.5,9.75,False
37004865,6.6,6.0,7.4,4.5,4.75,5.0,0,0,0,True
37004866,7.4,6.0,4.4,0,0,0,7.75,7.75,7.25,False
37004867,5.0,7.25,6.0,0,0,0,8.0,9.0,8.5,False
37004868,5.6,6.5,3.4,0,0,0,7.25,8.75,8.25,False
37004869,5.4,5.5,2.4,0,0,0,7.25,8.25,7.75,False
37004870,7.2,7.0,4.8,0,0,0,5.75,7.5,9.0,False
37004871,6.6,3.5,3.6,0,0,0,6.25,7.25,5.5,False
37004872,6.6,6.75,3.8,6.75,6.5,5.75,0,0,0,True
37004873,6.0,6.0,3.2,0,0,0,6.75,7.0,7.75,False
37004874,4.6,5.0,2.0,0,0,0,8.0,8.25,9.0,False
37004875,5.6,5.5,3.6,0,0,0,6.75,6.0,8.0,False
37004876,6.2,6.75,4.6,0,0,0,7.0,8.5,7.75,False
37004877,5.6,7.0,3.4,0,0,0,6.0,7.0,6.75,False
37004878,5.6,5.25,3.0,0,0,0,4.5,5.75,6.75,False
37004879,5.8,3.25,0,0,0,0,5.5,6.75,0,False
37004880,5.0,5.25,0,0,0,0,5.5,6.75,0,False
37004881,5.8,7.5,4.6,0,0,0,6.5,7.75,8.5,False
37004882,8.0,6.25,4.0,0,0,0,7.5,7.0,8.75,False
37004883,7.4,6.5,5.2,0,0,0,9.5,9.0,9.0,False
37004884,6.4,6.75,3.2,0,0,0,7.5,6.5,8.75,False
37004885,7.0,7.0,6.0,0,0,0,7.0,8.5,8.75,False
37004886,6.4,7.0,4.8,0,0,0,8.75,8.0,8.25,False
37004887,6.0,5.0,3.2,0,0,0,7.25,4.0,6.5,False
37004888,6.0,5.5,4.6,0,0,0,6.75,8.25,8.25,False
37004889,7.6,5.0,5.2,5.0,5.75,7.0,0,0,0,True
37004890,3.2,3.5,0,0,0,0,6.0,6.0,0,False
37004891,6.0,5.5,2.6,0,0,0,5.0,6.25,7.25,False
37004892,6.4,4.75,0,0,0,0,6.25,6.5,0,False
37004893,5.6,4.5,4.4,0,0,0,6.5,6.75,6.5,False
37004894,5.4,5.75,5.2,0,0,0,7.0,8.0,8.0,False
37004895,2.0,4.25,0,0,0,0,4.25,5.25,0,False
37004896,5.8,6.25,2.2,0,0,0,7.0,6.75,8.5,False
37004897,6.2,6.75,4.6,0,0,0,8.0,7.5,8.25,False
37004898,7.2,7.0,5.8,0,0,0,7.0,5.75,8.25,False
37004899,6.4,6.25,4.6,0,0,0,5.75,6.25,5.5,False
37004900,4.4,6.75,4.0,0,0,0,3.5,7.0,6.5,False
37004901,5.4,6.25,4.0,0,0,0,5.75,5.75,6.25,False
37004902,7.8,8.25,5.8,0,0,0,7.25,8.75,9.25,False
37004903,6.2,6.0,5.6,0,0,0,6.75,6.0,7.5,False
37004904,7.6,4.0,0,0,0,0,7.75,6.0,0,False
37004905,6.6,6.25,4.4,0,0,0,7.0,7.0,8.75,False
37004906,7.0,5.75,4.6,0,0,0,5.5,7.0,7.0,False
37004907,7.8,9.0,6.2,0,0,0,8.25,8.0,8.0,False
37004908,6.8,5.5,6.0,0,0,0,8.25,8.0,8.5,False
37004909,7.6,6.0,6.0,0,0,0,6.25,7.75,8.75,False
37004910,7.0,7.0,5.0,0,0,0,5.25,7.25,8.5,False
37004911,7.6,6.5,6.0,8.25,7.75,6.0,0,0,0,True
37004912,7.2,7.5,5.6,0,0,0,6.25,9.0,9.0,False
37004913,5.8,7.25,5.0,0,0,0,7.0,7.25,7.75,False
37004914,7.0,6.75,4.2,0,0,0,5.25,7.0,8.0,False
37004915,6.6,5.25,3.4,0,0,0,5.0,5.25,6.0,False
37004916,6.2,7.0,3.8,0,0,0,7.0,5.75,8.5,False
37004917,7.6,6.75,4.0,0,0,0,8.0,7.75,8.75,False
37004918,5.4,6.5,4.4,6.25,6.25,7.25,0,0,0,True
37004919,7.4,7.25,3.8,0,0,0,4.75,6.0,8.0,False
37004920,4.8,6.5,3.4,0,0,0,5.25,7.5,8.5,False
37004921,6.8,6.5,4.6,0,0,0,7.75,9.0,8.0,False
37004922,6.4,6.25,3.8,0,0,0,7.25,8.5,7.0,False
37004923,6.2,5.5,4.6,0,0,0,6.5,8.0,7.0,False
37004924,6.6,6.25,4.4,0,0,0,7.5,6.75,8.5,False
37004925,6.4,7.5,3.6,7.75,6.75,6.75,0,0,0,True
37004926,3.6,8.0,6.8,0,0,0,8.5,8.25,9.75,False
37004927,7.6,6.25,4.2,6.25,8.0,7.0,0,0,0,True
37004928,6.4,6.75,2.2,0,0,0,6.25,6.0,6.0,False
37004929,6.0,7.5,6.2,0,0,0,7.0,7.5,8.75,False
37004930,7.4,5.0,3.8,0,0,0,6.5,6.75,8.5,False
37004931,6.0,6.75,2.8,0,0,0,6.75,5.5,8.0,False
37004932,4.2,4.5,3.4,0,0,0,6.0,7.25,8.5,False
37004933,6.0,8.0,5.4,0,0,0,7.75,8.0,9.25,False
37004934,7.2,6.75,4.2,0,0,0,8.25,8.25,7.75,False
37004935,6.0,5.0,4.0,0,0,0,8.0,7.5,6.5,False
37004936,6.6,6.0,4.6,0,0,0,9.0,8.75,9.0,False
37004937,7.4,7.5,5.2,6.0,6.0,6.5,0,0,0,True
37004938,7.8,7.5,4.2,0,0,0,8.0,8.5,8.75,False
37004939,7.6,7.0,7.6,7.75,6.0,7.25,0,0,0,True
37004940,5.8,4.0,4.2,0,0,0,7.5,5.75,8.25,False
37004941,6.6,3.75,2.8,5.5,7.25,6.5,0,0,0,True
37004942,5.4,7.0,3.6,0,0,0,8.25,6.75,7.75,False
37004943,6.4,5.75,4.0,0,0,0,7.75,6.5,7.5,False
37004944,6.6,7.25,4.4,0,0,0,8.0,8.75,9.25,False
37004945,6.2,7.75,4.2,0,0,0,7.0,7.5,8.0,False
37004946,5.4,5.0,3.6,0,0,0,5.5,4.75,0,False
37004947,6.4,6.0,3.4,0,0,0,6.75,6.25,7.75,False
37004948,6.4,5.0,2.6,0,0,0,7.25,6.0,7.25,False
37004949,6.2,5.5,2.8,0,0,0,8.25,6.25,8.75,False
37004950,7.4,5.0,3.4,4.75,7.5,5.5,0,0,0,True
37004951,7.0,6.0,4.6,0,0,0,7.75,6.75,8.75,False
37004952,6.8,4.75,5.4,0,0,0,8.0,7.75,9.0,False
37004953,6.0,6.25,4.2,0,0,0,7.5,6.5,8.5,False
37004954,7.8,6.75,5.2,0,0,0,8.5,8.0,9.5,False
37004955,4.4,4.75,0,0,0,0,8.0,6.75,0,False
37004956,3.8,4.75,3.2,0,0,0,8.0,6.5,7.25,False
37004957,6.4,6.0,2.2,0,0,0,8.5,5.75,8.0,False
37004958,6.6,5.25,3.8,6.0,6.75,7.0,0,0,0,True
37004959,6.6,7.0,4.8,0,0,0,7.0,7.75,8.5,False
37004960,4.6,5.75,5.4,0,0,0,6.0,4.0,5.25,False
37004961,8.0,5.5,4.8,0,0,0,5.75,6.25,5.5,False
37004962,6.8,7.75,5.4,0,0,0,7.0,6.5,8.75,False
37004963,7.8,6.75,7.2,5.75,6.25,6.0,0,0,0,True
37004964,7.2,7.0,5.6,0,0,0,6.5,8.25,9.25,False
37004965,6.8,6.75,4.0,0,0,0,6.5,8.25,8.75,False
37004966,6.6,6.0,3.8,0,0,0,6.75,7.25,7.0,False
37004967,7.2,7.25,5.4,5.75,6.75,6.0,0,0,0,True
37004968,5.8,6.0,5.6,0,0,0,5.25,6.75,8.75,False
37004969,7.2,6.75,3.8,6.25,7.0,6.5,0,0,0,True
37004970,7.2,7.5,5.0,0,0,0,6.0,7.75,8.75,False
37004971,5.6,5.75,0,0,0,0,6.75,7.25,0,False
37004972,6.4,8.25,6.8,0,0,0,8.25,8.0,8.75,False
37004973,5.8,6.25,5.0,0,0,0,6.75,7.0,8.25,False
37004974,6.6,8.0,5.6,0,0,0,4.75,6.25,9.25,False
37004975,7.2,6.5,0,0,0,0,7.5,7.5,0,False
37004976,7.8,6.75,4.4,0,0,0,8.5,7.0,8.5,False
37004977,7.0,7.5,4.2,0,0,0,7.5,9.0,9.5,False
37004978,4.4,2.5,0,0,0,0,4.0,6.75,0,False
37004979,6.8,6.75,5.4,5.0,6.25,6.0,0,0,0,True
37004980,7.4,6.0,6.2,5.75,7.0,5.75,0,0,0,True
37004981,5.8,5.25,6.0,0,0,0,7.25,7.5,7.25,False
37004982,5.4,6.75,5.6,0,0,0,7.75,7.5,7.25,False
37004983,6.2,7.25,4.2,0,0,0,6.25,8.25,8.0,False
37004984,6.0,5.75,3.6,4.75,6.75,7.25,0,0,0,True
37004985,7.4,6.0,4.0,5.75,7.25,4.75,0,0,0,True
37004986,5.8,6.0,3.0,0,0,0,7.75,7.5,8.75,False
37004987,7.2,8.0,6.4,0,0,0,6.5,8.0,7.75,False
37004988,7.4,8.5,7.2,0,0,0,8.0,9.0,9.25,False
37004989,5.4,5.5,3.8,0,0,0,7.0,7.0,7.0,False
37004990,5.4,5.0,1.8,0,0,0,6.75,7.5,9.25,False
37004991,7.0,7.0,2.6,5.25,5.25,5.75,0,0,0,True
37004992,6.2,6.5,3.6,0,0,0,6.75,7.0,8.0,False
37004993,3.8,6.5,2.2,0,0,0,4.75,6.0,7.25,False
37004994,3.2,5.5,0,0,0,0,6.0,7.5,0,False
37004995,2.6,4.5,3.6,0,0,0,5.5,6.25,6.0,False
37004996,7.0,7.5,4.4,0,0,0,8.5,8.0,8.5,False
37004997,6.6,7.0,4.2,0,0,0,7.75,8.5,9.25,False
37004998,6.8,5.75,3.8,0,0,0,5.25,6.75,7.0,False
37004999,4.6,7.5,4.6,0,0,0,6.25,6.5,7.25,False
37005000,4.2,3.5,0,0,0,0,2.75,6.5,0,False
37005001,4.8,2.75,0,0,0,0,5.25,6.0,0,False
37005002,7.6,6.25,4.4,6.75,5.75,5.25,0,0,0,True
37005003,5.6,5.0,3.6,0,0,0,5.5,5.5,6.5,False
37005004,1.8,1.75,0,0,0,0,2.0,3.5,0,False
37005005,5.6,5.0,4.8,0,0,0,5.5,7.25,6.75,False
37005006,4.2,3.75,0,0,0,0,6.5,5.75,0,False
37005007,6.8,5.75,4.0,0,0,0,7.0,7.75,8.5,False
37005008,7.2,5.75,0,0,0,0,6.75,6.75,0,False
37005009,7.0,7.25,3.4,0,0,0,7.5,6.0,7.5,False
37005010,6.2,6.75,2.6,0,0,0,9.25,7.5,7.75,False
37005011,6.4,6.5,4.0,0,0,0,8.25,8.5,7.5,False
37005012,7.0,6.0,3.6,0,0,0,8.5,9.0,8.75,False
37005013,7.4,6.75,4.6,6.75,5.75,5.75,0,0,0,True
37005014,7.0,6.75,3.6,0,0,0,6.75,7.0,7.0,False
37005015,8.0,8.75,5.0,0,0,0,7.25,7.75,8.75,False
37005016,7.0,9.0,5.2,0,0,0,9.25,8.25,8.0,False
37005017,5.4,6.5,4.4,0,0,0,7.5,7.25,7.5,False
37005018,6.2,6.25,5.2,0,0,0,8.5,7.75,9.0,False
37005019,3.4,4.5,0,0,0,0,6.25,6.75,0,False
37005020,6.6,6.5,3.0,0,0,0,8.0,8.0,9.5,False
37005021,6.4,7.25,6.2,0,0,0,8.25,8.0,8.0,False
37005022,5.6,6.75,6.2,4.75,6.0,6.25,0,0,0,True
37005023,6.4,6.75,3.8,0,0,0,7.0,6.75,8.0,False
37005024,6.4,5.0,4.6,0,0,0,6.0,8.25,7.75,False
37005025,6.2,8.25,6.2,0,0,0,8.25,8.25,9.0,False
37005026,7.0,6.75,6.6,5.75,7.0,5.75,0,0,0,True
37005027,6.0,6.75,3.4,0,0,0,5.75,7.75,7.25,False
37005028,8.0,6.5,4.8,0,0,0,7.5,8.25,8.25,False
37005029,7.2,7.0,5.0,0,0,0,9.5,9.25,9.25,False
37005030,7.0,4.5,6.4,5.0,5.25,6.0,0,0,0,True
37005031,5.4,3.75,0,0,0,0,5.25,5.75,0,False
37005032,5.2,4.5,5.2,0,0,0,7.75,5.75,7.0,False
37005033,6.4,7.0,5.4,7.25,6.75,6.5,0,0,0,True
37005034,6.8,6.75,6.0,0,0,0,8.25,9.25,8.25,False
37005035,6.2,7.0,6.2,0,0,0,7.75,8.5,8.75,False
37005036,7.0,8.0,4.4,0,0,0,6.75,6.5,7.5,False
37005037,7.8,9.25,5.8,7.0,6.25,7.0,0,0,0,True
37005038,7.6,9.75,5.8,0,0,0,6.75,8.25,8.5,False
37005039,3.8,2.0,0,0,0,0,2.5,2.75,0,False
37005040,5.8,5.0,4.4,0,0,0,6.5,7.75,8.5,False
37005041,6.6,7.0,4.6,0,0,0,9.0,9.75,8.5,False
37005042,6.8,5.75,4.6,0,0,0,8.0,9.25,7.75,False
37005043,6.0,6.25,4.6,0,0,0,6.25,9.25,9.5,False
37005044,5.8,6.75,3.8,0,0,0,7.0,8.0,8.25,False
37005045,7.2,6.0,4.4,0,0,0,7.5,7.5,7.5,False
37005046,7.4,6.75,6.0,0,0,0,7.25,8.5,8.75,False
37005047,6.6,6.5,5.8,0,0,0,7.0,6.75,8.5,False
37005048,5.8,5.25,5.2,0,0,0,5.25,6.0,6.75,False
37005049,5.2,5.75,5.2,0,0,0,5.25,7.25,7.5,False
37005050,5.4,5.75,5.2,0,0,0,6.0,5.75,6.25,False
37005051,5.8,7.5,5.8,0,0,0,5.5,7.75,9.25,False
37005052,6.0,6.75,4.2,0,0,0,7.0,8.75,8.75,False
37005053,5.0,6.0,4.2,0,0,0,6.0,7.0,7.75,False
37005054,5.4,7.0,5.2,0,0,0,6.75,7.5,7.25,False
37005055,4.6,6.5,4.6,0,0,0,4.25,6.0,6.75,False
37005056,7.2,8.0,5.0,0,0,0,8.5,7.0,9.0,False
37005057,5.8,8.0,4.4,0,0,0,6.0,6.5,8.25,False
37005058,6.4,8.75,4.8,0,0,0,9.25,8.75,9.25,False
37005059,4.8,6.75,5.0,0,0,0,6.75,5.75,6.5,False
37005060,7.4,7.5,7.2,0,0,0,6.25,8.75,10.0,False
37005061,5.8,7.25,5.0,0,0,0,9.25,9.0,9.5,False
37005062,4.0,7.25,3.6,0,0,0,8.0,7.25,8.5,False
37005063,5.2,7.75,4.0,0,0,0,7.5,6.75,8.75,False
37005064,5.6,6.0,5.2,0,0,0,8.5,8.25,9.5,False
37005065,1.2,5.5,4.2,0,0,0,5.25,5.25,7.75,False
37005066,6.4,7.25,4.8,0,0,0,5.25,7.0,8.5,False
37005067,4.4,6.5,0,0,0,0,5.75,5.25,0,False
37005068,6.0,6.0,4.0,0,0,0,6.0,8.25,8.5,False
37005069,6.8,5.25,0,0,0,0,6.5,7.5,0,False
37005070,4.8,6.75,2.8,0,0,0,5.0,6.75,6.5,False
37005071,6.8,3.0,3.6,0,0,0,7.5,5.75,5.5,False
37005072,4.4,4.75,3.0,0,0,0,6.25,5.75,7.5,False
37005073,4.0,6.5,2.6,0,0,0,7.0,6.25,7.75,False
37005074,6.6,6.75,5.0,0,0,0,8.0,8.5,7.75,False
37005075,5.4,5.0,4.6,0,0,0,6.75,7.5,8.75,False
37005076,4.6,5.75,4.6,0,0,0,6.25,6.0,6.5,False
37005077,4.0,4.5,0,0,0,0,7.25,7.0,0,False
37005078,3.4,4.5,4.4,0,0,0,6.0,6.75,7.75,False
37005079,5.6,5.75,4.2,0,0,0,6.25,7.5,7.25,False
37005080,5.4,5.75,4.2,0,0,0,3.75,4.75,7.5,False
37005081,7.0,6.75,6.0,0,0,0,6.25,6.75,8.75,False
37005082,6.0,6.75,4.8,0,0,0,6.75,7.0,8.0,False
37005083,7.0,6.0,4.4,6.0,6.75,6.75,0,0,0,True
37005084,5.0,5.0,0,0,0,0,5.75,7.75,0,False
37005085,7.4,7.5,4.8,7.0,6.75,5.5,0,0,0,True
37005086,6.6,8.0,6.4,0,0,0,7.25,6.75,9.25,False
37005087,6.4,7.25,4.0,0,0,0,7.5,7.0,6.75,False
37005088,6.6,6.25,5.8,0,0,0,7.25,7.25,8.5,False
37005089,6.6,6.25,5.8,0,0,0,8.0,8.0,8.75,False
37005090,7.0,8.0,3.8,0,0,0,8.0,7.25,8.75,False
37005091,4.8,6.75,5.8,0,0,0,6.75,6.25,7.25,False
37005092,6.8,7.75,6.4,0,0,0,8.25,7.5,9.0,False
37005093,5.4,5.5,3.6,0,0,0,6.75,7.25,7.25,False
37005094,5.0,4.0,3.6,0,0,0,4.25,8.0,7.75,False
37005095,7.0,6.0,6.0,6.75,8.5,7.25,0,0,0,True
37005096,6.2,6.25,5.4,0,0,0,6.5,6.25,7.25,False
37005097,6.4,4.75,5.6,0,0,0,6.25,7.0,5.25,False
37005098,6.6,6.5,4.0,0,0,0,6.5,7.0,8.5,False
37005099,6.4,4.0,4.4,0,0,0,6.0,5.75,7.0,False
37005100,5.8,5.5,4.4,0,0,0,6.75,7.25,8.0,False
37005101,3.6,4.25,0,0,0,0,5.25,5.25,0,False
37005102,5.2,6.25,3.8,0,0,0,6.0,5.75,7.5,False
37005103,5.8,6.25,3.6,0,0,0,6.75,8.25,8.0,False
37005104,6.6,6.75,3.8,0,0,0,5.5,6.25,7.25,False
37005105,7.0,7.25,4.4,0,0,0,6.25,8.0,8.75,False
37005106,6.2,6.75,4.0,0,0,0,7.5,8.5,6.75,False
37005107,2.6,5.5,0,0,0,0,4.5,5.5,0,False
37005108,6.0,6.75,4.2,0,0,0,6.5,7.0,7.75,False
37005109,6.6,8.0,5.2,0,0,0,6.0,8.25,8.5,False
37005110,7.2,7.75,4.6,0,0,0,7.25,8.75,9.0,False
37005111,7.8,8.25,6.0,6.75,7.5,7.75,0,0,0,True
37005112,6.0,6.0,4.6,5.5,7.5,6.25,0,0,0,True
37005113,4.8,6.75,2.8,0,0,0,5.75,7.25,6.75,False
37005114,4.2,7.5,0,0,0,0,6.25,7.25,0,False
37005115,6.6,5.75,4.0,0,0,0,5.25,7.75,8.25,False
37005116,6.6,7.0,4.6,0,0,0,6.25,7.0,8.0,False
37005117,6.2,6.25,3.8,0,0,0,7.5,8.25,8.5,False
37005118,6.8,7.0,4.0,0,0,0,9.75,8.75,8.75,False
37005119,1.8,5.0,0,0,0,0,7.75,5.0,0,False
37005120,5.0,5.5,2.8,0,0,0,7.75,8.75,9.0,False
37005121,4.8,7.5,4.2,0,0,0,8.5,8.25,8.5,False
37005122,4.2,7.0,3.8,0,0,0,8.25,9.0,7.25,False
37005123,5.4,7.0,3.4,0,0,0,6.0,6.5,7.5,False
37005124,7.2,6.25,4.4,0,0,0,7.5,7.25,8.25,False
37005125,5.4,5.0,4.4,0,0,0,6.75,6.5,7.0,False
37005126,5.8,7.5,5.8,0,0,0,7.75,8.5,9.0,False
37005127,7.8,6.25,4.4,7.5,9.0,7.25,0,0,0,True
37005128,6.0,6.25,3.6,0,0,0,6.75,7.5,8.0,False
37005129,6.6,7.25,3.4,0,0,0,6.5,8.5,8.0,False
37005130,5.6,5.75,4.2,0,0,0,7.25,8.25,7.75,False
37005131,6.4,4.0,3.6,0,0,0,6.25,7.5,8.0,False
37005132,6.8,7.0,4.8,0,0,0,7.25,7.75,9.0,False
37005133,6.6,7.0,4.8,0,0,0,7.25,7.5,9.0,False
37005134,7.4,6.5,6.0,6.5,6.25,5.0,0,0,0,True
37005135,3.6,5.0,0,0,0,0,4.0,5.5,0,False
37005136,8.0,8.0,4.4,7.5,8.0,6.75,0,0,0,True
37005137,6.2,6.25,4.2,0,0,0,8.0,8.0,9.75,False
37005138,6.0,6.0,4.2,0,0,0,7.25,7.0,8.0,False
37005139,8.0,7.0,3.2,0,0,0,7.0,7.25,7.75,False
37005140,7.2,6.0,5.2,0,0,0,7.0,9.0,8.5,False
37005141,4.6,6.25,5.2,0,0,0,5.0,7.0,6.5,False
37005142,6.2,6.0,3.6,0,0,0,6.5,6.75,7.75,False
37005143,6.6,6.25,4.4,0,0,0,6.75,8.0,9.25,False
37005144,7.0,7.25,5.8,6.75,8.0,7.5,0,0,0,True
37005145,6.2,5.5,3.4,0,0,0,8.0,6.5,8.25,False
37005146,6.8,6.75,4.0,0,0,0,6.5,7.75,7.5,False
37005147,4.2,5.75,2.4,0,0,0,5.0,5.25,6.25,False
37005148,4.6,4.5,5.8,0,0,0,6.5,8.0,8.5,False
37005149,5.4,6.0,5.8,3.75,6.25,6.25,0,0,0,True
37005150,6.2,5.75,5.8,0,0,0,6.0,6.75,8.25,False
37005151,6.6,6.75,4.4,0,0,0,5.25,7.0,8.0,False
37005152,5.8,6.75,3.6,0,0,0,8.5,8.5,9.0,False
37005153,6.0,7.75,5.4,0,0,0,7.0,7.5,8.25,False
37005154,3.6,3.25,0,0,0,0,5.0,5.0,0,False
37005155,6.6,7.0,4.6,0,0,0,7.75,8.5,9.0,False
37005156,6.4,7.75,2.4,0,0,0,8.0,8.5,9.25,False
37005157,4.8,7.0,0,0,0,0,4.75,7.0,0,False
37005158,4.6,6.5,4.6,0,0,0,7.0,7.0,6.75,False
37005159,4.2,4.5,0,0,0,0,5.75,5.25,0,False
37005160,5.2,5.0,0,0,0,0,7.0,7.5,0,False
37005161,5.2,4.5,0,0,0,0,6.25,6.25,0,False
37005162,6.0,6.75,7.0,0,0,0,7.5,8.0,7.75,False
37005163,8.4,7.5,4.6,0,0,0,9.25,8.25,9.25,False
37005164,2.4,5.0,0,0,0,0,4.75,5.0,0,False
37005165,6.2,6.0,3.0,0,0,0,6.0,7.25,7.25,False
37005166,4.8,2.5,0,0,0,0,5.25,3.25,0,False
37005167,6.2,6.25,4.8,0,0,0,7.25,6.75,7.75,False
37005168,6.4,8.0,5.0,0,0,0,6.25,7.75,8.0,False
37005169,6.2,5.25,4.2,0,0,0,6.0,6.5,8.0,False
37005170,7.2,6.75,4.4,0,0,0,6.75,7.75,7.0,False
37005171,7.2,8.25,3.8,0,0,0,8.5,7.75,9.0,False
37005172,6.6,6.0,3.0,0,0,0,5.0,7.0,6.25,False
37005173,5.0,4.5,3.6,0,0,0,6.5,5.0,7.75,False
37005174,6.6,7.25,4.6,0,0,0,8.75,7.25,8.5,False
37005175,5.8,6.0,3.4,0,0,0,4.75,5.25,7.25,False
37005176,6.6,6.25,4.8,0,0,0,8.25,7.75,8.25,False
37005177,5.8,6.0,4.8,0,0,0,7.75,8.75,9.25,False
37005178,5.8,5.25,5.8,0,0,0,6.0,5.25,8.5,False
37005179,2.2,4.5,0,0,0,0,6.0,5.25,0,False
37005180,6.0,5.25,4.4,0,0,0,7.5,7.75,7.5,False
37005181,6.2,6.0,5.0,0,0,0,6.0,7.25,8.25,False
37005182,6.6,6.75,5.2,0,0,0,7.0,8.5,9.0,False
37005183,6.0,5.25,4.6,0,0,0,6.25,7.0,7.5,False
37005184,7.2,8.75,5.4,0,0,0,5.25,8.75,9.5,False
37005185,3.4,4.25,0,0,0,0,6.25,6.0,0,False
37005186,6.6,8.75,5.2,0,0,0,5.25,8.25,8.0,False
37005187,7.0,7.5,6.0,5.0,7.0,7.25,0,0,0,True
37005188,6.2,7.25,5.2,0,0,0,6.25,8.25,8.5,False
37005189,6.8,6.5,5.0,0,0,0,8.25,7.0,8.0,False
37005190,8.2,7.25,4.0,8.75,8.25,7.0,0,0,0,True
37005191,8.6,9.25,6.6,8.5,8.25,7.75,0,0,0,True
37005192,4.8,5.25,4.0,0,0,0,6.75,6.5,7.25,False
37005193,4.8,5.0,4.4,0,0,0,6.25,6.75,8.75,False
37005194,4.0,5.0,4.8,0,0,0,4.5,5.5,7.0,False
37005195,7.0,7.0,5.0,0,0,0,7.75,7.5,8.25,False
37005196,2.2,6.0,3.6,0,0,0,6.0,5.25,7.25,False
37005197,5.8,6.0,3.6,0,0,0,6.25,6.5,7.5,False
37005198,6.2,8.0,5.4,0,0,0,6.75,7.5,9.0,False
37005199,6.2,7.5,4.4,0,0,0,6.5,7.5,8.75,False
37005200,8.6,7.5,4.2,5.0,8.5,8.0,0,0,0,True
37005201,6.2,6.25,5.0,0,0,0,5.25,7.0,8.5,False
37005202,6.4,6.25,6.4,4.75,7.0,6.25,0,0,0,True
37005203,6.6,9.0,5.6,0,0,0,8.0,8.0,8.75,False
37005204,6.2,5.5,6.6,4.25,5.25,5.25,0,0,0,True
37005205,5.8,5.0,4.2,0,0,0,7.25,8.25,8.5,False
37005206,5.8,7.75,7.4,5.0,7.75,7.0,0,0,0,True
37005207,7.6,6.5,7.6,7.75,5.5,6.75,0,0,0,True
37005208,8.0,8.5,5.8,6.5,7.5,6.75,0,0,0,True
37005209,8.2,9.0,7.0,0,0,0,7.75,9.25,8.75,False
37005210,7.2,7.0,6.6,0,0,0,7.5,9.5,9.0,False
37005211,7.0,6.75,7.8,6.0,7.75,6.0,0,0,0,True
37005212,5.4,6.25,4.8,0,0,0,6.25,6.0,6.75,False
37005213,6.6,8.75,6.8,0,0,0,8.75,9.25,9.25,False
37005214,8.0,8.0,5.4,5.75,8.25,7.0,0,0,0,True
37005215,6.8,6.25,4.8,5.5,7.5,6.0,0,0,0,True
37005216,8.4,7.5,8.8,8.0,7.5,5.5,0,0,0,True
37005217,7.6,8.25,6.2,7.75,6.5,8.25,0,0,0,True
37005218,4.8,7.0,5.4,0,0,0,7.0,7.5,7.75,False
37005219,8.2,8.25,4.4,4.0,7.25,7.5,0,0,0,True
37005220,7.0,7.0,5.8,0,0,0,5.5,6.25,8.0,False
37005221,7.0,5.5,6.2,0,0,0,6.25,7.5,7.0,False
37005222,7.0,7.5,7.4,6.0,8.0,8.5,0,0,0,True
37005223,6.6,5.25,3.6,0,0,0,7.0,6.75,8.25,False
37005224,7.4,5.0,4.0,7.75,9.0,7.0,0,0,0,True
37005226,5.4,5.5,4.4,0,0,0,5.75,4.75,6.5,False
37005227,6.4,6.25,4.2,4.75,6.75,5.0,0,0,0,True
37005228,6.6,6.25,6.0,0,0,0,4.5,6.5,7.75,False
37005229,4.6,5.0,3.8,0,0,0,6.75,7.25,6.75,False
37005230,6.2,6.75,4.8,4.25,7.0,7.0,0,0,0,True
37005231,5.6,6.75,4.4,0,0,0,5.5,6.25,7.0,False
37005232,6.6,6.5,5.4,0,0,0,7.5,6.75,8.25,False
37005233,8.0,7.25,6.4,5.75,8.0,7.75,0,0,0,True
37005234,7.8,7.0,4.2,0,0,0,6.0,7.5,9.0,False
37005235,7.8,6.5,5.6,0,0,0,7.25,7.5,8.5,False
37005236,7.0,7.0,4.8,0,0,0,9.25,9.0,9.25,False
37005237,7.4,6.75,5.2,5.25,7.5,7.25,0,0,0,True
37005238,4.4,5.5,6.0,0,0,0,5.25,5.25,7.25,False
37005239,7.2,8.0,4.6,0,0,0,7.75,8.25,9.5,False
37005240,6.4,5.25,5.8,0,0,0,5.5,4.75,7.5,False
37005241,6.8,6.25,4.4,0,0,0,6.5,8.25,8.75,False
37005242,7.2,6.0,7.6,4.0,7.25,7.0,0,0,0,True
37005243,5.6,6.75,5.0,0,0,0,6.75,6.75,8.75,False
37005244,6.2,5.5,6.0,0,0,0,6.0,5.5,7.5,False
37005245,6.6,7.0,5.0,0,0,0,8.5,8.25,9.25,False
37005246,7.6,8.5,6.6,3.25,5.0,5.75,0,0,0,True
37005247,8.6,8.0,7.6,5.75,6.75,6.25,0,0,0,True
37005248,7.0,7.75,6.4,0,0,0,8.0,9.0,9.25,False
37005249,5.2,7.0,4.8,0,0,0,5.25,7.25,9.0,False
37005250,7.8,8.75,7.4,8.25,7.75,7.5,0,0,0,True
37005251,6.4,5.5,5.2,0,0,0,6.0,6.75,8.25,False
37005252,7.0,8.25,6.4,4.0,7.25,7.0,0,0,0,True
37005253,8.0,7.25,4.8,8.0,8.5,5.25,0,0,0,True
37005254,4.8,6.25,6.0,0,0,0,7.5,7.5,8.5,False
37005255,6.4,8.75,8.4,0,0,0,7.5,9.25,9.5,False
37005256,8.2,8.5,4.8,0,0,0,8.25,9.0,9.0,False
37005257,8.4,7.5,7.8,9.0,9.25,8.25,0,0,0,True
37005258,7.6,7.5,5.0,0,0,0,7.0,7.5,7.25,False
37005259,6.4,6.0,6.4,0,0,0,7.0,5.75,9.0,False
37005260,5.8,5.0,4.4,0,0,0,4.0,5.75,8.0,False
37005261,7.6,5.75,5.2,8.75,7.5,7.25,0,0,0,True
37005262,7.6,6.5,5.2,6.75,7.0,7.5,0,0,0,True
37005263,4.4,6.25,4.2,0,0,0,7.0,7.0,8.5,False
37005264,5.4,6.75,5.4,0,0,0,7.75,8.75,8.75,False
37005265,5.4,6.75,6.8,0,0,0,7.75,8.25,8.75,False
37005266,7.0,7.0,5.6,7.5,6.5,7.25,0,0,0,True
37005267,8.0,7.5,7.6,8.5,8.5,7.5,0,0,0,True
37005268,6.4,5.75,6.0,0,0,0,6.0,6.5,7.5,False
37005269,7.0,6.25,6.4,7.0,6.0,8.25,0,0,0,True
37005270,6.8,7.0,5.8,4.75,6.75,7.75,0,0,0,True
37005271,6.2,6.0,6.4,0,0,0,7.0,7.0,8.25,False
37005272,9.0,8.0,7.0,8.75,8.75,8.0,0,0,0,True
37005273,5.2,5.25,5.2,0,0,0,4.75,5.25,6.0,False
37005274,6.0,7.0,6.8,0,0,0,8.0,7.25,8.75,False
37005275,5.4,6.5,5.2,0,0,0,6.5,5.75,7.25,False
37005276,8.2,7.75,8.8,8.75,6.5,7.5,0,0,0,True
37005277,7.0,6.5,4.8,7.25,7.0,7.5,0,0,0,True
37005278,5.8,5.75,7.6,0,0,0,7.0,7.5,7.5,False
37005279,7.2,7.25,6.4,6.75,6.5,7.25,0,0,0,True
37005280,6.4,5.0,7.0,0,0,0,6.75,3.75,7.0,False
37005281,6.8,7.5,5.6,0,0,0,6.0,8.75,9.25,False
37005282,7.8,9.0,5.8,7.75,9.0,8.25,0,0,0,True
37005283,7.2,5.75,6.0,8.25,7.5,7.5,0,0,0,True
37005284,6.8,7.5,5.0,7.25,8.0,8.25,0,0,0,True
37005285,4.8,5.5,5.0,0,0,0,6.25,7.25,8.75,False
37005286,5.8,6.75,3.0,0,0,0,7.25,7.25,7.5,False
37005287,5.6,6.75,5.0,0,0,0,5.5,7.5,7.5,False
37005288,8.4,7.75,4.2,7.75,7.75,8.0,0,0,0,True
37005289,7.2,7.5,6.2,7.25,6.25,6.5,0,0,0,True
37005290,5.8,6.5,4.4,0,0,0,6.75,7.25,8.25,False
37005291,8.2,7.25,5.6,8.25,9.25,8.0,0,0,0,True
37005292,6.0,5.75,4.8,0,0,0,7.5,6.25,7.0,False
37005293,6.0,6.0,4.6,0,0,0,6.75,7.25,7.25,False
37005294,7.6,7.25,5.0,8.75,7.0,7.0,0,0,0,True
37005295,7.2,5.75,3.6,0,0,0,8.25,8.0,8.5,False
37005296,5.6,6.5,5.2,0,0,0,8.0,8.0,7.5,False
37005297,4.6,8.0,4.4,0,0,0,9.75,9.0,8.5,False
37005298,5.8,6.0,4.6,5.0,5.75,5.75,0,0,0,True
37005299,6.2,6.75,4.4,5.75,6.25,7.5,0,0,0,True
37005300,7.8,6.75,5.2,8.75,7.75,7.0,0,0,0,True
37005301,8.6,6.75,4.6,7.5,7.25,8.0,0,0,0,True
37005302,8.0,7.5,4.8,0,0,0,7.5,8.5,8.0,False
37005303,5.6,7.0,4.2,0,0,0,7.25,7.75,9.0,False
37005304,7.0,7.5,6.2,0,0,0,5.75,8.5,8.75,False
37005305,6.4,7.5,4.6,3.75,5.5,6.75,0,0,0,True
37005306,5.8,7.0,3.8,0,0,0,6.75,7.0,7.5,False
37005307,8.2,7.0,4.2,0,0,0,6.75,7.0,8.5,False
37005308,8.4,7.5,5.0,7.75,7.0,8.25,0,0,0,True
37005309,7.8,8.0,7.4,8.5,8.25,7.75,0,0,0,True
37005310,8.4,8.5,7.4,3.75,6.75,6.5,0,0,0,True
37005311,7.4,8.0,7.4,6.75,8.0,7.5,0,0,0,True
37005312,8.0,6.0,6.2,8.25,8.5,8.0,0,0,0,True
37005313,7.0,8.5,5.0,0,0,0,8.5,9.25,9.25,False
37005314,6.8,7.0,6.6,0,0,0,7.25,8.25,6.75,False
37005315,6.4,7.75,7.4,7.25,5.25,8.25,0,0,0,True
37005316,6.2,8.5,7.8,0,0,0,7.25,7.0,8.25,False
37005317,6.4,8.0,7.6,0,0,0,6.0,7.5,8.5,False
37005318,8.0,7.5,8.4,6.5,6.5,7.5,0,0,0,True
37005319,7.8,6.5,7.2,6.25,5.75,8.0,0,0,0,True
37005320,7.4,7.0,6.4,0,0,0,7.25,7.75,8.5,False
37005321,7.2,5.5,7.2,0,0,0,6.25,5.75,6.5,False
37005322,6.2,8.25,4.0,0,0,0,6.75,7.25,9.0,False
37005323,7.4,7.5,8.8,6.0,6.0,7.5,0,0,0,True
37005324,7.4,7.75,6.2,0,0,0,7.0,6.75,8.75,False
37005325,7.8,8.0,7.4,8.5,9.5,7.5,0,0,0,True
37005326,4.4,6.5,5.4,0,0,0,4.25,7.0,8.0,False
37005327,7.8,6.0,7.6,0,0,0,6.75,7.5,8.0,False
37005328,8.6,8.0,9.4,5.75,8.0,6.75,0,0,0,True
37005329,5.4,6.5,6.8,0,0,0,7.0,4.25,8.5,False
37005330,5.2,5.5,7.4,0,0,0,6.25,4.0,7.5,False
37005331,5.8,7.25,5.2,4.25,6.5,6.75,0,0,0,True
37005332,7.8,6.5,7.2,6.5,7.25,8.0,0,0,0,True
37005333,6.8,7.75,5.0,0,0,0,5.75,6.75,8.25,False
37005334,4.6,8.5,5.4,4.5,5.75,7.5,0,0,0,True
37005335,6.0,6.5,6.4,0,0,0,6.25,8.5,8.75,False
37005336,6.2,8.0,3.2,0,0,0,7.25,8.5,9.0,False
37005337,6.8,8.0,7.8,0,0,0,6.75,6.75,7.25,False
37005338,8.0,7.0,2.8,0,0,0,7.5,7.75,9.0,False
37005339,7.4,8.5,7.8,0,0,0,7.25,8.25,9.0,False
37005340,7.2,8.25,4.0,7.5,7.5,7.0,0,0,0,True
37005341,8.6,8.0,8.8,7.75,6.75,7.75,0,0,0,True
37005342,8.2,6.5,5.0,4.25,7.25,7.25,0,0,0,True
37005343,8.4,7.0,7.2,5.25,8.0,8.0,0,0,0,True
37005344,5.4,7.0,7.0,0,0,0,7.0,8.0,8.75,False
37005345,7.4,6.75,5.0,0,0,0,9.0,9.0,9.25,False
37005346,7.6,8.5,6.0,3.5,7.25,7.25,0,0,0,True
37005347,6.8,8.5,7.8,2.75,7.75,7.25,0,0,0,True
37005348,6.8,7.75,6.4,0,0,0,7.75,7.0,7.5,False
37005349,8.0,8.5,8.6,3.0,7.5,6.75,0,0,0,True
37005350,8.0,8.75,8.4,0,0,0,8.75,8.5,9.5,False
37005351,6.8,7.5,6.0,6.0,6.5,7.75,0,0,0,True
37005352,7.8,7.5,7.0,7.25,8.5,6.0,0,0,0,True
37005353,6.4,5.0,6.2,0,0,0,7.0,5.0,7.0,False
37005354,6.4,8.0,6.6,0,0,0,7.25,7.5,8.5,False
37005355,6.2,6.25,5.8,0,0,0,6.75,8.0,7.25,False
37005356,8.0,6.25,9.0,8.0,7.25,8.0,0,0,0,True
37005357,3.2,7.0,3.8,0,0,0,7.0,6.25,8.0,False
37005358,5.0,6.5,3.8,0,0,0,7.0,6.5,8.0,False
37005359,5.8,7.25,3.2,6.75,6.0,6.25,0,0,0,True
37005360,5.6,8.0,6.0,0,0,0,5.25,7.0,8.25,False
37005361,6.4,6.0,2.6,0,0,0,6.0,7.0,7.75,False
37005362,7.4,8.5,6.8,0,0,0,8.25,7.75,8.75,False
37005363,6.4,6.5,3.6,0,0,0,5.25,5.5,6.5,False
37005364,7.8,7.25,7.2,8.75,7.75,7.5,0,0,0,True
37005365,7.6,6.75,3.8,7.0,7.25,5.5,0,0,0,True
37005366,8.6,7.25,7.2,9.0,9.25,7.75,0,0,0,True
37005367,8.2,7.25,5.0,7.5,7.75,6.75,0,0,0,True
37005368,5.4,5.5,5.4,0,0,0,5.25,6.25,7.75,False
37005369,6.2,7.25,4.4,0,0,0,6.25,6.0,8.5,False
37005370,7.0,6.75,5.2,7.25,7.0,6.75,0,0,0,True
37005371,5.4,7.25,5.0,0,0,0,5.75,7.5,7.5,False
37005372,7.0,9.25,6.8,0,0,0,9.0,10.0,9.25,False
37005373,8.0,8.25,5.2,7.5,7.25,8.0,0,0,0,True
37005374,8.6,8.5,7.2,7.25,7.75,8.25,0,0,0,True
37005375,6.8,7.5,5.4,0,0,0,6.75,6.25,7.0,False
37005376,7.4,8.0,6.0,7.75,7.5,6.75,0,0,0,True
37005377,4.8,8.0,3.8,0,0,0,6.5,7.0,8.5,False
37005378,7.2,8.5,8.4,0,0,0,7.5,7.5,8.75,False
37005379,4.4,7.75,4.0,0,0,0,6.75,6.75,8.5,False
37005380,3.4,6.25,5.0,0,0,0,4.25,4.25,6.25,False
37005381,6.4,7.25,6.0,0,0,0,5.25,7.5,8.5,False
37005382,5.8,7.25,4.4,0,0,0,7.0,6.25,7.75,False
37005383,5.8,7.75,5.2,0,0,0,5.75,7.25,8.25,False
37005384,4.6,4.25,4.4,0,0,0,6.75,5.75,7.5,False
37005385,4.4,7.25,5.0,0,0,0,7.5,8.5,8.25,False
37005386,6.8,8.0,4.6,6.5,5.75,6.25,0,0,0,True
37005387,8.4,7.75,6.0,7.5,6.25,6.75,0,0,0,True
37005388,6.0,6.0,5.2,7.25,6.5,7.0,0,0,0,True
37005389,5.8,6.5,4.2,0,0,0,6.75,8.25,7.5,False
37005390,5.4,5.25,5.4,0,0,0,6.0,7.0,6.5,False
37005391,6.6,6.75,4.2,5.0,6.25,6.0,0,0,0,True
37005392,7.2,7.5,4.8,0,0,0,8.25,8.0,8.75,False
37005393,5.8,7.25,4.2,0,0,0,8.5,9.0,9.25,False
37005394,6.6,7.25,5.2,0,0,0,5.5,7.75,8.75,False
37005395,7.6,6.25,5.6,7.25,7.5,7.25,0,0,0,True
37005396,7.8,5.75,5.2,7.5,7.5,7.0,0,0,0,True
37005397,6.0,7.75,4.8,0,0,0,6.25,7.75,9.0,False
37005398,7.4,8.0,6.4,0,0,0,8.5,9.0,9.25,False
37005399,4.8,7.25,4.8,0,0,0,6.75,8.75,9.0,False
37005400,7.6,8.0,8.2,5.5,5.75,5.25,0,0,0,True
37005401,6.0,8.0,8.0,5.25,6.5,7.25,0,0,0,True
37005402,6.0,6.5,5.8,0,0,0,6.75,7.5,7.75,False
37005403,5.8,6.5,6.2,0,0,0,7.0,6.75,8.0,False
37005404,5.4,5.5,4.4,0,0,0,5.25,4.75,7.0,False
37005405,6.6,6.5,4.6,0,0,0,6.5,8.5,8.25,False
37005406,5.6,5.0,5.4,0,0,0,5.25,7.75,8.0,False
37005407,7.4,6.0,4.8,6.0,5.25,7.5,0,0,0,True
37005408,8.0,7.25,6.4,8.25,8.75,8.0,0,0,0,True
37005409,7.4,5.5,4.8,0,0,0,5.0,7.0,9.0,False
37005410,6.8,6.0,4.6,0,0,0,7.25,6.0,7.25,False
37005411,8.2,7.5,5.4,8.0,8.75,7.75,0,0,0,True
37005412,5.8,8.0,3.4,5.0,6.5,6.5,0,0,0,True
37005413,8.2,7.0,6.4,7.75,7.25,6.75,0,0,0,True
37005414,7.6,9.0,5.4,0,0,0,7.25,8.0,9.0,False
37005415,7.4,9.0,7.6,6.5,6.5,6.5,0,0,0,True
37005416,6.2,7.25,4.6,0,0,0,9.0,9.5,9.25,False
37005417,4.8,6.75,4.4,0,0,0,6.25,7.5,8.25,False
37005418,5.2,6.0,3.4,0,0,0,7.25,7.75,6.5,False
37005419,6.4,6.75,4.8,4.25,7.25,8.0,0,0,0,True
37005420,5.2,7.75,3.6,0,0,0,6.0,5.75,7.0,False
37005421,6.0,5.5,4.4,0,0,0,7.75,8.5,8.5,False
37005422,5.0,6.5,4.4,0,0,0,7.0,8.0,8.5,False
37005423,7.2,8.0,4.0,6.75,7.75,8.0,0,0,0,True
37005424,7.4,7.5,6.2,0,0,0,7.0,8.5,8.25,False
37005425,7.6,8.0,5.4,0,0,0,7.0,7.5,9.25,False
37005426,7.2,7.5,5.2,0,0,0,8.25,8.5,8.0,False
37005427,7.0,7.75,4.2,0,0,0,7.5,7.25,8.25,False
37005428,8.2,8.0,6.8,7.0,7.0,6.75,0,0,0,True
37005429,8.0,8.25,6.2,8.25,7.0,5.75,0,0,0,True
37005430,7.6,9.0,4.6,8.5,8.25,7.0,0,0,0,True
37005431,5.2,7.25,5.6,0,0,0,7.0,8.0,8.25,False
37005432,7.6,6.75,5.0,0,0,0,6.25,8.0,8.0,False
37005433,7.8,6.5,6.6,7.5,7.75,7.0,0,0,0,True
37005434,7.2,8.5,7.8,7.5,7.5,7.75,0,0,0,True
37005435,6.4,8.5,7.6,6.0,7.75,8.0,0,0,0,True
37005436,5.6,6.0,3.6,0,0,0,6.5,5.75,7.75,False
37005437,7.4,5.5,5.8,6.25,7.0,8.0,0,0,0,True
37005438,7.0,7.0,5.8,0,0,0,7.0,8.75,7.25,False
37005439,8.4,8.25,6.0,6.75,7.5,8.25,0,0,0,True
37005440,8.2,8.75,6.8,8.0,7.5,7.75,0,0,0,True
37005441,5.6,7.0,5.2,0,0,0,6.75,7.25,8.0,False
37005442,5.6,5.75,2.4,0,0,0,5.5,6.0,7.0,False
37005443,5.4,7.5,7.4,0,0,0,6.75,8.25,9.5,False
37005444,5.8,6.75,4.4,0,0,0,6.75,8.0,8.0,False
37005445,8.0,7.75,5.8,0,0,0,5.25,7.25,8.75,False
37005446,7.6,7.5,5.8,7.75,8.25,7.0,0,0,0,True
37005447,6.0,6.25,5.8,0,0,0,4.5,6.75,9.0,False
37005448,6.4,6.75,6.2,0,0,0,6.0,7.75,8.5,False
37005449,7.2,8.0,7.4,7.75,5.75,7.5,0,0,0,True
37005450,7.0,7.25,6.6,0,0,0,7.25,8.0,8.75,False
37005451,7.4,7.25,5.8,8.5,8.5,7.75,0,0,0,True
37005452,6.8,7.0,4.8,0,0,0,6.25,7.25,9.0,False
37005453,4.4,7.25,2.2,0,0,0,7.5,8.5,7.75,False
37005454,8.2,9.0,8.4,0,0,0,7.25,8.0,9.75,False
37005455,8.2,7.0,5.4,6.75,7.5,7.75,0,0,0,True
37005456,7.0,6.25,5.4,6.0,7.75,8.25,0,0,0,True
37005457,8.2,8.0,4.2,8.75,8.5,7.75,0,0,0,True
37005458,7.0,7.25,4.0,8.25,8.0,7.0,0,0,0,True
37005459,3.8,7.0,3.4,0,0,0,6.75,7.5,7.75,False
37005460,6.2,6.25,4.0,8.75,7.25,7.25,0,0,0,True
37005461,5.0,7.75,4.8,4.75,6.5,6.75,0,0,0,True
37005462,5.0,8.25,5.4,0,0,0,7.5,7.75,9.25,False
37005463,6.2,8.0,6.2,0,0,0,6.5,8.0,8.5,False
37005464,5.0,7.25,3.8,4.5,4.5,6.75,0,0,0,True
37005465,7.8,7.25,3.6,0,0,0,6.5,8.5,8.5,False
37005466,5.6,7.75,4.4,0,0,0,6.25,6.75,8.5,False
37005467,6.6,7.75,3.2,0,0,0,6.75,7.25,9.75,False
37005468,5.6,8.25,4.4,0,0,0,7.75,8.25,8.0,False
37005469,5.2,7.0,3.0,0,0,0,6.25,8.5,9.0,False
37005470,6.2,6.0,4.0,0,0,0,8.5,6.0,8.25,False
37005472,6.8,7.5,5.8,0,0,0,7.0,8.0,9.5,False
37005473,6.4,6.75,5.6,6.25,7.75,7.5,0,0,0,True
37005474,7.4,7.25,5.6,0,0,0,7.75,8.5,9.0,False
37005475,8.2,6.0,5.8,0,0,0,9.0,8.25,8.25,False
37005476,6.8,6.75,6.2,0,0,0,6.5,7.25,8.0,False
37005477,7.8,8.25,4.0,6.25,7.5,8.0,0,0,0,True
37005478,8.0,8.5,5.2,6.0,8.25,8.5,0,0,0,True
37005479,7.2,5.25,3.0,0,0,0,6.0,5.75,8.75,False
37005480,8.0,9.0,7.6,6.75,8.5,8.5,0,0,0,True
37005481,6.0,8.0,4.8,0,0,0,9.0,9.5,9.25,False
37005482,6.6,7.0,5.8,0,0,0,8.0,7.5,9.0,False
37005483,7.2,7.75,4.0,0,0,0,9.75,9.75,8.5,False
37005484,7.8,7.75,6.4,0,0,0,7.25,8.25,8.75,False
37005485,7.6,6.75,4.6,0,0,0,6.75,8.5,8.75,False
37005486,8.4,8.0,7.2,8.0,8.75,6.0,0,0,0,True
37005487,7.2,6.75,4.6,0,0,0,5.25,6.0,7.5,False
37005488,7.2,7.0,5.8,5.0,6.0,6.5,0,0,0,True
37005489,8.6,7.75,7.2,8.0,7.75,7.25,0,0,0,True
37005490,8.4,7.25,7.8,0,0,0,8.25,7.0,9.0,False
37005491,6.8,6.75,4.8,5.25,6.25,5.5,0,0,0,True
37005492,6.6,6.0,5.0,5.5,3.75,6.75,0,0,0,True
37005493,8.2,7.0,6.0,7.0,7.0,5.25,0,0,0,True
37005494,6.4,7.75,5.2,0,0,0,6.25,8.25,8.0,False
37005495,5.4,7.75,5.6,0,0,0,7.25,6.25,8.5,False
37005496,8.0,8.5,4.8,8.25,8.0,7.25,0,0,0,True
37005497,8.6,6.75,6.8,8.0,7.5,7.5,0,0,0,True
37005498,7.2,8.0,6.2,0,0,0,7.75,8.75,9.5,False
37005499,8.0,8.5,6.4,4.5,7.5,7.75,0,0,0,True
37005500,8.0,6.75,7.8,8.5,8.0,7.25,0,0,0,True
37005501,8.4,8.0,8.2,5.0,7.75,7.5,0,0,0,True
37005502,4.6,6.75,3.6,0,0,0,5.75,7.25,8.0,False
37005503,5.8,6.25,7.4,0,0,0,7.0,7.25,8.75,False
37005504,6.4,7.0,4.8,0,0,0,7.75,8.5,9.0,False
37005505,5.4,5.5,5.6,0,0,0,7.25,7.25,8.5,False
37005506,5.8,7.0,3.2,0,0,0,7.5,8.0,8.5,False
37005507,5.8,7.0,4.6,0,0,0,5.25,6.5,7.25,False
37005508,6.4,6.25,3.8,0,0,0,6.25,6.5,8.0,False
37005509,6.0,3.5,4.8,0,0,0,6.0,5.0,7.0,False
37005510,7.0,5.75,4.0,0,0,0,6.25,7.5,7.5,False
37005511,6.6,4.5,5.0,0,0,0,7.75,4.0,6.25,False
37005512,6.6,7.75,5.6,0,0,0,9.0,8.0,9.25,False
37005513,4.6,6.5,3.2,0,0,0,7.25,7.0,8.5,False
37005514,6.8,7.5,5.2,0,0,0,8.0,8.25,9.25,False
37005515,6.8,7.5,3.6,0,0,0,8.0,8.75,9.25,False
37005516,6.0,7.0,5.0,0,0,0,8.0,8.75,9.0,False
37005517,5.0,8.25,4.2,0,0,0,8.5,6.0,7.75,False
37005518,4.8,5.0,3.0,0,0,0,7.25,7.0,7.25,False
37005519,4.4,4.5,2.4,0,0,0,8.5,7.75,7.75,False
37005520,6.4,7.25,3.6,0,0,0,7.25,8.75,8.75,False
37005521,6.6,6.0,5.4,0,0,0,7.0,8.0,8.0,False
37005522,6.2,5.0,3.0,0,0,0,7.75,6.0,6.0,False
37005523,8.0,5.0,6.4,0,0,0,7.75,6.25,8.5,False
37005524,8.0,6.5,3.8,7.75,6.75,6.5,0,0,0,True
37005525,7.8,7.75,7.0,8.0,9.25,8.0,0,0,0,True
37005526,8.2,6.75,6.0,6.0,8.0,7.5,0,0,0,True
37005527,7.6,6.25,5.6,0,0,0,8.0,8.0,6.75,False
37005528,7.0,7.0,6.0,0,0,0,8.0,8.25,7.75,False
37005529,6.8,5.5,5.6,6.0,5.25,7.75,0,0,0,True
37005530,7.0,7.25,7.4,4.0,5.75,8.5,0,0,0,True
37005531,6.8,7.0,5.4,5.0,6.75,7.0,0,0,0,True
37005532,7.8,7.5,6.2,6.75,8.0,7.0,0,0,0,True
37005533,7.6,6.75,4.0,5.75,6.5,5.75,0,0,0,True
37005534,6.8,5.75,6.0,0,0,0,5.5,5.0,5.25,False
37005535,6.2,5.0,5.0,0,0,0,6.5,5.0,8.75,False
37005536,6.8,6.75,5.6,0,0,0,5.25,7.0,8.5,False
37005537,5.8,7.25,5.0,0,0,0,6.5,6.75,9.5,False
37005538,6.4,6.0,5.6,5.0,4.75,4.75,0,0,0,True
37005539,7.6,7.25,5.2,0,0,0,6.25,7.5,7.25,False
37005540,6.8,6.0,5.6,0,0,0,6.5,6.25,8.75,False
37005541,7.8,7.5,5.4,0,0,0,7.5,8.75,9.75,False
37005542,7.4,7.0,6.4,7.25,8.25,7.5,0,0,0,True
37005543,7.4,7.25,4.2,0,0,0,6.5,8.5,8.25,False
37005544,5.8,7.25,6.0,0,0,0,7.25,7.5,9.25,False
37005545,3.4,5.5,4.4,0,0,0,7.5,7.5,8.75,False
37005546,8.0,9.25,6.6,5.0,7.5,8.0,0,0,0,True
37005547,6.2,7.0,4.0,0,0,0,7.0,8.0,8.75,False
37005548,6.2,6.0,4.0,0,0,0,7.0,8.0,8.5,False
37005549,6.6,7.25,3.4,0,0,0,2.0,3.5,2.25,False
37005550,8.4,6.0,4.4,6.5,9.5,8.75,0,0,0,True
37005551,6.2,8.0,4.6,0,0,0,6.75,7.25,7.75,False
37005552,6.0,8.0,5.8,0,0,0,5.5,7.75,8.0,False
37005553,7.6,6.75,5.4,5.25,7.0,6.0,0,0,0,True
37005554,8.0,7.0,5.8,0,0,0,5.0,7.0,8.25,False
37005555,7.0,6.5,3.0,0,0,0,6.75,6.25,6.25,False
37005556,6.8,7.0,6.2,6.5,6.25,4.25,0,0,0,True
37005557,6.0,5.25,3.2,5.0,4.0,5.75,0,0,0,True
37005558,5.6,6.0,3.6,4.0,3.0,6.75,0,0,0,True
37005559,6.8,6.25,3.8,4.25,5.5,4.5,0,0,0,True
37005560,6.2,5.0,3.6,0,0,0,5.75,7.0,6.5,False
37005561,3.4,2.75,4.0,0,0,0,3.5,6.5,5.25,False
37005562,8.2,7.0,7.2,8.25,8.75,7.25,0,0,0,True
37005563,5.2,7.0,3.2,0,0,0,6.75,6.75,8.75,False
37005564,6.0,5.0,2.4,0,0,0,5.25,6.25,6.75,False
37005565,8.2,7.0,5.0,6.75,8.0,6.75,0,0,0,True
37005566,7.2,7.25,3.0,5.0,4.5,4.5,0,0,0,True
37005567,4.2,6.5,2.8,0,0,0,5.5,5.75,8.25,False
37005568,5.4,5.5,4.6,0,0,0,7.0,7.5,8.5,False
37005569,5.6,6.5,1.6,0,0,0,8.5,8.25,8.75,False
37005570,6.8,6.5,4.8,0,0,0,6.5,8.25,8.75,False
37005571,4.6,6.0,2.8,0,0,0,3.0,5.75,6.25,False
37005572,6.4,7.5,6.2,0,0,0,4.75,7.25,7.5,False
37005573,6.8,8.25,6.4,0,0,0,4.75,6.75,6.0,False
37005574,8.6,8.5,8.2,4.0,8.0,5.75,0,0,0,True
37005575,7.6,7.0,6.2,7.75,7.5,6.25,0,0,0,True
37005576,7.0,6.75,6.4,5.5,8.0,6.0,0,0,0,True
37005577,6.0,7.0,5.6,0,0,0,7.25,7.75,8.75,False
37005578,8.0,5.0,4.2,5.75,7.25,6.5,0,0,0,True
37005579,4.4,6.25,4.2,0,0,0,5.25,7.75,8.25,False
37005580,8.2,5.75,5.2,7.75,9.0,5.25,0,0,0,True
37005581,5.4,5.25,3.2,0,0,0,7.25,7.25,7.5,False
37005582,6.0,8.25,3.8,0,0,0,9.5,9.75,8.5,False
37005583,7.0,6.5,3.2,4.0,6.25,5.0,0,0,0,True
37005584,7.0,6.75,6.2,7.5,5.5,6.0,0,0,0,True
37005585,7.0,6.75,6.2,0,0,0,5.75,8.5,7.25,False
37005586,7.2,8.0,6.8,4.0,5.25,4.75,0,0,0,True
37005587,8.2,6.75,7.8,5.25,7.75,5.5,0,0,0,True
37005588,3.8,4.75,3.2,0,0,0,7.25,7.5,8.5,False
37005589,6.2,6.5,4.0,0,0,0,6.75,7.75,8.0,False
37005590,2.2,4.5,4.4,0,0,0,3.5,5.5,6.75,False
37005591,4.4,6.75,3.0,0,0,0,6.0,7.5,8.25,False
37005592,7.6,7.25,8.8,8.0,7.5,8.25,0,0,0,True
37005593,7.4,5.0,5.0,6.75,8.75,5.0,0,0,0,True
37005594,6.4,8.0,6.4,0,0,0,5.5,8.5,9.0,False
37005595,8.6,8.0,7.2,4.25,8.75,6.0,0,0,0,True
37005596,7.4,8.25,6.6,7.75,9.25,7.75,0,0,0,True
37005597,4.0,5.25,5.0,0,0,0,6.0,7.0,8.5,False
37005598,7.0,7.0,4.6,0,0,0,5.75,8.75,9.25,False
37005599,8.4,8.0,7.2,0,0,0,5.0,8.0,9.0,False
37005600,5.2,5.5,3.6,0,0,0,5.75,8.25,7.75,False
37005601,8.6,7.0,8.2,7.75,4.25,4.25,0,0,0,True
37005602,7.4,7.75,6.4,8.5,6.75,5.25,0,0,0,True
37005603,6.6,7.25,0,2.5,7.25,7.5,0,0,0,True
37005604,7.2,9.25,6.6,0,0,0,6.5,8.25,8.5,False
37005605,7.0,8.5,5.6,3.5,5.25,4.75,0,0,0,True
37005606,7.8,7.25,5.8,6.0,8.0,6.75,0,0,0,True
37005607,8.2,5.5,4.8,4.25,8.25,6.25,0,0,0,True
37005608,6.6,7.5,6.6,0,0,0,4.75,7.5,8.0,False
37005609,8.0,7.25,8.0,0,0,0,6.5,7.25,9.25,False
37005610,4.8,8.0,3.6,0,0,0,5.75,4.75,5.5,False
37005611,6.2,8.0,4.8,0,0,0,8.25,8.0,9.0,False
37005612,7.4,8.0,4.2,0,0,0,7.0,8.5,8.75,False
37005613,8.8,6.25,6.8,9.25,9.25,7.75,0,0,0,True
37005614,4.0,4.0,5.0,0,0,0,6.5,6.5,7.75,False
37005615,8.8,6.5,8.6,9.25,5.75,5.75,0,0,0,True
37005616,6.0,6.0,4.8,6.5,7.25,4.75,0,0,0,True
37005617,5.0,5.0,4.0,0,0,0,4.25,6.0,6.25,False
37005618,5.8,5.75,3.0,0,0,0,6.75,8.5,7.75,False
37005619,5.8,5.75,3.8,5.5,6.5,5.75,0,0,0,True
37005620,7.2,7.25,6.4,6.5,7.75,5.0,0,0,0,True
37005621,7.0,6.5,5.6,0,0,0,7.5,7.25,6.5,False
37005622,9.4,6.0,6.4,6.0,8.25,4.5,0,0,0,True
37005623,6.8,6.5,4.8,0,0,0,5.0,6.75,6.75,False
37005624,9.0,6.25,6.4,7.75,9.0,5.5,0,0,0,True
37005625,5.2,6.75,3.8,0,0,0,5.75,7.75,9.5,False
37005626,4.6,3.0,3.0,0,0,0,5.75,5.75,5.75,False
37005627,8.2,8.75,8.4,0,0,0,6.5,7.75,8.0,False
37005628,5.6,6.5,5.6,0,0,0,3.75,8.25,7.25,False
37005629,8.4,7.0,7.6,6.25,9.25,6.5,0,0,0,True
37005630,8.0,6.0,6.0,7.25,7.75,6.0,0,0,0,True
37005631,6.0,7.5,5.4,5.0,6.25,3.75,0,0,0,True
37005632,6.0,8.0,5.4,0,0,0,6.5,7.0,9.25,False
37005633,8.0,5.25,4.6,8.25,7.25,4.0,0,0,0,True
37005634,8.0,7.25,9.2,8.5,8.0,6.5,0,0,0,True
37005635,5.8,6.5,7.2,6.25,7.25,5.0,0,0,0,True
37005636,8.8,6.0,6.0,8.75,9.5,5.75,0,0,0,True
37005637,7.2,5.25,3.8,0,0,0,9.25,9.0,9.0,False
37005638,4.8,5.5,4.6,0,0,0,5.5,7.25,6.5,False
37005639,6.2,6.0,5.2,0,0,0,6.5,7.25,8.5,False
37005640,8.4,7.5,7.4,7.0,7.0,5.0,0,0,0,True
37005641,8.2,7.25,6.4,8.0,8.0,6.0,0,0,0,True
37005642,5.4,6.25,5.8,0,0,0,7.0,6.75,8.25,False
37005643,5.8,6.0,5.2,0,0,0,6.75,8.75,8.75,False
37005644,2.8,5.25,3.0,0,0,0,5.25,7.0,7.5,False
37005645,6.8,7.0,5.0,0,0,0,9.5,8.75,9.25,False
37005646,5.0,7.0,4.8,0,0,0,7.5,6.25,6.5,False
37005647,6.2,7.25,5.2,0,0,0,4.75,7.0,6.75,False
37005648,6.0,7.5,2.6,0,0,0,5.5,8.0,7.5,False
37005649,7.0,7.25,5.2,0,0,0,8.0,8.0,8.0,False
37005650,6.6,5.75,3.8,7.25,7.25,5.75,0,0,0,True
37005651,6.6,7.5,3.2,0,0,0,6.0,7.5,8.5,False
37005652,5.0,7.25,3.0,0,0,0,3.0,5.75,6.25,False
37005653,5.4,6.5,2.8,0,0,0,6.5,7.75,9.0,False
37005654,7.4,5.5,5.4,7.75,7.25,5.5,0,0,0,True
37005655,4.4,6.25,3.4,0,0,0,5.5,6.75,8.25,False
37005656,4.8,6.75,2.0,0,0,0,5.5,7.75,6.25,False
37005657,6.0,8.0,6.2,0,0,0,7.25,7.0,7.5,False
37005658,5.8,7.5,5.8,0,0,0,6.25,9.0,8.5,False
37005659,3.2,5.5,2.8,0,0,0,5.0,7.75,8.75,False
37005660,5.8,6.25,2.2,0,0,0,5.5,7.5,8.5,False
37005661,6.0,6.75,5.0,4.5,7.0,5.5,0,0,0,True
37005662,3.2,4.5,2.2,0,0,0,5.0,6.25,8.25,False
37005663,5.8,6.0,2.8,0,0,0,8.5,8.25,9.0,False
37005664,8.2,5.75,5.2,8.0,8.25,5.75,0,0,0,True
37005665,8.2,7.25,6.4,8.5,8.75,6.75,0,0,0,True
37005666,7.0,5.5,4.6,0,0,0,5.0,6.5,7.75,False
37005667,7.2,8.75,5.0,4.5,7.0,5.75,0,0,0,True
37005668,4.4,5.0,2.6,0,0,0,5.75,6.25,6.0,False
37005669,8.2,6.75,5.2,4.0,8.75,8.75,0,0,0,True
37005670,8.4,9.0,8.6,5.0,5.75,7.75,0,0,0,True
37005671,5.2,8.0,5.8,0,0,0,7.75,7.5,8.5,False
37005672,6.4,7.25,3.6,0,0,0,5.75,5.75,8.25,False
37005673,7.4,7.5,5.8,7.25,7.0,6.5,0,0,0,True
37005674,5.8,7.75,5.0,0,0,0,4.0,7.0,7.25,False
37005675,7.6,8.0,6.2,3.0,3.5,4.25,0,0,0,True
37005676,5.8,7.75,3.8,0,0,0,7.5,9.0,9.5,False
37005677,5.2,7.5,3.8,0,0,0,5.5,7.25,7.5,False
37005678,6.2,8.0,6.6,0,0,0,7.25,7.25,8.0,False
37005679,8.4,5.5,6.2,6.25,5.75,5.75,0,0,0,True
37005680,7.6,6.75,6.2,4.0,7.25,5.0,0,0,0,True
37005681,6.0,7.25,5.4,0,0,0,6.75,8.5,8.25,False
37005682,5.6,5.75,4.2,0,0,0,6.0,7.5,7.5,False
37005683,8.2,8.75,8.8,6.5,7.0,7.25,0,0,0,True
37005684,6.4,5.75,5.6,7.0,5.5,5.5,0,0,0,True
37005685,7.4,5.5,4.2,8.5,8.5,6.75,0,0,0,True
37005686,8.4,5.0,4.0,8.75,8.25,5.75,0,0,0,True
37005687,7.8,6.0,2.6,0,0,0,6.5,8.75,7.75,False
37005688,5.8,6.0,4.6,4.5,4.25,5.0,0,0,0,True
37005689,7.2,8.75,7.2,0,0,0,9.75,9.75,9.5,False
37005690,7.2,8.0,6.4,7.0,4.0,5.75,0,0,0,True
37005691,7.8,8.25,5.8,0,0,0,6.75,6.75,9.0,False
37005692,7.2,7.25,6.2,7.5,6.25,6.0,0,0,0,True
37005693,7.0,7.0,5.2,0,0,0,7.5,9.5,8.5,False
37005694,7.4,5.75,4.8,8.5,8.5,6.75,0,0,0,True
37005695,5.8,5.25,4.6,0,0,0,6.25,7.25,7.75,False
37005696,7.8,5.5,7.4,6.0,4.5,7.25,0,0,0,True
37005697,5.2,5.75,1.6,0,0,0,5.5,7.0,7.5,False
37005698,8.4,5.5,5.0,8.0,7.5,5.5,0,0,0,True
37005699,6.4,4.0,4.0,0,0,0,8.75,9.0,9.25,False
37005700,7.2,5.5,3.0,0,0,0,6.0,8.25,7.25,False
37005701,8.0,4.25,3.6,7.75,7.0,6.0,0,0,0,True
37005702,6.8,7.25,5.0,3.5,6.0,7.0,0,0,0,True
37005703,6.4,8.25,5.8,0,0,0,8.0,9.0,7.75,False
37005704,6.4,5.5,4.0,0,0,0,8.75,8.75,9.0,False
37005705,6.6,6.25,5.4,6.25,6.0,7.5,0,0,0,True
37005706,7.6,5.25,4.2,3.25,6.25,6.75,0,0,0,True
37005707,8.6,7.75,7.4,8.0,8.0,6.5,0,0,0,True
37005708,8.4,8.5,7.2,8.75,7.75,7.75,0,0,0,True
37005709,7.0,6.5,5.4,4.5,5.25,6.0,0,0,0,True
37005710,7.0,7.0,7.8,7.75,5.75,4.0,0,0,0,True
37005711,7.2,7.25,3.4,0,0,0,7.25,7.5,9.0,False
37005712,5.6,6.75,3.2,0,0,0,5.75,7.75,9.0,False
37005713,6.8,7.0,4.4,4.25,6.5,4.75,0,0,0,True
37005714,3.6,7.25,3.4,0,0,0,4.25,8.0,6.0,False
37005715,4.2,5.75,3.4,0,0,0,4.5,7.25,7.0,False
37005716,6.6,8.5,8.0,6.75,5.75,7.0,0,0,0,True
37005717,6.8,7.0,4.4,0,0,0,7.0,8.0,9.5,False
37005718,4.0,6.5,3.4,0,0,0,3.5,7.25,5.5,False
37005719,2.6,6.5,3.0,0,0,0,4.75,5.25,6.25,False
37005720,6.0,4.25,4.6,0,0,0,6.0,5.5,6.5,False
37005721,7.8,5.5,4.8,5.75,5.0,4.75,0,0,0,True
37005722,6.8,8.0,5.8,0,0,0,4.75,6.75,8.0,False
37005723,5.8,8.0,2.6,0,0,0,9.5,9.25,7.75,False
37005724,7.8,8.25,9.6,8.75,6.5,6.5,0,0,0,True
37005725,7.2,8.0,7.6,0,0,0,9.25,8.75,8.75,False
37005726,7.6,8.5,6.4,0,0,0,7.75,8.5,8.75,False
37005727,7.8,3.75,4.0,4.25,5.0,5.0,0,0,0,True
37005728,6.2,4.0,3.8,0,0,0,4.0,4.75,6.5,False
37005729,6.2,6.25,3.2,4.25,6.5,4.25,0,0,0,True
37005730,8.4,6.0,3.8,7.75,7.75,5.75,0,0,0,True
37005731,7.2,5.75,2.2,0,0,0,6.0,6.75,6.5,False
37005732,8.0,5.75,4.8,6.5,6.0,5.5,0,0,0,True
37005733,8.6,8.0,6.6,7.25,8.5,5.75,0,0,0,True
37005734,6.6,7.0,4.8,0,0,0,6.0,7.25,8.5,False
37005735,6.0,5.0,2.6,0,0,0,6.5,7.0,7.25,False
37005736,6.6,7.5,6.6,0,0,0,6.5,7.75,7.5,False
37005737,7.8,6.75,5.4,0,0,0,8.25,9.5,9.25,False
37005738,8.0,8.0,6.8,0,0,0,6.5,7.5,8.75,False
37005739,7.2,8.5,8.2,0,0,0,5.0,7.5,7.75,False
37005740,7.6,7.75,7.2,5.75,6.25,6.25,0,0,0,True
37005741,8.2,8.0,2.6,0,0,0,5.5,7.5,9.0,False
37005742,6.4,7.75,4.8,0,0,0,6.0,7.0,8.25,False
37005743,6.4,6.25,4.4,0,0,0,5.0,8.5,7.0,False
37005744,4.0,4.75,3.0,0,0,0,7.75,8.25,8.0,False
37005745,7.0,6.5,3.2,0,0,0,8.0,8.75,8.5,False
37005746,6.6,6.25,4.2,0,0,0,5.25,8.25,5.75,False
37005747,3.8,3.75,3.0,0,0,0,5.0,6.5,7.75,False
37005748,8.4,6.5,4.6,8.0,7.5,7.25,0,0,0,True
37005749,5.6,8.0,2.6,0,0,0,4.25,7.0,7.25,False
37005750,8.0,8.0,7.4,0,0,0,7.5,8.5,8.75,False
37005751,6.6,5.5,4.4,0,0,0,5.25,6.25,5.25,False
37005752,5.8,8.0,4.4,0,0,0,5.25,7.25,7.5,False
37005753,8.4,8.0,7.8,8.0,6.75,7.0,0,0,0,True
37005754,8.6,8.25,9.2,8.0,8.75,8.0,0,0,0,True
37005755,7.4,7.0,5.0,7.75,7.0,6.0,0,0,0,True
37005756,8.4,8.0,6.0,7.5,8.25,7.0,0,0,0,True
37005757,8.2,7.0,8.4,5.75,8.0,6.5,0,0,0,True
37005758,7.8,5.0,6.2,5.0,3.25,2.75,0,0,0,True
37005759,8.0,7.5,7.6,8.0,8.0,7.75,0,0,0,True
37005760,7.4,8.5,5.0,0,0,0,6.25,8.0,8.0,False
37005761,7.8,5.25,7.6,7.75,8.75,5.25,0,0,0,True
37005762,4.8,5.0,4.0,0,0,0,5.75,6.0,7.75,False
37005763,9.2,7.0,6.2,9.0,8.5,6.0,0,0,0,True
37005764,7.6,5.0,5.8,4.75,4.5,5.5,0,0,0,True
37005765,7.6,6.0,5.6,8.0,8.25,5.5,0,0,0,True
37005766,7.2,4.5,5.0,0,0,0,5.5,7.0,9.25,False
37005767,7.2,7.75,6.4,8.75,7.5,7.0,0,0,0,True
37005768,5.4,6.25,2.4,0,0,0,5.75,7.0,7.5,False
37005769,8.0,7.0,5.2,4.25,6.5,5.25,0,0,0,True
37005770,4.8,5.75,4.0,0,0,0,6.0,7.75,9.25,False
37005771,6.0,6.5,4.2,0,0,0,6.75,7.25,7.5,False
37005772,8.4,7.75,7.6,8.0,8.25,7.0,0,0,0,True
37005773,8.8,8.25,6.0,8.0,8.75,7.75,0,0,0,True
37005774,6.0,6.5,6.2,0,0,0,8.75,9.0,8.5,False
37005775,3.0,5.75,5.2,0,0,0,3.75,8.5,7.25,False
37005776,6.6,6.5,7.0,6.0,7.5,4.75,0,0,0,True
37005777,7.0,6.5,5.6,8.75,6.5,5.5,0,0,0,True
37005778,5.8,6.25,5.6,0,0,0,5.5,7.25,8.0,False
37005779,6.8,7.0,5.6,0,0,0,6.5,7.75,9.0,False
37005780,4.0,5.0,3.2,0,0,0,5.5,6.5,7.5,False
37005781,6.6,7.25,5.0,0,0,0,4.25,6.0,7.5,False
37005782,5.8,8.75,5.4,0,0,0,7.75,8.0,7.0,False
37005783,5.8,7.75,5.8,7.75,8.0,6.75,0,0,0,True
37005784,7.2,3.0,5.8,3.5,5.0,6.25,0,0,0,True
37005785,7.6,7.0,6.8,7.5,7.75,4.75,0,0,0,True
37005786,6.2,8.0,5.0,0,0,0,7.5,8.5,7.75,False
37005787,8.4,8.0,8.6,5.0,9.0,6.0,0,0,0,True
37005788,2.8,3.25,4.0,0,0,0,3.75,3.0,3.5,False
37005789,5.6,8.0,5.4,0,0,0,9.75,9.0,7.5,False
37005790,8.6,7.5,7.2,7.0,7.5,4.0,0,0,0,True
37005791,7.6,3.25,6.0,6.5,9.0,7.25,0,0,0,True
37005792,7.4,6.75,5.4,8.5,9.0,5.5,0,0,0,True
37005793,5.4,4.75,3.8,0,0,0,7.0,8.75,7.5,False
37005794,5.8,4.75,5.0,0,0,0,5.75,6.5,8.25,False
37005795,7.8,5.0,5.2,0,0,0,7.0,6.75,8.75,False
37005796,4.0,5.0,3.2,0,0,0,4.5,8.0,8.25,False
37005797,2.8,3.5,3.6,0,0,0,7.25,7.5,7.0,False
37005798,7.6,7.5,8.4,4.25,6.25,5.25,0,0,0,True
37005799,6.4,8.25,6.2,0,0,0,6.25,8.25,8.0,False
37005800,6.0,7.5,6.0,0,0,0,7.75,8.75,8.5,False
37005801,7.8,7.5,5.8,7.75,6.5,6.5,0,0,0,True
37005802,6.0,6.5,1.8,0,0,0,6.75,6.75,8.5,False
37005803,8.4,5.75,2.4,8.0,7.75,7.25,0,0,0,True
37005804,6.6,7.5,3.6,0,0,0,5.5,8.0,7.5,False
37005805,7.0,7.75,3.8,0,0,0,8.0,9.5,8.0,False
37005806,5.8,6.75,2.4,0,0,0,4.5,5.5,7.0,False
37005807,7.2,8.0,4.8,0,0,0,6.75,7.5,8.0,False
37005808,5.8,7.75,5.0,0,0,0,7.75,8.25,9.0,False
37005809,7.8,6.25,4.2,6.0,7.75,6.0,0,0,0,True
37005810,5.0,7.0,2.8,0,0,0,6.25,9.25,8.25,False
37005811,7.2,7.5,7.6,7.5,5.5,4.75,0,0,0,True
37005812,6.6,6.0,5.0,7.0,6.5,4.25,0,0,0,True
37005813,8.4,6.5,8.0,8.5,7.25,5.75,0,0,0,True
37005814,7.0,5.0,3.4,5.25,6.0,1.75,0,0,0,True
37005815,7.0,6.5,4.8,0,0,0,8.25,8.0,9.0,False
37005816,6.8,7.0,7.4,6.75,7.0,4.25,0,0,0,True
37005817,8.2,3.75,7.8,7.75,8.75,5.75,0,0,0,True
37005818,8.2,6.5,5.2,9.0,8.75,6.75,0,0,0,True
37005819,7.8,5.5,8.0,7.5,4.0,3.75,0,0,0,True
37005820,8.4,7.25,6.2,8.25,8.75,7.25,0,0,0,True
37005821,5.4,6.75,4.4,0,0,0,6.5,7.75,6.5,False
37005822,8.2,8.0,5.2,7.5,7.75,6.0,0,0,0,True
37005823,7.4,7.5,3.8,0,0,0,6.5,7.0,8.25,False
37005824,6.4,8.5,5.2,0,0,0,6.0,6.5,8.75,False
37005825,6.8,8.25,6.4,6.5,7.5,7.0,0,0,0,True
37005826,7.8,7.25,5.4,5.5,6.25,5.25,0,0,0,True
37005827,5.8,7.75,0,0,0,0,8.0,7.25,9.25,False
37005828,4.4,7.0,3.8,0,0,0,5.5,6.0,7.5,False
37005829,5.0,7.0,3.4,0,0,0,2.75,5.75,6.0,False
37005830,7.0,8.0,7.6,6.25,7.0,7.0,0,0,0,True
37005831,8.2,6.75,7.4,8.0,8.25,6.75,0,0,0,True
37005832,4.4,3.5,5.4,0,0,0,4.75,5.75,6.5,False
37005833,5.6,4.0,3.0,0,0,0,2.75,7.5,5.75,False
37005834,6.8,5.5,4.0,3.25,5.75,4.75,0,0,0,True
37005835,6.6,5.0,3.8,0,0,0,6.0,7.5,5.5,False
37005836,5.4,6.0,5.0,0,0,0,3.5,7.25,7.5,False
37005837,5.6,4.5,5.6,0,0,0,6.0,6.75,6.75,False
37005838,7.6,7.5,5.8,0,0,0,6.25,8.5,7.75,False
37005839,8.4,6.0,6.4,0,0,0,6.0,7.75,8.75,False
37005840,9.0,6.75,8.4,9.0,9.75,8.0,0,0,0,True
37005841,7.8,8.75,8.2,0,0,0,6.5,7.75,8.25,False
37005842,8.2,7.5,6.0,8.0,6.75,4.75,0,0,0,True
37005843,7.4,8.25,7.2,0,0,0,8.0,9.0,9.5,False
37005844,6.6,7.75,4.4,6.25,7.0,4.75,0,0,0,True
37005845,6.2,7.5,5.4,0,0,0,7.25,8.5,8.75,False
37005846,3.4,6.5,4.0,0,0,0,6.0,7.0,8.25,False
37005847,5.2,6.75,4.8,0,0,0,4.75,6.0,7.5,False
37005848,7.4,6.5,5.2,0,0,0,6.25,7.25,9.0,False
37005849,3.6,7.0,3.2,0,0,0,3.0,6.75,6.0,False
37005850,6.8,5.5,6.0,0,0,0,5.25,6.25,8.5,False
37005851,7.4,7.75,5.8,4.5,4.25,7.5,0,0,0,True
37005852,4.4,6.0,5.4,0,0,0,6.5,7.25,8.25,False
37005853,7.8,8.0,8.8,7.0,5.75,6.5,0,0,0,True
37005854,4.0,6.5,5.8,0,0,0,3.25,4.75,6.75,False
37005855,5.6,7.25,5.0,0,0,0,6.75,8.0,9.0,False
37005856,6.4,7.5,3.0,0,0,0,6.5,7.25,8.75,False
37005857,3.8,6.0,3.0,0,0,0,7.25,5.25,8.0,False
37005858,9.0,6.5,4.4,8.0,7.75,6.25,0,0,0,True
37005859,7.0,6.75,5.6,5.5,7.25,6.0,0,0,0,True
37005860,5.8,7.0,4.8,0,0,0,5.75,7.75,8.25,False
37005861,7.2,4.75,6.8,7.5,6.75,6.75,0,0,0,True
37005862,6.6,7.25,4.6,7.5,7.5,6.25,0,0,0,True
37005863,5.6,6.0,5.6,0,0,0,7.25,9.0,9.25,False
37005864,6.8,5.75,2.6,0,0,0,6.25,7.0,8.5,False
37005865,5.2,5.5,2.6,0,0,0,5.75,6.75,7.5,False
37005866,6.8,6.25,4.4,0,0,0,5.5,6.25,8.25,False
37005867,8.0,8.5,5.0,0,0,0,7.5,7.75,8.5,False
37005868,5.2,7.75,5.2,0,0,0,7.5,7.5,8.75,False
37005869,6.8,7.5,5.4,0,0,0,8.25,7.75,8.75,False
37005870,6.4,6.75,3.2,0,0,0,6.0,5.25,8.5,False
37005871,5.2,5.0,2.4,0,0,0,4.75,7.5,7.5,False
37005872,7.6,6.5,3.4,0,0,0,7.25,8.0,8.25,False
37005873,4.6,6.75,4.0,0,0,0,6.25,6.5,7.75,False
37005874,7.2,6.75,4.0,0,0,0,5.75,8.0,9.75,False
37005875,7.8,5.25,4.4,7.5,7.5,5.25,0,0,0,True
37005876,5.0,7.0,3.8,0,0,0,7.5,7.5,8.75,False
37005877,7.0,8.5,5.2,6.25,5.5,6.75,0,0,0,True
37005878,5.2,5.75,4.2,0,0,0,6.5,5.5,8.0,False
37005879,7.6,7.75,5.6,0,0,0,7.0,7.25,8.25,False
37005880,8.4,7.5,5.8,9.0,9.0,7.5,0,0,0,True
37005881,6.0,6.75,7.4,0,0,0,6.25,9.0,9.25,False
37005882,3.4,5.5,4.6,0,0,0,5.5,5.25,7.0,False
37005883,3.8,7.75,5.6,0,0,0,7.0,8.25,8.25,False
37005884,5.4,7.75,5.0,0,0,0,5.75,6.75,9.0,False
37005885,6.4,4.25,5.8,0,0,0,3.5,6.0,7.75,False
37005886,7.8,6.0,5.6,7.25,7.75,6.5,0,0,0,True
37005887,7.2,7.25,8.8,7.25,6.5,6.5,0,0,0,True
37005888,7.6,6.0,6.6,7.5,8.75,7.0,0,0,0,True
37005889,6.2,6.5,7.4,0,0,0,7.5,9.0,8.75,False
37005890,8.4,8.0,7.0,8.5,8.5,7.0,0,0,0,True
37005891,7.0,7.5,6.0,0,0,0,7.75,8.0,8.25,False
37005892,6.4,7.25,4.0,0,0,0,7.5,8.25,8.5,False
37005893,6.6,7.25,5.0,0,0,0,5.75,7.5,7.75,False
37005894,4.4,6.75,5.0,0,0,0,6.25,6.0,8.25,False
37005895,5.8,8.25,5.8,0,0,0,7.5,7.5,8.75,False
37005896,6.0,5.5,4.0,0,0,0,5.25,6.0,8.0,False
37005897,6.8,6.25,5.8,0,0,0,6.25,6.75,7.5,False
37005898,7.6,5.75,5.8,7.75,7.75,6.75,0,0,0,True
37005899,7.4,7.25,6.0,7.5,8.25,7.75,0,0,0,True
37005900,5.4,4.75,5.4,0,0,0,7.25,8.75,7.75,False
37005901,8.2,6.25,5.6,9.0,8.75,6.75,0,0,0,True
37005902,7.8,6.0,5.4,8.25,8.0,4.75,0,0,0,True
37005903,4.4,6.25,4.8,0,0,0,6.5,8.75,8.75,False
37005904,4.4,7.0,3.8,3.5,3.5,5.25,0,0,0,True
37005905,6.2,5.75,5.6,0,0,0,5.75,6.0,7.0,False
37005906,3.4,2.0,3.2,0,0,0,5.0,4.5,7.25,False
37005907,6.4,7.5,4.6,0,0,0,4.5,5.75,7.75,False
37005908,7.4,6.25,5.0,6.0,5.5,7.25,0,0,0,True
37005909,6.4,6.0,3.6,0,0,0,7.0,7.0,8.5,False
37005910,7.8,6.5,3.6,5.25,6.5,6.5,0,0,0,True
37005911,7.0,7.25,4.4,0,0,0,6.75,8.5,10.0,False
37005912,6.2,5.0,4.2,0,0,0,6.0,6.75,6.5,False
37005913,7.8,7.0,3.8,0,0,0,6.75,6.5,7.75,False
37005914,5.8,5.5,4.0,0,0,0,6.5,6.0,5.25,False
37005915,6.6,7.25,3.6,0,0,0,4.5,8.25,8.75,False
37005916,6.6,7.5,4.4,3.5,5.0,5.5,0,0,0,True
37005917,7.2,8.5,7.2,4.25,5.25,6.25,0,0,0,True
37005918,7.4,7.75,6.0,0,0,0,7.5,7.5,9.0,False
37005919,6.4,9.0,5.2,0,0,0,7.0,7.5,9.0,False
37005920,7.2,8.5,6.4,0,0,0,8.25,8.25,8.75,False
37005921,8.0,8.25,6.4,0,0,0,6.0,7.75,8.75,False
37005922,7.8,7.75,5.6,8.0,8.0,7.0,0,0,0,True
37005923,4.8,6.75,3.2,0,0,0,5.75,7.0,7.5,False
37005924,6.8,8.5,6.4,0,0,0,9.75,7.5,8.5,False
37005925,7.6,6.75,5.4,3.25,6.0,6.75,0,0,0,True
37005926,6.4,7.75,6.2,8.0,7.25,6.75,0,0,0,True
37005927,6.4,6.5,4.4,6.25,5.75,5.0,0,0,0,True
37005928,7.4,8.5,5.4,6.25,6.5,6.0,0,0,0,True
37005929,6.8,6.75,4.2,0,0,0,7.0,4.75,8.0,False
37005930,5.8,6.0,4.6,0,0,0,7.5,6.25,6.5,False
37005931,7.4,6.75,5.2,7.25,8.25,6.0,0,0,0,True
37005932,5.6,6.75,4.8,0,0,0,9.75,8.25,9.0,False
37005933,7.4,8.75,7.8,0,0,0,7.75,9.25,8.25,False
37005934,6.0,7.25,6.0,0,0,0,7.25,7.75,8.0,False
37005935,4.8,6.0,6.0,0,0,0,7.0,7.75,7.75,False
37005936,4.6,6.75,5.0,0,0,0,3.5,7.0,6.25,False
37005937,5.6,7.75,5.2,6.25,6.75,4.5,0,0,0,True
37005938,8.0,7.25,5.2,7.0,8.0,7.0,0,0,0,True
37005939,7.8,8.25,5.8,8.5,8.5,6.0,0,0,0,True
37005940,6.6,6.25,3.4,0,0,0,6.75,7.25,7.5,False
37005941,7.6,7.5,6.8,0,0,0,8.75,8.0,9.25,False
37005942,5.0,7.25,4.8,0,0,0,7.0,6.75,9.0,False
37005943,6.0,7.0,4.8,4.75,6.25,7.25,0,0,0,True
37005944,7.8,8.25,6.0,7.5,8.5,6.25,0,0,0,True
37005945,5.2,5.75,5.4,0,0,0,4.25,5.5,7.0,False
37005946,5.6,6.25,5.8,0,0,0,4.25,6.0,7.25,False
37005947,4.6,7.25,4.4,0,0,0,5.25,5.25,7.5,False
37005948,6.6,9.25,6.8,0,0,0,6.5,8.75,9.25,False
37005949,6.4,5.75,4.6,0,0,0,4.25,6.25,7.25,False
37005950,6.4,7.25,4.0,0,0,0,5.75,6.0,7.5,False
37005951,6.2,7.25,4.8,4.5,3.5,6.25,0,0,0,True
37005952,7.6,6.5,4.6,8.25,8.5,5.5,0,0,0,True
37005953,7.6,6.75,2.6,8.0,7.5,4.5,0,0,0,True
37005954,6.0,6.25,3.8,0,0,0,7.0,8.75,9.25,False
37005955,7.2,7.75,4.6,4.5,7.75,5.25,0,0,0,True
37005956,8.4,7.75,8.4,8.0,8.75,7.75,0,0,0,True
37005957,8.0,6.0,7.4,8.25,8.5,6.75,0,0,0,True
37005958,7.4,6.25,5.4,0,0,0,6.75,7.25,8.0,False
37005959,3.6,6.5,4.2,0,0,0,4.5,6.25,7.0,False
37005960,7.2,8.0,6.6,0,0,0,7.5,8.25,8.5,False
37005961,6.8,7.25,6.0,6.75,8.25,7.25,0,0,0,True
37005962,3.8,6.0,4.6,0,0,0,4.0,5.75,7.25,False
37005963,5.2,5.5,4.4,0,0,0,5.5,6.0,6.5,False
37005964,3.0,6.75,3.8,0,0,0,6.0,7.0,6.25,False
37005965,7.6,8.0,4.0,7.0,6.75,7.5,0,0,0,True
37005966,6.2,7.0,4.8,0,0,0,4.25,5.5,5.5,False
37005967,7.6,8.0,6.6,8.25,6.75,7.5,0,0,0,True
37005968,8.2,8.0,5.0,8.25,9.25,7.25,0,0,0,True
37005969,7.2,6.5,5.0,0,0,0,5.0,7.25,8.25,False
37005970,5.4,6.25,3.8,0,0,0,5.0,7.0,7.0,False
37005971,7.6,7.75,6.0,5.75,6.0,7.25,0,0,0,True
37005972,6.0,7.75,5.6,0,0,0,6.0,8.25,8.5,False
37005973,7.6,6.75,6.0,7.0,7.25,7.25,0,0,0,True
37005974,8.8,5.75,4.0,8.0,8.25,7.5,0,0,0,True
37005975,8.0,6.0,4.4,6.25,7.75,7.5,0,0,0,True
37005976,4.6,4.75,3.4,0,0,0,4.5,6.5,5.75,False
37005977,4.6,6.0,4.2,0,0,0,5.75,7.0,8.75,False
37005978,7.0,6.75,4.8,0,0,0,8.5,8.25,8.75,False
37005979,4.4,3.25,1.2,0,0,0,5.25,6.25,7.25,False
37005980,4.2,6.0,5.4,4.75,7.75,7.0,0,0,0,True
37005981,7.4,6.25,6.0,0,0,0,6.5,8.0,8.25,False
37005982,8.6,8.5,6.0,8.5,9.75,7.0,0,0,0,True
37005983,5.8,6.0,5.6,0,0,0,5.75,8.25,7.25,False
37005984,7.8,6.75,4.8,8.0,7.75,6.75,0,0,0,True
37005985,4.2,6.25,3.2,0,0,0,5.5,6.0,7.75,False
37005986,6.0,6.25,3.4,6.0,5.0,5.25,0,0,0,True
37005987,4.6,6.5,4.8,3.25,6.0,4.25,0,0,0,True
37005988,4.6,4.25,3.4,0,0,0,6.5,5.5,6.75,False
37005989,6.4,5.0,4.6,0,0,0,7.5,9.0,9.25,False
37005990,7.8,7.5,6.0,8.5,8.25,6.5,0,0,0,True
37005991,8.0,7.25,5.0,7.0,8.5,5.75,0,0,0,True
37005992,7.2,6.25,5.2,6.75,5.5,6.5,0,0,0,True
37005993,2.6,5.25,2.0,0,0,0,3.75,3.5,5.25,False
37005994,7.0,7.75,3.6,0,0,0,5.5,8.0,8.5,False
37005995,4.2,7.75,6.4,0,0,0,7.25,8.0,9.0,False
37005996,6.8,8.75,8.0,0,0,0,8.25,8.75,8.25,False
37005997,7.0,8.0,4.6,0,0,0,6.5,7.0,7.75,False
37005998,7.4,8.0,5.8,6.25,7.25,7.25,0,0,0,True
37005999,6.6,7.75,7.6,6.0,7.75,7.0,0,0,0,True
37006000,6.8,7.0,6.6,0,0,0,7.5,8.0,8.75,False
37006001,6.8,8.5,5.6,0,0,0,7.5,8.0,9.5,False
37006002,7.2,7.75,5.2,8.25,7.5,6.75,0,0,0,True
37006003,7.2,5.0,5.4,4.25,8.5,6.75,0,0,0,True
37006004,3.2,6.25,4.2,0,0,0,4.0,5.25,7.75,False
37006005,5.4,7.0,5.0,0,0,0,7.5,6.0,8.25,False
37006006,6.4,7.5,7.0,5.75,5.25,6.5,0,0,0,True
37006007,8.0,8.5,8.2,0,0,0,8.25,8.75,9.25,False
37006008,6.4,6.25,6.4,8.0,6.5,6.0,0,0,0,True
37006009,6.0,5.5,5.6,0,0,0,4.75,7.25,8.25,False
37006010,7.0,7.25,5.8,7.25,5.75,4.75,0,0,0,True
37006011,5.6,6.0,5.8,0,0,0,4.75,5.75,7.0,False
37006012,7.4,7.5,6.4,0,0,0,6.75,8.0,8.5,False
37006013,5.8,8.0,6.8,0,0,0,5.75,8.25,8.0,False
37006014,7.0,8.25,7.0,0,0,0,6.0,7.75,9.5,False
37006015,4.4,7.0,4.8,0,0,0,4.5,5.5,7.5,False
37006016,7.8,7.5,4.8,5.5,8.5,8.25,0,0,0,True
37006017,6.6,6.0,4.8,0,0,0,7.75,6.25,8.0,False
37006018,7.0,4.75,4.0,0,0,0,6.0,7.0,8.25,False
37006019,6.4,6.0,3.8,0,0,0,3.5,5.25,6.75,False
37006020,6.0,6.5,2.6,0,0,0,7.5,8.0,8.75,False
37006021,7.4,7.0,4.2,5.25,6.5,6.75,0,0,0,True
37006022,6.6,7.5,4.2,0,0,0,5.25,7.0,7.5,False
37006023,3.4,6.75,3.0,0,0,0,5.75,6.75,7.5,False
37006024,6.0,6.5,3.8,0,0,0,4.75,7.5,8.75,False
37006025,3.2,5.5,2.2,0,0,0,5.0,6.0,8.25,False
37006026,9.0,6.5,7.2,8.5,7.0,6.25,0,0,0,True
37006027,6.4,5.0,3.8,0,0,0,5.0,7.5,8.25,False
37006028,5.4,8.0,3.8,0,0,0,5.75,6.25,8.75,False
37006029,5.6,5.5,4.4,0,0,0,5.5,2.75,5.75,False
37006030,5.2,5.0,4.8,0,0,0,6.25,7.75,8.25,False
37006031,5.8,6.5,4.6,0,0,0,5.0,7.75,8.25,False
37006032,7.0,7.75,6.4,0,0,0,8.0,8.25,9.0,False
37006033,6.4,6.25,6.0,0,0,0,7.5,7.75,9.0,False
37006034,6.6,7.5,7.0,4.5,7.5,6.0,0,0,0,True
37006035,7.4,7.25,6.8,0,0,0,6.5,7.5,7.5,False
37006036,6.8,8.0,7.0,7.75,5.0,5.25,0,0,0,True
37006037,7.6,8.5,5.4,0,0,0,7.5,9.5,9.0,False
37006038,8.0,8.75,7.2,8.0,6.75,6.5,0,0,0,True
37006039,8.2,5.25,6.0,9.0,8.25,7.0,0,0,0,True
37006040,4.6,5.25,5.6,0,0,0,5.0,7.25,7.5,False
37006041,6.8,7.5,8.6,7.5,7.0,6.0,0,0,0,True
37006042,6.8,7.5,7.4,0,0,0,5.0,7.25,8.5,False
37006043,5.2,6.25,5.0,0,0,0,8.25,7.0,9.0,False
37006044,4.2,7.5,3.4,0,0,0,6.25,7.25,8.25,False
37006045,7.4,8.0,4.4,4.5,4.25,6.0,0,0,0,True
37006046,7.2,8.0,5.8,0,0,0,6.75,6.5,8.5,False
37006047,3.6,7.0,4.8,0,0,0,6.0,7.0,8.75,False
37006048,8.0,7.5,6.0,8.5,8.0,6.25,0,0,0,True
37006049,7.2,7.0,5.4,7.0,7.25,5.75,0,0,0,True
37006050,5.4,5.5,4.6,0,0,0,6.0,6.0,7.25,False
37006051,5.2,8.0,4.0,0,0,0,4.5,8.25,8.75,False
37006052,6.2,6.5,3.8,0,0,0,4.75,6.5,7.75,False
37006053,8.0,6.5,6.2,7.5,8.25,7.25,0,0,0,True
37006054,7.8,7.75,7.4,8.0,7.75,7.75,0,0,0,True
37006055,8.6,6.0,4.2,7.75,8.75,4.25,0,0,0,True
37006056,7.4,5.25,4.6,7.25,5.75,7.0,0,0,0,True
37006057,3.2,6.5,5.0,0,0,0,5.75,8.25,8.5,False
37006058,8.4,4.5,4.6,8.5,9.25,5.25,0,0,0,True
37006059,7.0,5.75,4.2,0,0,0,7.25,6.75,9.0,False
37006060,3.8,5.0,4.0,0,0,0,4.5,7.0,7.75,False
37006061,6.0,7.25,6.8,7.5,5.5,6.75,0,0,0,True
37006062,5.6,6.75,4.8,0,0,0,6.5,7.0,8.0,False
37006063,7.0,7.0,7.0,5.5,7.5,5.0,0,0,0,True
37006064,5.4,6.5,4.2,0,0,0,3.5,6.75,7.75,False
37006065,5.0,5.75,4.8,0,0,0,6.25,6.5,7.5,False
37006066,7.4,8.0,7.6,0,0,0,7.5,7.25,8.25,False
37006067,6.4,8.0,5.4,0,0,0,6.75,7.75,8.75,False
37006068,5.6,6.25,4.2,0,0,0,7.0,6.0,7.25,False
37006069,6.0,6.25,4.2,0,0,0,5.25,6.5,7.0,False
37006070,6.4,8.25,6.0,0,0,0,9.0,8.75,9.25,False
37006071,3.6,5.25,3.4,0,0,0,7.5,5.5,6.75,False
37006072,6.2,7.0,4.0,0,0,0,6.25,5.5,8.75,False
37006073,6.4,7.75,6.0,0,0,0,7.5,9.75,8.75,False
37006074,5.4,5.5,5.6,0,0,0,7.0,7.75,9.25,False
37006075,7.2,8.0,8.4,8.0,7.25,6.25,0,0,0,True
37006076,8.2,7.5,8.0,7.25,4.75,7.75,0,0,0,True
37006077,5.8,5.5,5.4,0,0,0,6.75,7.25,8.25,False
37006078,7.2,8.5,6.0,0,0,0,8.5,8.5,8.75,False
37006079,8.0,7.0,7.6,9.0,7.5,7.25,0,0,0,True
37006080,8.2,6.75,8.8,7.5,8.75,8.0,0,0,0,True
37006081,8.0,9.0,8.6,6.0,5.75,7.75,0,0,0,True
37006082,5.8,6.5,5.6,0,0,0,5.75,7.0,8.75,False
37006083,6.6,7.75,5.0,0,0,0,6.75,7.5,8.5,False
37006084,3.8,6.5,3.8,0,0,0,4.5,6.5,7.5,False
37006085,6.0,7.25,5.2,0,0,0,6.25,7.0,8.0,False
37006086,7.6,5.5,4.2,6.25,4.5,6.75,0,0,0,True
37006087,3.8,3.5,3.4,0,0,0,5.75,6.25,7.0,False
37006088,7.4,8.5,4.6,0,0,0,7.25,7.0,9.5,False
37006089,5.8,5.0,4.6,4.5,4.0,4.75,0,0,0,True
37006090,7.6,6.5,8.0,7.25,4.5,6.5,0,0,0,True
37006091,8.2,7.75,7.0,8.5,6.75,7.5,0,0,0,True
37006092,5.2,6.25,4.0,0,0,0,5.75,6.75,8.25,False
37006093,7.0,7.0,4.8,0,0,0,6.0,7.5,9.0,False
37006094,7.2,8.0,5.0,0,0,0,8.0,8.0,9.25,False
37006095,8.2,8.25,6.0,0,0,0,6.75,8.75,7.5,False
37006096,6.6,7.75,6.6,0,0,0,8.25,8.25,8.0,False
37006097,4.0,7.5,4.0,0,0,0,3.75,7.0,7.0,False
37006098,6.8,7.5,4.6,0,0,0,5.0,5.75,8.75,False
37006099,6.8,8.0,4.8,0,0,0,8.25,7.75,9.5,False
37006100,5.4,8.0,5.4,0,0,0,8.0,7.0,9.25,False
37006101,6.2,8.75,5.2,5.0,4.25,7.25,0,0,0,True
37006102,7.2,8.5,6.8,6.75,7.0,6.25,0,0,0,True
37006103,6.4,8.25,6.4,0,0,0,6.25,7.5,8.0,False
37006104,7.6,7.5,5.2,0,0,0,7.0,6.75,9.5,False
37006105,7.2,6.25,6.4,0,0,0,9.75,9.75,9.75,False
37006106,6.2,7.75,5.6,0,0,0,8.0,8.0,8.5,False
37006107,6.8,7.75,5.0,0,0,0,5.75,6.75,8.75,False
37006108,6.0,7.75,5.6,0,0,0,7.0,7.5,8.75,False
37006109,7.0,6.75,6.2,6.0,7.0,6.25,0,0,0,True
37006110,5.0,6.25,4.0,0,0,0,6.75,7.0,8.75,False
37006111,7.4,6.75,5.0,5.5,4.0,8.0,0,0,0,True
37006112,7.8,6.5,8.8,7.75,6.25,5.75,0,0,0,True
37006113,7.2,7.5,7.4,0,0,0,7.0,7.5,9.0,False
37006114,6.8,6.5,6.4,6.0,6.0,6.5,0,0,0,True
37006115,6.8,6.5,4.8,5.25,4.25,6.5,0,0,0,True
37006116,7.6,7.75,6.2,0,0,0,6.75,8.5,7.75,False
37006117,5.6,7.75,4.6,0,0,0,5.5,8.0,9.25,False
37006118,6.6,7.25,3.4,7.25,7.75,6.0,0,0,0,True
37006119,7.0,8.25,5.8,6.5,8.0,5.5,0,0,0,True
37006120,4.6,6.75,3.2,0,0,0,5.5,5.75,7.5,False
37006121,7.6,8.25,3.4,6.0,5.25,7.5,0,0,0,True
37006122,7.6,7.0,5.0,0,0,0,5.25,7.25,8.0,False
37006123,4.6,6.75,3.0,0,0,0,6.0,6.5,8.75,False
37006124,7.8,5.0,5.2,8.75,7.5,7.5,0,0,0,True
37006125,6.4,6.5,6.0,7.75,6.75,7.25,0,0,0,True
37006126,6.8,5.25,5.2,4.0,5.75,5.75,0,0,0,True
37006127,6.6,6.75,5.8,0,0,0,6.25,8.25,7.25,False
37006128,6.8,6.5,4.4,0,0,0,7.0,7.5,7.5,False
37006129,6.0,5.75,5.0,0,0,0,7.0,7.5,7.75,False
37006130,4.6,6.5,4.6,0,0,0,5.25,6.75,7.0,False
37006131,3.8,7.25,2.2,0,0,0,7.25,5.75,7.0,False
37006132,5.2,7.75,3.6,0,0,0,6.75,8.0,7.5,False
37006133,5.8,5.5,2.8,0,0,0,7.0,6.5,8.0,False
37006134,5.2,7.0,4.6,0,0,0,7.75,8.25,9.25,False
37006135,6.2,6.25,5.4,4.5,7.5,7.0,0,0,0,True
37006136,6.0,6.75,4.0,0,0,0,7.25,6.0,8.5,False
37006137,6.6,5.5,5.2,0,0,0,6.0,7.0,8.0,False
37006138,7.6,8.0,7.0,7.25,8.25,6.75,0,0,0,True
37006139,5.8,7.0,2.4,0,0,0,7.5,7.5,8.5,False
37006140,7.8,7.5,8.8,8.0,7.5,5.5,0,0,0,True
37006141,5.0,6.5,3.0,0,0,0,5.5,7.0,7.75,False
37006142,5.8,7.75,4.6,0,0,0,6.0,7.0,8.0,False
37006143,7.4,6.5,3.8,7.75,6.75,6.0,0,0,0,True
37006144,6.8,8.25,6.0,6.75,6.25,6.0,0,0,0,True
37006145,8.0,7.5,8.2,6.0,8.75,8.0,0,0,0,True
37006146,5.8,7.0,3.6,0,0,0,7.5,8.0,8.75,False
37006147,6.6,5.5,5.0,0,0,0,5.0,8.25,7.5,False
37006148,6.4,7.75,5.2,0,0,0,6.75,9.0,9.0,False
37006149,3.8,5.75,4.2,0,0,0,5.25,8.0,7.75,False
37006150,5.6,7.75,5.8,0,0,0,6.75,7.25,8.75,False
37006151,6.2,7.5,4.4,0,0,0,7.25,8.0,8.75,False
37006152,7.4,7.75,6.4,0,0,0,9.0,8.0,9.25,False
37006153,5.0,7.5,4.4,0,0,0,6.25,6.25,9.0,False
37006154,6.0,8.5,4.2,0,0,0,7.75,7.25,9.25,False
37006155,7.6,8.5,8.2,8.5,8.5,8.5,0,0,0,True
37006156,6.6,8.0,5.2,0,0,0,6.5,7.5,9.25,False
37006157,8.2,8.75,7.6,7.0,8.0,6.75,0,0,0,True
37006158,8.6,6.25,5.8,5.5,5.0,6.5,0,0,0,True
37006159,6.8,9.5,4.4,0,0,0,7.25,7.0,9.5,False
37006160,8.6,6.75,4.6,7.75,9.25,5.75,0,0,0,True
37006161,8.8,8.5,5.8,9.25,8.75,7.5,0,0,0,True
37006162,2.8,4.0,6.0,0,0,0,5.0,5.0,7.75,False
37006163,7.8,7.25,6.6,4.75,7.0,7.0,0,0,0,True
37006164,6.8,7.25,5.4,6.5,7.0,4.5,0,0,0,True
37006165,7.8,6.75,8.0,7.75,6.5,8.0,0,0,0,True
37006166,5.6,4.0,5.2,0,0,0,6.25,5.75,7.0,False
37006167,8.2,4.0,4.6,8.75,7.0,7.25,0,0,0,True
37006168,5.0,7.75,5.0,0,0,0,7.75,8.25,8.75,False
37006169,8.2,6.75,7.4,8.25,5.75,5.75,0,0,0,True
37006170,6.6,6.5,2.2,5.25,5.0,6.0,0,0,0,True
37006171,6.2,5.5,5.8,5.5,4.0,4.75,0,0,0,True
37006172,4.4,7.25,3.2,0,0,0,4.75,8.0,8.25,False
37006173,5.8,6.0,5.8,0,0,0,4.0,5.75,6.75,False
37006174,8.6,8.5,4.6,6.75,7.5,7.0,0,0,0,True
37006175,7.0,7.25,7.2,7.0,6.0,6.5,0,0,0,True
37006176,7.0,7.75,4.4,0,0,0,6.0,7.75,9.0,False
37006177,6.2,7.75,3.4,0,0,0,6.0,7.0,8.25,False
37006178,5.8,6.5,2.6,0,0,0,6.75,4.25,7.75,False
37006179,6.4,8.0,5.4,0,0,0,6.0,6.25,8.5,False
37006180,6.0,8.5,6.8,5.5,5.75,7.5,0,0,0,True
37006181,6.8,6.25,5.6,0,0,0,7.0,7.75,9.0,False
37006182,6.0,8.0,5.0,0,0,0,6.25,7.25,8.0,False
37006183,6.4,7.75,6.0,0,0,0,6.0,8.25,9.25,False
37006184,8.0,7.75,5.6,0,0,0,9.0,8.75,8.75,False
37006185,6.8,7.25,7.6,0,0,0,6.0,7.5,8.5,False
37006186,7.4,7.75,4.8,0,0,0,6.75,8.25,8.25,False
37006187,5.2,6.25,3.4,0,0,0,4.25,7.25,9.5,False
37006188,5.4,6.25,3.0,0,0,0,6.25,7.25,7.75,False
37006189,4.8,4.5,3.8,0,0,0,5.5,5.5,7.25,False
37006190,5.0,5.5,4.4,0,0,0,6.25,5.75,6.75,False
37006191,5.8,6.5,3.2,0,0,0,4.75,6.5,7.0,False
37006192,7.4,7.25,7.2,0,0,0,6.5,7.75,9.5,False
37006193,4.6,5.0,5.2,0,0,0,5.75,5.5,5.25,False
37006194,7.0,7.25,4.4,8.25,6.75,6.0,0,0,0,True
37006195,8.0,7.5,5.2,0,0,0,7.5,8.0,7.75,False
37006196,5.6,6.5,5.0,0,0,0,6.5,8.0,9.25,False
37006197,7.4,6.75,4.8,0,0,0,8.0,7.5,8.75,False
37006198,7.4,8.0,6.8,0,0,0,6.5,7.0,8.75,False
37006199,6.2,6.25,8.2,8.25,7.0,7.25,0,0,0,True
37006200,6.8,7.5,6.4,0,0,0,5.75,7.75,8.25,False
37006201,5.4,6.25,7.2,0,0,0,6.75,4.0,6.5,False
37006202,8.6,8.25,9.4,6.5,7.0,7.5,0,0,0,True
37006203,8.2,8.25,6.0,5.0,8.0,8.0,0,0,0,True
37006204,6.8,8.0,6.8,0,0,0,7.0,7.0,8.0,False
37006205,7.4,8.5,6.8,6.0,8.25,7.5,0,0,0,True
37006206,7.2,8.0,5.4,0,0,0,7.25,7.0,9.25,False
37006207,5.0,5.5,4.2,0,0,0,5.5,6.25,6.25,False
37006208,7.6,7.5,5.8,6.25,7.25,6.75,0,0,0,True
37006209,7.0,7.25,5.8,0,0,0,7.0,7.0,9.0,False
37006210,8.2,7.5,6.6,7.5,8.0,7.0,0,0,0,True
37006211,7.0,8.0,6.2,7.25,8.0,7.75,0,0,0,True
37006212,5.0,7.75,5.8,0,0,0,6.0,5.75,8.0,False
37006213,5.6,7.75,4.6,0,0,0,7.0,8.0,8.25,False
37006214,6.8,8.0,6.2,3.25,3.5,5.0,0,0,0,True
37006215,7.0,8.25,5.2,0,0,0,5.25,8.25,9.25,False
37006216,6.6,8.0,7.6,7.5,6.5,7.5,0,0,0,True
37006217,2.8,6.5,4.6,0,0,0,5.25,5.75,7.25,False
37006218,7.6,7.75,6.8,0,0,0,6.75,6.5,8.25,False
37006219,7.8,7.75,7.6,8.0,8.5,6.75,0,0,0,True
37006220,4.0,7.0,5.2,0,0,0,6.25,5.25,8.5,False
37006221,6.2,7.5,5.8,0,0,0,7.0,7.5,8.75,False
37006222,4.2,6.75,4.4,0,0,0,6.5,7.0,8.25,False
37006223,6.4,7.75,4.6,0,0,0,5.0,7.5,7.25,False
37006224,6.8,7.75,0,0,0,0,0,0,0,False
37006225,4.4,6.25,3.8,0,0,0,7.5,7.5,9.25,False
37006226,6.6,6.25,4.8,0,0,0,6.25,6.75,7.75,False
37006227,7.6,7.75,5.4,6.75,6.5,7.0,0,0,0,True
37006228,8.6,6.25,5.8,8.0,8.75,7.25,0,0,0,True
37006229,7.4,7.75,5.6,4.25,8.5,8.5,0,0,0,True
37006230,6.4,6.0,5.0,0,0,0,4.0,6.0,7.75,False
37006231,8.4,8.75,8.4,8.5,9.0,8.0,0,0,0,True
37006232,7.4,9.5,7.4,8.5,7.75,8.25,0,0,0,True
37006233,6.4,7.0,6.0,3.75,4.5,6.25,0,0,0,True
37006234,8.2,7.75,6.6,8.25,6.0,5.75,0,0,0,True
37006235,7.4,7.75,5.6,8.75,8.5,7.0,0,0,0,True
37006236,7.2,7.5,4.4,7.75,7.0,4.5,0,0,0,True
37006237,6.0,7.0,4.8,0,0,0,5.25,6.0,7.75,False
37006238,6.8,7.0,4.0,0,0,0,5.25,8.25,8.25,False
37006239,6.8,4.5,4.8,5.5,6.25,7.0,0,0,0,True
37006240,5.2,4.5,4.8,0,0,0,6.75,9.0,8.5,False
37006241,6.4,4.75,4.2,0,0,0,5.0,6.25,8.75,False
37006242,4.6,3.75,2.8,0,0,0,3.5,5.0,8.0,False
37006243,6.0,7.75,4.2,0,0,0,7.75,8.0,9.5,False
37006244,5.4,7.5,4.6,0,0,0,5.0,6.5,8.5,False
37006245,7.0,7.0,5.6,0,0,0,6.25,7.0,9.0,False
37006246,6.8,7.75,7.0,0,0,0,5.0,6.75,9.0,False
37006247,7.2,7.75,6.0,7.75,8.75,6.5,0,0,0,True
37006248,6.8,5.5,4.2,0,0,0,5.75,5.75,7.75,False
37006249,6.4,7.25,5.2,0,0,0,7.25,8.25,8.25,False
37006250,5.8,8.0,7.0,0,0,0,9.0,8.75,8.75,False
37006251,6.4,7.5,4.0,4.0,7.0,7.0,0,0,0,True
37006252,4.0,6.75,3.6,0,0,0,3.25,8.25,7.5,False
37006253,8.2,8.25,7.0,7.75,7.5,7.0,0,0,0,True
37006254,6.4,7.0,5.0,0,0,0,5.75,8.25,8.5,False
37006255,4.6,5.75,4.0,0,0,0,4.25,8.0,7.75,False
37006256,7.0,7.75,5.8,9.0,7.75,7.0,0,0,0,True
37006257,8.2,8.25,6.4,0,0,0,7.25,9.0,9.5,False
37006258,6.2,9.0,7.6,0,0,0,5.25,7.0,8.25,False
37006259,8.2,8.5,9.0,8.5,7.0,7.75,0,0,0,True
37006260,8.4,8.5,5.8,7.25,7.75,4.75,0,0,0,True
37006261,6.8,7.5,4.0,0,0,0,7.25,7.25,7.5,False
37006262,4.2,6.5,5.6,0,0,0,5.75,7.25,8.25,False
37006263,3.4,5.5,3.4,0,0,0,5.75,6.5,8.25,False
37006264,6.0,6.5,5.2,0,0,0,7.25,8.0,9.25,False
37006265,4.8,6.25,3.6,0,0,0,7.0,7.0,7.5,False
37006266,6.6,6.25,6.6,5.75,6.75,7.25,0,0,0,True
37006267,4.8,6.0,5.4,0,0,0,5.75,7.75,8.5,False
37006268,7.2,6.75,8.6,8.25,7.0,7.5,0,0,0,True
37006269,7.2,7.5,5.0,8.25,9.0,7.75,0,0,0,True
37006270,6.4,6.75,5.2,0,0,0,6.75,7.25,8.75,False
37006271,6.0,6.5,3.0,5.25,5.5,5.0,0,0,0,True
37006272,8.6,7.75,5.8,7.75,8.75,7.0,0,0,0,True
37006273,7.4,8.0,6.4,0,0,0,6.75,9.0,9.0,False
37006274,7.8,8.25,5.0,5.5,8.25,8.0,0,0,0,True
37006275,4.8,6.0,2.2,0,0,0,6.0,6.75,7.25,False
37006276,3.6,5.0,2.2,0,0,0,6.0,4.75,6.25,False
37006277,7.0,8.5,3.4,0,0,0,7.25,7.25,8.0,False
37006278,7.4,7.5,4.4,0,0,0,7.5,7.5,9.25,False
37006279,3.8,3.75,3.6,0,0,0,7.5,7.75,6.75,False
37006280,4.2,8.25,3.8,0,0,0,6.75,7.5,8.5,False
37006281,7.2,8.0,7.8,0,0,0,7.5,7.75,8.75,False
37006282,4.8,7.25,4.6,0,0,0,5.0,7.0,8.75,False
37006283,6.0,6.5,5.8,0,0,0,6.75,8.0,8.75,False
37006284,6.2,6.5,4.2,3.25,4.5,4.25,0,0,0,True
37006285,8.4,6.75,6.2,7.75,8.75,8.25,0,0,0,True
37006286,8.2,7.0,6.0,9.25,9.0,7.0,0,0,0,True
37006287,6.2,4.25,4.8,0,0,0,6.0,6.75,7.75,False
37006288,8.4,6.25,6.4,8.25,6.5,5.0,0,0,0,True
37006289,7.8,6.75,6.0,8.5,8.0,5.75,0,0,0,True
37006290,6.4,7.75,4.2,0,0,0,6.75,7.5,8.75,False
37006291,4.4,5.25,2.8,0,0,0,4.75,7.25,7.75,False
37006292,7.0,7.0,3.6,0,0,0,6.0,8.0,8.25,False
37006293,7.6,6.75,6.4,6.0,5.75,6.0,0,0,0,True
37006294,8.4,6.0,5.6,6.5,8.0,6.0,0,0,0,True
37006295,7.2,6.25,4.8,0,0,0,4.75,9.0,8.0,False
37006296,6.6,7.75,5.6,0,0,0,5.5,6.25,7.25,False
37006297,7.2,8.25,7.2,0,0,0,7.5,7.25,9.0,False
37006298,3.8,3.75,5.8,0,0,0,5.0,7.25,7.25,False
37006299,8.2,5.5,5.8,7.5,8.75,7.0,0,0,0,True
37006300,7.4,5.5,7.2,8.0,4.0,5.25,0,0,0,True
37006301,6.2,5.0,4.2,0,0,0,4.75,5.5,7.0,False
37006302,5.0,5.5,3.6,0,0,0,7.25,7.25,7.75,False
37006303,6.6,7.0,4.8,0,0,0,8.5,7.0,8.25,False
37006304,5.2,6.25,4.4,0,0,0,8.75,9.5,8.75,False
37006305,6.6,5.0,3.4,0,0,0,6.75,7.75,5.0,False
37006306,6.6,5.75,3.8,0,0,0,7.0,7.5,7.0,False
37006307,4.4,5.5,4.6,0,0,0,6.0,6.25,6.5,False
37006308,5.8,8.25,5.4,4.5,5.0,4.25,0,0,0,True
37006309,6.4,6.0,4.8,5.75,6.75,5.75,0,0,0,True
37006310,4.6,5.75,3.6,0,0,0,4.75,5.75,6.75,False
37006311,7.2,6.25,6.2,8.5,6.75,6.25,0,0,0,True
37006312,6.6,6.0,7.2,5.25,6.75,5.25,0,0,0,True
37006313,2.4,5.25,4.0,0,0,0,3.0,4.5,6.5,False
37006314,7.6,7.5,6.0,0,0,0,9.25,9.75,9.25,False
37006315,8.6,8.75,7.2,6.0,8.0,9.0,0,0,0,True
37006316,7.2,7.75,7.2,0,0,0,7.5,8.5,8.5,False
37006317,8.0,6.75,7.0,7.25,8.0,6.0,0,0,0,True
37006318,7.8,6.75,5.6,8.25,9.0,6.25,0,0,0,True
37006319,7.6,8.0,8.0,5.75,7.75,8.25,0,0,0,True
37006320,6.4,5.25,6.0,3.25,4.75,6.5,0,0,0,True
37006321,8.6,9.0,7.4,0,0,0,8.75,8.5,9.0,False
37006322,5.4,8.0,2.8,0,0,0,6.0,7.5,9.0,False
37006323,5.8,7.0,4.2,0,0,0,7.75,8.25,9.25,False
37006324,5.8,7.5,4.2,0,0,0,6.0,6.0,8.25,False
37006325,5.4,7.0,3.6,0,0,0,4.0,7.75,7.5,False
37006326,4.0,7.25,5.2,0,0,0,7.75,8.0,8.25,False
37006327,2.6,3.75,3.0,0,0,0,3.5,3.25,5.5,False
37006328,7.6,7.25,5.2,0,0,0,4.75,6.5,8.75,False
37006329,5.2,6.5,5.0,0,0,0,5.75,7.75,8.75,False
37006330,7.8,7.75,7.6,6.75,6.25,7.0,0,0,0,True
37006331,8.0,8.0,8.4,8.5,5.75,6.5,0,0,0,True
37006332,8.0,5.25,6.8,7.5,5.5,6.75,0,0,0,True
37006333,7.8,6.0,5.0,8.5,8.0,6.5,0,0,0,True
37006334,7.8,6.0,4.4,8.5,9.25,5.25,0,0,0,True
37006335,8.0,6.5,8.6,0,0,0,7.75,8.75,8.75,False
37006336,7.8,6.5,7.2,6.25,8.0,7.5,0,0,0,True
37006337,6.4,7.0,7.8,0,0,0,7.0,7.75,8.25,False
37006338,4.8,5.5,7.8,0,0,0,6.5,8.0,6.75,False
37006339,6.2,5.5,7.6,5.75,4.0,5.75,0,0,0,True
37006340,7.2,6.75,6.2,5.5,8.5,7.25,0,0,0,True
37006341,7.8,7.5,8.4,0,0,0,7.75,7.5,8.5,False
37006342,8.2,6.75,7.2,5.0,8.25,8.75,0,0,0,True
37006343,8.2,6.25,8.0,5.25,8.0,5.0,0,0,0,True
37006344,8.4,7.25,9.2,8.75,6.5,7.0,0,0,0,True
37006345,6.4,6.5,5.8,6.25,7.5,6.75,0,0,0,True
37006346,8.4,8.5,9.2,0,0,0,8.0,5.0,7.75,False
37006347,8.0,7.75,7.8,0,0,0,5.75,7.75,8.5,False
37006348,7.6,6.5,6.4,8.25,8.75,8.0,0,0,0,True
37006349,7.2,7.75,6.8,0,0,0,7.0,7.0,8.25,False
37006350,6.8,7.75,7.8,0,0,0,6.5,7.5,6.75,False
37006351,8.2,7.5,7.6,0,0,0,7.75,7.25,7.75,False
37006352,8.0,7.25,8.2,8.25,5.25,7.25,0,0,0,True
37006353,7.2,6.5,5.2,6.0,7.5,6.25,0,0,0,True
37006354,7.6,5.75,6.4,5.75,4.0,3.5,0,0,0,True
37006355,8.0,6.25,5.4,8.25,8.75,5.25,0,0,0,True
37006356,8.0,5.5,5.0,8.5,8.0,7.5,0,0,0,True
37006357,8.4,6.0,7.0,5.25,8.5,6.75,0,0,0,True
37006358,8.2,5.5,5.0,7.0,7.75,7.0,0,0,0,True
37006359,8.0,7.75,6.8,0,0,0,7.0,6.5,7.75,False
37006360,8.6,8.0,6.6,0,0,0,6.75,7.75,7.5,False
37006361,7.4,7.5,7.4,8.25,8.5,7.75,0,0,0,True
37006362,8.4,7.0,6.6,8.0,8.25,6.75,0,0,0,True
37006363,7.6,6.25,7.8,8.0,7.5,5.75,0,0,0,True
37006364,8.6,6.5,7.0,8.5,8.75,6.5,0,0,0,True
37006365,7.6,8.0,4.0,0,0,0,7.75,8.75,9.25,False
37006366,8.4,6.25,6.4,8.25,9.25,7.5,0,0,0,True
37006367,8.6,6.5,7.0,9.5,9.75,6.25,0,0,0,True
37006368,8.6,7.0,7.8,7.25,9.75,8.75,0,0,0,True
37006369,5.8,6.25,7.0,5.5,5.0,5.25,0,0,0,True
37006370,8.2,4.0,7.6,8.25,7.75,7.0,0,0,0,True
37006371,5.6,6.75,6.4,0,0,0,7.5,5.5,7.25,False
37006372,8.0,7.5,6.6,4.75,7.0,6.25,0,0,0,True
37006373,7.2,8.25,8.2,0,0,0,4.75,6.0,7.75,False
37006374,6.4,5.0,6.0,0,0,0,4.75,6.75,8.25,False
37006375,6.8,7.5,5.6,0,0,0,7.5,7.25,7.75,False
37006376,6.6,7.25,5.4,0,0,0,6.75,6.75,6.75,False
37006377,6.8,8.0,6.0,4.0,6.0,4.25,0,0,0,True
37006378,5.8,8.5,7.8,0,0,0,8.0,8.25,8.0,False
37006379,8.2,6.25,6.6,8.5,7.75,6.0,0,0,0,True
37006380,8.6,5.5,7.0,6.5,5.0,5.75,0,0,0,True
37006381,7.0,8.75,6.2,0,0,0,7.5,6.0,7.25,False
37006382,7.6,6.25,5.4,7.75,8.5,5.25,0,0,0,True
37006383,8.0,6.25,6.2,0,0,0,7.0,6.25,8.75,False
37006384,8.2,7.0,8.2,7.0,8.75,4.25,0,0,0,True
37006385,8.0,4.75,7.4,3.5,7.5,5.25,0,0,0,True
37006386,7.2,5.75,8.4,0,0,0,7.5,6.0,8.75,False
37006387,8.6,4.5,7.6,8.5,8.25,5.5,0,0,0,True
37006388,8.0,8.0,9.2,0,0,0,8.5,7.0,8.25,False
37006389,8.4,6.5,8.0,0,0,0,7.5,5.5,7.25,False
37006390,5.2,7.25,7.8,5.25,7.75,5.5,0,0,0,True
37006391,7.2,5.5,7.6,7.25,4.5,4.0,0,0,0,True
37006392,7.8,7.0,8.0,0,0,0,7.0,7.75,8.25,False
37006393,7.6,6.25,8.8,8.25,7.0,5.75,0,0,0,True
37006394,7.6,6.75,9.0,4.0,6.25,6.25,0,0,0,True
37006395,8.0,6.0,9.0,4.25,9.25,5.75,0,0,0,True
37006396,7.0,5.0,6.2,5.5,6.75,5.25,0,0,0,True
37006397,7.8,6.75,7.4,0,0,0,6.0,7.5,8.5,False
37006398,7.0,7.25,7.2,5.75,4.0,6.0,0,0,0,True
37006399,7.2,7.75,7.2,0,0,0,5.25,5.25,8.0,False
37006400,7.6,7.0,8.2,8.5,8.5,8.5,0,0,0,True
37006401,9.2,6.5,4.0,8.0,9.0,5.5,0,0,0,True
37006402,8.0,5.75,7.8,0,0,0,6.25,6.25,8.5,False
37006403,8.6,5.5,5.6,8.0,8.25,7.75,0,0,0,True
37006404,7.2,7.75,6.8,0,0,0,6.5,6.75,9.0,False
37006405,7.4,7.25,8.4,0,0,0,7.0,9.0,8.75,False
37006406,7.0,6.75,8.8,6.5,7.0,5.75,0,0,0,True
37006407,7.2,7.25,9.6,5.0,5.5,6.25,0,0,0,True
37006408,7.6,7.5,9.4,8.0,5.5,5.0,0,0,0,True
37006409,7.8,6.0,8.0,3.0,8.75,7.25,0,0,0,True
37006410,6.6,7.5,7.6,0,0,0,7.0,8.5,8.5,False
37006411,7.8,6.0,6.8,3.75,7.0,5.25,0,0,0,True
37006412,6.0,6.25,6.6,0,0,0,6.75,7.75,7.75,False
37006413,8.2,8.25,9.4,8.75,7.5,7.0,0,0,0,True
37006414,7.6,8.25,7.8,0,0,0,6.5,8.25,7.75,False
37006415,8.6,6.5,7.8,8.25,6.25,6.25,0,0,0,True
37006416,8.4,7.75,9.4,5.5,8.25,5.75,0,0,0,True
37006417,5.4,7.25,6.0,0,0,0,6.0,6.75,7.25,False
37006418,8.4,6.0,7.0,8.5,8.5,6.5,0,0,0,True
37006419,5.4,6.25,7.2,0,0,0,7.5,7.25,7.25,False
37006420,7.8,7.0,9.8,8.25,6.25,6.5,0,0,0,True
37006421,5.4,6.25,7.0,3.75,3.25,4.5,0,0,0,True
37006422,8.2,7.25,9.6,7.75,6.0,7.5,0,0,0,True
37006423,8.4,6.25,8.2,7.25,6.5,5.75,0,0,0,True
37006424,6.2,8.5,5.8,0,0,0,8.5,9.25,8.0,False
37006425,7.4,6.75,7.8,7.5,8.75,6.0,0,0,0,True
37006426,7.4,7.5,7.6,6.75,5.25,6.0,0,0,0,True
37006427,7.4,6.0,5.6,3.25,7.25,5.0,0,0,0,True
37006428,8.8,5.75,8.6,8.5,9.25,6.0,0,0,0,True
37006429,8.8,6.25,9.2,8.0,5.0,6.5,0,0,0,True
37006430,8.6,6.0,6.8,9.0,9.0,6.25,0,0,0,True
37006431,6.4,8.25,4.0,0,0,0,7.5,8.75,8.75,False
37006432,6.6,7.75,3.8,3.75,5.75,4.25,0,0,0,True
37006433,8.2,8.0,6.6,0,0,0,5.5,6.0,8.0,False
37006434,8.2,7.5,6.6,6.75,8.0,7.5,0,0,0,True
37006435,8.6,4.0,7.0,6.25,9.5,8.5,0,0,0,True
37006436,7.0,7.5,6.4,0,0,0,5.75,5.25,6.5,False
37006437,7.4,5.75,7.6,5.25,8.5,8.25,0,0,0,True
37006438,7.8,8.25,6.6,3.75,7.5,7.0,0,0,0,True
37006439,4.8,7.5,3.6,0,0,0,5.0,7.5,7.0,False
37006440,7.8,5.5,5.8,8.5,8.25,5.0,0,0,0,True
37006441,8.0,6.0,6.2,8.0,8.5,7.0,0,0,0,True
37006442,8.2,4.75,6.2,8.25,9.0,6.25,0,0,0,True
37006443,8.2,4.75,9.0,6.75,9.0,5.5,0,0,0,True
37006444,8.2,7.75,8.4,8.25,7.0,6.5,0,0,0,True
37006445,5.6,7.0,8.4,0,0,0,5.0,6.0,7.25,False
37006446,7.0,5.75,9.0,0,0,0,6.75,7.25,7.75,False
37006447,8.2,6.0,7.0,6.0,6.75,4.25,0,0,0,True
37006448,6.4,5.75,6.8,0,0,0,6.0,6.25,8.25,False
37006449,8.4,7.5,9.2,8.25,6.25,6.5,0,0,0,True
37006450,8.0,5.75,9.0,7.75,4.75,6.0,0,0,0,True
37006451,7.0,7.25,7.2,7.5,8.0,6.5,0,0,0,True
37006452,7.0,6.5,8.6,7.75,8.5,6.25,0,0,0,True
37006453,7.4,5.75,6.2,7.5,7.75,5.75,0,0,0,True
37006454,7.6,7.75,6.8,0,0,0,6.0,7.0,7.5,False
37006455,8.0,6.5,7.4,0,0,0,6.5,8.0,9.0,False
37006456,7.0,7.75,7.6,5.0,8.0,5.75,0,0,0,True
37006457,7.2,6.5,8.8,9.0,8.5,5.75,0,0,0,True
37006458,8.6,6.5,7.4,8.0,7.75,7.0,0,0,0,True
37006459,7.6,7.75,8.8,0,0,0,7.0,7.75,9.25,False
37006460,7.6,7.25,9.0,7.25,6.75,8.0,0,0,0,True
37006461,7.0,6.0,7.0,7.25,5.25,7.0,0,0,0,True
37006462,8.0,6.0,6.2,8.0,8.75,5.75,0,0,0,True
37006463,8.0,6.75,5.0,6.75,8.25,5.5,0,0,0,True
37006464,7.0,5.5,3.8,7.0,8.5,6.0,0,0,0,True
37006465,7.8,7.25,5.4,7.5,8.5,5.5,0,0,0,True
37006466,7.6,5.75,5.6,9.0,8.0,6.75,0,0,0,True
37006467,7.0,6.25,7.2,5.25,8.25,7.75,0,0,0,True
37006468,8.6,7.5,4.6,6.5,10.0,8.0,0,0,0,True
37006469,8.2,8.5,7.2,7.5,6.5,7.25,0,0,0,True
37006470,8.6,6.5,8.2,7.0,6.25,6.75,0,0,0,True
37006471,7.2,7.75,6.8,0,0,0,8.0,6.25,7.5,False
37006472,8.2,7.25,8.2,8.0,7.25,8.0,0,0,0,True
37006473,7.4,7.0,5.4,6.25,7.75,6.25,0,0,0,True
37006474,8.0,6.25,7.2,6.75,7.75,5.0,0,0,0,True
37006475,7.4,6.25,6.2,0,0,0,6.0,6.0,8.5,False
37006476,7.8,5.75,5.8,8.0,6.5,5.75,0,0,0,True
37006477,9.0,7.75,7.4,5.75,7.5,7.25,0,0,0,True
37006478,8.2,6.75,7.8,8.75,8.75,6.25,0,0,0,True
37006479,8.0,7.5,7.4,8.5,6.5,6.75,0,0,0,True
37006480,7.0,8.0,7.0,0,0,0,7.0,7.75,7.5,False
37006481,6.6,6.75,5.4,7.75,7.0,6.25,0,0,0,True
37006482,8.6,8.25,8.6,8.75,8.5,6.5,0,0,0,True
37006483,8.4,6.5,7.8,6.5,7.75,6.75,0,0,0,True
37006484,8.0,5.5,7.6,8.0,8.5,6.0,0,0,0,True
37006485,6.6,6.75,5.0,0,0,0,6.75,6.75,7.75,False
37006486,7.6,6.25,4.6,8.0,5.25,5.75,0,0,0,True
37006487,8.8,8.5,8.4,0,0,0,7.0,7.25,9.0,False
37006488,8.4,6.5,5.6,7.5,4.25,6.0,0,0,0,True
37006489,8.2,7.0,5.6,0,0,0,6.0,6.25,6.5,False
37006490,8.4,7.0,9.4,9.5,8.25,7.0,0,0,0,True
37006491,7.6,6.0,6.8,0,0,0,5.5,6.25,7.75,False
37006492,7.2,7.0,6.2,7.5,9.0,6.25,0,0,0,True
37006493,7.8,7.5,6.0,0,0,0,7.25,6.0,7.75,False
37006494,7.6,7.0,7.4,0,0,0,6.5,7.5,7.75,False
37006495,7.0,6.5,7.8,0,0,0,8.5,9.25,9.25,False
37006496,7.6,7.5,7.0,0,0,0,6.25,7.0,9.0,False
37006497,6.6,7.0,7.4,0,0,0,3.5,5.75,6.75,False
37006498,7.2,8.0,7.2,0,0,0,6.0,6.75,7.25,False
37006499,8.0,5.25,4.0,9.5,9.5,7.25,0,0,0,True
37006500,8.6,5.25,4.6,9.0,8.0,6.75,0,0,0,True
37006501,8.0,8.5,6.4,7.25,6.75,6.75,0,0,0,True
37006502,8.2,6.75,4.8,6.25,6.0,6.0,0,0,0,True
37006503,8.0,8.75,8.4,9.25,6.75,6.75,0,0,0,True
37006504,8.4,7.0,5.4,8.0,6.0,7.0,0,0,0,True
37006505,5.6,8.0,5.6,0,0,0,7.5,7.0,7.25,False
37006506,6.8,7.75,3.0,0,0,0,6.75,7.0,9.25,False
37006507,5.6,8.25,4.6,0,0,0,7.75,9.0,8.5,False
37006508,8.4,6.5,7.4,6.75,7.75,7.75,0,0,0,True
37006509,8.6,9.25,8.4,7.25,7.0,7.75,0,0,0,True
37006510,6.6,8.5,6.0,0,0,0,5.0,5.0,8.25,False
37006511,6.8,7.5,9.0,8.25,8.0,6.5,0,0,0,True
37006512,7.4,8.0,7.0,0,0,0,6.0,6.5,9.5,False
37006513,8.4,7.75,8.8,9.0,7.75,6.5,0,0,0,True
37006514,7.8,7.75,6.0,0,0,0,6.5,7.75,8.25,False
37006515,8.2,7.0,5.6,7.75,7.75,6.25,0,0,0,True
37006516,8.0,8.5,6.4,0,0,0,5.5,7.5,8.75,False
37006517,6.6,8.0,3.4,0,0,0,6.25,7.75,8.0,False
37006518,7.8,7.75,5.4,8.25,8.0,6.5,0,0,0,True
37006519,8.8,7.25,9.0,8.5,9.0,7.75,0,0,0,True
37006520,8.0,7.0,6.8,8.0,9.25,6.25,0,0,0,True
37006521,8.8,7.5,5.2,7.75,8.5,6.0,0,0,0,True
37006522,8.6,6.5,9.0,5.25,7.5,5.25,0,0,0,True
37006523,5.6,6.75,8.0,0,0,0,5.25,6.75,6.5,False
37006524,8.0,6.5,7.8,7.0,4.0,4.5,0,0,0,True
37006525,8.6,7.0,6.8,0,0,0,7.0,8.25,8.25,False
37006526,8.6,7.25,7.0,8.75,8.25,6.75,0,0,0,True
37006527,8.2,4.5,5.6,7.25,4.75,4.0,0,0,0,True
37006528,5.8,6.25,4.6,0,0,0,6.25,5.75,7.5,False
37006529,6.8,6.0,7.2,0,0,0,5.75,6.75,7.75,False
37006530,7.2,8.25,9.0,0,0,0,8.75,7.5,9.0,False
37006531,8.4,7.5,7.6,8.75,9.75,4.75,0,0,0,True
37006532,8.0,8.5,9.0,9.25,8.5,7.0,0,0,0,True
37006533,8.2,7.25,8.0,7.25,2.75,5.25,0,0,0,True
37006534,8.0,7.5,8.4,0,0,0,7.0,7.75,8.5,False
37006535,7.6,7.0,6.8,7.5,8.75,6.75,0,0,0,True
37006536,6.8,6.75,7.6,4.5,7.5,5.5,0,0,0,True
37006537,7.2,6.5,8.4,6.0,3.25,4.0,0,0,0,True
37006538,7.6,6.0,6.2,8.75,7.5,4.5,0,0,0,True
37006539,7.4,8.5,8.2,0,0,0,9.75,8.0,8.75,False
37006540,6.8,6.5,6.0,7.25,6.75,5.5,0,0,0,True
37006541,8.8,7.25,7.2,7.5,6.5,5.0,0,0,0,True
37006542,7.8,7.5,9.2,8.25,5.75,7.0,0,0,0,True
37006543,8.4,7.75,8.4,0,0,0,6.75,8.75,8.25,False
37006544,7.6,7.75,7.4,0,0,0,6.0,6.0,7.0,False
37006545,7.8,8.25,8.4,0,0,0,6.75,7.5,8.25,False
37006546,8.4,7.5,9.4,7.75,9.0,7.75,0,0,0,True
37006547,8.0,6.75,6.4,8.5,8.0,6.75,0,0,0,True
37006548,7.2,6.5,7.0,9.0,4.5,4.75,0,0,0,True
37006549,7.6,5.5,6.4,0,0,0,6.25,5.0,7.0,False
37006550,6.2,6.25,5.4,5.0,7.75,6.25,0,0,0,True
37006551,7.4,7.0,5.6,8.25,8.0,6.5,0,0,0,True
37006552,7.8,6.75,5.8,8.5,8.25,6.0,0,0,0,True
37006553,7.6,5.25,5.8,7.25,7.5,4.75,0,0,0,True
37006554,7.6,6.0,8.6,5.25,6.25,7.5,0,0,0,True
37006555,7.6,7.0,6.8,5.75,5.5,5.25,0,0,0,True
37006556,7.6,7.0,4.6,8.0,8.0,6.25,0,0,0,True
37006557,7.4,5.5,7.8,5.5,8.5,6.25,0,0,0,True
37006558,7.8,6.25,8.4,7.0,7.5,5.25,0,0,0,True
37006559,8.2,7.25,7.8,9.25,8.25,6.5,0,0,0,True
37006560,6.8,6.5,7.0,0,0,0,7.0,7.75,8.5,False
37006561,8.2,8.25,4.6,7.0,5.0,4.5,0,0,0,True
37006562,6.6,7.0,6.0,0,0,0,7.0,8.25,9.25,False
37006563,7.8,6.75,6.2,8.75,8.5,6.25,0,0,0,True
37006564,6.4,6.75,6.4,0,0,0,7.5,7.25,7.75,False
37006565,4.8,5.25,5.8,0,0,0,9.0,7.75,8.0,False
37006566,5.6,7.0,4.6,0,0,0,6.0,5.75,8.0,False
37006567,8.4,7.75,7.4,4.25,8.25,5.25,0,0,0,True
37006568,6.4,8.25,6.4,0,0,0,8.25,7.25,6.75,False
37006569,8.4,8.75,8.4,8.5,9.75,7.25,0,0,0,True
37006570,8.4,7.25,8.2,5.75,9.25,8.0,0,0,0,True
37006571,8.0,7.25,7.2,4.75,7.75,7.5,0,0,0,True
37006572,8.0,8.25,6.2,0,0,0,8.25,6.5,8.5,False
37006573,7.4,7.5,7.6,0,0,0,7.0,6.75,8.5,False
37006574,8.0,7.25,7.4,0,0,0,9.75,7.25,8.5,False
37006575,8.6,6.0,6.0,8.5,9.25,6.25,0,0,0,True
37006576,8.0,5.25,6.4,8.25,8.0,4.5,0,0,0,True
37006577,6.8,6.5,9.2,5.75,6.75,7.75,0,0,0,True
37006578,6.6,3.75,9.0,4.25,4.25,5.75,0,0,0,True
37006579,7.8,6.5,7.4,8.0,5.25,7.75,0,0,0,True
37006580,7.6,7.75,5.4,0,0,0,6.5,7.5,7.75,False
37006581,8.4,6.0,8.4,7.75,8.25,6.75,0,0,0,True
37006582,6.4,3.75,5.8,6.25,6.5,6.5,0,0,0,True
37006583,8.4,5.0,8.8,8.5,9.5,8.5,0,0,0,True
37006584,7.8,5.75,8.4,6.5,9.0,7.0,0,0,0,True
37006585,7.6,7.0,7.6,8.5,6.75,6.25,0,0,0,True
37006586,8.0,7.0,8.4,7.0,9.0,4.5,0,0,0,True
37006587,8.0,6.25,6.8,8.25,9.25,6.75,0,0,0,True
37006588,8.4,7.0,6.0,7.25,8.25,7.5,0,0,0,True
37006589,8.0,8.0,6.4,0,0,0,8.0,8.0,8.5,False
37006590,8.2,5.5,6.0,9.0,9.0,5.5,0,0,0,True
37006591,8.2,7.0,7.0,4.75,9.0,8.5,0,0,0,True
37006592,8.0,6.25,5.0,7.5,7.75,7.75,0,0,0,True
37006593,7.4,7.25,6.2,0,0,0,8.0,6.75,8.0,False
37006594,8.6,8.0,9.0,9.0,9.0,8.25,0,0,0,True
37006595,7.8,5.25,5.4,8.75,8.25,6.5,0,0,0,True
37006596,8.0,6.25,6.4,8.25,8.0,6.25,0,0,0,True
37006597,5.8,8.0,6.8,0,0,0,8.5,8.5,8.5,False
37006598,7.8,5.75,7.2,7.75,8.5,8.0,0,0,0,True
37006599,6.8,5.0,5.2,0,0,0,4.5,5.75,7.5,False
37006600,7.6,8.0,5.6,0,0,0,6.5,7.5,8.0,False
37006601,7.2,7.25,6.6,0,0,0,7.5,7.0,9.0,False
37006602,6.4,7.5,4.6,5.5,5.5,5.25,0,0,0,True
37006603,6.4,8.0,8.8,0,0,0,8.0,7.75,8.5,False
37006604,8.6,6.25,4.2,8.25,9.75,4.75,0,0,0,True
37006605,4.8,7.75,6.0,5.5,5.75,5.0,0,0,0,True
37006606,8.4,6.0,8.4,8.5,6.5,5.5,0,0,0,True
37006607,8.0,7.5,8.0,8.0,8.25,7.0,0,0,0,True
37006608,8.4,6.0,5.6,8.75,8.25,8.25,0,0,0,True
37006609,8.0,7.25,7.4,0,0,0,7.0,6.0,7.25,False
37006610,7.4,5.0,5.4,4.0,8.5,8.0,0,0,0,True
37006611,5.8,7.75,7.8,0,0,0,7.5,7.25,7.0,False
37006612,6.6,6.25,4.8,0,0,0,6.0,7.0,7.0,False
37006613,9.0,7.75,9.0,5.0,9.25,5.75,0,0,0,True
37006614,7.6,6.0,5.8,8.25,8.25,4.5,0,0,0,True
37006615,6.6,8.25,7.2,0,0,0,8.75,9.25,8.25,False
37006616,8.0,7.25,8.4,8.0,7.0,6.0,0,0,0,True
37006617,8.0,7.5,7.6,7.25,7.25,6.75,0,0,0,True
37006618,6.6,7.25,7.8,7.25,5.0,5.25,0,0,0,True
37006619,7.6,5.75,7.4,7.0,7.25,5.5,0,0,0,True
37006620,7.6,6.5,8.2,8.25,6.75,4.5,0,0,0,True
37006621,8.2,6.25,8.2,8.5,9.0,7.75,0,0,0,True
37006622,8.2,6.5,8.2,4.25,8.75,4.5,0,0,0,True
37006623,8.0,8.5,8.8,0,0,0,9.0,7.75,9.5,False
37006624,6.6,8.5,7.6,0,0,0,6.75,7.25,9.0,False
37006625,7.0,7.0,6.4,8.25,8.5,7.0,0,0,0,True
37006626,7.0,8.25,8.6,7.5,7.0,6.0,0,0,0,True
37006627,7.0,8.25,8.6,0,0,0,7.0,6.25,8.25,False
37006628,7.6,8.0,8.8,4.5,8.5,5.0,0,0,0,True
37006629,8.6,7.25,9.2,8.5,8.0,8.25,0,0,0,True
37006630,6.0,6.75,7.0,0,0,0,7.0,5.75,8.75,False
37006631,7.4,6.5,8.8,8.25,6.25,7.5,0,0,0,True
37006632,7.0,6.25,7.8,8.75,8.5,9.0,0,0,0,True
37006633,8.4,6.25,7.6,6.75,8.0,6.75,0,0,0,True
37006634,7.8,7.0,7.2,8.25,9.0,8.75,0,0,0,True
37006635,7.2,7.0,7.8,7.25,4.0,4.5,0,0,0,True
37006636,6.8,5.0,5.6,6.0,3.75,4.25,0,0,0,True
37006637,7.2,7.5,6.2,7.25,8.0,4.5,0,0,0,True
37006638,8.4,6.75,8.4,7.5,7.75,5.5,0,0,0,True
37006639,8.4,7.5,8.6,8.5,8.75,6.75,0,0,0,True
37006640,6.8,8.25,7.2,5.25,6.0,5.25,0,0,0,True
37006641,8.4,6.5,7.4,8.0,5.0,5.0,0,0,0,True
37006642,7.4,6.25,7.2,6.25,5.5,4.5,0,0,0,True
37006643,8.0,8.0,6.6,0,0,0,7.25,8.0,8.0,False
37006644,5.6,7.25,5.8,0,0,0,6.75,7.25,7.25,False
37006645,7.8,8.25,8.6,0,0,0,5.0,5.0,7.25,False
37006646,3.2,7.5,6.2,0,0,0,7.0,7.0,7.0,False
37006647,8.8,7.25,6.0,7.5,7.5,4.5,0,0,0,True
37006648,8.0,7.5,5.4,7.5,8.75,5.5,0,0,0,True
37006649,7.6,8.25,7.8,0,0,0,8.25,8.0,8.75,False
37006650,7.0,7.0,6.6,0,0,0,6.0,7.75,8.75,False
37006651,7.0,7.5,6.4,6.75,6.0,5.5,0,0,0,True
37006652,8.2,6.75,6.8,0,0,0,7.25,7.25,9.0,False
37006653,8.2,7.0,5.8,7.5,8.5,5.5,0,0,0,True
37006654,7.0,7.25,5.6,0,0,0,7.0,6.75,7.75,False
37006655,7.2,7.25,7.6,0,0,0,7.25,8.5,8.25,False
37006656,7.8,8.25,8.0,0,0,0,6.5,7.5,8.0,False
37006657,5.6,6.75,5.0,3.25,6.5,5.0,0,0,0,True
37006658,8.2,5.5,8.8,7.25,3.5,5.5,0,0,0,True
37006659,7.8,6.5,6.8,0,0,0,7.5,7.25,7.25,False
37006660,8.8,6.5,7.0,8.25,8.0,4.75,0,0,0,True
37006661,6.8,6.75,7.6,0,0,0,6.25,7.5,8.5,False
37006662,8.0,5.75,8.2,8.0,8.0,5.75,0,0,0,True
37006663,6.2,6.0,8.2,7.5,6.0,5.5,0,0,0,True
37006664,7.2,7.5,7.4,8.25,7.5,5.75,0,0,0,True
37006665,7.4,6.75,7.6,0,0,0,6.75,7.25,8.75,False
37006666,6.4,8.25,7.0,0,0,0,8.25,10.0,8.0,False
37006667,5.4,7.25,4.6,0,0,0,4.5,7.5,7.25,False
37006668,7.8,7.75,6.0,4.0,4.25,4.0,0,0,0,True
37006669,8.0,5.5,4.8,7.0,7.75,5.25,0,0,0,True
37006670,9.0,6.0,7.6,8.5,7.0,6.5,0,0,0,True
37006671,8.2,6.5,8.4,8.0,6.5,7.75,0,0,0,True
37006672,6.0,7.5,7.6,0,0,0,7.0,5.5,7.0,False
37006673,8.0,6.25,3.4,8.75,7.75,4.5,0,0,0,True
37006674,8.2,6.5,6.0,9.0,8.75,4.0,0,0,0,True
37006675,6.8,8.5,6.8,0,0,0,7.0,7.25,8.5,False
37006676,7.0,8.0,8.0,0,0,0,6.25,8.25,8.75,False
37006677,6.8,7.5,7.2,6.25,4.75,5.0,0,0,0,True
37006678,8.4,7.5,4.8,9.0,8.5,7.0,0,0,0,True
37006679,5.8,7.5,7.8,0,0,0,8.0,8.5,9.5,False
37006680,7.8,7.5,7.8,0,0,0,6.25,6.25,6.75,False
37006681,8.6,6.25,5.6,5.0,9.25,7.75,0,0,0,True
37006682,8.4,6.75,5.6,9.0,8.75,5.75,0,0,0,True
37006683,7.4,6.75,4.8,0,0,0,7.25,6.75,7.75,False
37006684,7.6,6.5,7.0,7.75,9.0,5.75,0,0,0,True
37006685,8.4,7.5,8.2,8.25,6.5,5.75,0,0,0,True
37006686,6.8,6.25,6.2,3.25,7.25,5.75,0,0,0,True
37006687,6.0,7.75,6.0,0,0,0,7.25,7.25,8.25,False
37006688,5.2,5.25,5.0,4.0,4.25,6.5,0,0,0,True
37006689,9.0,6.25,9.0,8.75,6.0,5.25,0,0,0,True
37006690,8.4,5.25,7.0,9.25,9.0,5.75,0,0,0,True
37006691,4.8,0,0,5.5,4.5,0,0,0,0,True
37006692,9.0,6.25,5.6,8.0,8.5,5.75,0,0,0,True
37006693,8.6,6.75,8.6,9.5,6.25,6.5,0,0,0,True
37006694,8.6,6.25,7.8,8.75,8.5,6.75,0,0,0,True
37006695,8.8,6.75,6.8,8.75,8.5,7.75,0,0,0,True
37006696,8.6,8.25,8.2,0,0,0,6.75,6.5,8.5,False
37006697,7.6,7.25,7.2,8.0,6.75,6.75,0,0,0,True
37006698,8.0,8.75,8.6,0,0,0,7.5,8.0,9.25,False
37006699,7.8,7.75,8.0,0,0,0,6.25,6.25,7.75,False
37006700,7.6,8.25,8.4,0,0,0,6.5,7.5,9.25,False
37006701,6.4,7.25,5.0,0,0,0,6.25,7.75,8.0,False
37006702,7.0,7.5,4.6,0,0,0,8.25,6.75,7.75,False
37006703,7.8,6.0,4.8,8.5,8.25,5.75,0,0,0,True
37006704,7.8,6.5,6.8,5.25,7.25,5.75,0,0,0,True
37006705,8.2,7.5,5.2,6.25,7.75,7.5,0,0,0,True
37006706,8.6,8.0,6.0,8.25,8.25,6.75,0,0,0,True
37006707,7.4,8.5,8.2,0,0,0,6.75,6.0,7.5,False
37006708,7.0,7.5,6.4,0,0,0,5.25,6.75,6.75,False
37006709,8.2,8.5,6.8,0,0,0,4.75,6.75,8.25,False
37006710,8.2,7.5,5.6,8.0,7.25,7.0,0,0,0,True
37006711,5.0,7.25,4.6,0,0,0,6.75,7.75,7.25,False
37006712,7.8,7.75,7.2,0,0,0,7.25,7.25,8.75,False
37006713,8.0,5.75,5.8,7.0,3.75,4.0,0,0,0,True
37006714,7.8,6.5,4.6,7.5,7.25,5.0,0,0,0,True
37006715,8.2,8.0,7.8,8.25,9.0,7.5,0,0,0,True
37006716,6.8,7.75,4.4,5.0,6.0,6.0,0,0,0,True
37006717,7.6,7.25,8.2,8.0,2.5,4.75,0,0,0,True
37006718,7.6,6.5,6.4,5.0,7.75,7.0,0,0,0,True
37006719,7.4,5.25,4.4,9.0,8.0,4.0,0,0,0,True
37006720,9.6,6.25,9.8,10.0,8.0,7.5,0,0,0,True
37006721,4.0,6.75,3.2,0,0,0,8.5,9.75,7.5,False
37006722,6.8,6.75,6.4,7.25,8.5,6.25,0,0,0,True
37006723,7.8,6.25,7.2,0,0,0,8.0,8.5,9.25,False
37006724,7.2,8.25,7.0,0,0,0,8.0,8.5,7.25,False
37006725,8.2,5.5,7.2,8.75,9.5,6.5,0,0,0,True
37006726,8.8,5.0,4.0,8.5,8.75,6.0,0,0,0,True
37006727,7.2,7.0,4.2,8.0,6.75,6.5,0,0,0,True
37006728,5.6,6.25,6.8,0,0,0,7.5,9.0,8.25,False
37006729,8.0,8.0,5.6,8.5,8.5,8.0,0,0,0,True
37006730,8.4,7.75,7.0,7.5,8.75,5.5,0,0,0,True
37006731,7.4,7.25,5.6,6.25,5.75,5.25,0,0,0,True
37006732,7.2,8.0,4.6,0,0,0,7.0,8.0,8.5,False
37006733,8.2,8.25,7.0,8.5,7.0,7.75,0,0,0,True
37006734,8.2,5.25,5.0,8.25,8.25,7.25,0,0,0,True
37006735,8.2,6.25,4.6,7.5,7.75,4.5,0,0,0,True
37006736,6.2,7.75,5.6,0,0,0,6.75,8.25,7.75,False
37006737,7.8,5.75,5.0,7.0,7.5,4.75,0,0,0,True
37006738,8.2,8.0,6.0,8.5,8.5,6.5,0,0,0,True
37006739,7.8,6.25,7.0,8.25,9.0,8.5,0,0,0,True
37006740,7.2,7.0,8.4,5.75,8.5,7.5,0,0,0,True
37006741,8.2,6.5,6.4,7.0,5.0,5.0,0,0,0,True
37006742,6.2,6.5,5.6,0,0,0,6.75,7.5,7.5,False
37006743,7.4,6.5,6.6,8.0,6.0,6.75,0,0,0,True
37006744,7.4,6.75,7.6,8.25,8.0,6.75,0,0,0,True
37006745,8.0,7.0,5.6,8.5,8.25,6.25,0,0,0,True
37006746,5.6,7.75,7.0,0,0,0,7.25,8.5,7.0,False
37006747,8.4,8.25,7.4,8.5,9.0,8.0,0,0,0,True
37006748,8.6,8.0,5.8,8.25,9.0,7.5,0,0,0,True
37006749,8.2,6.5,3.6,8.25,9.25,4.75,0,0,0,True
37006750,8.8,6.75,6.6,8.25,7.25,6.0,0,0,0,True
37006751,7.8,7.0,7.0,8.5,7.75,7.25,0,0,0,True
37006752,6.4,7.5,5.2,7.0,8.5,6.5,0,0,0,True
37006753,8.0,7.75,5.4,7.5,8.25,6.25,0,0,0,True
37006754,7.6,7.25,6.4,7.0,7.25,7.5,0,0,0,True
37006755,6.0,7.75,5.8,0,0,0,5.75,7.5,7.5,False
37006756,7.6,7.75,4.6,0,0,0,8.75,7.25,9.25,False
37006757,7.0,6.25,5.0,8.0,7.25,7.0,0,0,0,True
37006758,8.2,6.0,4.2,7.75,7.5,7.5,0,0,0,True
37006759,7.0,7.5,8.2,0,0,0,6.75,8.0,7.75,False
37006760,7.0,6.0,6.0,7.0,7.5,7.0,0,0,0,True
37006761,6.8,6.75,7.4,6.5,8.25,6.0,0,0,0,True
37006762,4.8,8.5,6.4,0,0,0,8.25,9.25,9.0,False
37006763,8.6,7.0,6.8,8.75,9.0,8.0,0,0,0,True
37006764,7.6,8.75,8.0,7.0,7.25,7.25,0,0,0,True
37006765,8.6,7.25,7.4,9.25,8.75,7.5,0,0,0,True
37006766,3.2,6.5,6.0,4.0,5.25,6.0,0,0,0,True
37006767,6.4,7.25,6.4,0,0,0,9.0,9.25,8.75,False
37006768,6.4,7.25,3.6,6.25,6.25,5.75,0,0,0,True
37006769,7.8,6.5,5.8,7.25,6.75,6.0,0,0,0,True
37006770,7.0,6.75,7.2,6.75,8.25,7.0,0,0,0,True
37006771,5.0,6.75,5.4,0,0,0,7.0,8.0,6.5,False
37006772,7.4,8.75,6.0,0,0,0,7.5,7.75,8.75,False
37006773,7.6,8.5,8.0,7.25,9.0,7.0,0,0,0,True
37006774,8.4,7.25,9.6,8.5,9.0,8.75,0,0,0,True
37006775,7.6,5.75,7.6,8.5,9.0,7.5,0,0,0,True
37006776,7.6,6.0,6.4,8.75,7.75,7.0,0,0,0,True
37006777,8.6,8.25,4.2,9.0,9.75,5.75,0,0,0,True
37006778,7.8,5.5,7.0,8.0,4.25,7.0,0,0,0,True
37006779,7.4,5.5,6.2,7.75,7.25,4.25,0,0,0,True
37006780,8.2,5.0,5.8,8.0,8.25,6.0,0,0,0,True
37006781,7.8,6.0,5.2,6.75,7.5,5.0,0,0,0,True
37006782,5.4,5.75,5.4,0,0,0,6.75,7.25,6.25,False
37006783,5.8,5.75,5.8,6.0,7.0,5.5,0,0,0,True
37006784,8.4,7.0,7.8,8.0,7.75,8.0,0,0,0,True
37006785,7.0,5.0,7.2,7.0,5.25,5.0,0,0,0,True
37006786,6.6,7.5,6.8,6.25,6.0,5.5,0,0,0,True
37006787,3.6,7.75,5.2,0,0,0,9.5,10.0,6.5,False
37006788,8.2,7.0,5.0,8.0,8.25,7.75,0,0,0,True
37006789,8.6,7.0,5.2,8.25,8.25,5.75,0,0,0,True
37006790,4.8,5.75,4.6,0,0,0,7.75,7.5,7.75,False
37006791,7.2,6.0,8.2,8.0,7.25,7.25,0,0,0,True
37006792,7.2,6.5,5.8,0,0,0,8.5,9.0,8.0,False
37006793,6.4,8.0,6.2,0,0,0,7.5,9.0,7.5,False
37006794,7.8,7.25,5.2,8.5,8.75,7.5,0,0,0,True
37006795,6.8,7.25,5.4,6.75,7.25,5.75,0,0,0,True
37006796,8.2,6.5,5.8,8.75,9.75,8.5,0,0,0,True
37006797,7.6,5.75,8.4,8.25,5.75,6.5,0,0,0,True
37006798,7.0,5.25,8.2,7.75,5.5,7.0,0,0,0,True
37006799,5.6,6.5,5.2,0,0,0,6.5,8.75,8.0,False
37006800,7.2,6.25,4.0,7.25,7.25,6.75,0,0,0,True
37006801,6.6,6.5,8.2,8.0,6.5,6.5,0,0,0,True
37006802,8.6,7.75,4.4,8.5,7.75,4.5,0,0,0,True
37006803,7.8,8.0,6.4,7.25,5.25,5.75,0,0,0,True
37006804,6.8,6.25,7.0,8.0,6.5,6.0,0,0,0,True
37006805,7.8,6.0,3.6,7.75,7.0,6.5,0,0,0,True
37006806,7.4,7.25,6.0,7.5,7.5,8.0,0,0,0,True
37006807,7.4,6.75,5.4,7.25,8.0,6.5,0,0,0,True
37006808,7.8,7.5,6.8,8.0,8.5,7.0,0,0,0,True
37006809,7.4,6.5,4.0,8.0,6.25,5.75,0,0,0,True
37006810,7.4,6.75,5.6,6.75,6.5,7.25,0,0,0,True
37006811,5.0,5.75,7.6,4.25,4.5,4.25,0,0,0,True
37006812,8.2,8.5,7.2,8.75,8.75,7.75,0,0,0,True
37006813,7.6,7.25,6.6,7.5,6.0,6.25,0,0,0,True
37006814,7.8,8.0,5.6,0,0,0,9.25,8.25,7.75,False
37006815,7.6,6.0,8.0,7.75,5.5,6.75,0,0,0,True
37006816,8.4,6.5,5.4,7.25,7.0,6.0,0,0,0,True
37006817,7.0,8.0,5.4,7.25,6.5,7.25,0,0,0,True
37006818,7.8,6.75,5.6,6.5,7.0,6.25,0,0,0,True
37006819,5.8,7.0,6.4,6.5,6.5,7.75,0,0,0,True
37006820,8.2,8.0,0,6.25,8.5,8.25,0,0,0,True
37006821,6.4,8.5,7.4,0,0,0,7.5,8.25,8.0,False
37006822,6.0,8.0,3.2,0,0,0,8.25,9.25,8.75,False
37006823,6.0,8.5,5.0,0,0,0,8.5,8.25,7.0,False
37006824,6.2,6.0,7.8,0,0,0,6.5,6.75,8.5,False
37006825,6.0,6.5,6.0,0,0,0,7.25,6.5,8.0,False
37006826,4.8,8.0,5.4,0,0,0,9.25,9.25,6.75,False
37006827,4.6,6.75,4.8,0,0,0,9.75,9.0,9.0,False
37006828,8.0,7.0,8.0,9.0,6.5,7.75,0,0,0,True
37006829,7.4,6.5,6.0,8.0,6.25,6.5,0,0,0,True
37006830,6.8,8.75,6.6,7.75,8.0,6.75,0,0,0,True
37006831,7.0,5.0,5.6,5.75,6.25,6.0,0,0,0,True
37006832,7.2,7.5,6.0,8.0,6.5,7.25,0,0,0,True
37006833,8.0,8.0,5.8,6.75,6.75,7.75,0,0,0,True
37006834,8.0,7.5,6.0,9.0,8.25,8.0,0,0,0,True
37006835,6.8,7.5,2.0,6.25,7.5,6.5,0,0,0,True
37006836,8.4,7.75,5.8,8.0,9.5,6.25,0,0,0,True
37006837,5.8,6.75,4.0,0,0,0,6.0,6.5,6.75,False
37006838,5.6,8.0,4.6,0,0,0,6.25,7.25,7.75,False
37006839,8.4,8.5,6.8,8.25,9.25,7.5,0,0,0,True
37006840,7.0,7.25,7.2,0,0,0,7.25,8.25,8.25,False
37006841,7.6,6.0,4.8,7.5,6.5,5.5,0,0,0,True
37006842,8.4,6.5,4.8,7.5,8.25,6.25,0,0,0,True
37006843,6.4,7.0,7.0,0,0,0,7.5,7.0,8.25,False
37006844,7.8,6.25,6.4,6.75,7.5,7.5,0,0,0,True
37006845,7.2,5.0,5.0,5.25,6.5,6.5,0,0,0,True
37006846,6.6,6.75,4.6,0,0,0,5.25,7.75,7.75,False
37006847,5.2,5.25,3.8,3.0,4.75,7.0,0,0,0,True
37006848,7.2,5.25,7.6,7.25,8.0,7.25,0,0,0,True
37006849,7.6,7.25,7.0,5.5,6.0,5.25,0,0,0,True
37006850,7.6,6.0,8.0,7.25,6.75,6.75,0,0,0,True
37006851,6.8,7.5,5.8,0,0,0,5.25,6.5,7.0,False
37006852,6.8,7.75,5.8,6.75,6.5,7.25,0,0,0,True
37006853,7.0,6.0,5.0,0,0,0,6.0,6.75,6.25,False
37006854,6.4,6.75,4.4,4.75,7.0,6.25,0,0,0,True
37006855,7.4,7.5,4.8,0,0,0,6.5,7.5,7.25,False
37006856,8.2,8.25,6.6,8.25,8.0,7.75,0,0,0,True
37006857,7.8,7.5,5.6,7.75,7.0,6.0,0,0,0,True
37006858,8.2,8.5,7.4,7.5,8.5,6.25,0,0,0,True
37006859,6.4,8.25,5.8,0,0,0,7.0,6.0,6.75,False
37006860,7.2,7.75,6.0,0,0,0,9.0,9.25,8.0,False
37006861,7.2,6.25,6.4,7.5,7.25,7.25,0,0,0,True
37006862,8.0,8.0,7.2,8.5,8.25,7.75,0,0,0,True
37006863,8.2,5.75,7.6,8.0,7.0,6.25,0,0,0,True
37006864,6.0,6.25,7.4,6.25,5.75,5.5,0,0,0,True
37006865,7.4,7.25,6.6,6.5,6.5,6.0,0,0,0,True
37006866,5.6,7.75,6.4,0,0,0,8.0,6.5,8.25,False
37006867,6.4,5.75,5.2,0,0,0,6.75,7.5,7.25,False
37006868,7.4,7.0,7.4,8.5,5.25,6.5,0,0,0,True
37006869,6.8,7.5,7.2,8.5,5.75,6.0,0,0,0,True
37006870,7.2,7.75,7.4,7.0,6.75,5.75,0,0,0,True
37006871,7.8,8.0,8.8,7.75,7.0,7.0,0,0,0,True
37006872,8.4,6.75,8.0,8.25,7.25,8.0,0,0,0,True
37006873,6.4,8.0,7.8,0,0,0,8.0,9.0,8.75,False
37006874,5.4,7.0,3.8,0,0,0,7.75,9.0,8.25,False
37006875,7.8,6.25,6.8,8.5,7.0,7.75,0,0,0,True
37006876,7.8,7.0,6.8,7.75,8.25,8.0,0,0,0,True
37006877,8.0,7.0,3.8,7.0,7.25,7.5,0,0,0,True
37006878,5.8,6.25,3.6,7.5,4.25,5.75,0,0,0,True
37006879,8.4,7.0,8.8,7.75,8.0,6.5,0,0,0,True
37006880,7.8,8.0,8.6,7.5,6.25,7.25,0,0,0,True
37006881,8.4,8.0,4.8,8.75,8.5,7.0,0,0,0,True
37006882,7.8,8.0,5.2,0,0,0,6.0,6.75,7.25,False
37006883,8.2,9.0,9.0,8.75,8.25,8.75,0,0,0,True
37006884,8.6,8.25,5.8,7.5,9.0,7.5,0,0,0,True
37006885,7.6,8.0,8.0,9.0,8.0,8.0,0,0,0,True
37006886,8.4,7.5,5.0,8.25,7.0,5.5,0,0,0,True
37006887,7.8,4.5,6.6,8.5,7.5,6.75,0,0,0,True
37006888,7.6,8.0,7.2,0,0,0,9.25,9.25,8.75,False
37006889,8.2,7.25,3.6,6.25,5.75,6.0,0,0,0,True
37006890,8.2,7.5,4.4,8.5,6.75,5.5,0,0,0,True
37006891,6.8,6.25,6.4,7.5,8.0,7.0,0,0,0,True
37006892,7.0,7.5,7.6,0,0,0,8.5,8.75,7.25,False
37006893,8.2,8.0,6.8,8.25,7.25,6.5,0,0,0,True
37006894,8.2,8.25,6.8,8.25,8.25,5.75,0,0,0,True
37006895,7.6,7.75,8.6,0,0,0,8.25,8.75,8.0,False
37006896,5.6,7.25,6.4,0,0,0,8.5,8.5,7.75,False
37006897,8.8,7.0,5.2,7.75,8.25,6.75,0,0,0,True
37006898,6.0,7.0,4.6,5.0,5.25,6.75,0,0,0,True
37006899,7.2,7.0,5.8,0,0,0,8.5,9.5,7.25,False
37006900,7.8,8.25,6.6,7.75,6.75,6.75,0,0,0,True
37006901,8.4,7.75,7.4,6.0,8.0,7.5,0,0,0,True
37006902,8.2,9.0,7.6,7.75,8.0,6.5,0,0,0,True
37006903,8.2,8.5,4.6,8.0,8.5,6.75,0,0,0,True
37006904,5.8,7.5,5.0,0,0,0,6.75,7.75,7.0,False
37006905,8.0,8.0,6.2,0,0,0,5.75,7.75,7.25,False
37006906,7.6,7.5,7.6,8.0,6.25,7.0,0,0,0,True
37006907,7.6,7.5,6.2,8.0,7.5,7.25,0,0,0,True
37006908,5.4,8.0,6.2,0,0,0,6.75,7.75,8.0,False
37006909,8.0,7.0,8.6,8.5,8.25,7.5,0,0,0,True
37006910,4.4,7.0,5.2,0,0,0,6.75,7.5,7.0,False
37006911,7.8,8.25,4.0,8.0,7.75,6.5,0,0,0,True
37006912,3.4,8.5,5.6,0,0,0,7.75,7.5,8.0,False
37006913,8.2,7.75,7.6,7.5,9.0,5.75,0,0,0,True
37006914,8.6,7.25,4.6,8.5,8.25,6.75,0,0,0,True
37006915,7.2,7.5,4.4,7.0,7.25,7.5,0,0,0,True
37006916,7.0,7.25,3.4,5.25,6.75,5.5,0,0,0,True
37006917,7.8,7.25,7.6,8.5,6.0,6.75,0,0,0,True
37006918,7.0,7.5,3.8,7.25,6.75,4.5,0,0,0,True
37006919,7.4,6.5,5.0,8.75,8.75,6.75,0,0,0,True
37006920,7.6,7.0,7.6,7.0,6.75,6.0,0,0,0,True
37006921,7.6,8.5,8.6,0,0,0,8.25,8.25,8.0,False
37006922,6.0,6.25,6.2,6.25,6.0,4.0,0,0,0,True
37006923,6.2,7.75,4.0,0,0,0,7.5,9.25,9.25,False
37006924,7.6,6.5,5.4,7.0,6.25,6.0,0,0,0,True
37006925,7.4,8.0,6.6,6.25,5.75,5.75,0,0,0,True
37006926,7.0,6.75,6.0,6.5,7.0,7.0,0,0,0,True
37006927,6.2,8.0,4.2,0,0,0,7.5,8.0,7.5,False
37006928,6.4,8.0,5.4,7.75,8.25,7.25,0,0,0,True
37006929,7.0,6.75,3.2,6.5,7.0,5.25,0,0,0,True
37006930,8.0,8.25,8.4,5.5,9.25,9.25,0,0,0,True
37006931,6.4,8.25,8.6,0,0,0,10.0,8.5,9.5,False
37006932,7.6,6.25,6.6,7.75,6.25,6.75,0,0,0,True
37006933,8.2,8.5,8.8,8.25,7.25,8.0,0,0,0,True
37006934,8.0,7.0,8.2,6.25,7.75,7.5,0,0,0,True
37006935,8.2,6.75,7.4,8.75,7.75,7.75,0,0,0,True
37006936,8.2,6.25,5.6,7.75,8.75,5.75,0,0,0,True
37006937,7.0,5.75,5.2,0,0,0,7.0,6.75,8.25,False
37006938,8.6,6.75,9.0,9.25,8.5,8.0,0,0,0,True
37006939,7.4,6.25,4.8,7.75,7.25,5.5,0,0,0,True
37006940,8.4,8.0,8.4,8.25,8.75,6.5,0,0,0,True
37006941,8.2,7.5,5.4,8.0,8.5,6.0,0,0,0,True
37006942,5.2,7.5,3.0,0,0,0,6.5,9.5,7.75,False
37006943,6.6,7.75,4.8,6.75,6.25,6.5,0,0,0,True
37006944,8.8,8.0,6.6,8.0,7.0,6.25,0,0,0,True
37006945,5.8,8.0,5.0,0,0,0,9.0,8.5,8.0,False
37006946,7.6,8.0,5.8,6.75,8.0,5.75,0,0,0,True
37006947,8.8,8.25,5.2,7.5,7.75,6.75,0,0,0,True
37006948,5.4,8.0,5.6,0,0,0,5.75,7.75,7.5,False
37006949,8.4,8.5,9.2,7.75,6.5,7.0,0,0,0,True
37006950,7.6,5.5,5.4,9.25,7.0,6.0,0,0,0,True
37006951,7.6,5.75,7.2,7.75,3.75,5.0,0,0,0,True
37006952,6.6,6.5,3.2,6.25,7.5,4.5,0,0,0,True
37006953,7.6,6.5,5.0,5.75,7.25,6.75,0,0,0,True
37006954,7.2,4.75,3.8,3.75,3.75,5.5,0,0,0,True
37006955,7.2,8.0,4.0,4.0,4.25,5.5,0,0,0,True
37006956,7.6,5.0,2.4,8.0,8.5,2.5,0,0,0,True
37006957,5.2,5.75,7.6,0,0,0,8.0,8.75,8.0,False
37006958,8.4,8.0,6.2,9.0,9.0,6.75,0,0,0,True
37006959,8.0,6.0,2.4,0,0,0,4.5,7.0,8.0,False
37006960,7.0,8.75,7.2,0,0,0,9.75,9.5,8.25,False
37006961,7.2,7.75,5.0,0,0,0,8.25,8.0,8.75,False
37006962,8.2,7.0,5.0,8.0,7.25,7.5,0,0,0,True
37006963,8.0,7.75,3.0,8.0,8.5,7.25,0,0,0,True
37006964,7.2,7.75,7.4,0,0,0,6.5,8.25,9.0,False
37006965,7.4,7.25,7.0,8.0,8.75,7.0,0,0,0,True
37006966,6.8,8.0,6.0,0,0,0,8.25,9.0,8.75,False
37006967,6.8,6.0,7.2,7.0,5.25,5.5,0,0,0,True
37006968,6.8,7.5,4.2,6.0,8.25,7.25,0,0,0,True
37006969,7.6,7.5,5.6,8.0,7.5,6.75,0,0,0,True
37006970,6.2,6.25,5.4,0,0,0,7.25,6.5,8.75,False
37006971,8.0,9.25,8.6,0,0,0,8.25,8.75,8.5,False
37006972,8.0,6.5,8.2,7.0,8.0,8.0,0,0,0,True
37006973,3.4,6.25,4.8,0,0,0,6.0,6.0,7.75,False
37006974,8.8,8.75,7.0,8.5,9.0,8.0,0,0,0,True
37006975,5.6,7.75,5.6,5.75,6.5,6.25,0,0,0,True
37006976,6.4,8.75,7.6,6.5,7.25,6.25,0,0,0,True
37006977,8.2,8.75,9.0,8.75,7.75,7.25,0,0,0,True
37006978,6.4,6.0,7.0,3.75,5.0,7.0,0,0,0,True
37006979,5.4,7.25,5.0,0,0,0,8.25,9.0,7.0,False
37006980,4.0,8.25,6.8,0,0,0,8.5,6.75,9.0,False
37006981,8.0,8.0,7.0,7.25,7.0,7.25,0,0,0,True
37006982,7.6,7.75,6.8,7.25,7.5,7.0,0,0,0,True
37006983,7.6,6.5,9.4,7.75,6.5,6.75,0,0,0,True
37006984,7.0,7.5,7.8,8.25,6.75,5.25,0,0,0,True
37006985,8.0,6.25,7.0,7.25,7.5,7.0,0,0,0,True
37006986,7.2,6.0,6.6,5.25,7.0,6.75,0,0,0,True
37006987,8.0,6.0,4.6,7.5,9.0,6.5,0,0,0,True
37006988,8.2,7.5,7.6,6.75,6.5,6.75,0,0,0,True
37006989,7.4,5.0,5.6,6.75,7.75,6.5,0,0,0,True
37006990,8.4,6.25,6.2,8.25,8.5,7.5,0,0,0,True
37006991,8.6,6.25,9.2,8.25,7.0,7.75,0,0,0,True
37006992,8.4,7.5,7.2,8.0,8.25,7.5,0,0,0,True
37006993,8.0,7.0,8.6,8.5,7.5,8.0,0,0,0,True
37006994,8.4,8.5,8.2,8.25,8.5,8.0,0,0,0,True
37006995,6.8,8.25,7.4,6.5,8.5,7.75,0,0,0,True
37006996,7.0,9.0,7.2,0,0,0,6.75,7.25,8.5,False
37006997,8.4,8.0,8.2,8.5,6.5,7.25,0,0,0,True
37006998,4.2,8.25,4.2,0,0,0,9.0,9.0,7.5,False
37006999,5.4,7.0,5.8,0,0,0,6.0,5.75,7.0,False
37007000,7.0,7.25,6.2,0,0,0,7.5,7.5,9.0,False
37007001,9.0,7.5,9.0,8.5,8.0,7.75,0,0,0,True
37007002,8.8,8.0,8.6,9.25,9.0,8.25,0,0,0,True
37007003,7.8,6.5,8.2,8.75,7.5,6.5,0,0,0,True
37007004,8.8,7.0,5.8,8.0,2.5,5.25,0,0,0,True
37007005,4.6,7.0,7.4,0,0,0,9.5,8.0,9.0,False
37007006,6.8,6.25,7.0,7.75,6.5,7.25,0,0,0,True
37007007,7.6,7.5,7.0,7.75,8.5,7.25,0,0,0,True
37007008,6.0,7.25,5.8,0,0,0,7.5,9.0,8.0,False
37007009,7.6,7.25,9.0,7.5,6.75,7.5,0,0,0,True
37007010,9.0,8.5,8.8,9.75,7.75,8.0,0,0,0,True
37007011,7.6,8.25,8.4,8.25,6.25,6.75,0,0,0,True
37007012,7.0,7.5,7.0,6.25,6.5,6.0,0,0,0,True
37007013,7.8,7.75,8.4,7.25,6.5,5.5,0,0,0,True
37007014,8.0,8.75,7.6,6.5,8.25,8.75,0,0,0,True
37007015,7.4,4.25,5.6,0,0,0,6.5,7.5,6.75,False
37007016,6.4,6.5,5.4,7.0,4.75,4.75,0,0,0,True
37007017,7.4,7.5,5.6,7.75,7.5,7.0,0,0,0,True
37007018,7.2,5.75,3.6,7.75,8.25,7.25,0,0,0,True
37007019,6.0,5.0,7.2,0,0,0,7.0,8.25,8.0,False
37007020,8.2,7.5,7.8,8.0,6.75,6.0,0,0,0,True
37007021,6.6,7.0,6.0,0,0,0,7.5,8.75,8.25,False
37007022,5.8,6.5,7.2,5.75,7.0,6.0,0,0,0,True
37007023,8.6,8.25,4.4,8.75,9.25,7.0,0,0,0,True
37007024,8.0,7.75,6.8,8.0,9.25,7.5,0,0,0,True
37007025,4.8,7.25,7.2,6.5,3.75,7.0,0,0,0,True
37007026,8.0,6.5,4.2,8.0,6.25,4.0,0,0,0,True
37007027,6.2,8.25,8.2,0,0,0,8.0,9.25,9.25,False
37007028,7.6,8.0,7.2,7.75,8.5,7.75,0,0,0,True
37007029,7.0,7.5,6.8,6.0,4.5,4.75,0,0,0,True
37007030,4.8,6.5,5.4,4.75,5.0,6.0,0,0,0,True
37007031,7.8,7.25,5.2,6.5,4.75,6.75,0,0,0,True
37007032,8.4,8.25,8.6,8.25,7.25,6.75,0,0,0,True
37007033,7.0,7.5,5.8,7.0,8.25,6.5,0,0,0,True
37007034,7.0,7.5,5.4,0,0,0,7.0,8.0,8.75,False
37007035,6.6,6.75,6.8,0,0,0,8.75,8.0,7.5,False
37007036,8.2,8.5,7.4,7.5,5.25,6.0,0,0,0,True
37007037,8.0,8.0,7.4,0,0,0,7.75,8.5,8.5,False
37007038,7.8,8.0,8.6,8.75,6.75,5.75,0,0,0,True
37007039,5.2,5.5,7.0,6.75,5.75,6.5,0,0,0,True
37007040,6.0,4.5,5.6,5.0,5.25,6.25,0,0,0,True
37007041,8.2,6.75,5.6,8.25,8.0,7.25,0,0,0,True
37007042,8.0,5.5,4.2,7.25,5.25,6.75,0,0,0,True
37007043,5.8,5.25,5.8,4.25,5.5,5.0,0,0,0,True
37007044,5.4,5.75,5.4,4.75,5.5,5.75,0,0,0,True
37007045,8.4,7.25,6.2,8.75,9.0,6.5,0,0,0,True
37007046,8.0,8.5,5.8,8.25,6.0,7.0,0,0,0,True
37007047,7.6,7.5,7.4,7.0,6.25,8.0,0,0,0,True
37007048,8.6,7.25,5.4,7.75,5.75,6.0,0,0,0,True
37007049,8.6,7.0,7.2,8.5,7.25,6.25,0,0,0,True
37007050,6.0,8.25,7.4,0,0,0,7.0,6.5,8.25,False
37007051,6.6,6.75,5.8,5.25,4.0,6.25,0,0,0,True
37007052,7.2,8.75,8.6,6.5,7.75,6.25,0,0,0,True
37007053,8.6,8.0,8.0,7.5,7.5,8.75,0,0,0,True
37007054,6.6,6.5,6.0,7.25,7.0,5.25,0,0,0,True
37007055,6.6,7.0,7.2,6.25,8.5,7.0,0,0,0,True
37007056,6.6,7.0,4.0,4.0,6.25,7.75,0,0,0,True
37007057,6.6,7.5,5.2,0,0,0,6.0,8.5,7.25,False
37007058,8.4,8.5,6.6,8.25,9.0,7.75,0,0,0,True
37007059,6.0,6.25,5.8,0,0,0,7.5,9.0,8.0,False
37007060,7.2,7.25,7.2,6.25,4.75,5.5,0,0,0,True
37007061,7.4,8.25,6.2,6.75,5.75,7.25,0,0,0,True
37007062,6.8,8.5,6.8,0,0,0,7.5,6.25,7.0,False
37007063,6.6,7.0,5.4,0,0,0,5.0,7.5,8.0,False
37007064,7.8,7.5,9.0,8.5,6.0,6.0,0,0,0,True
37007065,4.4,8.0,5.8,0,0,0,6.75,7.5,8.25,False
37007066,7.8,8.0,6.0,6.75,9.25,7.75,0,0,0,True
37007067,8.2,8.0,8.0,7.0,7.5,7.75,0,0,0,True
37007068,7.4,7.0,4.8,0,0,0,6.0,6.75,6.0,False
37007069,7.4,7.5,7.8,6.0,8.0,6.25,0,0,0,True
37007070,7.6,7.75,7.4,7.0,6.75,6.5,0,0,0,True
37007071,8.2,6.5,7.2,8.25,8.0,6.75,0,0,0,True
37007072,7.8,5.75,7.2,4.75,7.5,5.0,0,0,0,True
37007073,7.4,8.0,6.6,0,0,0,7.0,7.75,7.75,False
37007074,8.6,6.75,6.8,0,0,0,6.5,5.25,7.75,False
37007075,7.8,8.0,8.0,4.5,6.0,6.25,0,0,0,True
37007076,7.8,5.25,5.8,6.0,8.25,6.0,0,0,0,True
37007077,7.6,7.5,7.2,0,0,0,6.75,6.5,8.75,False
37007078,7.4,5.5,7.0,0,0,0,7.0,5.75,7.5,False
37007079,8.2,6.75,6.2,8.75,8.25,5.75,0,0,0,True
37007080,6.0,5.5,6.4,0,0,0,6.25,6.75,7.5,False
37007081,8.2,6.0,3.8,0,0,0,8.25,7.5,8.25,False
37007082,8.4,7.0,7.2,7.25,5.25,6.5,0,0,0,True
37007083,5.8,5.75,5.0,4.75,6.0,6.25,0,0,0,True
37007084,5.8,4.75,5.6,0,0,0,6.75,5.5,8.5,False
37007085,7.6,5.25,6.0,0,0,0,8.25,8.0,9.25,False
37007086,8.4,7.0,5.6,8.5,7.5,6.25,0,0,0,True
37007087,6.8,7.25,4.8,5.25,6.5,5.25,0,0,0,True
37007088,5.8,6.75,5.4,0,0,0,7.25,7.5,7.25,False
37007089,6.4,7.5,5.0,0,0,0,6.75,7.0,9.25,False
37007090,6.4,7.5,5.8,0,0,0,8.0,7.5,8.75,False
37007091,4.4,5.25,6.8,0,0,0,6.25,5.75,7.0,False
37007092,7.2,6.25,8.6,8.0,7.0,8.0,0,0,0,True
37007093,8.2,7.0,8.2,0,0,0,7.75,8.0,9.5,False
37007094,4.8,6.75,5.2,0,0,0,7.5,6.75,8.25,False
37007095,6.6,6.75,4.6,6.5,7.5,5.25,0,0,0,True
37007096,7.6,6.25,5.0,0,0,0,7.5,6.0,7.5,False
37007097,8.2,6.5,6.0,8.5,7.25,6.0,0,0,0,True
37007098,8.0,6.25,7.4,7.75,7.25,7.25,0,0,0,True
37007099,6.6,5.0,5.6,0,0,0,6.75,6.5,8.5,False
37007100,8.0,7.75,8.4,0,0,0,7.5,8.0,8.5,False
37007101,5.4,7.0,7.2,0,0,0,7.0,6.75,8.25,False
37007102,6.4,7.5,7.8,0,0,0,7.25,6.25,9.0,False
37007103,6.0,7.25,6.0,0,0,0,5.75,7.5,8.75,False
37007104,7.4,8.0,6.6,0,0,0,7.0,7.75,9.5,False
37007105,8.2,7.25,6.2,0,0,0,7.75,8.5,9.25,False
37007106,7.8,8.0,8.2,0,0,0,6.0,8.25,9.25,False
37007107,7.2,7.5,7.4,0,0,0,6.0,5.75,8.25,False
37007108,7.8,7.0,6.0,0,0,0,7.75,9.0,9.5,False
37007109,5.4,6.25,7.0,0,0,0,6.75,8.0,7.75,False
37007110,6.6,5.75,6.6,0,0,0,7.75,6.25,7.25,False
37007111,8.0,6.25,7.6,7.5,8.0,6.25,0,0,0,True
37007112,7.8,6.75,6.4,0,0,0,7.0,7.5,9.5,False
37007113,7.4,5.75,5.4,0,0,0,7.25,7.0,7.25,False
37007114,6.8,7.5,6.2,0,0,0,7.5,8.0,8.75,False
37007115,6.8,6.25,7.0,5.25,7.0,6.75,0,0,0,True
37007116,6.8,6.0,5.8,0,0,0,6.5,5.5,6.75,False
37007117,6.2,7.0,6.0,0,0,0,7.5,7.0,9.75,False
37007118,7.8,7.5,5.8,0,0,0,7.75,7.5,8.75,False
37007119,5.4,6.25,5.6,0,0,0,6.5,6.0,7.5,False
37007120,7.8,7.25,7.0,7.0,6.75,6.5,0,0,0,True
37007121,7.4,7.0,5.8,7.5,6.75,6.75,0,0,0,True
37007122,8.4,7.5,7.8,7.75,5.0,6.0,0,0,0,True
37007123,6.6,6.25,4.6,0,0,0,6.75,7.25,7.75,False
37007124,7.6,7.75,7.0,8.25,8.25,7.5,0,0,0,True
37007125,8.0,8.0,7.0,7.25,6.75,6.25,0,0,0,True
37007126,6.4,6.5,2.4,0,0,0,6.5,6.0,6.5,False
37007127,6.0,7.75,6.4,0,0,0,6.75,6.5,9.0,False
37007128,4.2,6.0,5.0,0,0,0,7.75,7.25,8.75,False
37007129,7.4,6.0,7.8,7.25,4.0,6.25,0,0,0,True
37007130,5.6,5.0,4.6,0,0,0,7.0,6.25,6.75,False
37007131,7.6,7.25,5.2,4.75,5.5,6.75,0,0,0,True
37007132,5.6,6.0,4.4,0,0,0,7.0,4.75,6.75,False
37007133,5.8,6.0,7.6,0,0,0,6.25,7.75,7.75,False
37007134,6.2,5.5,5.6,0,0,0,7.25,6.5,7.5,False
37007135,7.2,5.25,5.6,0,0,0,5.75,6.75,8.75,False
37007136,7.8,7.0,7.4,8.0,6.5,6.5,0,0,0,True
37007137,7.2,5.75,5.4,0,0,0,7.5,6.5,8.75,False
37007138,6.4,7.5,4.6,0,0,0,7.25,7.5,9.5,False
37007139,8.0,6.25,5.0,8.5,8.75,6.5,0,0,0,True
37007140,7.0,7.25,6.8,0,0,0,7.5,7.5,8.75,False
37007141,7.2,6.5,6.4,0,0,0,7.75,7.75,8.0,False
37007142,3.6,5.5,2.4,0,0,0,5.0,5.25,7.5,False
37007143,5.2,6.0,5.8,0,0,0,7.0,8.0,8.75,False
37007144,8.0,8.0,8.0,9.5,7.5,6.5,0,0,0,True
37007145,5.2,4.5,6.0,0,0,0,6.25,7.0,7.75,False
37007146,7.0,7.5,7.4,0,0,0,9.0,8.25,9.5,False
37007147,7.4,6.5,8.2,8.25,10.0,8.25,0,0,0,True
37007148,4.4,6.0,3.8,0,0,0,6.0,5.25,7.25,False
37007149,8.0,6.25,4.8,6.0,5.75,7.5,0,0,0,True
37007150,5.0,7.0,4.0,0,0,0,6.5,7.25,8.5,False
37007151,6.6,7.0,5.0,0,0,0,9.25,7.75,9.25,False
37007152,6.4,6.25,6.0,0,0,0,7.0,6.5,8.75,False
37007153,6.0,6.5,4.4,0,0,0,6.0,6.75,8.0,False
37007154,5.2,6.0,3.6,0,0,0,8.0,7.0,8.0,False
37007155,5.4,7.25,4.8,0,0,0,7.0,8.25,9.5,False
37007156,8.2,6.5,6.8,7.25,8.5,6.75,0,0,0,True
37007157,2.6,5.25,6.0,0,0,0,7.5,7.0,5.5,False
37007158,6.2,6.5,4.8,0,0,0,6.5,7.5,8.75,False
37007159,5.2,7.25,3.8,0,0,0,7.0,7.25,9.0,False
37007160,8.2,6.75,5.4,0,0,0,8.5,8.5,9.5,False
37007161,8.0,7.0,6.0,8.0,8.25,4.5,0,0,0,True
37007162,6.6,6.0,5.2,0,0,0,6.5,5.25,8.25,False
37007163,7.2,7.75,5.4,6.0,7.5,6.5,0,0,0,True
37007164,8.4,8.0,8.4,0,0,0,8.25,8.0,9.25,False
37007165,6.8,7.0,7.4,8.25,8.0,6.0,0,0,0,True
37007166,3.4,5.75,3.2,0,0,0,7.75,6.75,8.0,False
37007167,5.4,5.5,5.0,0,0,0,6.0,7.0,7.25,False
37007168,8.6,7.75,7.2,8.5,8.5,7.5,0,0,0,True
37007169,4.6,7.75,5.8,0,0,0,8.25,8.25,9.0,False
37007170,5.0,6.0,3.4,0,0,0,4.75,5.5,5.75,False
37007171,6.0,5.75,8.0,0,0,0,0,0,0,False
37007172,7.4,6.5,3.0,7.75,8.0,6.25,0,0,0,True
37007173,3.8,3.5,3.8,0,0,0,8.25,6.75,8.25,False
37007174,4.4,4.25,3.6,0,0,0,6.25,4.75,6.75,False
37007175,5.2,6.5,2.8,0,0,0,6.75,6.0,7.25,False
37007176,7.6,6.25,3.8,6.75,7.5,6.25,0,0,0,True
37007177,5.2,5.75,4.4,0,0,0,6.75,6.75,6.25,False
37007178,7.2,6.5,7.0,5.75,7.75,7.5,0,0,0,True
37007179,7.2,6.25,6.6,0,0,0,7.0,7.0,8.25,False
37007180,7.8,7.0,7.4,6.5,6.0,7.75,0,0,0,True
37007181,3.8,7.0,4.4,0,0,0,7.0,6.0,8.75,False
37007182,4.8,7.0,4.8,0,0,0,7.0,6.25,8.0,False
37007183,5.0,6.5,5.2,0,0,0,6.0,6.75,8.25,False
37007184,9.0,8.0,6.6,8.25,8.5,6.75,0,0,0,True
37007185,8.2,8.0,8.6,8.0,7.75,6.75,0,0,0,True
37007186,4.6,6.75,5.2,0,0,0,5.5,6.0,7.75,False
37007187,6.6,6.75,6.0,0,0,0,7.5,7.25,8.25,False
37007188,5.6,7.5,4.4,0,0,0,7.0,7.0,8.5,False
37007189,5.6,6.0,3.8,0,0,0,7.75,7.25,6.75,False
37007190,6.8,7.0,6.8,0,0,0,7.25,6.5,8.5,False
37007191,7.8,7.75,6.4,7.25,7.5,8.0,0,0,0,True
37007192,7.2,5.0,6.0,7.0,7.0,5.75,0,0,0,True
37007193,7.4,6.75,6.0,0,0,0,6.5,6.25,7.75,False
37007194,7.4,7.25,6.0,7.75,6.75,6.75,0,0,0,True
37007195,8.0,7.75,8.4,6.0,8.5,6.5,0,0,0,True
37007196,7.2,5.5,5.2,5.25,7.5,7.25,0,0,0,True
37007197,5.4,4.75,6.6,0,0,0,5.5,5.0,7.25,False
37007198,5.4,7.0,4.2,0,0,0,7.25,8.0,8.75,False
37007199,6.4,5.5,5.2,0,0,0,7.25,8.25,7.75,False
37007200,4.8,6.75,3.6,0,0,0,7.0,6.0,8.0,False
37007201,8.6,6.25,4.8,8.25,8.5,6.5,0,0,0,True
37007202,6.0,3.5,1.8,0,0,0,6.0,6.5,7.75,False
37007203,3.6,5.5,2.2,0,0,0,7.25,3.75,8.0,False
37007204,5.6,5.75,3.0,0,0,0,7.25,6.75,8.25,False
37007205,5.2,7.0,3.8,0,0,0,7.5,6.25,9.0,False
37007206,7.0,7.75,5.6,0,0,0,6.5,6.5,7.75,False
37007207,7.0,7.25,5.6,5.5,4.0,5.75,0,0,0,True
37007208,4.2,7.25,4.4,0,0,0,6.25,6.5,7.5,False
37007209,8.0,7.5,5.6,4.5,8.25,8.0,0,0,0,True
37007210,6.8,7.0,3.4,0,0,0,6.5,7.0,7.75,False
37007211,2.2,3.0,2.6,0,0,0,7.0,4.75,6.25,False
37007213,5.6,7.0,4.0,0,0,0,7.0,7.75,8.5,False
37007214,7.8,8.25,6.8,6.75,7.75,8.0,0,0,0,True
37007215,7.6,6.5,5.8,0,0,0,6.25,7.75,8.0,False
37007216,5.2,5.5,4.2,0,0,0,4.5,5.5,5.0,False
37007217,6.6,4.75,5.2,0,0,0,6.5,7.25,7.75,False
37007218,6.4,6.0,4.0,0,0,0,6.75,6.75,8.0,False
37007219,5.2,5.0,6.0,0,0,0,6.75,8.0,8.75,False
37007220,7.2,6.0,6.6,7.5,7.0,5.75,0,0,0,True
37007221,8.6,7.5,7.0,8.75,8.5,7.5,0,0,0,True
37007222,7.8,6.25,6.2,7.5,7.5,4.75,0,0,0,True
37007223,7.2,6.75,6.0,0,0,0,7.0,6.25,8.5,False
37007224,5.2,6.75,4.6,0,0,0,6.75,6.5,9.0,False
37007225,7.6,7.5,4.8,0,0,0,8.0,7.75,8.5,False
37007226,6.6,5.5,4.6,0,0,0,6.5,6.5,8.0,False
37007227,5.4,5.25,3.8,0,0,0,7.0,7.25,7.25,False
37007228,6.2,6.25,5.2,0,0,0,5.75,6.75,8.0,False
37007229,3.8,7.25,5.6,0,0,0,8.0,8.0,8.5,False
37007230,5.6,7.75,4.4,0,0,0,6.0,6.75,8.5,False
37007231,7.0,7.0,3.2,0,0,0,7.75,7.5,8.75,False
37007232,6.8,6.5,4.8,0,0,0,8.0,7.5,9.25,False
37007233,6.4,7.25,4.0,0,0,0,8.0,9.25,9.5,False
37007234,6.8,6.75,4.0,0,0,0,5.0,8.25,9.25,False
37007235,6.8,7.5,6.6,6.5,5.75,6.0,0,0,0,True
37007236,4.0,5.0,5.2,0,0,0,6.25,4.5,8.75,False
37007237,5.2,4.75,5.0,0,0,0,7.0,6.5,7.5,False
37007238,3.4,6.0,4.8,0,0,0,7.5,6.5,8.5,False
37007239,6.0,7.25,6.8,0,0,0,6.5,7.0,9.25,False
37007240,7.6,8.25,7.8,0,0,0,7.5,9.25,9.25,False
37007241,7.2,8.0,5.0,0,0,0,7.0,7.75,8.25,False
37007242,6.6,6.25,3.8,0,0,0,5.25,4.75,6.75,False
37007243,8.2,5.75,5.6,8.25,7.75,5.5,0,0,0,True
37007244,7.2,5.75,5.6,8.25,6.0,5.25,0,0,0,True
37007245,2.4,6.0,6.4,0,0,0,7.25,6.25,7.75,False
37007246,6.8,6.5,6.2,0,0,0,8.0,6.5,7.75,False
37007247,8.0,8.0,7.8,0,0,0,8.75,8.75,9.5,False
37007248,5.4,7.0,5.8,0,0,0,7.5,7.5,7.75,False
37007249,8.2,7.5,6.6,8.0,7.0,7.25,0,0,0,True
37007250,8.4,7.25,8.0,8.0,8.75,7.25,0,0,0,True
37007251,5.2,7.5,6.8,0,0,0,7.25,6.75,7.0,False
37007252,5.6,7.5,6.0,0,0,0,6.5,7.5,8.5,False
37007253,5.8,5.0,5.6,0,0,0,7.25,6.0,7.75,False
37007254,5.4,6.75,5.4,0,0,0,5.75,6.25,8.25,False
37007255,5.4,6.5,4.8,0,0,0,7.0,6.75,7.75,False
37007256,4.4,7.25,4.6,0,0,0,8.0,7.0,7.75,False
37007257,6.6,5.25,5.4,0,0,0,8.25,4.5,7.25,False
37007258,8.0,7.0,6.4,8.5,7.0,6.75,0,0,0,True
37007259,4.4,8.5,6.2,0,0,0,7.5,8.25,8.75,False
37007260,5.0,7.75,6.4,0,0,0,6.5,7.75,6.75,False
37007261,9.0,8.0,7.6,6.5,8.5,8.75,0,0,0,True
37007262,8.6,6.5,6.4,7.75,10.0,6.25,0,0,0,True
37007263,7.8,7.25,8.0,0,0,0,7.75,7.75,8.75,False
37007264,5.0,6.25,5.4,0,0,0,6.25,7.0,8.75,False
37007265,5.4,6.5,5.6,0,0,0,6.5,5.5,6.5,False
37007266,8.2,8.0,8.6,7.25,5.25,6.75,0,0,0,True
37007267,8.0,8.0,8.6,8.0,9.0,8.75,0,0,0,True
37007268,6.4,7.5,7.8,0,0,0,8.25,8.0,8.5,False
37007269,2.8,4.5,3.4,0,0,0,6.25,6.25,7.0,False
37007270,8.4,7.0,7.4,6.75,10.0,8.75,0,0,0,True
37007271,5.0,5.25,4.2,0,0,0,8.75,5.0,7.5,False
37007272,6.4,6.5,5.4,7.0,7.0,7.75,0,0,0,True
37007273,7.6,7.0,6.0,0,0,0,9.0,8.5,9.0,False
37007274,7.8,6.25,5.6,0,0,0,8.0,7.0,7.75,False
37007275,7.2,7.25,5.8,0,0,0,9.0,8.75,9.25,False
37007276,7.4,6.75,7.8,0,0,0,7.0,8.5,8.5,False
37007277,7.0,7.25,6.8,0,0,0,6.25,7.5,7.5,False
37007278,6.2,6.0,6.8,0,0,0,6.25,7.0,8.0,False
37007279,6.0,6.0,4.4,0,0,0,6.25,4.25,8.25,False
37007280,6.0,7.0,7.0,0,0,0,7.25,6.5,8.75,False
37007281,7.4,6.0,6.6,0,0,0,7.5,7.75,8.25,False
37007282,8.2,4.75,8.6,8.75,9.0,7.25,0,0,0,True
37007283,6.2,7.5,5.8,0,0,0,8.25,8.25,8.25,False
37007284,5.6,6.0,4.2,0,0,0,5.25,6.5,7.5,False
37007285,5.8,6.5,2.8,0,0,0,7.5,6.75,8.25,False
37007286,6.0,6.5,5.0,0,0,0,7.25,5.0,6.0,False
37007287,5.0,6.5,4.8,0,0,0,6.0,7.25,9.0,False
37007288,6.0,6.0,6.0,0,0,0,5.75,6.25,7.5,False
37007289,7.4,8.25,7.6,5.0,5.5,7.25,0,0,0,True
37007290,8.0,6.5,6.6,0,0,0,7.75,7.25,7.75,False
37007291,7.0,7.0,5.8,0,0,0,9.0,8.5,9.25,False
37007292,4.8,5.0,4.4,0,0,0,8.0,6.75,7.5,False
37007293,7.8,8.0,7.4,0,0,0,7.5,6.0,9.0,False
37007294,7.4,5.75,6.2,0,0,0,7.0,6.75,7.5,False
37007295,8.4,6.0,4.8,8.5,9.25,5.25,0,0,0,True
37007296,6.8,6.25,4.4,5.0,7.75,8.5,0,0,0,True
37007297,7.0,6.0,4.2,0,0,0,7.25,6.25,8.25,False
37007298,8.2,6.5,4.8,7.25,8.0,6.5,0,0,0,True
37007299,7.4,5.25,3.8,0,0,0,6.25,7.0,8.5,False
37007300,7.0,2.75,3.0,0,0,0,6.75,5.75,6.25,False
37007301,4.0,3.5,3.6,0,0,0,6.75,6.75,7.5,False
37007302,8.2,6.25,5.8,7.75,8.5,7.0,0,0,0,True
37007303,7.2,7.25,5.4,0,0,0,7.5,7.0,8.0,False
37007304,7.6,7.75,7.4,0,0,0,8.75,8.25,9.0,False
37007305,5.6,5.5,4.4,0,0,0,6.75,7.25,8.0,False
37007306,7.8,5.25,8.4,8.25,6.0,7.0,0,0,0,True
37007307,6.0,5.0,6.6,0,0,0,6.25,6.25,7.75,False
37007308,6.2,8.25,8.0,0,0,0,8.0,8.25,8.75,False
37007309,4.6,6.0,5.4,0,0,0,6.75,7.25,7.0,False
37007310,7.2,7.5,6.0,0,0,0,7.25,7.0,9.25,False
37007311,6.4,6.5,7.4,0,0,0,5.25,4.25,6.0,False
37007312,7.8,6.25,8.4,7.0,7.5,7.75,0,0,0,True
37007313,6.8,6.75,6.6,0,0,0,7.25,6.25,7.0,False
37007314,8.6,7.0,8.6,8.25,8.25,7.75,0,0,0,True
37007315,7.0,5.25,6.8,7.75,8.25,8.0,0,0,0,True
37007316,8.6,4.0,8.8,8.5,7.75,7.25,0,0,0,True
37007317,8.4,7.75,7.4,7.5,8.25,8.0,0,0,0,True
37007318,7.8,5.5,5.8,8.0,7.75,5.75,0,0,0,True
37007319,7.0,6.5,6.4,0,0,0,7.25,7.5,8.5,False
37007320,6.8,5.5,5.4,0,0,0,7.25,7.5,7.75,False
37007321,7.8,5.5,5.6,0,0,0,8.25,7.25,8.5,False
37007322,7.8,3.75,5.4,0,0,0,8.5,7.25,9.0,False
37007323,4.8,6.0,3.0,0,0,0,6.0,4.25,7.0,False
37007324,7.2,5.5,6.0,0,0,0,6.25,7.5,8.0,False
37007325,8.4,6.0,6.2,0,0,0,7.75,5.5,8.25,False
37007326,8.2,5.25,6.8,0,0,0,8.25,5.5,8.75,False
37007327,7.0,7.75,8.6,7.5,6.75,6.0,0,0,0,True
37007328,8.2,7.5,5.2,9.0,7.75,8.5,0,0,0,True
37007329,7.0,4.25,5.2,0,0,0,6.0,6.0,5.75,False
37007330,7.6,6.25,5.6,6.75,8.0,6.0,0,0,0,True
37007331,7.2,7.0,6.0,0,0,0,7.5,7.75,8.5,False
37007332,7.2,8.0,6.0,0,0,0,8.5,8.25,8.5,False
37007333,4.2,6.75,4.6,0,0,0,7.5,7.25,7.75,False
37007334,6.0,5.5,6.4,0,0,0,6.25,5.5,8.75,False
37007335,7.0,4.75,6.6,0,0,0,5.0,4.5,6.25,False
37007336,6.8,6.0,6.2,0,0,0,6.75,5.75,8.25,False
37007337,6.2,5.75,6.6,0,0,0,7.25,7.0,9.0,False
37007338,5.8,6.25,5.2,0,0,0,5.75,7.75,6.75,False
37007339,6.6,5.75,6.0,0,0,0,6.5,5.5,7.5,False
37007340,7.8,8.0,6.8,0,0,0,8.25,7.25,8.5,False
37007341,7.0,6.0,6.2,0,0,0,7.0,7.5,8.25,False
37007342,7.8,7.0,6.8,0,0,0,6.25,6.5,8.5,False
37007343,7.8,8.0,7.0,0,0,0,7.75,6.0,8.25,False
37007344,5.8,7.5,6.2,0,0,0,6.25,6.0,7.5,False
37007345,6.6,5.5,6.0,0,0,0,5.75,4.5,6.5,False
37007346,5.6,4.5,5.8,0,0,0,6.25,5.75,7.25,False
37007347,7.0,3.75,7.8,0,0,0,6.0,4.5,7.75,False
37007348,9.0,7.0,8.2,8.75,8.5,7.25,0,0,0,True
37007349,7.8,7.5,7.0,8.75,7.5,7.75,0,0,0,True
37007350,6.0,5.75,6.8,0,0,0,5.75,6.5,7.5,False
37007351,6.4,7.25,5.8,0,0,0,7.5,7.5,8.5,False
37007352,7.0,7.0,6.6,0,0,0,7.0,8.25,9.5,False
37007353,6.0,6.5,6.0,0,0,0,6.75,6.0,8.5,False
37007354,6.4,4.75,6.6,0,0,0,6.25,3.75,7.75,False
37007355,6.8,5.75,6.0,0,0,0,5.5,5.0,7.25,False
37007356,6.2,5.75,6.0,0,0,0,7.0,4.75,7.5,False
37007357,8.2,6.75,8.2,7.75,7.25,7.0,0,0,0,True
37007358,7.6,7.0,7.6,8.75,9.0,8.0,0,0,0,True
37007359,5.8,6.75,5.6,0,0,0,6.75,8.5,8.0,False
37007360,7.2,7.0,6.2,0,0,0,7.25,7.0,9.0,False
37007361,6.4,6.5,2.6,0,0,0,8.0,7.75,8.25,False
37007362,6.0,6.5,4.6,0,0,0,6.0,6.5,7.0,False
37007363,5.8,7.5,3.6,0,0,0,8.75,6.25,9.0,False
37007364,6.4,6.75,8.0,0,0,0,5.25,6.25,8.0,False
37007365,8.2,7.5,7.4,0,0,0,6.75,7.5,7.5,False
37007366,8.6,8.75,8.6,0,0,0,7.0,9.0,9.0,False
37007367,7.2,7.5,5.2,5.5,6.5,7.5,0,0,0,True
37007368,7.4,8.25,8.8,7.25,6.75,6.5,0,0,0,True
37007369,7.6,7.5,5.6,5.0,7.75,7.25,0,0,0,True
37007370,6.2,7.0,5.6,0,0,0,6.25,6.0,7.25,False
37007371,7.0,6.75,7.0,5.0,5.5,5.25,0,0,0,True
37007372,5.0,7.75,5.8,0,0,0,7.5,6.0,8.75,False
37007373,7.8,7.0,8.8,0,0,0,8.0,8.75,9.5,False
37007374,8.0,6.75,8.6,9.25,7.5,8.5,0,0,0,True
37007375,7.6,8.0,8.8,0,0,0,7.0,7.75,8.0,False
37007376,8.4,6.25,7.4,9.5,7.75,7.25,0,0,0,True
37007377,5.8,8.0,6.2,0,0,0,7.0,7.25,7.5,False
37007378,5.2,4.0,5.2,0,0,0,7.25,6.25,7.0,False
37007379,8.2,6.75,6.0,7.75,8.0,8.0,0,0,0,True
37007380,6.0,6.25,4.8,0,0,0,6.75,5.5,6.5,False
37007381,4.8,5.75,5.8,0,0,0,6.5,8.0,7.0,False
37007382,5.8,6.0,6.8,0,0,0,6.0,6.0,7.75,False
37007383,5.8,7.0,6.4,0,0,0,7.75,7.5,9.0,False
37007384,3.2,6.75,7.0,0,0,0,6.0,6.25,7.25,False
37007385,6.8,7.25,5.8,0,0,0,6.0,7.0,7.75,False
37007386,7.4,5.75,4.4,0,0,0,6.75,5.75,7.75,False
37007387,4.2,5.75,4.8,0,0,0,5.25,3.75,4.75,False
37007388,6.2,5.0,3.2,0,0,0,7.25,7.75,7.25,False
37007389,7.4,6.0,4.6,0,0,0,7.5,7.75,8.75,False
37007390,7.6,7.5,4.2,8.5,8.0,4.75,0,0,0,True
37007391,5.8,6.5,7.2,0,0,0,8.25,7.75,7.5,False
37007392,5.8,5.0,4.4,0,0,0,6.5,6.5,6.75,False
37007393,7.6,6.5,4.6,0,0,0,7.0,5.75,6.75,False
37007394,8.8,8.25,8.6,0,0,0,7.75,8.5,8.75,False
37007395,5.8,6.75,5.6,0,0,0,7.0,6.5,8.75,False
37007396,7.4,6.75,4.4,0,0,0,6.75,8.0,8.0,False
37007397,7.0,7.75,6.2,0,0,0,8.5,9.25,9.5,False
37007398,8.4,8.75,6.6,0,0,0,9.5,9.25,9.0,False
37007399,6.6,7.0,6.0,7.0,7.25,7.0,0,0,0,True
37007400,6.6,8.75,6.6,0,0,0,8.25,7.75,8.5,False
37007401,8.4,6.5,6.8,7.25,8.0,7.5,0,0,0,True
37007402,8.0,6.75,6.2,0,0,0,5.75,5.0,7.0,False
37007403,6.2,7.75,5.6,0,0,0,7.0,8.0,8.75,False
37007404,4.6,6.75,4.4,0,0,0,7.25,7.75,8.5,False
37007405,5.2,6.75,6.8,0,0,0,7.75,7.0,8.75,False
37007406,6.8,6.5,6.0,0,0,0,7.0,7.75,8.5,False
37007407,6.8,7.0,7.0,0,0,0,6.0,7.0,8.5,False
37007408,6.0,6.75,7.0,0,0,0,6.5,6.5,8.5,False
37007409,8.2,6.75,6.2,0,0,0,7.0,6.25,9.0,False
37007410,8.2,5.75,6.8,8.75,8.25,7.5,0,0,0,True
37007411,8.2,5.75,5.6,8.75,8.75,8.0,0,0,0,True
37007412,6.2,6.25,6.2,0,0,0,7.5,7.5,9.25,False
37007413,7.2,8.0,7.0,5.0,5.25,6.0,0,0,0,True
37007414,7.8,7.0,6.2,7.25,7.0,6.5,0,0,0,True
37007415,5.6,6.75,6.8,0,0,0,6.5,8.5,8.5,False
37007416,6.6,6.75,5.2,0,0,0,6.5,8.5,8.25,False
37007417,7.2,6.0,5.2,0,0,0,5.75,6.0,7.75,False
37007418,8.2,7.5,8.4,6.0,8.0,6.5,0,0,0,True
37007419,4.6,5.25,5.8,0,0,0,6.25,5.75,7.25,False
37007420,6.4,6.0,4.8,0,0,0,7.75,8.0,8.25,False
37007421,3.4,5.75,2.8,0,0,0,5.75,7.25,7.5,False
37007422,3.0,5.0,5.0,0,0,0,7.0,6.0,7.25,False
37007423,7.0,6.0,4.6,7.5,7.75,7.5,0,0,0,True
37007424,5.6,5.75,5.0,0,0,0,7.25,5.75,8.25,False
37007425,8.8,7.0,5.8,6.0,7.75,6.75,0,0,0,True
37007426,7.2,6.5,5.6,8.0,6.25,7.5,0,0,0,True
37007427,5.2,6.0,3.6,0,0,0,7.0,6.0,8.0,False
37007428,6.6,6.0,6.4,0,0,0,6.5,7.25,7.75,False
37007429,5.0,6.25,5.6,0,0,0,6.5,6.75,7.5,False
37007430,7.4,7.0,7.0,6.5,7.0,8.0,0,0,0,True
37007431,8.0,7.25,5.8,0,0,0,7.5,8.75,9.25,False
37007432,6.0,8.0,6.4,0,0,0,8.5,8.75,8.0,False
37007433,7.6,6.5,6.0,0,0,0,6.25,7.75,8.25,False
37007434,6.2,7.25,5.0,0,0,0,5.5,7.0,7.0,False
37007435,7.0,8.25,6.6,0,0,0,9.0,9.5,9.5,False
37007436,6.2,6.0,7.0,5.75,5.25,6.25,0,0,0,True
37007437,7.4,4.0,7.0,0,0,0,6.5,8.75,8.5,False
37007438,8.0,7.0,7.0,7.75,6.5,6.5,0,0,0,True
37007439,7.2,7.0,6.8,0,0,0,7.0,7.75,8.75,False
37007440,7.6,8.5,9.2,7.75,7.75,7.25,0,0,0,True
37007441,7.0,5.5,6.2,0,0,0,7.5,6.0,7.5,False
37007442,7.6,6.25,4.4,4.75,6.25,6.0,0,0,0,True
37007443,7.2,3.75,5.0,0,0,0,6.75,6.0,5.5,False
37007444,8.4,5.75,6.4,8.75,8.75,8.0,0,0,0,True
37007445,8.4,6.0,6.4,7.5,7.75,7.25,0,0,0,True
37007446,7.6,6.5,6.2,0,0,0,7.0,7.5,8.75,False
37007447,7.8,7.0,9.2,8.0,7.25,8.0,0,0,0,True
37007448,8.2,7.5,6.6,6.5,5.5,5.75,0,0,0,True
37007449,6.8,7.5,6.0,0,0,0,8.75,9.25,9.25,False
37007450,8.0,7.0,6.0,8.0,8.5,6.75,0,0,0,True
37007451,9.0,8.0,5.4,5.25,8.5,8.0,0,0,0,True
37007452,3.4,5.25,3.6,0,0,0,4.75,5.75,6.5,False
37007453,7.2,7.25,5.8,0,0,0,6.75,7.0,8.75,False
37007454,7.4,5.25,5.2,0,0,0,7.0,8.0,7.75,False
37007455,6.0,5.0,5.8,0,0,0,4.5,6.25,5.75,False
37007456,6.8,6.25,6.2,0,0,0,6.0,5.5,8.75,False
37007457,6.0,7.0,7.6,0,0,0,7.5,7.0,8.75,False
37007458,5.8,5.75,6.0,3.75,6.25,7.0,0,0,0,True
37007459,5.6,7.25,6.2,0,0,0,7.5,7.25,9.25,False
37007460,6.8,7.75,6.8,0,0,0,6.5,7.0,8.25,False
37007461,7.8,7.0,7.8,0,0,0,6.75,7.0,7.75,False
37007462,8.2,7.25,8.2,7.0,6.5,7.75,0,0,0,True
37007463,7.2,8.0,9.2,7.5,5.0,6.0,0,0,0,True
37007464,5.0,5.0,7.6,0,0,0,6.0,6.75,6.0,False
37007465,6.8,6.5,7.2,0,0,0,5.75,6.25,6.75,False
37007466,6.4,7.75,6.4,0,0,0,7.25,6.5,7.5,False
37007467,6.0,6.5,4.4,7.0,7.0,6.0,0,0,0,True
37007468,7.0,7.25,6.4,7.0,7.5,5.5,0,0,0,True
37007469,8.0,7.0,8.6,7.5,7.75,5.75,0,0,0,True
37007470,7.6,6.25,6.0,0,0,0,6.75,7.25,8.0,False
37007471,7.6,7.5,8.4,7.5,6.75,7.0,0,0,0,True
37007472,6.4,7.0,5.4,0,0,0,7.0,7.75,9.25,False
37007473,5.8,6.5,5.0,0,0,0,7.25,7.5,8.75,False
37007474,5.6,3.75,5.4,0,0,0,5.25,6.75,7.5,False
37007475,6.2,6.25,5.2,0,0,0,6.0,5.0,7.0,False
37007476,7.2,5.5,5.8,0,0,0,7.25,6.75,6.75,False
37007477,7.0,6.0,6.0,6.0,7.0,4.75,0,0,0,True
37007478,3.6,6.75,3.0,0,0,0,7.0,6.75,9.0,False
37007479,7.6,6.75,4.8,7.0,7.25,5.5,0,0,0,True
37007480,7.4,8.5,6.2,0,0,0,8.0,8.25,9.5,False
37007481,7.8,7.25,4.8,8.0,8.25,5.5,0,0,0,True
37007482,8.4,7.25,7.2,7.75,7.0,5.25,0,0,0,True
37007483,7.4,7.5,5.4,0,0,0,8.0,7.75,9.25,False
37007484,5.0,4.5,3.6,0,0,0,6.25,6.5,7.0,False
37007485,6.2,6.75,5.4,0,0,0,8.75,6.5,7.5,False
37007486,7.2,8.0,7.4,0,0,0,8.5,9.0,7.5,False
37007487,6.0,7.75,6.2,0,0,0,7.5,7.25,9.5,False
37007488,7.0,6.75,7.2,0,0,0,7.0,7.25,7.25,False
37007489,7.2,6.5,6.0,0,0,0,8.5,9.0,8.0,False
37007490,6.2,6.0,6.4,0,0,0,8.0,8.0,9.0,False
37007491,6.6,5.25,7.2,0,0,0,6.75,6.0,8.25,False
37007492,7.6,5.5,6.6,8.0,7.0,7.5,0,0,0,True
37007493,8.0,6.5,7.4,9.0,8.5,6.25,0,0,0,True
37007494,4.6,6.5,4.4,0,0,0,8.0,6.75,7.75,False
37007495,6.2,6.0,4.6,0,0,0,7.0,6.0,8.0,False
37007496,7.2,6.25,4.6,7.0,6.5,8.5,0,0,0,True
37007497,6.6,5.75,5.6,0,0,0,6.5,7.25,7.5,False
37007498,5.8,6.0,6.0,0,0,0,5.0,5.75,8.75,False
37007499,5.4,6.5,4.6,0,0,0,6.0,7.25,7.5,False
37007500,7.4,6.75,4.8,6.5,6.5,7.25,0,0,0,True
37007501,6.0,7.5,4.2,0,0,0,6.75,6.75,6.5,False
37007502,5.8,7.0,4.4,0,0,0,6.0,5.0,6.25,False
37007503,6.4,7.25,4.4,0,0,0,7.25,7.75,7.5,False
37007504,5.8,5.0,4.4,0,0,0,7.0,7.25,7.75,False
37007505,5.4,6.25,3.8,0,0,0,5.0,6.75,7.5,False
37007506,6.2,7.75,5.2,0,0,0,6.5,6.75,8.5,False
37007507,6.4,8.5,7.6,3.5,7.0,5.75,0,0,0,True
37007508,6.8,7.0,6.2,4.5,7.25,6.5,0,0,0,True
37007509,8.0,8.25,5.6,0,0,0,6.75,7.0,8.5,False
37007510,8.6,8.25,5.2,7.0,7.5,6.75,0,0,0,True
37007511,7.4,6.75,6.2,0,0,0,8.75,8.75,8.5,False
37007512,5.2,6.0,3.4,0,0,0,5.25,6.5,7.0,False
37007513,6.8,7.25,4.0,0,0,0,6.75,6.75,8.25,False
37007514,8.4,7.0,4.8,8.75,9.0,7.25,0,0,0,True
37007515,7.0,7.5,3.8,0,0,0,7.75,8.0,8.75,False
37007516,5.6,6.0,4.2,0,0,0,8.0,8.25,8.5,False
37007517,6.6,6.25,4.0,0,0,0,6.5,8.0,7.5,False
37007518,6.8,7.0,3.8,0,0,0,5.5,8.0,7.75,False
37007519,7.4,5.75,3.8,0,0,0,6.5,6.5,8.0,False
37007520,4.8,5.75,6.6,0,0,0,7.25,8.25,8.25,False
37007521,8.6,8.25,8.2,8.25,5.5,6.25,0,0,0,True
37007522,8.0,7.25,6.0,0,0,0,7.25,8.75,9.75,False
37007523,7.4,7.25,5.0,7.25,8.0,5.5,0,0,0,True
37007524,6.6,5.5,3.8,0,0,0,7.5,7.75,6.75,False
37007525,5.4,4.0,4.2,0,0,0,8.25,8.25,7.0,False
37007526,7.4,6.5,4.8,0,0,0,7.5,7.5,7.25,False
37007527,7.8,5.25,3.4,0,0,0,8.25,8.75,7.75,False
37007528,5.6,4.75,4.0,4.5,5.5,5.0,0,0,0,True
37007529,4.6,3.25,4.2,0,0,0,7.75,5.5,6.75,False
37007530,6.4,8.0,4.0,0,0,0,8.25,8.0,6.25,False
37007531,6.6,7.0,6.2,0,0,0,8.0,9.0,8.25,False
37007532,8.4,7.5,6.4,5.25,8.75,8.5,0,0,0,True
37007533,7.4,5.5,6.8,0,0,0,7.0,7.0,9.0,False
37007534,8.0,7.25,8.2,6.25,8.75,7.0,0,0,0,True
37007535,4.2,6.75,4.4,0,0,0,6.5,7.0,8.0,False
37007536,2.4,5.75,3.4,0,0,0,3.0,5.5,5.25,False
37007537,3.6,3.25,2.6,0,0,0,3.5,5.0,7.25,False
37007538,6.0,6.5,5.4,4.75,4.75,3.5,0,0,0,True
37007539,4.6,8.5,4.4,0,0,0,9.5,9.5,9.0,False
37007540,5.8,7.5,5.8,0,0,0,7.25,8.5,9.0,False
37007541,6.4,7.25,6.0,0,0,0,7.5,8.5,9.5,False
37007542,7.0,7.75,6.2,0,0,0,7.25,8.5,9.5,False
37007543,6.0,5.5,3.0,0,0,0,7.25,8.5,6.0,False
37007544,7.8,6.75,5.4,6.25,7.25,5.25,0,0,0,True
37007545,3.0,6.5,4.8,0,0,0,4.5,5.75,7.25,False
37007546,3.8,6.25,4.0,0,0,0,6.75,7.25,7.5,False
37007547,6.4,5.0,4.8,5.75,5.0,4.0,0,0,0,True
37007548,7.0,6.0,4.2,7.5,8.5,5.75,0,0,0,True
37007549,8.6,7.0,8.4,8.5,8.5,7.75,0,0,0,True
37007550,6.8,6.75,7.4,6.0,4.75,5.5,0,0,0,True
37007551,4.2,5.75,4.0,0,0,0,7.75,7.75,7.5,False
37007552,5.0,6.0,3.4,0,0,0,7.0,6.5,7.5,False
37007553,4.8,5.25,4.6,0,0,0,8.25,8.0,8.0,False
37007554,4.2,7.0,3.0,0,0,0,7.25,9.25,7.75,False
37007555,3.8,7.25,4.2,0,0,0,7.0,8.25,8.25,False
37007556,8.4,7.75,5.0,8.25,9.0,5.0,0,0,0,True
37007557,5.2,5.0,5.2,0,0,0,5.25,8.25,7.75,False
37007558,7.4,7.75,8.0,7.75,5.0,7.0,0,0,0,True
37007559,6.2,5.5,3.6,0,0,0,6.0,6.75,9.5,False
37007560,5.4,5.75,4.0,0,0,0,4.75,6.5,7.25,False
37007561,7.8,5.75,8.8,8.0,6.5,4.25,0,0,0,True
37007562,6.8,6.25,2.8,0,0,0,4.5,8.75,7.5,False
37007563,6.8,5.25,3.6,4.0,5.0,3.75,0,0,0,True
37007564,7.0,6.25,3.2,0,0,0,5.0,7.25,6.75,False
37007565,5.4,6.0,3.0,0,0,0,5.75,8.0,7.75,False
37007566,7.2,7.5,5.6,0,0,0,7.75,8.5,9.25,False
37007567,7.6,6.5,5.4,0,0,0,7.5,7.5,8.25,False
37007568,7.4,7.5,3.2,7.5,8.75,6.25,0,0,0,True
37007569,8.0,6.25,5.4,8.25,8.25,4.75,0,0,0,True
37007570,8.0,6.0,7.2,8.75,8.0,6.25,0,0,0,True
37007571,3.4,5.75,5.6,0,0,0,7.0,8.25,8.0,False
37007572,5.2,8.25,6.8,0,0,0,7.75,8.5,8.25,False
37007573,6.6,6.25,3.8,0,0,0,8.25,9.0,8.75,False
37007574,6.6,6.25,3.2,0,0,0,7.75,8.25,8.25,False
37007575,6.8,7.25,6.8,0,0,0,8.25,8.5,8.5,False
37007576,3.6,7.0,5.8,0,0,0,5.25,8.5,9.25,False
37007577,8.2,7.0,6.4,8.5,6.25,3.75,0,0,0,True
37007578,7.4,7.75,5.2,7.75,7.25,6.5,0,0,0,True
37007579,6.4,7.25,3.4,0,0,0,7.0,7.75,7.75,False
37007580,6.8,5.5,2.4,3.75,6.25,5.0,0,0,0,True
37007581,5.8,5.0,3.2,6.25,5.5,2.5,0,0,0,True
37007582,6.4,5.5,4.0,0,0,0,4.5,4.0,4.5,False
37007583,8.4,6.5,3.6,8.25,7.5,6.0,0,0,0,True
37007584,5.4,5.25,3.4,0,0,0,5.75,7.0,8.5,False
37007585,5.8,6.25,4.6,0,0,0,6.25,7.75,7.75,False
37007586,7.4,6.75,5.6,0,0,0,6.25,9.0,7.75,False
37007587,6.8,6.75,3.0,8.25,8.0,5.5,0,0,0,True
37007588,6.6,5.5,5.0,0,0,0,5.75,6.75,8.25,False
37007589,8.4,7.0,4.2,7.25,8.0,5.5,0,0,0,True
37007590,8.4,4.0,6.8,3.25,9.5,8.75,0,0,0,True
37007591,6.8,7.0,5.2,7.75,7.75,7.0,0,0,0,True
37007592,6.8,7.25,7.0,6.25,7.5,7.0,0,0,0,True
37007593,7.2,6.0,4.6,0,0,0,6.5,7.75,8.5,False
37007594,7.0,5.25,4.0,5.25,7.0,7.0,0,0,0,True
37007595,4.4,5.5,2.6,0,0,0,5.5,7.25,7.5,False
37007596,7.2,6.75,5.4,5.75,6.5,5.5,0,0,0,True
37007597,6.6,7.75,4.6,7.0,8.5,7.5,0,0,0,True
37007598,3.6,6.0,2.6,0,0,0,7.0,7.0,7.25,False
37007599,5.2,5.75,4.8,0,0,0,7.25,6.0,6.0,False
37007600,5.6,6.75,3.4,0,0,0,6.75,8.25,7.25,False
37007601,8.6,8.5,8.4,8.75,7.75,8.0,0,0,0,True
37007602,4.6,7.0,4.2,0,0,0,4.25,6.0,6.75,False
37007603,5.8,5.75,5.0,0,0,0,6.25,8.0,8.25,False
37007604,3.6,7.5,3.4,0,0,0,6.0,8.0,5.75,False
37007605,6.6,7.5,6.0,0,0,0,6.5,7.75,7.25,False
37007606,8.4,8.75,9.0,7.25,5.75,6.75,0,0,0,True
37007607,6.8,6.5,5.4,0,0,0,8.0,8.25,7.0,False
37007608,6.2,6.0,5.4,0,0,0,4.5,8.0,8.0,False
37007609,3.6,5.25,4.8,0,0,0,4.5,5.0,4.75,False
37007610,6.8,5.25,4.0,0,0,0,6.0,7.25,6.25,False
37007611,8.2,6.5,4.0,0,0,0,8.75,8.75,8.75,False
37007612,6.6,6.25,5.2,0,0,0,7.5,8.75,8.0,False
37007613,5.8,5.5,3.0,0,0,0,7.75,9.0,7.25,False
37007614,7.4,6.75,3.6,6.0,6.5,6.0,0,0,0,True
37007615,4.6,6.5,3.8,0,0,0,6.25,7.75,8.0,False
37007616,5.0,6.0,3.8,0,0,0,5.25,8.25,6.0,False
37007617,6.4,6.0,2.8,5.25,4.75,4.75,0,0,0,True
37007618,5.6,4.25,2.0,0,0,0,5.5,6.75,6.25,False
37007619,6.0,6.75,4.6,0,0,0,8.75,7.75,7.75,False
37007620,6.4,6.75,5.4,0,0,0,8.0,9.0,8.75,False
37007621,2.8,6.0,3.4,0,0,0,8.0,8.75,8.5,False
37007622,7.6,6.5,6.8,7.5,9.5,8.5,0,0,0,True
37007623,5.4,4.25,4.0,0,0,0,5.5,6.0,7.5,False
37007624,5.6,5.25,3.8,0,0,0,7.0,8.0,8.0,False
37007625,7.6,4.0,3.6,7.75,8.75,4.0,0,0,0,True
37007626,8.6,7.25,7.2,7.5,8.25,6.5,0,0,0,True
37007627,6.0,6.5,2.8,0,0,0,6.0,6.75,8.5,False
37007628,6.2,6.75,5.2,0,0,0,5.0,7.0,6.5,False
37007629,4.8,6.25,4.6,0,0,0,4.5,7.5,6.75,False
37007631,8.4,7.5,8.4,7.75,8.75,5.0,0,0,0,True
37007632,7.6,8.5,7.2,7.0,8.5,6.25,0,0,0,True
37007633,6.0,8.0,7.0,0,0,0,6.75,7.0,8.25,False
37007634,5.8,5.75,5.6,0,0,0,6.25,5.5,7.5,False
37007635,7.4,6.5,8.8,7.25,8.5,6.5,0,0,0,True
37007636,8.6,6.25,4.2,7.0,7.75,6.0,0,0,0,True
37007637,4.8,6.25,3.0,0,0,0,6.0,8.0,8.25,False
37007638,5.8,6.0,4.2,0,0,0,7.0,7.75,8.0,False
37007639,5.8,6.5,3.4,0,0,0,5.75,7.25,8.0,False
37007640,7.0,5.5,4.0,0,0,0,6.0,8.25,8.0,False
37007641,5.8,6.25,4.0,0,0,0,8.5,8.75,9.0,False
37007642,6.4,5.75,5.0,0,0,0,4.5,5.5,7.0,False
37007643,8.0,6.5,3.6,8.0,7.0,4.75,0,0,0,True
37007644,2.6,5.5,2.8,0,0,0,5.25,7.0,7.25,False
37007645,5.0,6.5,3.6,0,0,0,5.75,7.5,8.0,False
37007646,5.8,7.0,4.0,0,0,0,7.0,8.75,8.25,False
37007647,7.0,8.25,5.6,6.5,7.25,6.25,0,0,0,True
37007648,4.8,6.75,5.4,0,0,0,7.75,8.0,8.5,False
37007649,5.0,5.75,3.2,0,0,0,4.75,7.5,5.25,False
37007650,6.0,8.5,5.4,0,0,0,8.5,9.5,8.0,False
37007651,8.8,8.0,3.8,7.5,6.5,4.5,0,0,0,True
37007652,7.6,8.0,5.2,8.5,8.5,6.25,0,0,0,True
37007653,7.2,8.0,4.6,9.5,7.75,5.0,0,0,0,True
37007654,4.8,5.0,4.6,0,0,0,5.75,7.75,5.5,False
37007655,5.8,4.5,4.0,0,0,0,3.75,6.0,5.75,False
37007656,7.8,7.25,7.4,8.25,4.75,7.0,0,0,0,True
37007657,7.6,7.25,7.4,0,0,0,8.0,9.25,8.5,False
37007658,8.0,6.25,7.4,8.0,5.25,5.0,0,0,0,True
37007659,6.8,8.0,6.6,0,0,0,8.0,8.25,9.0,False
37007660,8.2,6.75,5.0,6.5,8.25,7.0,0,0,0,True
37007661,7.8,7.25,5.2,7.25,7.25,5.25,0,0,0,True
37007662,8.4,7.0,6.2,8.5,8.0,5.25,0,0,0,True
37007663,4.6,4.25,4.2,0,0,0,3.25,4.0,6.75,False
37007664,2.8,5.75,3.8,0,0,0,5.5,8.0,8.5,False
37007665,3.0,5.0,2.2,0,0,0,3.25,6.25,7.0,False
37007666,6.2,5.25,2.6,0,0,0,5.5,7.25,8.0,False
37007667,8.2,5.75,4.6,7.75,8.0,4.75,0,0,0,True
37007668,7.8,7.5,7.4,0,0,0,0,0,0,False
37007669,6.6,6.0,5.0,6.5,7.0,5.0,0,0,0,True
37007670,4.6,4.25,4.0,0,0,0,6.5,7.25,6.75,False
37007671,6.0,7.0,4.2,0,0,0,8.0,9.25,9.5,False
37007672,5.0,8.0,3.6,0,0,0,8.25,8.5,9.0,False
37007673,8.0,6.25,7.8,0,0,0,7.25,8.0,9.25,False
37007674,5.2,7.75,3.6,0,0,0,9.0,7.5,8.75,False
37007675,3.0,4.0,3.4,0,0,0,6.0,3.25,5.0,False
37007676,3.0,4.5,2.8,0,0,0,3.75,7.0,6.75,False
37007677,5.4,6.0,2.2,0,0,0,5.5,7.25,7.5,False
37007678,8.2,6.75,3.2,5.75,7.0,5.75,0,0,0,True
37007679,5.6,6.75,5.0,0,0,0,5.0,7.5,8.5,False
37007680,7.0,8.0,5.8,0,0,0,5.5,7.25,7.5,False
37007681,6.2,6.5,6.0,0,0,0,7.25,8.5,8.0,False
37007682,7.4,8.0,8.4,6.25,5.5,5.75,0,0,0,True
37007683,7.4,7.5,6.6,7.5,8.75,6.25,0,0,0,True
37007684,7.6,5.5,5.6,7.25,7.75,6.5,0,0,0,True
37007685,4.6,4.5,5.2,0,0,0,6.0,7.25,4.75,False
37007686,6.6,5.75,6.2,6.75,8.5,5.25,0,0,0,True
37007687,8.0,6.25,4.6,7.5,7.5,4.25,0,0,0,True
37007688,6.6,8.0,7.0,0,0,0,7.75,7.5,8.25,False
37007689,6.0,8.0,6.4,0,0,0,7.25,9.0,8.5,False
37007690,6.0,8.5,4.0,0,0,0,8.75,9.0,9.0,False
37007691,5.4,7.75,4.8,6.5,7.25,4.0,0,0,0,True
37007692,5.8,7.0,5.2,0,0,0,7.75,9.0,9.0,False
37007693,8.4,6.75,4.2,8.5,7.25,3.5,0,0,0,True
37007694,8.0,7.25,6.4,8.0,9.0,4.75,0,0,0,True
37007695,3.0,5.0,3.2,0,0,0,6.0,7.0,6.5,False
37007696,5.6,7.75,4.8,0,0,0,8.25,8.75,8.25,False
37007697,8.6,8.25,5.6,8.0,8.75,6.0,0,0,0,True
37007698,3.4,8.0,4.2,0,0,0,8.5,8.75,6.5,False
37007699,6.6,7.0,7.6,0,0,0,8.0,9.0,8.25,False
37007700,6.8,7.75,4.2,0,0,0,8.75,9.75,8.5,False
37007701,8.8,5.5,2.8,8.75,9.25,6.5,0,0,0,True
37007702,4.8,6.0,4.4,0,0,0,4.75,6.25,7.75,False
37007703,7.8,7.5,4.8,0,0,0,9.25,8.5,8.75,False
37007704,3.8,7.0,4.4,0,0,0,5.0,5.25,6.25,False
37007705,4.4,4.5,4.2,0,0,0,5.5,7.25,7.25,False
37007706,7.2,8.0,8.8,0,0,0,8.25,9.25,9.0,False
37007707,4.2,6.25,6.6,0,0,0,5.0,7.5,7.75,False
37007708,6.4,8.5,5.8,0,0,0,8.25,9.25,9.25,False
37007709,6.6,8.5,7.2,5.75,5.0,7.0,0,0,0,True
37007710,7.4,4.25,3.0,5.5,6.5,5.0,0,0,0,True
37007711,4.4,5.75,5.4,0,0,0,5.5,6.0,5.75,False
37007712,9.0,7.75,7.2,8.5,7.0,6.75,0,0,0,True
37007713,6.6,6.25,6.2,0,0,0,5.0,6.25,6.75,False
37007714,7.4,7.0,9.2,8.0,6.25,6.5,0,0,0,True
37007715,5.0,4.0,4.0,0,0,0,4.0,6.5,5.75,False
37007716,5.0,5.0,4.6,0,0,0,7.75,7.75,8.5,False
37007717,7.6,6.25,5.2,6.75,7.25,5.5,0,0,0,True
37007718,8.2,6.5,6.4,7.5,8.25,6.75,0,0,0,True
37007719,4.4,5.75,2.4,0,0,0,7.0,8.5,8.5,False
37007720,4.4,3.0,4.0,0,0,0,4.75,5.25,6.75,False
37007721,8.0,8.0,7.8,7.0,5.5,5.25,0,0,0,True
37007722,8.6,6.75,5.4,7.0,6.75,6.0,0,0,0,True
37007723,7.4,7.75,7.8,0,0,0,9.75,9.25,9.75,False
37007724,6.8,6.25,4.8,6.75,7.25,6.0,0,0,0,True
37007725,6.6,7.75,4.8,0,0,0,6.5,7.5,8.25,False
37007726,5.8,6.0,4.6,0,0,0,7.25,7.75,6.75,False
37007727,6.8,4.5,4.2,0,0,0,7.75,8.0,7.75,False
37007728,6.2,7.0,4.8,5.75,7.25,6.0,0,0,0,True
37007729,6.4,5.0,3.8,0,0,0,7.75,8.25,9.0,False
37007730,7.2,7.5,5.8,7.0,7.75,5.25,0,0,0,True
37007731,4.0,6.75,4.6,5.0,4.25,4.25,0,0,0,True
37007732,6.2,7.25,4.8,0,0,0,8.75,9.0,9.25,False
37007733,5.4,5.0,5.4,0,0,0,5.75,8.0,7.25,False
37007734,8.0,6.5,6.2,8.0,7.25,6.75,0,0,0,True
37007735,7.8,7.25,5.6,0,0,0,9.25,9.5,9.0,False
37007736,6.2,6.0,4.0,0,0,0,6.75,8.0,8.75,False
37007737,6.2,5.75,4.8,7.0,6.25,7.25,0,0,0,True
37007738,7.2,6.0,2.6,0,0,0,8.75,8.75,8.25,False
37007739,6.6,6.75,4.2,0,0,0,6.0,7.0,5.75,False
37007740,5.2,7.25,4.6,0,0,0,8.0,7.0,8.25,False
37007741,6.2,5.0,3.8,0,0,0,6.0,7.5,7.0,False
37007742,8.4,7.0,4.8,3.75,8.0,8.25,0,0,0,True
37007743,4.2,6.25,3.8,0,0,0,3.5,6.25,5.75,False
37007744,6.8,7.25,5.6,6.5,7.25,6.5,0,0,0,True
37007745,6.4,7.75,5.8,8.25,6.5,6.25,0,0,0,True
37007746,8.2,7.0,7.4,5.25,7.0,6.5,0,0,0,True
37007747,5.6,8.75,5.0,0,0,0,9.75,9.75,9.25,False
37007748,7.2,5.75,2.8,0,0,0,7.25,7.5,8.25,False
37007749,6.0,4.5,3.2,0,0,0,6.25,7.75,6.75,False
37007750,3.0,6.25,3.4,0,0,0,5.25,7.5,7.25,False
37007751,7.4,6.25,6.6,7.75,5.5,7.0,0,0,0,True
37007752,8.2,8.0,4.2,0,0,0,5.5,8.75,8.0,False
37007753,7.8,6.0,4.4,5.25,7.25,7.25,0,0,0,True
37007754,3.8,4.5,3.8,0,0,0,4.25,3.0,7.0,False
37007755,6.2,5.5,3.8,6.5,5.5,5.5,0,0,0,True
37007756,3.6,3.25,3.6,0,0,0,3.25,5.5,4.0,False
37007757,7.6,5.25,4.8,7.0,7.0,5.5,0,0,0,True
37007758,8.4,6.75,8.2,7.25,7.0,5.5,0,0,0,True
37007759,6.0,8.0,7.2,0,0,0,6.25,8.0,9.0,False
37007760,6.2,7.75,4.6,0,0,0,6.5,8.25,8.5,False
37007761,4.8,5.75,4.8,0,0,0,6.5,7.75,8.25,False
37007762,5.4,5.75,4.6,0,0,0,5.5,6.25,6.5,False
37007763,3.6,5.5,2.4,0,0,0,7.0,8.5,7.75,False
37007764,8.0,7.75,8.6,7.25,8.5,5.75,0,0,0,True
37007765,7.2,7.25,6.4,7.5,4.75,7.25,0,0,0,True
37007766,6.6,6.75,7.4,8.5,7.0,8.75,0,0,0,True
37007767,5.8,6.75,5.4,0,0,0,5.75,8.0,8.25,False
37007768,6.6,7.0,6.0,0,0,0,7.5,8.0,8.5,False
37007769,6.4,7.5,6.6,0,0,0,7.75,9.25,9.5,False
37007770,5.8,6.25,7.0,0,0,0,6.5,9.0,8.25,False
37007771,8.8,7.25,8.6,8.75,5.25,5.25,0,0,0,True
37007772,7.2,7.0,7.2,7.0,6.0,5.5,0,0,0,True
37007773,3.4,3.5,5.2,3.0,4.25,4.0,0,0,0,True
37007774,6.0,8.0,8.2,0,0,0,7.0,7.5,7.75,False
37007775,4.2,2.5,2.0,0,0,0,5.75,7.5,7.5,False
37007776,3.2,6.25,4.2,0,0,0,5.75,7.75,7.75,False
37007777,6.0,5.0,4.2,0,0,0,6.75,8.75,9.0,False
37007778,6.8,3.75,3.0,4.75,3.75,4.25,0,0,0,True
37007779,7.2,5.75,3.2,0,0,0,6.0,8.25,8.0,False
37007780,8.0,5.25,4.2,7.0,7.0,5.5,0,0,0,True
37007781,3.0,2.75,2.6,0,0,0,5.75,8.0,7.25,False
37007782,8.4,5.25,8.0,7.75,8.75,6.5,0,0,0,True
37007783,4.2,2.0,2.2,0,0,0,8.25,6.5,5.25,False
37007784,6.0,6.25,5.0,0,0,0,5.5,6.75,8.25,False
37007785,7.6,5.0,6.8,8.0,8.0,6.0,0,0,0,True
37007786,7.6,6.75,4.4,0,0,0,5.5,6.5,8.25,False
37007787,8.2,6.75,8.4,8.5,8.0,6.5,0,0,0,True
37007788,6.2,6.5,4.6,0,0,0,5.0,7.0,7.75,False
37007789,5.4,5.75,4.2,0,0,0,5.75,7.5,8.75,False
37007790,8.6,6.5,6.6,7.75,8.0,5.75,0,0,0,True
37007791,6.2,6.0,3.6,0,0,0,7.75,9.5,7.5,False
37007792,7.4,7.0,4.6,0,0,0,6.5,7.75,8.5,False
37007793,7.0,6.5,4.2,0,0,0,6.5,6.5,8.0,False
37007794,7.6,7.5,5.8,0,0,0,6.75,8.5,8.0,False
37007795,8.4,8.0,6.8,0,0,0,7.75,9.25,9.0,False
37007796,7.4,7.25,6.8,8.25,9.0,8.25,0,0,0,True
37007797,7.0,6.75,6.4,0,0,0,6.0,6.25,7.75,False
37007798,7.8,6.75,3.8,0,0,0,6.5,7.75,8.0,False
37007799,4.4,7.0,5.6,0,0,0,6.25,8.5,8.25,False
37007800,7.6,8.25,6.8,6.75,6.0,7.25,0,0,0,True
37007801,6.0,6.25,4.6,0,0,0,7.0,9.0,7.75,False
37007802,7.6,5.5,3.8,0,0,0,6.75,6.75,7.75,False
37007803,7.4,8.75,6.0,0,0,0,9.0,9.75,9.5,False
37007804,7.2,5.25,4.2,0,0,0,7.0,8.75,8.5,False
37007805,7.4,7.5,5.0,8.25,5.75,6.0,0,0,0,True
37007806,7.6,3.75,4.0,8.75,5.5,5.0,0,0,0,True
37007807,7.0,4.5,3.6,6.25,3.25,3.25,0,0,0,True
37007808,5.6,5.25,5.2,0,0,0,5.25,6.5,9.0,False
37007809,7.6,5.0,6.4,6.0,3.25,5.25,0,0,0,True
37007810,7.8,7.0,5.8,7.75,4.5,3.75,0,0,0,True
37007811,6.8,5.5,5.0,0,0,0,7.75,8.0,8.5,False
37007812,7.8,5.0,5.6,7.75,7.75,6.75,0,0,0,True
37007813,8.6,8.25,8.2,9.0,9.5,8.25,0,0,0,True
37007814,6.8,5.0,3.6,0,0,0,7.75,7.5,8.25,False
37007815,7.4,5.5,3.0,8.25,8.5,4.25,0,0,0,True
37007816,7.6,6.0,4.8,7.0,6.0,4.5,0,0,0,True
37007817,5.2,7.0,5.4,0,0,0,5.5,7.0,7.25,False
37007818,7.6,7.0,7.6,6.5,8.25,7.5,0,0,0,True
37007819,7.0,7.5,7.4,8.75,4.75,6.0,0,0,0,True
37007820,7.8,7.0,7.2,7.5,6.25,7.0,0,0,0,True
37007821,6.6,7.75,6.2,0,0,0,5.75,8.5,8.25,False
37007822,4.8,7.0,5.0,0,0,0,7.75,7.5,7.5,False
37007823,8.6,8.75,7.6,7.75,8.5,7.5,0,0,0,True
37007824,5.6,6.75,2.8,0,0,0,6.25,7.5,8.5,False
37007825,4.0,5.25,3.8,0,0,0,4.5,4.5,7.75,False
37007826,5.6,5.25,3.6,0,0,0,4.5,8.25,7.5,False
37007827,7.0,7.25,5.2,0,0,0,7.25,8.75,8.25,False
37007828,6.6,6.5,3.2,6.25,4.0,4.5,0,0,0,True
37007829,4.0,5.5,3.6,0,0,0,6.0,7.25,8.0,False
37007830,5.2,2.0,3.0,0,0,0,5.75,3.75,5.25,False
37007831,7.4,7.25,6.8,0,0,0,8.0,7.5,9.0,False
37007832,5.4,5.75,3.6,0,0,0,5.25,9.0,7.0,False
37007833,7.2,7.25,3.6,0,0,0,7.5,8.5,6.0,False
37007834,4.4,9.0,3.2,0,0,0,10.0,9.5,8.75,False
37007835,8.6,7.0,7.8,8.75,9.0,5.25,0,0,0,True
37007836,6.4,8.25,7.0,0,0,0,6.75,8.5,9.25,False
37007837,6.0,7.5,6.2,0,0,0,5.75,7.5,8.75,False
37007838,6.2,7.0,5.6,0,0,0,6.0,7.25,7.75,False
37007839,6.8,7.5,4.2,0,0,0,7.75,8.0,7.5,False
37007841,5.4,5.5,2.2,0,0,0,4.25,6.75,6.25,False
37007842,6.8,7.75,5.2,7.5,7.25,6.0,0,0,0,True
37007843,7.6,7.25,5.6,8.0,8.5,4.5,0,0,0,True
37007844,6.2,6.75,7.2,0,0,0,5.25,7.5,8.0,False
37007845,6.6,6.75,6.2,7.75,6.0,5.0,0,0,0,True
37007846,6.2,5.25,4.6,0,0,0,5.25,6.0,5.75,False
37007847,6.8,7.75,5.0,0,0,0,8.0,9.0,8.5,False
37007848,7.4,6.0,4.4,0,0,0,6.0,8.5,8.75,False
37007849,3.6,5.75,0,0,0,0,6.0,5.0,0,False
37007850,4.8,5.25,0,0,0,0,5.0,6.0,0,False
37007851,4.8,5.5,5.2,0,0,0,6.75,7.75,8.5,False
37007852,2.8,5.75,0,0,0,0,5.25,5.0,0,False
37007853,3.4,5.75,0,0,0,0,3.25,4.0,0,False
37007854,3.6,2.5,0,0,0,0,3.25,6.0,0,False
37007855,7.8,6.0,5.6,7.25,6.5,6.25,0,0,0,True
37007856,3.6,5.0,0,0,0,0,6.0,4.5,0,False
37007857,5.2,6.0,4.6,0,0,0,7.5,7.25,8.25,False
37007858,6.8,6.5,4.8,0,0,0,7.25,8.75,8.0,False
37007859,3.6,5.5,0,0,0,0,6.5,7.0,0,False
37007860,6.6,6.0,4.8,0,0,0,5.0,5.75,7.75,False
37007861,6.4,7.75,4.8,0,0,0,7.75,7.5,8.25,False
37007862,6.6,8.0,3.6,0,0,0,7.0,8.25,8.75,False
37007863,4.2,6.75,6.4,0,0,0,4.75,6.5,7.25,False
37007864,7.0,7.5,6.4,0,0,0,8.75,9.25,9.25,False
37007865,7.8,6.0,5.6,0,0,0,8.0,8.5,9.25,False
37007866,6.8,6.0,4.0,0,0,0,6.75,8.0,7.0,False
37007867,6.8,7.5,4.4,0,0,0,7.5,8.25,7.5,False
37007868,6.4,8.25,4.6,0,0,0,8.5,8.5,9.0,False
37007869,6.8,7.75,5.4,6.0,5.25,6.25,0,0,0,True
37007870,5.4,6.75,0,0,0,0,3.25,5.75,0,False
37007871,7.0,6.25,5.4,0,0,0,8.25,8.75,7.5,False
37007872,1.8,2.25,0,0,0,0,3.5,4.75,0,False
37007873,4.6,3.75,0,0,0,0,4.75,3.75,0,False
37007874,7.2,6.75,7.4,0,0,0,5.5,7.75,8.75,False
37007875,3.2,5.75,4.4,0,0,0,5.25,7.5,6.5,False
37007876,7.4,8.0,5.2,0,0,0,6.5,8.5,9.75,False
37007877,5.6,7.0,5.4,0,0,0,6.75,8.5,8.75,False
37007878,5.8,7.25,4.8,6.5,7.5,3.5,0,0,0,True
37007879,6.2,7.5,5.0,0,0,0,8.0,8.0,8.75,False
37007880,5.4,5.5,0,0,0,0,7.75,5.0,0,False
37007881,5.2,6.25,5.4,0,0,0,5.5,8.0,8.0,False
37007882,5.2,7.0,0,0,0,0,6.5,6.25,0,False
37007883,5.0,7.25,5.6,0,0,0,6.25,7.5,8.25,False
37007884,6.4,7.75,4.4,0,0,0,6.25,6.0,7.5,False
37007885,5.8,6.75,0,0,0,0,6.25,6.5,0,False
37007886,6.6,7.75,2.4,0,0,0,6.25,8.0,7.75,False
37007887,6.6,8.0,4.2,0,0,0,7.75,8.0,9.25,False
37007888,5.8,7.75,4.4,0,0,0,5.5,7.75,9.0,False
37007889,4.6,5.25,0,0,0,0,6.25,3.5,0,False
37007890,4.4,7.75,3.6,0,0,0,7.0,7.5,8.5,False
37007891,5.2,6.5,3.8,0,0,0,5.25,6.25,7.25,False
37007892,5.2,5.0,0,0,0,0,5.25,4.75,0,False
37007893,7.0,6.75,3.8,0,0,0,8.5,8.0,9.5,False
37007894,4.2,6.0,3.2,0,0,0,6.75,7.5,7.25,False
37007895,5.8,7.75,3.0,0,0,0,6.5,7.75,8.75,False
37007896,6.8,5.75,4.6,0,0,0,7.0,7.75,8.0,False
37007897,4.2,7.0,0,0,0,0,6.75,5.0,0,False
37007898,4.8,6.25,3.6,0,0,0,6.25,7.25,7.75,False
37007899,5.4,5.75,0,0,0,0,7.75,4.25,0,False
37007900,6.8,5.5,4.6,0,0,0,8.25,8.25,8.25,False
37007901,5.6,6.75,3.8,0,0,0,7.0,7.0,9.0,False
37007902,5.8,5.25,0,0,0,0,7.25,7.0,0,False
37007903,4.6,6.75,4.2,0,0,0,7.0,8.0,8.75,False
37007904,5.4,4.5,5.0,0,0,0,4.75,7.5,7.25,False
37007905,6.6,5.25,4.2,0,0,0,7.5,7.5,8.25,False
37007906,5.4,5.75,3.6,0,0,0,6.0,6.25,7.25,False
37007907,5.0,5.0,0,0,0,0,5.0,6.5,0,False
37007908,6.0,6.5,4.0,0,0,0,5.75,7.5,6.0,False
37007909,6.2,6.5,4.0,0,0,0,8.25,8.5,8.75,False
37007910,5.8,6.25,4.4,0,0,0,6.0,6.5,6.75,False
37007911,6.6,6.25,0,0,0,0,8.0,6.0,0,False
37007912,7.8,7.25,7.0,0,0,0,8.0,8.0,9.25,False
37007913,6.0,7.75,3.4,0,0,0,7.5,7.75,8.5,False
37007914,6.0,7.75,4.0,0,0,0,7.75,9.0,8.5,False
37007915,4.4,6.75,0,0,0,0,5.5,7.0,0,False
37007916,7.0,7.75,5.0,0,0,0,6.5,8.0,8.25,False
37007917,3.8,5.5,0,0,0,0,5.5,3.75,0,False
37007918,5.4,6.25,3.2,0,0,0,7.25,6.0,6.25,False
37007919,6.2,8.0,0,0,0,0,8.5,7.5,0,False
37007920,7.8,6.5,0,0,0,0,8.75,8.5,0,False
37007921,5.8,5.75,4.2,0,0,0,5.5,6.5,7.25,False
37007922,5.2,7.25,0,0,0,0,8.5,7.5,0,False
37007923,5.6,5.5,0,0,0,0,3.25,5.75,0,False
37007924,6.8,7.75,6.6,6.0,6.5,5.0,0,0,0,True
37007925,6.2,6.5,5.4,0,0,0,7.25,8.5,8.5,False
37007926,6.2,7.75,7.6,0,0,0,7.0,8.5,9.25,False
37007927,6.6,7.25,5.4,0,0,0,7.5,7.25,9.0,False
37007928,6.6,4.75,0,0,0,0,6.0,6.25,0,False
37007929,4.6,5.5,0,0,0,0,7.0,6.5,0,False
37007930,5.6,5.0,3.6,5.25,4.75,5.75,0,0,0,True
37007931,5.2,4.75,4.8,0,0,0,6.25,5.0,6.25,False
37007932,7.2,8.0,5.8,0,0,0,7.75,8.5,8.75,False
37007933,6.2,6.0,5.0,0,0,0,7.25,8.5,8.75,False
37007934,7.8,7.5,5.8,8.0,8.5,5.25,0,0,0,True
37007935,3.4,6.0,0,0,0,0,5.0,6.25,0,False
37007936,6.6,6.25,3.2,0,0,0,8.5,9.25,8.75,False
37007937,5.8,4.0,0,0,0,0,8.5,4.5,0,False
37007938,6.2,6.5,5.8,0,0,0,7.25,7.25,8.0,False
37007939,8.4,7.5,5.8,7.25,8.0,5.25,0,0,0,True
37007940,5.6,3.25,0,0,0,0,6.75,7.5,0,False
37007941,7.0,6.5,5.0,0,0,0,6.25,7.0,9.0,False
37007942,5.0,6.25,0,0,0,0,7.75,5.75,0,False
37007943,3.8,6.25,0,0,0,0,5.25,5.75,0,False
37007944,7.0,8.0,0,0,0,0,7.25,7.25,0,False
37007945,5.0,6.5,0,0,0,0,5.5,6.75,0,False
37007946,5.0,3.0,3.4,0,0,0,5.0,7.75,7.75,False
37007947,6.2,3.75,0,0,0,0,6.25,6.0,0,False
37007948,7.0,7.25,5.2,6.75,7.0,6.0,0,0,0,True
37007949,7.0,3.75,0,0,0,0,6.0,6.5,0,False
37007950,7.0,7.25,5.4,0,0,0,8.0,8.25,8.5,False
37007951,6.8,6.5,5.6,0,0,0,8.75,8.25,9.75,False
37007952,4.8,3.75,4.2,0,0,0,4.5,8.0,8.0,False
37007953,5.0,3.5,4.4,0,0,0,6.25,7.5,8.0,False
37007954,5.2,6.5,3.4,0,0,0,5.25,6.75,7.75,False
37007955,4.6,5.75,4.6,0,0,0,5.75,6.25,8.25,False
37007956,6.2,6.5,3.8,4.0,5.75,6.5,0,0,0,True
37007957,7.2,6.25,0,0,0,0,5.5,6.0,0,False
37007958,6.4,4.5,5.8,0,0,0,4.75,6.75,6.0,False
37007959,7.0,6.0,4.4,0,0,0,9.0,8.75,8.0,False
37007960,6.4,5.75,5.0,0,0,0,5.75,6.5,7.5,False
37007961,6.0,7.75,3.2,0,0,0,7.75,8.75,8.75,False
37007962,7.2,5.0,0,0,0,0,7.25,7.25,0,False
37007963,6.8,6.0,3.8,0,0,0,6.0,8.75,9.0,False
37007964,5.0,5.25,3.6,0,0,0,6.0,7.25,6.75,False
37007965,5.0,5.25,3.8,0,0,0,4.25,5.5,7.0,False
37007966,4.4,6.0,0,0,0,0,6.5,6.75,0,False
37007967,7.0,6.5,0,0,0,0,6.5,8.0,0,False
37007968,6.6,6.5,0,0,0,0,8.5,8.75,0,False
37007969,5.6,6.0,5.0,0,0,0,6.25,7.5,8.75,False
37007970,2.6,4.5,0,0,0,0,5.5,7.5,0,False
37007971,6.6,5.25,5.2,0,0,0,5.25,7.0,8.5,False
37007972,5.8,5.0,0,0,0,0,5.5,5.75,0,False
37007973,6.0,6.0,0,0,0,0,6.25,6.25,0,False
37007974,6.6,7.5,4.6,0,0,0,6.25,7.75,8.5,False
37007975,6.4,4.5,4.0,0,0,0,7.25,7.75,8.25,False
37007976,6.2,6.0,0,0,0,0,6.0,5.5,0,False
37007977,6.0,3.0,0,0,0,0,4.75,4.5,0,False
37007978,6.2,5.5,0,0,0,0,6.5,7.25,0,False
37007979,6.8,7.5,4.4,0,0,0,7.0,7.75,8.75,False
37007980,6.4,6.5,4.4,0,0,0,6.0,7.25,8.5,False
37007981,5.8,4.25,0,0,0,0,6.5,5.25,0,False
37007982,3.6,4.5,0,0,0,0,6.5,6.75,0,False
37007983,5.0,5.5,3.6,0,0,0,6.25,8.0,7.25,False
37007984,7.8,7.5,4.4,0,0,0,6.5,6.75,8.0,False
37007985,5.8,6.0,0,0,0,0,7.0,8.0,0,False
37007986,7.4,7.0,4.8,0,0,0,8.75,9.0,9.25,False
37007987,5.2,6.75,0,0,0,0,6.75,6.75,0,False
37007988,3.6,5.25,4.4,0,0,0,4.25,7.0,7.5,False
37007989,2.2,5.75,0,0,0,0,6.0,5.75,0,False
37007990,4.6,3.5,0,0,0,0,6.25,4.75,0,False
37007991,6.6,6.25,0,0,0,0,6.5,7.0,0,False
37007992,7.4,7.5,5.4,6.75,8.0,7.0,0,0,0,True
37007993,2.8,6.0,0,0,0,0,4.25,4.0,0,False
37007994,6.6,7.0,0,0,0,0,7.25,8.5,0,False
37007995,5.0,5.0,4.8,0,0,0,6.5,7.5,7.5,False
37007996,6.4,6.25,4.8,0,0,0,8.25,7.5,8.75,False
37007997,7.0,5.5,0,0,0,0,7.0,5.75,0,False
37007998,5.0,6.25,0,0,0,0,7.25,7.25,0,False
37007999,5.0,6.5,0,0,0,0,7.5,7.25,0,False
37008000,4.8,7.5,4.2,0,0,0,6.0,8.25,7.5,False
37008001,6.0,3.0,3.8,0,0,0,7.25,8.0,6.75,False
37008002,4.0,5.25,0,0,0,0,6.25,6.5,0,False
37008003,4.0,6.75,0,0,0,0,4.0,6.25,0,False
37008004,2.8,5.0,0,0,0,0,6.25,6.75,0,False
37008005,6.8,6.25,4.0,0,0,0,7.0,8.25,9.0,False
37008006,7.6,7.25,4.4,0,0,0,7.5,8.75,9.0,False
37008007,3.8,3.75,0,0,0,0,5.75,7.75,0,False
37008008,6.8,7.5,4.8,7.0,7.0,4.75,0,0,0,True
37008009,7.0,6.25,4.8,0,0,0,6.25,7.75,8.25,False
37008010,1.8,1.5,0,0,0,0,5.0,5.0,0,False
37008011,6.4,6.0,3.8,0,0,0,7.0,7.5,8.75,False
37008012,4.0,7.0,4.4,0,0,0,7.25,7.75,8.25,False
37008013,7.0,6.5,6.4,0,0,0,7.75,7.5,8.75,False
37008014,5.0,5.75,0,0,0,0,6.75,6.5,0,False
37008015,4.2,6.5,0,0,0,0,4.75,7.0,0,False
37008016,6.2,7.75,6.0,0,0,0,7.25,7.25,8.25,False
37008017,5.0,8.0,5.8,0,0,0,6.5,6.5,7.75,False
37008018,4.4,7.25,4.4,0,0,0,7.5,7.0,8.25,False
37008019,5.6,6.75,6.0,0,0,0,5.75,6.0,8.0,False
37008020,8.0,6.75,5.2,5.75,5.75,6.0,0,0,0,True
37008021,7.4,6.75,5.2,0,0,0,6.25,8.0,9.5,False
37008022,4.4,6.75,4.8,0,0,0,4.5,8.25,8.0,False
37008023,6.6,7.25,6.0,0,0,0,7.25,6.75,9.0,False
37008024,5.6,7.5,4.2,0,0,0,5.75,7.25,8.25,False
37008025,6.4,6.25,5.8,0,0,0,7.5,8.75,8.75,False
37008026,5.0,6.5,4.2,0,0,0,5.75,6.25,6.0,False
37008027,6.8,7.25,5.2,0,0,0,8.5,10.0,9.0,False
37008028,6.2,7.5,5.4,0,0,0,6.75,7.25,9.0,False
37008029,1.4,4.0,0,0,0,0,3.75,5.5,0,False
37008030,4.4,7.25,4.6,0,0,0,5.0,6.5,8.75,False
37008031,2.2,5.25,0,0,0,0,6.0,4.75,0,False
37008032,6.8,8.0,4.6,0,0,0,7.25,7.5,8.75,False
37008033,7.4,7.25,4.4,0,0,0,6.25,8.25,9.25,False
37008034,5.4,7.5,3.4,0,0,0,7.75,8.75,9.0,False
37008035,7.0,6.75,4.8,4.75,6.0,5.25,0,0,0,True
37008036,6.0,5.75,0,0,0,0,6.75,6.75,0,False
37008037,6.2,7.25,5.8,0,0,0,5.5,6.5,8.25,False
37008038,6.2,5.0,4.8,0,0,0,5.5,7.75,6.75,False
37008039,5.8,5.75,5.2,0,0,0,4.75,7.75,7.5,False
37008040,6.8,6.5,4.4,0,0,0,6.75,7.0,8.25,False
37008042,5.6,4.5,3.0,0,0,0,4.75,6.75,3.75,False
37008043,7.6,6.0,5.0,0,0,0,8.25,8.5,9.0,False
37008044,6.0,5.75,4.6,0,0,0,7.5,8.0,8.25,False
37008045,7.0,5.75,4.2,0,0,0,7.0,6.0,8.0,False
37008046,3.2,4.0,0,0,0,0,5.25,5.5,0,False
37008047,5.6,6.25,4.4,0,0,0,6.25,7.5,8.25,False
37008048,2.8,7.25,0,0,0,0,5.0,4.0,0,False
37008049,5.4,6.75,4.8,0,0,0,5.75,8.0,9.0,False
37008050,7.6,5.75,4.6,8.0,9.0,6.75,0,0,0,True
37008051,6.6,7.0,3.6,0,0,0,7.75,7.25,8.5,False
37008052,5.8,6.75,4.0,0,0,0,4.75,7.25,8.0,False
37008053,3.2,4.5,0,0,0,0,3.25,6.25,0,False
37008054,4.4,6.5,0,0,0,0,6.5,6.0,0,False
37008055,4.4,5.25,3.4,0,0,0,5.75,6.5,7.75,False
37008056,5.4,6.75,3.8,0,0,0,4.75,6.25,8.25,False
37008057,5.8,7.5,0,0,0,0,4.5,6.25,0,False
37008058,5.6,6.5,5.0,0,0,0,5.75,6.25,7.0,False
37008059,3.6,6.25,0,0,0,0,5.5,6.5,0,False
37008060,5.2,4.0,0,0,0,0,5.5,4.75,0,False
37008061,5.0,4.5,3.4,0,0,0,6.25,7.0,7.75,False
37008062,2.2,6.0,0,0,0,0,5.0,5.25,0,False
37008063,6.0,7.5,5.0,0,0,0,7.5,9.0,7.75,False
37008064,5.4,5.25,4.0,0,0,0,5.0,8.75,8.25,False
37008065,7.6,7.75,4.8,7.5,7.75,6.25,0,0,0,True
37008066,7.4,7.25,4.2,0,0,0,7.5,8.25,9.25,False
37008067,7.0,8.5,5.8,0,0,0,8.25,7.75,8.5,False
37008068,5.0,7.0,4.2,0,0,0,5.5,7.5,7.75,False
37008069,4.4,7.0,3.6,0,0,0,6.0,7.0,8.0,False
37008070,5.8,7.75,3.6,0,0,0,5.5,8.75,8.0,False
37008071,5.4,7.5,5.0,0,0,0,7.0,8.75,9.25,False
37008072,7.4,6.5,7.0,0,0,0,6.5,8.5,7.25,False
37008073,7.4,5.75,5.4,6.25,6.25,5.25,0,0,0,True
37008074,7.0,6.75,5.6,0,0,0,6.5,8.25,9.25,False
37008075,3.8,2.25,0,0,0,0,2.0,4.25,0,False
37008076,8.0,6.75,3.6,8.25,8.5,6.0,0,0,0,True
37008077,4.0,2.25,0,0,0,0,4.25,4.0,0,False
37008078,2.4,5.5,0,0,0,0,4.5,6.25,0,False
37008079,6.8,7.25,5.2,0,0,0,8.5,8.5,9.0,False
37008080,8.0,7.75,6.0,7.0,8.0,6.0,0,0,0,True
37008081,7.0,6.5,5.6,0,0,0,6.5,6.0,8.5,False
37008082,4.0,5.0,4.4,0,0,0,5.0,5.75,7.25,False
37008083,7.8,6.75,7.6,7.75,7.0,5.75,0,0,0,True
37008084,6.0,7.0,7.0,0,0,0,5.5,7.25,7.0,False
37008085,4.2,6.25,0,0,0,0,5.5,7.0,0,False
37008086,7.2,5.5,4.8,0,0,0,7.0,7.0,7.5,False
37008087,8.2,4.25,4.4,8.0,7.0,4.5,0,0,0,True
37008088,7.2,7.0,5.6,0,0,0,7.0,7.25,8.75,False
37008089,7.0,6.0,6.4,0,0,0,7.75,7.25,8.25,False
37008090,5.6,7.0,5.0,0,0,0,6.0,7.5,7.5,False
37008091,6.2,6.75,4.6,0,0,0,6.5,5.75,8.5,False
37008092,6.8,6.25,7.8,0,0,0,6.0,6.75,8.0,False
37008093,6.6,4.0,6.4,0,0,0,7.0,7.25,7.75,False
37008094,3.2,4.0,0,0,0,0,7.25,5.0,0,False
37008095,5.2,6.0,0,0,0,0,7.75,6.0,0,False
37008096,6.8,7.5,5.0,0,0,0,8.0,7.75,8.5,False
37008097,7.0,5.75,5.2,7.5,6.5,6.0,0,0,0,True
37008098,3.8,3.75,7.4,0,0,0,8.0,6.75,6.75,False
37008099,1.6,5.0,0,0,0,0,6.0,5.75,0,False
37008100,4.0,5.25,0,0,0,0,7.0,5.75,0,False
37008101,5.4,4.25,6.4,0,0,0,8.75,9.0,6.5,False
37008102,5.6,5.75,5.0,0,0,0,9.25,9.0,8.5,False
37008103,6.6,8.0,6.8,0,0,0,7.5,7.75,8.75,False
37008104,3.2,6.75,0,0,0,0,4.5,5.5,0,False
37008105,8.2,6.25,5.0,5.75,4.25,5.0,0,0,0,True
37008106,5.2,7.0,0,0,0,0,7.75,6.5,0,False
37008107,5.8,6.25,5.4,0,0,0,7.75,7.75,8.25,False
37008108,7.8,7.0,4.0,0,0,0,5.75,7.25,8.0,False
37008109,6.6,6.0,5.0,0,0,0,6.75,6.25,7.25,False
37008110,5.8,7.25,5.2,0,0,0,7.75,8.0,9.0,False
37008111,4.6,7.25,4.4,0,0,0,8.0,8.0,8.25,False
37008112,6.0,8.0,4.2,0,0,0,7.25,8.0,8.25,False
37008113,5.2,7.0,5.2,0,0,0,6.0,7.0,7.75,False
37008114,7.4,7.25,6.8,0,0,0,6.5,7.0,8.25,False
37008115,6.2,6.5,5.2,0,0,0,7.0,6.75,8.75,False
37008116,5.4,7.25,6.2,0,0,0,6.25,7.25,7.25,False
37008117,5.0,5.5,0,0,0,0,5.0,4.0,0,False
37008118,6.0,6.5,6.6,0,0,0,6.5,8.0,8.25,False
37008119,3.8,4.25,5.2,0,0,0,5.5,7.75,8.0,False
37008120,6.2,7.5,7.0,0,0,0,7.5,8.0,8.75,False
37008121,5.4,6.75,6.0,0,0,0,6.75,6.0,7.5,False
37008122,4.6,7.0,5.0,0,0,0,6.75,7.5,8.0,False
37008123,6.4,6.5,0,0,0,0,6.75,7.5,0,False
37008124,5.4,5.5,6.0,0,0,0,6.75,6.5,7.0,False
37008125,5.2,6.75,5.4,0,0,0,5.75,7.25,8.0,False
37008126,7.6,7.0,6.2,0,0,0,7.75,7.75,7.75,False
37008127,8.2,6.0,6.6,7.0,5.5,5.0,0,0,0,True
37008128,6.4,5.5,4.6,0,0,0,6.75,8.0,8.0,False
37008129,6.8,7.0,7.0,0,0,0,6.75,7.25,8.0,False
37008130,7.4,5.75,5.0,0,0,0,6.0,6.5,6.5,False
37008131,4.6,6.0,3.6,0,0,0,5.75,8.0,8.5,False
37008132,6.4,7.25,0,0,0,0,5.75,7.5,0,False
37008133,5.2,5.0,4.4,0,0,0,5.25,6.5,6.5,False
37008134,7.8,6.5,4.0,4.75,5.25,5.25,0,0,0,True
37008135,5.8,4.5,0,0,0,0,6.25,5.75,0,False
37008136,6.0,5.75,4.4,0,0,0,7.0,5.75,7.75,False
37008137,4.8,5.75,4.0,0,0,0,5.5,7.25,8.0,False
37008138,6.0,4.0,0,0,0,0,5.75,4.0,0,False
37008139,7.8,7.75,4.6,0,0,0,7.25,7.0,8.5,False
37008140,7.4,8.25,5.8,0,0,0,7.75,8.0,8.5,False
37008141,6.0,7.0,5.6,0,0,0,6.25,7.5,8.25,False
37008142,7.0,6.5,5.8,0,0,0,7.0,8.0,8.25,False
37008143,4.2,5.75,4.6,0,0,0,6.5,7.75,7.0,False
37008144,6.8,5.75,0,0,0,0,6.5,7.75,0,False
37008145,4.6,3.0,0,0,0,0,6.25,6.75,0,False
37008146,6.2,7.5,6.4,0,0,0,7.5,8.25,8.75,False
37008147,5.8,5.75,4.8,0,0,0,6.25,7.25,7.75,False
37008148,6.0,6.25,0,0,0,0,8.5,8.5,0,False
37008149,6.6,6.75,5.2,0,0,0,7.25,7.0,9.0,False
37008150,7.6,7.75,6.0,0,0,0,6.75,7.75,8.75,False
37008151,6.4,4.75,5.4,0,0,0,7.0,7.75,8.25,False
37008152,6.6,4.75,0,0,0,0,7.5,8.75,0,False
37008153,5.4,6.75,5.0,0,0,0,8.0,8.0,8.5,False
37008154,5.2,3.75,4.8,0,0,0,7.5,5.75,6.5,False
37008155,7.4,6.5,4.0,0,0,0,8.0,9.0,8.75,False
37008156,6.6,4.75,4.4,0,0,0,6.75,7.5,6.75,False
37008157,6.2,5.0,2.0,4.25,5.5,5.25,0,0,0,True
37008158,5.0,7.25,1.8,0,0,0,6.75,7.75,8.25,False
37008159,2.4,2.0,0,0,0,0,6.75,3.75,0,False
37008160,6.4,5.75,5.0,0,0,0,7.5,7.5,7.75,False
37008161,3.0,3.0,0,0,0,0,6.5,5.0,0,False
37008162,3.8,5.25,0,0,0,0,4.0,4.5,0,False
37008163,3.8,6.75,0,0,0,0,6.25,7.25,0,False
37008164,7.8,7.0,4.2,6.0,5.75,6.75,0,0,0,True
37008165,4.8,3.0,0,0,0,0,4.5,6.5,0,False
37008166,7.0,5.75,0,0,0,0,8.5,8.5,0,False
37008167,6.4,6.0,5.0,0,0,0,7.25,9.0,8.5,False
37008168,6.4,7.5,3.4,0,0,0,6.75,7.75,8.5,False
37008169,7.6,7.25,5.0,0,0,0,8.75,8.0,9.25,False
37008170,4.4,6.5,1.8,0,0,0,6.0,7.0,8.5,False
37008171,6.0,5.5,3.6,0,0,0,4.5,6.75,6.0,False
37008172,6.4,6.25,4.6,0,0,0,6.75,7.75,8.75,False
37008173,6.4,6.25,0,0,0,0,8.0,7.0,0,False
37008174,6.4,7.0,0,0,0,0,7.25,5.75,0,False
37008175,6.0,5.0,0,0,0,0,7.5,7.5,0,False
37008176,4.6,4.5,0,0,0,0,6.25,7.75,0,False
37008177,3.8,5.25,4.4,0,0,0,6.25,7.25,8.0,False
37008178,3.4,5.75,0,0,0,0,4.0,4.25,0,False
37008179,6.6,6.0,4.8,0,0,0,8.0,8.0,8.5,False
37008180,3.0,5.0,0,0,0,0,4.75,6.0,0,False
37008181,3.0,2.5,0,0,0,0,2.5,3.5,0,False
37008182,6.4,6.75,4.2,0,0,0,6.0,9.0,7.0,False
37008183,6.0,5.25,4.8,0,0,0,5.75,8.5,8.0,False
37008184,3.4,3.75,0,0,0,0,5.0,5.25,0,False
37008185,2.0,5.0,0,0,0,0,5.0,6.25,0,False
37008186,4.8,5.5,0,0,0,0,5.75,4.75,0,False
37008187,7.2,6.25,5.0,0,0,0,7.5,8.75,8.5,False
37008188,5.6,6.5,4.8,0,0,0,7.25,8.0,8.5,False
37008189,5.8,5.0,4.8,0,0,0,8.0,7.5,6.75,False
37008190,6.8,5.25,3.2,0,0,0,6.25,6.0,8.5,False
37008191,6.2,3.0,0,0,0,0,5.75,6.75,0,False
37008192,6.0,6.0,4.6,0,0,0,7.5,8.0,8.75,False
37008193,6.4,4.5,4.2,0,0,0,5.5,4.5,8.25,False
37008194,6.4,5.0,0,0,0,0,7.0,5.75,0,False
37008195,5.8,5.25,4.0,0,0,0,6.0,6.75,7.0,False
37008196,5.6,4.75,4.4,0,0,0,7.5,8.0,9.25,False
37008197,7.0,4.5,0,0,0,0,6.0,6.0,0,False
37008198,7.4,4.5,3.6,0,0,0,8.25,7.0,8.5,False
37008199,5.0,4.5,0,0,0,0,7.0,7.25,0,False
37008200,6.0,4.25,0,0,0,0,5.0,4.5,0,False
37008201,4.0,5.5,4.8,0,0,0,4.75,6.5,7.5,False
37008202,1.2,5.0,0,0,0,0,5.5,5.75,0,False
37008203,6.4,5.25,0,0,0,0,5.25,5.75,0,False
37008204,6.4,5.5,0,0,0,0,5.75,6.0,0,False
37008205,4.8,5.75,3.6,0,0,0,6.5,6.75,8.25,False
37008206,6.8,6.0,5.2,7.5,5.5,5.5,0,0,0,True
37008207,2.0,1.25,0,0,0,0,2.75,1.75,0,False
37008208,7.8,6.25,4.8,5.5,6.0,4.25,0,0,0,True
37008209,7.6,5.0,5.2,0,0,0,5.75,6.75,8.0,False
37008210,7.0,2.5,4.8,5.0,7.0,3.5,0,0,0,True
37008211,6.4,7.25,6.4,0,0,0,4.5,6.5,6.5,False
37008212,3.6,5.0,4.0,0,0,0,4.25,5.75,7.5,False
37008213,7.0,5.75,3.8,0,0,0,6.25,7.0,7.5,False
37008214,5.6,6.75,4.8,0,0,0,5.5,5.75,7.0,False
37008215,7.8,7.5,6.0,0,0,0,6.75,8.5,8.25,False
37008216,6.0,5.75,5.6,0,0,0,6.0,5.5,8.0,False
37008217,5.0,6.0,0,0,0,0,7.25,6.75,0,False
37008218,5.6,6.25,5.4,0,0,0,7.0,7.0,8.75,False
37008219,4.4,5.25,0,0,0,0,7.75,6.75,0,False
37008220,7.8,6.0,4.4,4.25,5.5,5.0,0,0,0,True
37008221,6.4,5.75,4.8,0,0,0,6.5,7.5,9.0,False
37008222,6.8,5.0,5.4,0,0,0,6.5,6.5,8.0,False
37008223,5.4,7.5,0,0,0,0,6.75,7.0,0,False
37008224,6.4,5.75,7.2,0,0,0,6.5,5.5,9.0,False
37008225,5.4,4.0,4.6,0,0,0,6.75,7.75,8.5,False
37008226,5.8,6.25,4.8,0,0,0,7.5,4.75,8.0,False
37008227,2.0,5.75,0,0,0,0,7.5,8.5,0,False
37008228,3.8,4.25,5.0,0,0,0,4.5,6.25,5.75,False
37008229,6.0,8.5,6.0,0,0,0,7.5,8.25,8.5,False
37008230,6.6,7.5,6.0,0,0,0,6.25,6.75,7.0,False
37008231,5.4,7.0,6.2,6.0,3.25,4.25,0,0,0,True
37008232,7.2,5.75,6.6,0,0,0,6.0,7.75,8.5,False
37008233,6.4,8.25,6.8,0,0,0,8.0,9.25,9.25,False
37008234,5.4,6.75,4.0,0,0,0,6.25,5.5,8.0,False
37008235,5.2,5.75,6.0,0,0,0,6.0,5.25,7.25,False
37008236,5.4,6.25,5.4,0,0,0,4.0,7.0,7.75,False
37008237,4.4,6.5,5.0,0,0,0,4.5,7.25,6.75,False
37008238,4.4,5.5,0,0,0,0,5.0,4.5,0,False
37008239,6.0,6.25,4.6,0,0,0,5.25,7.5,7.75,False
37008240,5.6,6.75,6.6,0,0,0,7.25,7.5,7.25,False
37008241,7.4,6.5,6.2,0,0,0,8.0,6.5,9.25,False
37008242,6.0,6.5,6.6,0,0,0,6.25,6.75,8.25,False
37008243,6.4,6.5,5.8,0,0,0,6.25,8.75,8.5,False
37008244,5.2,7.25,6.0,0,0,0,6.5,7.25,9.0,False
37008245,4.8,5.75,4.8,0,0,0,4.25,6.25,6.5,False
37008246,6.0,6.5,5.6,0,0,0,6.25,6.5,8.5,False
37008247,1.8,3.5,0,0,0,0,6.75,4.5,0,False
37008248,7.8,5.0,5.4,0,0,0,8.5,6.75,6.75,False
37008249,7.4,5.75,5.2,0,0,0,8.25,8.5,8.5,False
37008250,3.4,3.0,0,0,0,0,4.25,6.0,0,False
37008251,5.4,5.5,0,0,0,0,6.0,4.75,0,False
37008252,4.8,2.75,0,0,0,0,5.75,5.75,0,False
37008253,5.0,2.0,0,0,0,0,5.75,6.5,0,False
37008254,6.0,6.75,4.2,0,0,0,7.25,8.25,7.75,False
37008255,3.8,5.5,3.4,0,0,0,7.5,4.5,5.25,False
37008256,6.8,7.0,6.4,0,0,0,8.25,7.5,7.25,False
37008257,5.2,8.25,6.4,0,0,0,8.75,7.75,9.0,False
37008258,2.6,4.0,0,0,0,0,3.5,3.0,0,False
37008259,6.6,7.75,5.8,0,0,0,7.5,7.5,8.25,False
37008260,4.0,5.75,4.8,0,0,0,6.75,7.75,7.75,False
37008261,7.0,7.0,7.0,0,0,0,6.5,8.25,8.25,False
37008262,5.4,6.75,0,0,0,0,6.25,6.5,0,False
37008263,5.4,7.25,6.8,0,0,0,7.0,6.75,8.5,False
37008264,6.2,7.25,5.6,0,0,0,6.75,8.0,7.5,False
37008265,5.8,6.75,5.8,0,0,0,7.0,8.0,9.0,False
37008266,8.0,6.75,6.8,7.5,5.25,5.25,0,0,0,True
37008267,7.2,8.0,6.4,0,0,0,7.5,8.25,8.75,False
37008268,6.0,8.0,4.2,0,0,0,8.5,9.25,9.75,False
37008269,6.6,6.5,0,0,0,0,5.75,7.25,0,False
37008270,5.2,7.5,5.8,0,0,0,6.0,7.0,7.5,False
37008271,6.2,7.5,6.4,0,0,0,7.75,8.75,9.25,False
37008272,5.4,7.25,3.8,0,0,0,5.75,7.75,7.25,False
37008273,6.6,6.75,5.0,0,0,0,6.0,7.0,8.5,False
37008274,8.4,6.5,5.6,6.0,6.25,7.0,0,0,0,True
37008275,5.4,5.25,4.8,0,0,0,6.5,8.0,8.25,False
37008276,6.6,6.0,4.4,0,0,0,6.0,6.5,8.0,False
37008277,3.0,4.5,0,0,0,0,5.25,6.0,0,False
37008278,4.8,5.75,6.0,0,0,0,6.25,7.75,8.0,False
37008279,7.8,7.0,5.4,0,0,0,7.75,8.25,7.75,False
37008280,6.8,7.75,5.2,0,0,0,7.25,8.75,9.5,False
37008281,6.4,6.0,5.0,0,0,0,5.5,7.25,8.0,False
37008282,7.2,7.25,5.0,5.75,6.25,6.25,0,0,0,True
37008283,5.8,6.75,4.2,0,0,0,6.75,8.25,8.75,False
37008284,7.8,6.75,5.2,0,0,0,8.25,8.5,9.5,False
37008285,7.8,6.75,5.4,8.25,8.0,5.5,0,0,0,True
37008286,7.8,8.0,6.4,0,0,0,8.25,7.0,9.5,False
37008287,5.6,4.0,5.6,0,0,0,6.75,5.0,6.5,False
37008288,6.8,7.0,3.2,0,0,0,8.25,9.25,9.0,False
37008289,2.0,3.25,0,0,0,0,1.75,2.75,0,False
37008290,6.4,6.25,6.0,0,0,0,6.5,6.75,7.5,False
37008291,7.2,5.0,4.4,0,0,0,6.75,7.25,8.0,False
37008292,1.8,4.0,4.6,0,0,0,4.25,6.25,6.0,False
37008293,6.0,7.0,0,0,0,0,8.25,7.25,0,False
37008294,4.6,6.5,0,0,0,0,6.0,5.25,0,False
37008295,6.8,8.0,4.8,0,0,0,8.5,8.25,9.0,False
37008296,6.8,7.5,4.2,0,0,0,7.25,7.25,8.25,False
37008297,7.4,6.5,4.2,0,0,0,6.0,8.0,8.0,False
37008298,6.4,5.5,4.2,0,0,0,3.75,6.75,7.75,False
37008299,6.4,7.75,6.2,5.75,5.75,6.75,0,0,0,True
37008300,6.8,6.0,0,0,0,0,6.25,6.5,0,False
37008301,5.6,6.5,3.4,0,0,0,8.0,8.0,7.5,False
37008302,3.2,6.0,0,0,0,0,5.75,5.75,0,False
37008303,7.0,6.25,4.2,0,0,0,6.75,8.0,9.25,False
37008304,7.0,6.0,3.0,0,0,0,8.0,8.0,8.0,False
37008305,5.6,7.5,5.2,0,0,0,8.0,8.75,9.5,False
37008306,5.4,6.25,7.2,0,0,0,7.0,7.25,7.25,False
37008307,6.2,5.5,4.8,0,0,0,7.5,8.0,8.25,False
37008308,4.2,6.0,3.2,0,0,0,6.75,7.75,8.25,False
37008309,5.4,5.5,4.0,0,0,0,5.75,7.5,8.75,False
37008310,5.6,7.0,5.6,0,0,0,7.75,8.0,8.75,False
37008311,5.4,7.75,3.8,0,0,0,8.0,8.5,9.25,False
37008312,7.0,8.25,0,0,0,0,6.75,6.75,0,False
37008313,5.4,7.0,4.6,0,0,0,5.25,5.75,5.75,False
37008314,8.0,6.5,8.6,8.25,6.0,7.25,0,0,0,True
37008315,4.4,3.75,0,0,0,0,4.25,4.75,0,False
37008316,5.6,7.25,4.8,5.75,5.0,5.75,0,0,0,True
37008317,5.4,5.0,2.8,0,0,0,6.5,5.25,7.5,False
37008318,6.8,6.5,4.8,0,0,0,6.25,8.5,8.5,False
37008319,6.0,7.0,6.4,7.0,5.25,4.75,0,0,0,True
37008320,6.4,7.0,4.2,0,0,0,8.0,8.25,9.0,False
37008321,7.0,6.25,4.8,0,0,0,8.0,9.5,8.75,False
37008322,4.8,4.25,0,0,0,0,6.5,6.0,0,False
37008323,6.6,6.75,0,0,0,0,6.75,6.75,0,False
37008324,6.0,5.25,4.4,0,0,0,7.0,5.75,6.5,False
37008325,6.0,5.75,0,0,0,0,7.0,6.5,0,False
37008326,8.4,6.5,5.4,7.75,8.0,6.75,0,0,0,True
37008327,5.2,4.25,0,0,0,0,4.5,6.5,0,False
37008328,3.4,5.25,0,0,0,0,6.25,4.0,0,False
37008329,7.2,6.75,4.8,0,0,0,7.0,7.5,9.0,False
37008330,4.4,5.5,4.6,0,0,0,6.25,7.5,7.0,False
37008331,4.2,7.0,3.8,0,0,0,5.75,8.0,8.0,False
37008332,4.6,6.75,6.8,0,0,0,7.5,7.5,9.0,False
37008333,7.2,7.0,8.0,0,0,0,6.0,7.25,8.0,False
37008334,7.0,6.5,6.8,5.25,6.5,6.5,0,0,0,True
37008335,6.6,6.75,6.0,0,0,0,5.0,7.0,6.0,False
37008336,6.8,7.25,5.0,0,0,0,5.75,8.0,8.5,False
37008337,4.8,3.5,0,0,0,0,4.75,6.75,0,False
37008338,7.2,5.25,5.4,7.5,5.0,5.5,0,0,0,True
37008339,6.8,5.75,6.8,0,0,0,5.75,6.25,7.0,False
37008340,7.0,7.5,6.0,0,0,0,8.25,6.75,8.25,False
37008341,6.6,6.75,6.0,0,0,0,7.0,6.5,7.75,False
37008342,7.8,7.75,6.6,0,0,0,8.5,7.5,8.75,False
37008343,6.2,6.0,5.8,0,0,0,5.25,6.5,7.5,False
37008344,6.0,6.25,6.0,0,0,0,4.75,5.5,6.25,False
37008345,7.0,6.0,0,0,0,0,4.0,4.5,0,False
37008346,7.2,6.25,5.6,0,0,0,5.25,6.25,7.5,False
37008347,7.4,6.75,5.8,0,0,0,7.75,7.5,9.0,False
37008348,6.8,6.75,5.8,0,0,0,8.5,9.0,9.0,False
37008349,4.2,7.5,2.4,0,0,0,7.25,6.75,9.75,False
37008350,5.2,6.5,5.2,0,0,0,6.5,7.75,7.25,False
37008351,6.6,7.5,7.0,0,0,0,8.5,7.0,9.25,False
37008352,5.0,6.0,4.6,0,0,0,5.5,7.0,7.25,False
37008353,5.2,7.25,1.4,0,0,0,5.25,6.0,8.75,False
37008354,6.0,6.5,5.4,0,0,0,5.75,6.5,8.0,False
37008355,6.4,6.5,4.8,0,0,0,6.0,7.25,6.75,False
37008356,7.8,7.0,4.8,8.0,7.5,7.0,0,0,0,True
37008357,5.6,6.5,5.2,0,0,0,5.5,8.25,7.25,False
37008358,7.2,6.0,5.2,0,0,0,6.0,7.25,7.25,False
37008359,5.0,5.25,5.8,0,0,0,6.25,6.25,6.75,False
37008360,7.8,6.0,6.4,7.0,6.25,7.5,0,0,0,True
37008361,6.4,6.25,5.0,0,0,0,6.5,6.0,7.5,False
37008362,7.4,8.25,5.8,0,0,0,9.0,9.0,8.5,False
37008363,4.4,7.0,4.0,0,0,0,5.75,5.5,7.5,False
37008364,5.8,7.0,5.0,0,0,0,5.75,6.5,8.0,False
37008365,6.4,7.0,5.0,0,0,0,8.5,8.0,7.5,False
37008366,4.8,7.5,4.4,0,0,0,5.75,7.75,7.25,False
37008367,6.4,8.25,5.0,0,0,0,7.25,7.75,8.5,False
37008368,6.4,5.0,4.4,0,0,0,7.75,6.5,7.75,False
37008369,4.2,6.5,5.0,0,0,0,6.5,6.5,6.75,False
37008370,5.6,4.75,4.6,0,0,0,5.0,7.75,7.25,False
37008371,6.6,6.25,5.6,0,0,0,7.0,8.0,8.5,False
37008372,7.0,8.0,6.6,0,0,0,6.75,7.5,8.25,False
37008373,6.8,6.5,6.8,0,0,0,7.5,8.75,9.0,False
37008374,7.0,6.25,4.8,0,0,0,6.5,6.0,7.75,False
37008375,6.0,3.5,5.0,0,0,0,3.5,6.75,7.75,False
37008376,5.2,6.25,5.8,0,0,0,5.5,7.5,8.75,False
37008377,5.2,6.75,3.8,0,0,0,7.0,8.25,8.0,False
37008378,5.4,7.5,5.0,0,0,0,6.0,9.25,7.75,False
37008379,7.4,8.0,5.4,6.75,6.75,7.25,0,0,0,True
37008380,4.8,5.25,5.4,0,0,0,5.25,8.25,6.75,False
37008381,6.6,5.25,5.0,0,0,0,6.0,8.0,8.75,False
37008382,4.6,5.75,3.0,0,0,0,6.75,7.75,9.5,False
37008383,6.4,6.5,5.2,0,0,0,8.25,8.0,8.5,False
37008384,6.4,5.0,5.0,5.75,6.25,6.5,0,0,0,True
37008385,5.6,4.0,4.0,0,0,0,6.0,7.0,7.5,False
37008386,5.8,6.0,4.6,0,0,0,6.5,8.75,9.0,False
37008387,5.4,5.75,5.4,0,0,0,7.75,8.0,8.25,False
37008388,8.4,7.25,5.2,6.5,5.25,7.0,0,0,0,True
37008389,6.6,4.25,4.0,0,0,0,6.5,8.25,8.25,False
37008390,6.0,8.0,6.0,0,0,0,7.0,8.5,8.5,False
37008391,7.0,5.0,4.0,6.5,5.75,5.0,0,0,0,True
37008392,5.8,7.25,4.6,0,0,0,8.75,8.75,9.0,False
37008393,5.2,7.5,5.8,0,0,0,8.0,9.0,9.25,False
37008394,6.2,5.0,3.6,0,0,0,5.25,7.5,8.0,False
37008395,7.0,8.25,4.2,0,0,0,7.75,8.75,8.5,False
37008396,6.8,5.5,3.8,0,0,0,6.25,6.5,8.25,False
37008397,6.2,5.75,6.4,0,0,0,5.75,9.25,8.5,False
37008398,4.0,6.5,5.4,0,0,0,7.25,7.5,9.0,False
37008399,5.2,7.0,4.6,0,0,0,6.25,6.75,8.0,False
37008400,6.4,7.25,6.8,0,0,0,7.25,9.0,8.0,False
37008401,6.0,7.75,6.0,0,0,0,6.75,9.25,9.0,False
37008402,6.0,7.5,3.6,0,0,0,5.5,7.0,7.25,False
37008403,4.6,5.75,2.4,0,0,0,6.5,5.25,6.5,False
37008404,7.4,7.0,4.8,7.5,6.25,5.75,0,0,0,True
37008405,4.8,6.75,3.2,0,0,0,8.0,9.25,9.5,False
37008406,5.4,5.0,3.6,0,0,0,4.75,7.75,8.25,False
37008407,6.6,5.0,5.6,0,0,0,4.75,7.5,7.0,False
37008408,6.6,6.0,5.0,0,0,0,4.75,6.75,7.0,False
37008409,6.0,5.75,4.0,0,0,0,5.25,6.5,7.75,False
37008410,4.6,6.25,6.2,0,0,0,5.0,6.5,7.75,False
37008411,5.8,4.75,3.8,0,0,0,6.0,7.0,7.75,False
37008412,6.6,4.0,3.0,0,0,0,6.25,7.0,8.0,False
37008413,5.0,6.0,6.6,0,0,0,7.0,8.5,8.5,False
37008414,4.8,5.0,4.2,0,0,0,7.0,7.25,7.5,False
37008415,6.0,5.75,5.0,0,0,0,7.25,7.25,7.25,False
37008416,6.4,7.0,6.2,0,0,0,6.75,7.25,8.75,False
37008417,7.0,5.75,4.4,0,0,0,7.5,8.25,7.25,False
37008418,4.6,5.25,3.6,0,0,0,7.75,7.25,7.25,False
37008419,5.8,7.5,4.0,0,0,0,5.75,7.25,7.75,False
37008420,6.6,5.75,4.2,0,0,0,6.25,8.5,8.0,False
37008421,7.2,7.5,3.4,7.75,8.25,8.5,0,0,0,True
37008422,5.4,6.25,3.2,0,0,0,6.5,8.25,6.25,False
37008423,5.2,6.0,4.4,0,0,0,6.5,7.25,7.0,False
37008424,3.2,2.5,3.8,0,0,0,5.75,5.75,7.5,False
37008425,5.4,4.75,4.4,0,0,0,7.25,4.5,7.25,False
37008426,5.4,5.75,4.0,0,0,0,7.75,8.25,9.25,False
37008427,6.4,7.5,3.8,0,0,0,6.25,7.5,7.75,False
37008428,7.2,6.0,4.4,0,0,0,6.75,8.0,8.25,False
37008429,6.0,5.0,4.6,0,0,0,7.25,5.25,8.75,False
37008430,5.0,6.0,5.4,0,0,0,7.25,8.0,9.25,False
37008431,5.4,7.0,5.2,0,0,0,7.0,7.5,7.75,False
37008432,7.8,6.0,5.0,0,0,0,6.75,8.25,8.5,False
37008433,6.0,7.75,5.0,0,0,0,7.0,7.0,9.25,False
37008434,4.4,6.5,3.8,0,0,0,7.25,6.5,8.75,False
37008435,3.4,4.5,2.4,0,0,0,6.5,8.0,8.25,False
37008436,3.6,6.5,3.0,0,0,0,7.25,5.5,6.75,False
37008437,5.6,6.5,5.0,0,0,0,6.75,8.5,8.5,False
37008438,6.4,7.25,3.6,0,0,0,5.75,6.25,7.25,False
37008439,5.8,7.5,4.6,0,0,0,6.75,8.5,7.75,False
37008440,5.4,6.0,3.2,0,0,0,7.0,5.75,6.5,False
37008441,5.8,5.5,4.0,0,0,0,5.5,8.5,8.75,False
37008442,5.0,8.5,5.0,0,0,0,6.5,8.25,8.5,False
37008443,7.6,5.25,3.6,5.0,8.25,7.75,0,0,0,True
37008444,4.2,5.0,3.0,0,0,0,7.75,7.75,7.75,False
37008445,6.8,7.5,4.6,6.5,7.0,6.0,0,0,0,True
37008446,6.4,9.0,5.4,0,0,0,8.5,8.5,9.25,False
37008447,4.4,7.25,3.6,0,0,0,6.5,6.25,6.5,False
37008448,4.0,5.5,4.8,0,0,0,6.0,8.75,8.0,False
37008449,5.6,5.0,3.6,0,0,0,6.0,9.0,8.25,False
37008450,4.0,2.75,3.4,0,0,0,5.5,7.0,7.0,False
37008451,5.2,7.25,3.6,0,0,0,7.0,7.5,8.25,False
37008452,6.0,7.75,4.2,0,0,0,5.5,8.5,6.75,False
37008453,4.0,7.75,4.4,0,0,0,7.0,8.0,8.5,False
37008454,6.2,4.5,4.4,0,0,0,8.75,8.5,8.5,False
37008455,6.4,8.0,5.0,0,0,0,5.5,7.75,9.5,False
37008456,5.2,5.0,4.2,0,0,0,5.75,8.0,8.25,False
37008457,5.6,4.75,3.0,0,0,0,8.0,7.75,8.25,False
37008458,7.2,6.25,5.6,4.0,6.25,5.0,0,0,0,True
37008459,5.6,5.5,4.0,0,0,0,6.5,8.5,8.0,False
37008460,6.4,8.75,4.2,0,0,0,6.5,8.75,8.25,False
37008461,6.4,5.25,4.4,4.75,6.25,6.25,0,0,0,True
37008462,6.8,6.0,2.6,0,0,0,6.75,9.25,7.75,False
37008463,4.8,6.0,4.0,0,0,0,6.25,6.5,7.75,False
37008464,6.6,6.0,3.8,0,0,0,6.5,8.25,9.0,False
37008465,5.4,3.25,3.2,0,0,0,8.0,8.75,8.5,False
37008466,8.0,6.5,4.4,0,0,0,6.5,8.0,8.5,False
37008467,3.6,5.75,4.0,0,0,0,6.5,8.25,8.25,False
37008468,7.6,7.25,5.4,8.0,6.75,7.25,0,0,0,True
37008469,6.4,4.75,4.8,0,0,0,5.0,8.0,8.5,False
37008470,6.2,5.25,3.6,0,0,0,5.0,7.25,7.5,False
37008471,6.6,7.0,3.8,0,0,0,7.25,9.0,8.5,False
37008472,7.2,6.75,6.0,0,0,0,7.0,9.0,8.75,False
37008473,8.0,8.25,5.0,0,0,0,8.75,9.25,9.5,False
37008474,7.4,5.75,5.0,0,0,0,6.75,7.25,9.0,False
37008475,6.8,8.0,4.6,0,0,0,7.25,8.75,9.25,False
37008476,5.6,8.0,4.4,0,0,0,7.5,9.25,9.0,False
37008477,5.4,7.25,4.6,0,0,0,8.0,9.25,8.75,False
37008478,8.4,7.25,5.4,7.25,7.0,7.5,0,0,0,True
37008479,3.2,5.25,3.4,0,0,0,6.25,7.75,6.5,False
37008480,4.2,5.25,2.2,0,0,0,5.25,7.25,6.75,False
37008481,7.2,6.75,4.8,0,0,0,6.0,8.0,7.25,False
37008482,5.8,7.0,3.6,0,0,0,7.0,6.75,7.0,False
37008483,5.4,7.25,4.4,0,0,0,7.0,8.0,7.25,False
37008484,4.6,6.75,3.2,0,0,0,7.25,8.75,8.25,False
37008485,7.4,8.0,5.4,0,0,0,8.0,8.75,8.75,False
37008486,6.0,5.0,5.4,4.5,5.5,6.25,0,0,0,True
37008487,6.0,6.5,6.0,0,0,0,6.75,8.5,9.0,False
37008488,4.4,5.25,4.2,0,0,0,5.75,7.25,7.75,False
37008489,5.6,5.75,4.6,0,0,0,6.25,8.0,8.0,False
37008490,5.4,6.0,2.2,0,0,0,6.25,7.25,7.75,False
37008491,6.8,5.5,4.8,0,0,0,6.5,7.25,8.75,False
37008492,5.6,6.0,3.4,0,0,0,5.5,8.5,8.75,False
37008493,5.2,4.0,4.0,0,0,0,5.5,6.25,7.5,False
37008494,3.0,6.0,3.8,0,0,0,5.75,4.25,6.75,False
37008495,7.6,5.0,5.2,6.25,5.25,7.5,0,0,0,True
37008496,4.6,5.75,3.8,0,0,0,7.0,8.5,8.25,False
37008497,5.8,2.5,5.0,0,0,0,5.75,8.0,7.75,False
37008498,5.2,5.5,5.6,0,0,0,4.25,6.0,8.25,False
37008499,6.0,5.75,4.8,0,0,0,5.5,7.75,7.75,False
37008500,7.4,7.0,6.2,0,0,0,7.75,7.5,8.75,False
37008501,6.2,5.75,5.4,0,0,0,7.0,8.0,8.5,False
37008502,7.4,7.5,4.8,0,0,0,6.5,8.75,8.75,False
37008503,6.0,7.0,4.0,0,0,0,6.25,8.0,8.25,False
37008504,6.0,6.5,5.0,0,0,0,5.25,6.5,7.75,False
37008505,6.0,7.75,5.4,0,0,0,5.5,8.5,8.75,False
37008506,5.6,8.0,5.4,0,0,0,5.5,8.25,8.5,False
37008507,6.6,6.5,6.4,0,0,0,7.25,8.75,8.75,False
37008508,5.0,5.0,4.6,0,0,0,6.0,7.25,7.75,False
37008509,6.2,7.0,5.0,5.75,5.5,7.0,0,0,0,True
37008510,6.8,7.75,5.8,0,0,0,8.25,8.0,8.75,False
37008511,7.0,7.5,5.6,0,0,0,6.25,8.5,8.5,False
37008512,3.2,5.75,5.6,0,0,0,6.0,7.5,7.25,False
37008513,5.8,6.0,4.4,0,0,0,5.75,7.5,8.0,False
37008514,3.8,6.0,4.8,0,0,0,4.25,6.25,7.5,False
37008515,6.8,6.5,4.6,0,0,0,6.25,7.25,8.25,False
37008516,6.4,8.5,4.4,0,0,0,7.5,8.25,9.5,False
37008517,5.8,7.0,4.0,0,0,0,6.0,7.0,6.75,False
37008518,3.8,7.25,4.4,0,0,0,5.25,6.75,8.0,False
37008519,7.0,5.5,5.4,0,0,0,6.75,7.0,8.75,False
37008520,5.6,7.5,4.0,0,0,0,6.5,6.75,8.0,False
37008521,4.4,5.25,5.4,0,0,0,6.0,7.25,8.0,False
37008522,5.6,6.5,4.6,0,0,0,5.25,7.25,7.75,False
37008523,6.8,6.75,5.2,0,0,0,6.25,6.75,6.75,False
37008524,7.8,6.75,5.0,6.75,4.5,8.25,0,0,0,True
37008525,7.8,8.0,6.0,0,0,0,5.75,9.0,8.75,False
37008526,6.0,7.5,6.0,0,0,0,8.5,8.5,8.75,False
37008527,6.8,8.25,6.4,6.5,6.0,8.0,0,0,0,True
37008528,5.0,8.0,4.4,0,0,0,6.25,6.5,8.0,False
37008529,6.2,8.0,4.8,0,0,0,5.5,8.5,9.25,False
37008530,5.4,6.25,5.6,0,0,0,6.75,8.25,8.5,False
37008531,3.8,5.0,4.8,0,0,0,5.75,5.25,7.75,False
37008532,5.0,5.0,4.8,0,0,0,5.0,6.75,7.5,False
37008533,5.6,5.75,5.0,0,0,0,6.5,8.0,8.5,False
37008534,5.2,5.75,4.2,0,0,0,4.0,7.0,7.25,False
37008535,6.0,6.75,4.8,0,0,0,7.0,7.0,7.25,False
37008536,8.0,7.25,5.0,0,0,0,7.75,8.25,9.0,False
37008537,6.4,7.75,3.6,0,0,0,7.0,8.5,8.75,False
37008538,7.0,7.5,5.0,7.0,7.5,7.25,0,0,0,True
37008539,6.8,6.0,4.0,0,0,0,7.0,8.5,7.5,False
37008540,5.2,6.25,4.4,0,0,0,6.25,7.5,7.5,False
37008541,4.4,6.25,4.4,0,0,0,5.75,5.75,7.25,False
37008542,4.8,7.25,3.2,0,0,0,5.5,7.0,7.25,False
37008543,4.8,7.0,4.0,0,0,0,7.0,4.75,7.75,False
37008544,5.0,7.0,4.0,0,0,0,7.75,8.75,9.5,False
37008545,6.0,4.0,4.4,0,0,0,5.5,8.25,8.0,False
37008546,6.4,5.25,5.4,0,0,0,7.25,7.75,9.0,False
37008547,6.2,7.0,4.8,0,0,0,7.5,8.0,7.25,False
37008548,7.2,7.5,4.2,7.75,6.75,7.5,0,0,0,True
37008549,6.6,5.5,4.0,9.0,6.25,8.25,0,0,0,True
37008550,5.6,3.25,4.4,0,0,0,5.75,8.5,6.75,False
37008551,7.8,6.5,4.0,5.75,7.25,6.75,0,0,0,True
37008552,7.0,7.75,4.2,0,0,0,7.25,8.0,9.0,False
37008553,7.6,4.75,2.4,7.75,8.0,5.5,0,0,0,True
37008554,5.2,6.0,3.2,0,0,0,5.75,7.0,7.0,False
37008555,7.6,7.75,4.8,0,0,0,6.75,8.75,8.5,False
37008556,7.2,6.0,4.0,8.25,8.0,6.75,0,0,0,True
37008557,5.4,6.0,2.6,0,0,0,4.25,5.75,8.5,False
37008558,5.6,5.75,3.4,0,0,0,6.0,6.75,7.5,False
37008559,6.2,7.0,3.8,0,0,0,7.25,9.0,9.0,False
37008560,3.4,5.5,3.4,0,0,0,4.25,8.0,7.0,False
37008561,7.8,7.75,5.2,6.0,7.0,7.75,0,0,0,True
37008562,7.0,6.25,4.2,0,0,0,6.5,7.5,9.25,False
37008563,7.0,6.5,4.8,0,0,0,8.0,9.25,9.25,False
37008564,6.4,7.75,7.0,0,0,0,7.0,9.5,9.25,False
37008565,7.0,7.5,4.6,0,0,0,5.5,7.75,8.25,False
37008566,5.4,5.5,3.8,0,0,0,8.5,8.75,8.5,False
37008567,5.4,3.5,2.6,0,0,0,5.5,4.75,8.75,False
37008568,6.4,7.0,3.4,0,0,0,7.0,8.5,9.0,False
37008569,6.8,7.5,4.6,0,0,0,5.75,8.0,8.5,False
37008570,5.2,5.25,6.4,0,0,0,6.75,7.75,7.25,False
37008571,7.8,7.5,5.4,6.75,5.25,8.0,0,0,0,True
37008572,5.8,7.25,5.2,0,0,0,6.0,8.25,8.25,False
37008573,5.0,5.0,5.2,0,0,0,5.75,7.0,8.0,False
37008574,5.2,6.5,5.0,0,0,0,5.5,7.0,7.5,False
37008575,6.8,5.5,6.2,0,0,0,7.25,8.0,8.25,False
37008576,5.6,5.75,4.4,0,0,0,5.5,7.5,6.75,False
37008577,5.4,6.5,2.8,0,0,0,6.25,5.0,7.75,False
37008578,6.6,7.0,5.0,0,0,0,6.5,8.75,8.5,False
37008579,4.8,5.25,4.0,0,0,0,6.75,6.0,7.0,False
37008580,4.2,7.0,6.0,0,0,0,7.25,8.0,9.5,False
37008581,7.6,7.5,5.8,0,0,0,6.5,7.25,8.25,False
37008582,4.0,3.25,4.2,0,0,0,3.5,5.0,2.75,False
37008583,7.0,7.5,6.0,0,0,0,7.0,8.5,9.0,False
37008584,4.8,5.5,4.2,0,0,0,6.0,7.75,9.25,False
37008585,4.6,5.5,4.4,0,0,0,5.5,7.0,7.5,False
37008586,4.0,4.25,3.6,0,0,0,6.25,7.75,6.5,False
37008587,5.4,7.5,6.0,0,0,0,4.75,6.25,8.25,False
37008588,6.8,7.75,5.4,0,0,0,7.0,8.5,7.75,False
37008589,7.2,7.25,4.4,0,0,0,6.25,6.75,7.75,False
37008590,6.6,7.5,5.8,0,0,0,5.75,8.25,7.75,False
37008591,3.6,7.0,4.2,0,0,0,5.0,6.25,6.0,False
37008592,5.4,3.25,4.6,0,0,0,5.5,7.0,7.25,False
37008593,5.6,7.5,4.4,0,0,0,7.0,7.25,9.5,False
37008594,5.6,5.0,3.6,0,0,0,5.75,7.0,6.75,False
37008595,5.2,5.75,4.2,0,0,0,6.5,7.75,8.5,False
37008596,5.6,3.5,4.2,0,0,0,3.75,6.0,6.25,False
37008597,6.0,6.0,4.6,0,0,0,7.0,7.5,7.75,False
37008598,7.0,5.0,4.4,6.0,4.25,5.5,0,0,0,True
37008599,5.2,7.25,3.8,0,0,0,6.25,8.0,8.5,False
37008600,7.6,8.25,6.0,0,0,0,7.75,8.75,8.75,False
37008601,7.4,8.25,6.8,7.25,7.0,7.0,0,0,0,True
37008602,6.8,7.75,3.8,0,0,0,7.75,9.25,8.25,False
37008603,6.4,7.0,5.2,0,0,0,6.75,8.25,8.0,False
37008604,6.2,8.0,6.2,0,0,0,6.75,7.5,9.0,False
37008605,6.0,7.0,5.0,0,0,0,5.75,8.5,7.75,False
37008606,6.6,5.75,3.0,0,0,0,6.5,6.5,8.0,False
37008607,7.2,6.5,5.8,0,0,0,5.25,8.0,8.5,False
37008608,7.0,8.0,6.6,0,0,0,6.5,8.25,7.75,False
37008609,6.6,7.0,4.8,5.25,5.75,6.25,0,0,0,True
37008610,6.0,6.75,3.8,0,0,0,8.25,8.0,8.75,False
37008611,7.8,7.0,4.6,0,0,0,7.25,8.75,9.0,False
37008612,7.8,6.75,6.2,7.25,5.5,7.0,0,0,0,True
37008613,5.8,4.5,3.8,0,0,0,7.75,8.0,9.25,False
37008614,6.2,7.25,5.0,0,0,0,7.0,8.0,8.0,False
37008615,4.2,6.5,4.0,0,0,0,5.75,6.75,7.75,False
37008616,4.6,4.5,5.8,0,0,0,3.5,4.25,7.5,False
37008617,6.4,4.0,4.4,0,0,0,7.25,8.25,9.0,False
37008618,6.4,7.0,6.4,0,0,0,7.75,9.0,8.75,False
37008619,7.2,5.0,5.4,0,0,0,5.75,7.75,8.0,False
37008620,6.4,5.75,5.6,0,0,0,6.0,7.25,8.0,False
37008621,4.8,5.25,6.0,0,0,0,5.0,5.0,6.75,False
37008622,3.6,4.75,4.0,0,0,0,5.75,7.75,7.25,False
37008623,6.6,6.5,4.8,0,0,0,7.25,8.0,6.75,False
37008624,6.4,6.25,4.4,0,0,0,7.5,8.5,8.5,False
37008625,5.6,6.25,5.4,0,0,0,7.5,9.0,9.5,False
37008626,6.6,7.5,5.2,0,0,0,7.5,8.75,8.5,False
37008627,6.4,6.25,4.0,0,0,0,5.75,8.25,8.0,False
37008628,5.8,7.0,5.2,0,0,0,7.0,8.5,9.5,False
37008629,5.2,7.0,4.4,0,0,0,6.25,6.75,7.0,False
37008630,5.0,7.0,3.4,0,0,0,6.0,7.25,7.5,False
37008631,7.0,7.25,4.8,5.5,7.25,7.75,0,0,0,True
37008632,5.6,6.25,3.4,0,0,0,5.25,6.0,8.5,False
37008633,6.0,6.5,6.6,0,0,0,4.5,7.25,7.75,False
37008634,6.4,5.0,4.0,7.5,4.25,6.0,0,0,0,True
37008635,5.8,5.0,4.4,0,0,0,5.0,7.5,8.0,False
37008636,6.0,7.5,6.4,0,0,0,5.75,8.5,8.25,False
37008637,6.2,4.75,4.6,0,0,0,6.25,8.5,8.75,False
37008638,5.8,6.0,6.4,0,0,0,6.5,7.5,9.0,False
37008639,6.6,6.75,4.6,0,0,0,7.0,7.5,6.75,False
37008640,6.8,7.75,5.4,0,0,0,7.25,9.25,9.25,False
37008641,6.6,6.75,5.2,0,0,0,5.5,7.5,7.75,False
37008642,4.4,6.25,3.4,0,0,0,6.25,6.5,7.25,False
37008643,6.8,8.0,4.2,0,0,0,9.25,9.75,9.5,False
37008644,4.2,4.75,5.0,0,0,0,5.5,5.75,7.0,False
37008645,6.0,5.25,3.2,0,0,0,6.25,8.25,6.75,False
37008646,4.8,7.0,6.2,0,0,0,6.5,8.25,8.0,False
37008647,5.6,7.5,5.2,0,0,0,6.0,7.0,8.75,False
37008648,4.4,6.5,4.2,0,0,0,6.75,6.25,7.75,False
37008649,6.8,8.5,6.2,0,0,0,5.5,7.5,9.25,False
37008650,3.2,5.75,4.4,0,0,0,4.75,7.0,8.0,False
37008651,5.8,7.5,6.0,0,0,0,4.25,8.25,7.5,False
37008652,6.2,7.0,6.6,0,0,0,5.75,7.5,7.75,False
37008653,5.0,4.75,4.0,0,0,0,4.5,8.0,7.75,False
37008654,5.4,6.5,5.2,0,0,0,5.75,6.25,8.25,False
37008655,6.6,5.75,4.0,0,0,0,8.5,7.75,9.5,False
37008656,5.2,6.25,4.0,0,0,0,5.25,7.5,7.5,False
37008657,6.8,6.25,5.0,0,0,0,6.0,7.0,7.75,False
37008658,7.2,8.0,7.4,0,0,0,5.5,6.75,7.25,False
37008659,6.8,7.0,5.4,6.5,6.25,6.5,0,0,0,True
37008660,6.6,6.5,6.2,0,0,0,7.25,9.0,9.25,False
37008661,6.2,4.0,7.8,0,0,0,8.5,7.75,7.0,False
37008662,6.8,8.25,4.2,0,0,0,9.0,9.5,9.25,False
37008663,7.4,5.25,6.6,7.25,4.0,6.25,0,0,0,True
37008664,8.4,5.25,4.6,3.75,7.0,7.25,0,0,0,True
37008665,7.6,5.0,6.6,6.5,4.25,6.25,0,0,0,True
37008666,7.8,6.5,8.6,7.25,6.0,6.0,0,0,0,True
37008667,4.6,2.25,4.6,0,0,0,5.5,6.5,7.75,False
37008668,7.2,5.75,7.6,0,0,0,6.5,7.25,8.5,False
37008669,6.8,7.25,4.4,0,0,0,6.75,7.0,8.5,False
37008670,7.0,5.75,7.2,0,0,0,5.5,6.75,8.25,False
37008671,7.0,6.5,8.0,6.75,4.75,5.5,0,0,0,True
37008672,6.6,6.0,4.0,0,0,0,6.25,6.25,7.25,False
37008673,5.2,7.5,6.2,0,0,0,7.25,7.5,8.5,False
37008674,7.8,6.25,7.4,7.25,4.5,5.5,0,0,0,True
37008675,4.6,7.5,5.2,0,0,0,6.5,7.25,7.75,False
37008676,6.6,6.25,4.6,0,0,0,9.5,9.75,9.0,False
37008677,8.4,6.25,7.4,8.0,5.5,5.25,0,0,0,True
37008678,7.8,6.5,6.8,8.5,6.75,5.25,0,0,0,True
37008679,7.6,6.75,8.0,0,0,0,8.5,8.5,8.25,False
37008680,8.4,6.75,8.8,8.75,5.75,5.0,0,0,0,True
37008681,7.8,6.5,8.2,8.75,4.25,5.5,0,0,0,True
37008682,8.2,6.0,6.6,8.25,5.5,5.5,0,0,0,True
37008683,7.6,7.0,8.6,0,0,0,4.25,6.5,7.75,False
37008684,8.0,7.25,6.4,0,0,0,8.0,7.75,8.0,False
37008685,8.0,7.5,8.8,0,0,0,7.75,8.75,9.0,False
37008686,4.8,5.25,5.2,0,0,0,4.75,6.5,7.75,False
37008687,8.4,6.75,7.0,7.5,6.0,6.5,0,0,0,True
37008688,7.0,6.5,4.6,0,0,0,5.75,7.0,6.75,False
37008689,6.8,6.75,8.4,7.25,6.5,6.0,0,0,0,True
37008690,8.0,6.75,4.0,7.5,5.75,4.75,0,0,0,True
37008691,3.4,4.5,6.4,0,0,0,5.75,4.5,4.0,False
37008692,7.8,8.25,8.6,0,0,0,8.5,8.25,8.75,False
37008693,6.2,7.0,5.8,0,0,0,6.25,8.0,8.25,False
37008694,8.2,5.5,8.0,5.5,8.5,7.25,0,0,0,True
37008695,8.2,8.25,8.6,7.75,4.25,8.25,0,0,0,True
37008696,8.4,6.5,6.2,8.0,9.0,6.75,0,0,0,True
37008697,7.8,5.25,8.6,5.25,3.5,6.25,0,0,0,True
37008698,4.4,7.0,4.4,0,0,0,6.5,8.5,6.75,False
37008699,8.8,4.25,9.0,7.25,8.5,8.0,0,0,0,True
37008700,8.0,7.5,7.4,6.0,8.5,8.5,0,0,0,True
37008701,8.0,8.0,6.4,0,0,0,6.0,6.75,9.25,False
37008702,7.0,8.25,5.8,0,0,0,8.0,7.75,8.75,False
37008703,7.4,7.75,6.2,0,0,0,7.5,8.0,8.5,False
37008704,6.2,7.0,5.4,0,0,0,6.5,7.75,9.25,False
37008705,7.8,8.5,5.0,0,0,0,8.5,8.0,8.5,False
37008706,7.0,7.25,5.4,0,0,0,7.5,7.75,7.75,False
37008707,5.8,5.25,5.0,6.75,6.75,8.0,0,0,0,True
37008708,7.2,7.0,6.2,0,0,0,5.5,8.0,8.25,False
37008709,8.2,5.75,6.8,6.25,6.5,6.0,0,0,0,True
37008710,6.8,5.75,6.0,6.25,3.75,7.0,0,0,0,True
37008711,8.0,7.0,9.0,7.0,6.25,6.5,0,0,0,True
37008712,7.4,7.0,5.4,6.0,8.0,8.0,0,0,0,True
37008713,9.0,7.25,7.8,6.75,8.75,7.0,0,0,0,True
37008714,7.2,7.0,5.8,7.5,6.5,5.75,0,0,0,True
37008715,7.8,6.25,5.4,7.0,7.75,2.75,0,0,0,True
37008716,9.0,6.75,6.0,6.75,8.5,8.0,0,0,0,True
37008717,7.4,7.5,5.6,0,0,0,6.0,8.0,9.0,False
37008718,7.2,7.25,6.2,0,0,0,5.75,7.5,7.5,False
37008719,8.8,6.75,7.2,8.25,8.75,7.0,0,0,0,True
37008720,8.0,4.0,6.0,7.25,6.75,7.0,0,0,0,True
37008721,9.2,6.5,5.2,3.0,9.5,9.0,0,0,0,True
37008722,6.8,8.25,6.6,0,0,0,7.25,7.75,8.5,False
37008723,8.0,6.25,6.4,8.75,7.0,7.5,0,0,0,True
37008724,8.6,6.0,5.8,8.75,9.75,8.0,0,0,0,True
37008725,7.0,6.75,6.0,0,0,0,8.0,7.0,7.25,False
37008726,8.4,6.5,7.4,8.0,8.5,6.5,0,0,0,True
37008727,8.4,6.75,7.2,5.25,4.5,5.0,0,0,0,True
37008728,7.2,6.75,5.6,0,0,0,8.0,6.75,8.5,False
37008729,9.0,6.5,6.8,7.75,4.75,6.25,0,0,0,True
37008730,7.6,4.75,3.4,7.5,6.5,5.0,0,0,0,True
37008731,7.6,7.25,6.6,6.5,5.25,5.25,0,0,0,True
37008732,7.8,8.0,8.0,5.5,8.5,5.25,0,0,0,True
37008733,7.4,7.25,8.2,5.75,7.25,5.5,0,0,0,True
37008734,7.6,7.25,8.4,4.5,8.75,3.25,0,0,0,True
37008735,6.6,6.75,5.6,0,0,0,8.25,7.5,9.0,False
37008736,6.2,5.75,5.6,4.25,6.5,6.0,0,0,0,True
37008737,6.2,6.5,7.2,0,0,0,7.5,6.5,6.25,False
37008738,7.6,6.5,7.4,5.5,8.25,5.25,0,0,0,True
37008739,8.0,7.25,8.2,8.75,6.5,6.75,0,0,0,True
37008740,6.6,7.25,7.0,0,0,0,8.0,8.25,8.25,False
37008741,4.2,6.25,4.2,0,0,0,6.25,5.75,8.25,False
37008742,5.8,7.0,7.0,0,0,0,8.25,7.0,7.75,False
37008743,8.2,6.75,8.8,6.5,8.25,4.25,0,0,0,True
37008744,8.2,8.0,8.2,5.25,7.75,6.75,0,0,0,True
37008745,8.2,6.75,5.8,0,0,0,7.75,7.5,7.25,False
37008746,9.0,7.5,8.6,5.75,9.5,5.5,0,0,0,True
37008747,8.2,7.75,7.0,8.25,8.25,5.25,0,0,0,True
37008748,7.2,6.75,7.2,4.5,7.75,5.75,0,0,0,True
37008749,4.8,6.0,3.2,0,0,0,5.5,5.5,6.5,False
37008750,6.8,7.25,7.6,0,0,0,7.0,9.0,8.75,False
37008751,8.2,6.75,7.0,9.0,9.25,6.25,0,0,0,True
37008752,8.4,7.5,7.8,8.5,5.75,5.25,0,0,0,True
37008753,7.2,6.75,5.8,0,0,0,7.5,6.75,8.75,False
37008754,8.4,8.0,6.6,0,0,0,7.75,8.75,8.75,False
37008755,7.8,6.75,7.4,8.25,7.5,6.0,0,0,0,True
37008756,7.6,4.75,6.2,6.75,4.5,3.75,0,0,0,True
37008757,8.0,6.0,6.2,5.5,7.75,5.25,0,0,0,True
37008758,7.0,7.75,6.0,0,0,0,6.0,7.75,7.75,False
37008759,6.8,7.0,8.8,0,0,0,8.5,8.0,8.25,False
37008760,8.4,6.5,7.8,6.5,3.5,5.0,0,0,0,True
37008761,7.8,5.0,3.8,7.0,6.75,5.5,0,0,0,True
37008762,8.0,6.25,4.4,8.0,8.5,4.5,0,0,0,True
37008763,7.8,7.75,8.8,0,0,0,8.75,9.5,9.75,False
37008764,8.0,7.0,5.8,0,0,0,9.0,9.25,9.0,False
37008765,9.2,7.75,8.6,7.25,9.25,8.75,0,0,0,True
37008766,6.6,6.25,4.8,5.0,2.5,2.25,0,0,0,True
37008767,7.8,5.5,5.6,5.75,6.25,5.75,0,0,0,True
37008768,7.4,5.75,7.2,4.0,6.5,7.25,0,0,0,True
37008769,8.4,6.5,6.0,6.75,7.0,6.75,0,0,0,True
37008770,8.4,6.75,5.0,8.75,8.0,5.0,0,0,0,True
37008771,8.0,7.5,8.6,8.5,5.25,4.5,0,0,0,True
37008772,6.0,7.0,6.4,0,0,0,7.0,6.75,9.0,False
37008773,8.6,6.25,8.6,8.0,4.0,5.25,0,0,0,True
37008774,9.2,6.0,9.0,8.5,5.5,6.5,0,0,0,True
37008775,7.0,7.0,5.2,0,0,0,6.75,6.75,8.25,False
37008776,6.6,6.5,5.4,0,0,0,7.0,7.5,7.5,False
37008777,7.4,8.0,8.4,7.0,6.75,6.0,0,0,0,True
37008778,8.2,6.75,6.0,9.0,8.75,6.25,0,0,0,True
37008779,7.2,7.5,4.6,6.0,4.75,4.5,0,0,0,True
37008780,7.4,8.25,8.6,0,0,0,9.5,7.0,8.75,False
37008781,7.2,7.25,8.2,0,0,0,7.0,7.25,7.25,False
37008782,5.0,7.25,6.0,0,0,0,7.0,7.75,8.5,False
37008783,7.6,6.75,5.6,7.25,8.5,7.75,0,0,0,True
37008784,7.8,6.5,6.8,7.5,5.0,6.25,0,0,0,True
37008785,8.0,5.25,6.2,6.5,6.25,6.25,0,0,0,True
37008786,7.8,5.75,7.6,6.25,5.75,4.75,0,0,0,True
37008787,7.6,5.75,4.0,7.0,8.0,5.0,0,0,0,True
37008788,5.8,8.75,4.8,0,0,0,6.0,6.25,6.25,False
37008789,3.4,3.25,3.2,0,0,0,5.25,4.25,6.25,False
37008790,7.8,7.0,8.4,8.0,6.5,5.75,0,0,0,True
37008791,8.0,7.25,7.4,0,0,0,7.5,7.25,8.25,False
37008792,8.0,6.25,5.8,3.25,6.5,7.0,0,0,0,True
37008793,8.4,8.0,8.8,6.25,8.0,5.5,0,0,0,True
37008794,8.8,7.75,6.6,8.25,7.75,6.25,0,0,0,True
37008795,7.6,7.75,5.8,0,0,0,8.5,7.25,9.0,False
37008796,8.2,7.5,6.0,0,0,0,7.0,8.5,7.75,False
37008797,6.4,7.5,5.4,0,0,0,4.0,7.25,6.5,False
37008798,7.6,7.5,6.4,0,0,0,6.25,6.75,7.25,False
37008799,7.6,6.75,5.6,7.5,8.25,5.0,0,0,0,True
37008800,7.2,5.0,4.8,6.5,7.25,4.25,0,0,0,True
37008801,7.4,5.5,6.2,0,0,0,6.5,7.5,7.75,False
37008802,7.8,7.25,7.2,0,0,0,7.75,7.25,7.5,False
37008803,7.6,6.0,7.4,0,0,0,7.25,5.5,7.25,False
37008804,7.8,7.0,8.8,7.5,5.75,5.5,0,0,0,True
37008805,8.4,7.0,7.4,8.25,8.25,7.75,0,0,0,True
37008806,8.6,6.75,8.0,7.75,5.0,5.0,0,0,0,True
37008807,7.6,7.0,8.6,7.5,7.0,6.5,0,0,0,True
37008808,9.0,6.25,9.4,9.0,7.25,7.5,0,0,0,True
37008809,6.8,8.25,6.2,0,0,0,6.75,7.0,7.5,False
37008810,6.8,6.0,8.2,6.0,5.75,4.75,0,0,0,True
37008811,7.2,7.0,7.0,7.75,7.5,6.0,0,0,0,True
37008812,7.4,7.75,7.2,5.25,8.0,7.5,0,0,0,True
37008813,6.2,6.5,4.0,0,0,0,8.25,9.0,8.75,False
37008814,7.8,7.25,6.2,6.0,7.0,5.5,0,0,0,True
37008815,8.4,7.5,8.4,6.75,8.0,5.25,0,0,0,True
37008816,2.6,2.0,3.4,0,0,0,3.0,3.0,3.25,False
37008817,7.8,6.25,5.6,0,0,0,5.75,7.75,8.0,False
37008818,6.6,7.75,7.2,0,0,0,5.75,6.75,8.5,False
37008819,7.6,7.25,6.6,4.25,8.75,5.75,0,0,0,True
37008820,5.4,7.5,6.2,0,0,0,4.75,7.0,7.75,False
37008821,7.6,8.25,5.8,0,0,0,7.25,8.0,8.5,False
37008822,7.6,8.5,7.2,0,0,0,6.5,7.25,8.25,False
37008823,7.6,6.25,8.2,5.5,9.0,5.0,0,0,0,True
37008824,8.0,7.5,7.4,0,0,0,7.25,8.75,7.5,False
37008825,7.6,6.75,6.4,0,0,0,5.5,6.25,7.25,False
37008826,7.2,7.25,4.0,0,0,0,5.75,6.75,7.25,False
37008827,6.4,6.25,5.0,0,0,0,5.5,5.75,6.25,False
37008828,7.6,7.5,6.2,0,0,0,7.0,7.0,8.5,False
37008829,6.8,7.5,4.8,0,0,0,6.5,7.5,8.25,False
37008830,8.8,5.25,4.4,6.5,8.5,7.0,0,0,0,True
37008831,8.0,7.5,8.0,0,0,0,8.5,7.75,9.5,False
37008832,7.4,6.75,4.8,0,0,0,9.5,9.75,9.25,False
37008833,5.8,7.5,7.4,0,0,0,9.5,9.5,9.0,False
37008834,8.0,7.25,6.6,0,0,0,6.25,7.75,8.0,False
37008835,7.2,6.25,5.2,0,0,0,5.75,6.75,8.0,False
37008836,8.2,7.5,7.2,0,0,0,6.75,7.5,7.75,False
37008837,6.8,7.75,6.8,0,0,0,8.0,8.75,8.75,False
37008838,6.8,6.75,6.8,0,0,0,7.0,7.0,7.5,False
37008839,8.6,7.75,5.6,6.75,8.0,7.25,0,0,0,True
37008840,7.8,8.0,5.8,0,0,0,7.25,7.75,8.75,False
37008841,8.8,6.75,5.6,7.75,8.25,4.75,0,0,0,True
37008842,7.6,7.5,7.2,0,0,0,9.0,8.75,9.25,False
37008843,7.2,7.0,7.6,6.0,8.25,4.0,0,0,0,True
37008844,7.4,6.5,6.0,3.75,5.75,4.75,0,0,0,True
37008845,8.6,8.0,7.2,0,0,0,6.5,8.25,9.0,False
37008846,5.2,8.0,5.2,0,0,0,6.75,7.25,6.75,False
37008847,8.4,7.0,7.6,8.25,7.25,6.5,0,0,0,True
37008848,6.4,6.25,5.6,6.5,4.75,5.25,0,0,0,True
37008849,7.0,6.5,5.6,0,0,0,6.5,6.25,7.5,False
37008850,8.6,6.0,7.8,7.25,4.5,7.5,0,0,0,True
37008851,7.4,7.5,5.6,0,0,0,6.75,7.25,7.25,False
37008852,8.6,7.25,9.4,9.25,7.25,7.0,0,0,0,True
37008853,8.0,5.75,9.0,8.5,6.25,6.25,0,0,0,True
37008854,7.6,7.5,8.4,0,0,0,7.5,6.5,9.25,False
37008855,8.2,7.5,7.2,4.75,8.75,7.5,0,0,0,True
37008856,5.4,6.5,4.8,0,0,0,6.0,6.75,7.75,False
37008857,6.2,6.75,6.8,0,0,0,4.75,7.5,8.5,False
37008858,8.0,7.75,6.6,0,0,0,6.5,8.25,8.5,False
37008859,8.0,7.5,7.0,7.5,5.25,5.0,0,0,0,True
37008860,6.6,6.0,7.6,0,0,0,8.5,9.0,7.25,False
37008861,4.4,6.0,4.4,0,0,0,6.25,6.75,8.25,False
37008862,8.6,5.75,6.6,8.25,8.5,5.75,0,0,0,True
37008863,6.4,4.75,7.4,0,0,0,7.25,7.75,7.5,False
37008864,3.8,6.25,5.2,0,0,0,5.25,5.75,6.5,False
37008865,8.8,6.5,9.6,9.25,7.75,8.0,0,0,0,True
37008866,7.0,5.75,8.2,0,0,0,6.25,7.0,7.5,False
37008867,7.4,5.25,8.6,7.25,9.25,6.5,0,0,0,True
37008868,7.6,7.75,5.6,0,0,0,6.75,7.25,8.75,False
37008869,8.4,8.25,8.8,0,0,0,9.5,8.75,9.25,False
37008870,7.0,7.5,7.0,5.0,8.5,5.75,0,0,0,True
37008871,6.6,5.75,5.4,6.75,6.75,5.5,0,0,0,True
37008872,7.4,8.75,6.8,0,0,0,7.75,9.0,8.25,False
37008873,8.6,7.5,8.6,8.0,5.5,5.25,0,0,0,True
37008874,6.8,6.5,6.0,0,0,0,6.5,7.0,9.0,False
37008875,8.2,7.0,5.4,0,0,0,7.75,8.75,8.75,False
37008876,6.4,8.0,6.2,0,0,0,8.25,9.0,9.5,False
37008877,7.6,6.5,7.2,7.75,4.5,6.25,0,0,0,True
37008878,7.4,7.25,4.8,0,0,0,6.75,6.5,7.75,False
37008879,8.2,9.25,7.6,8.0,7.5,6.5,0,0,0,True
37008880,8.0,8.75,6.6,0,0,0,6.75,6.25,7.25,False
37008881,8.2,5.0,8.0,8.5,5.5,4.75,0,0,0,True
37008882,7.0,6.0,5.4,5.0,6.0,5.25,0,0,0,True
37008883,6.2,8.0,5.4,0,0,0,7.0,7.0,7.5,False
37008884,9.0,7.0,8.6,6.5,9.0,4.75,0,0,0,True
37008885,7.8,6.0,6.0,7.25,5.75,4.5,0,0,0,True
37008886,7.8,7.75,6.6,0,0,0,5.5,7.25,6.25,False
37008887,8.2,8.25,8.4,0,0,0,8.0,8.25,8.5,False
37008888,8.0,5.75,5.8,7.5,7.5,4.0,0,0,0,True
37008889,7.8,6.5,4.8,0,0,0,7.0,7.25,8.0,False
37008890,8.2,6.25,4.4,8.25,8.5,4.25,0,0,0,True
37008891,7.2,7.75,5.0,0,0,0,6.0,5.75,6.5,False
37008892,4.2,7.5,5.0,0,0,0,6.5,7.75,8.75,False
37008893,7.0,6.75,5.2,0,0,0,5.75,8.0,7.75,False
37008894,8.2,6.75,6.6,0,0,0,4.25,7.25,8.25,False
37008895,8.0,5.25,5.0,0,0,0,4.25,5.25,6.75,False
37008896,7.4,4.75,4.0,7.5,6.0,3.75,0,0,0,True
37008897,6.4,7.0,5.8,0,0,0,6.75,7.25,9.0,False
37008898,3.2,4.0,2.2,0,0,0,8.5,5.5,6.25,False
37008899,7.8,6.5,4.0,0,0,0,7.25,7.75,9.0,False
37008900,7.0,6.5,4.8,6.0,4.25,3.75,0,0,0,True
37008901,8.0,7.5,6.4,0,0,0,6.0,7.75,8.5,False
37008902,8.4,6.0,8.4,6.0,6.75,4.75,0,0,0,True
37008903,8.6,6.5,8.8,8.25,4.0,7.0,0,0,0,True
37008904,7.2,6.5,5.8,0,0,0,7.0,6.75,7.5,False
37008905,8.0,7.5,6.4,0,0,0,6.0,7.0,8.25,False
37008906,7.8,7.75,9.6,8.25,5.75,6.75,0,0,0,True
37008907,7.2,6.5,3.2,4.0,3.75,5.25,0,0,0,True
37008908,7.2,8.25,5.0,0,0,0,7.0,8.75,9.25,False
37008909,8.2,7.5,5.8,7.5,8.5,5.0,0,0,0,True
37008910,6.0,8.5,6.6,0,0,0,7.75,8.75,8.5,False
37008911,7.6,5.5,5.0,6.25,7.75,6.25,0,0,0,True
37008912,8.0,7.0,5.6,8.5,9.5,6.5,0,0,0,True
37008913,7.6,7.5,8.2,7.25,2.75,5.75,0,0,0,True
37008914,8.0,6.75,6.0,7.25,8.5,3.75,0,0,0,True
37008915,7.0,7.75,7.6,0,0,0,8.5,8.5,9.0,False
37008916,7.4,7.75,5.8,0,0,0,7.5,7.75,9.0,False
37008917,7.6,5.5,5.4,6.5,7.5,5.25,0,0,0,True
37008918,7.2,6.0,4.0,0,0,0,6.75,8.25,8.0,False
37008919,7.8,7.0,6.8,0,0,0,6.5,7.25,7.75,False
37008920,8.6,6.5,4.2,8.0,8.75,6.25,0,0,0,True
37008921,8.2,8.5,8.6,8.25,7.5,7.25,0,0,0,True
37008922,8.4,6.75,5.4,7.75,4.0,5.5,0,0,0,True
37008923,7.2,6.75,8.4,5.5,5.75,6.5,0,0,0,True
37008924,7.0,8.5,7.8,0,0,0,7.25,7.0,8.0,False
37008925,8.0,7.75,9.0,0,0,0,9.5,7.75,9.0,False
37008926,6.8,6.75,8.2,0,0,0,6.75,7.5,6.5,False
37008927,8.2,5.25,9.0,9.5,5.0,4.75,0,0,0,True
37008928,7.2,7.25,7.6,8.0,8.0,5.25,0,0,0,True
37008929,7.8,5.0,5.8,7.5,7.75,6.25,0,0,0,True
37008930,7.4,6.5,4.6,5.25,4.0,6.25,0,0,0,True
37008931,7.4,8.0,6.8,0,0,0,7.25,7.5,8.5,False
37008932,6.6,7.5,3.6,0,0,0,7.75,8.25,8.0,False
37008933,5.4,8.0,6.6,0,0,0,7.0,8.75,8.0,False
37008934,8.6,7.25,8.0,8.0,5.5,7.0,0,0,0,True
37008935,8.0,6.25,5.4,8.0,5.0,5.0,0,0,0,True
37008936,8.2,7.5,6.4,0,0,0,6.5,7.0,7.75,False
37008937,7.2,7.75,7.6,4.5,6.25,4.5,0,0,0,True
37008938,7.4,7.75,8.2,0,0,0,7.75,7.5,8.5,False
37008939,5.6,4.25,7.2,0,0,0,7.25,6.75,7.5,False
37008940,8.8,6.75,7.8,8.0,4.0,5.75,0,0,0,True
37008941,4.6,7.0,5.2,0,0,0,9.25,7.5,8.5,False
37008942,8.4,7.0,4.8,8.25,8.5,6.75,0,0,0,True
37008943,8.4,8.0,7.2,0,0,0,8.75,8.5,9.0,False
37008944,7.2,8.0,7.2,0,0,0,8.75,8.0,7.75,False
37008945,7.8,8.5,7.6,0,0,0,9.0,8.0,8.75,False
37008946,8.6,8.25,8.2,0,0,0,6.5,7.75,7.25,False
37008947,7.6,8.0,7.4,0,0,0,7.25,7.0,8.5,False
37008948,7.4,7.0,8.4,9.25,6.5,6.75,0,0,0,True
37008949,8.0,6.75,5.0,7.75,7.5,5.0,0,0,0,True
37008950,6.6,5.5,9.0,6.0,4.0,3.75,0,0,0,True
37008951,8.0,6.25,9.0,6.0,8.5,7.5,0,0,0,True
37008952,7.2,6.0,7.2,9.0,4.75,4.25,0,0,0,True
37008953,9.0,7.25,9.0,8.0,9.5,6.75,0,0,0,True
37008954,8.6,7.25,8.4,8.25,8.25,5.5,0,0,0,True
37008955,8.4,6.25,5.8,6.25,7.75,7.75,0,0,0,True
37008956,9.0,6.75,8.0,7.5,6.0,6.0,0,0,0,True
37008957,6.6,8.0,6.8,0,0,0,7.25,8.0,8.0,False
37008958,8.0,6.5,5.0,7.75,8.75,6.25,0,0,0,True
37008959,8.4,8.25,7.8,0,0,0,7.5,6.75,8.5,False
37008960,7.8,6.75,7.4,8.0,5.75,5.5,0,0,0,True
37008961,8.6,6.0,8.8,8.25,9.0,8.5,0,0,0,True
37008962,8.0,6.5,9.0,4.0,8.75,6.0,0,0,0,True
37008963,9.0,7.5,7.8,8.75,8.5,6.25,0,0,0,True
37008964,8.4,7.5,8.0,0,0,0,6.0,7.25,8.5,False
37008965,6.8,6.5,6.6,5.75,5.75,5.75,0,0,0,True
37008966,8.0,8.0,6.6,0,0,0,5.75,6.75,7.25,False
37008967,8.2,8.0,6.4,4.25,8.5,8.0,0,0,0,True
37008968,5.8,8.0,5.0,0,0,0,7.5,7.25,9.25,False
37008969,6.6,5.75,4.4,8.0,8.5,5.0,0,0,0,True
37008970,7.0,6.75,8.0,7.5,7.0,5.25,0,0,0,True
37008971,6.8,7.75,5.2,0,0,0,7.0,8.25,9.0,False
37008972,6.8,7.0,8.0,8.25,7.25,5.0,0,0,0,True
37008973,6.0,7.0,5.6,0,0,0,5.75,7.25,8.25,False
37008974,8.4,8.0,9.6,0,0,0,8.25,8.25,8.5,False
37008975,8.2,6.0,8.4,5.0,9.5,5.75,0,0,0,True
37008976,8.2,6.25,7.4,0,0,0,7.5,7.5,8.25,False
37008977,8.2,5.0,9.2,8.25,8.75,8.0,0,0,0,True
37008978,8.4,6.5,7.4,0,0,0,9.75,8.0,8.25,False
37008979,6.8,4.5,6.4,0,0,0,6.75,6.5,7.25,False
37008980,7.8,5.75,9.0,8.0,3.75,5.0,0,0,0,True
37008981,8.2,5.75,8.0,8.5,7.0,6.0,0,0,0,True
37008982,8.2,6.25,9.0,8.5,6.0,7.5,0,0,0,True
37008983,5.0,6.0,4.6,0,0,0,6.0,5.5,7.25,False
37008984,6.0,5.25,5.8,0,0,0,6.25,6.5,6.5,False
37008985,7.8,7.25,6.8,7.25,5.75,5.25,0,0,0,True
37008986,6.6,6.0,3.4,8.0,5.75,5.5,0,0,0,True
37008987,8.0,6.75,8.0,8.75,9.0,6.5,0,0,0,True
37008988,7.2,6.25,6.8,6.25,8.25,7.0,0,0,0,True
37008989,8.0,9.0,8.2,0,0,0,7.75,6.5,8.75,False
37008990,5.6,7.75,5.8,0,0,0,7.0,6.0,7.0,False
37008991,8.6,7.0,4.8,7.75,8.75,5.25,0,0,0,True
37008992,7.0,7.75,5.8,0,0,0,5.5,6.0,7.75,False
37008993,6.0,5.75,5.2,6.0,4.75,4.5,0,0,0,True
37008994,7.8,7.0,6.4,0,0,0,6.25,8.5,8.0,False
37008995,6.8,5.5,4.4,6.0,3.5,4.75,0,0,0,True
37008996,8.8,7.0,5.6,6.75,8.75,5.75,0,0,0,True
37008997,6.8,6.5,5.2,6.0,8.0,5.75,0,0,0,True
37008998,8.6,7.5,7.8,7.75,9.25,7.0,0,0,0,True
37008999,8.0,6.5,6.6,9.25,10.0,5.75,0,0,0,True
37009000,7.8,7.0,7.8,8.0,8.75,5.0,0,0,0,True
37009001,8.0,7.0,6.4,7.0,8.25,6.5,0,0,0,True
37009002,8.0,6.5,4.2,8.0,8.0,5.5,0,0,0,True
37009003,5.4,8.25,7.0,0,0,0,7.25,7.5,9.25,False
37009004,8.2,7.25,5.0,8.0,8.25,4.5,0,0,0,True
37009005,6.6,7.75,5.8,0,0,0,6.0,5.0,7.25,False
37009006,8.2,7.25,7.4,6.0,8.0,7.5,0,0,0,True
37009007,9.0,6.5,8.0,8.0,8.25,7.0,0,0,0,True
37009008,6.8,7.25,6.6,5.75,8.5,5.5,0,0,0,True
37009009,8.6,8.0,7.4,7.25,8.5,5.25,0,0,0,True
37009010,8.6,7.25,6.4,7.0,9.5,8.75,0,0,0,True
37009011,5.8,7.0,4.4,0,0,0,5.5,8.0,8.0,False
37009012,4.8,6.75,4.0,0,0,0,8.25,7.25,9.25,False
37009013,5.8,6.5,3.6,0,0,0,7.0,6.75,7.5,False
37009014,8.2,3.75,9.0,8.5,4.75,5.0,0,0,0,True
37009015,8.4,7.5,7.2,0,0,0,7.75,6.75,8.5,False
37009016,7.0,7.0,4.8,0,0,0,6.5,7.5,9.25,False
37009017,7.8,7.0,6.4,7.25,7.0,6.0,0,0,0,True
37009018,7.4,7.0,6.0,0,0,0,6.0,7.5,6.75,False
37009019,6.8,6.0,6.8,0,0,0,6.75,6.0,6.75,False
37009020,7.8,6.5,7.2,7.75,7.0,6.25,0,0,0,True
37009021,7.2,8.25,6.4,0,0,0,6.5,7.0,8.0,False
37009022,8.0,7.25,5.2,8.0,8.75,7.25,0,0,0,True
37009023,8.6,6.5,4.4,7.5,8.25,7.5,0,0,0,True
37009024,8.8,7.25,6.4,8.75,9.0,7.0,0,0,0,True
37009025,7.6,4.75,6.6,7.25,5.0,6.0,0,0,0,True
37009026,7.6,6.25,6.0,0,0,0,4.75,6.25,6.5,False
37009027,6.6,7.25,8.4,6.75,5.5,6.5,0,0,0,True
37009028,7.8,6.75,7.8,8.5,6.5,6.25,0,0,0,True
37009029,5.8,6.0,5.4,0,0,0,6.25,5.75,8.0,False
37009030,8.2,7.75,7.4,0,0,0,7.0,5.75,8.25,False
37009031,8.4,7.0,6.2,7.25,7.25,5.25,0,0,0,True
37009032,8.0,6.75,7.8,7.0,8.25,6.0,0,0,0,True
37009033,8.2,8.5,9.8,8.5,9.0,8.5,0,0,0,True
37009034,8.6,7.25,6.6,0,0,0,7.0,6.0,8.0,False
37009035,7.4,4.5,6.6,8.25,4.25,4.75,0,0,0,True
37009036,7.8,8.0,7.0,5.5,8.0,4.5,0,0,0,True
37009037,6.6,6.5,7.8,0,0,0,6.5,6.0,8.0,False
37009038,7.8,4.75,4.6,6.25,8.0,5.75,0,0,0,True
37009039,7.2,5.5,7.6,6.0,6.5,6.0,0,0,0,True
37009040,8.2,7.0,5.0,0,0,0,7.25,8.25,8.5,False
37009041,8.0,8.0,3.8,6.75,7.75,7.0,0,0,0,True
37009042,8.0,6.5,6.0,8.0,8.5,7.75,0,0,0,True
37009043,9.0,7.0,7.4,8.0,9.0,8.0,0,0,0,True
37009044,4.6,8.0,8.8,0,0,0,8.0,7.75,8.25,False
37009045,8.0,7.0,5.2,5.5,6.75,6.25,0,0,0,True
37009046,7.8,7.0,6.8,7.25,5.0,6.25,0,0,0,True
37009047,8.2,5.75,5.8,7.75,8.25,4.5,0,0,0,True
37009048,9.0,6.0,9.2,7.75,4.75,5.0,0,0,0,True
37009049,7.8,9.0,8.8,0,0,0,6.5,6.5,8.0,False
37009050,7.8,7.25,6.6,0,0,0,6.5,7.75,8.25,False
37009051,5.2,6.0,5.2,0,0,0,6.0,6.25,7.0,False
37009052,8.0,7.0,7.2,8.5,5.25,4.75,0,0,0,True
37009053,8.2,5.75,7.0,0,0,0,8.0,8.25,7.0,False
37009054,7.0,7.0,6.4,0,0,0,6.0,7.25,7.5,False
37009055,5.0,6.0,4.2,0,0,0,7.75,7.25,8.0,False
37009056,7.8,7.5,6.2,8.0,8.5,6.25,0,0,0,True
37009057,7.2,5.5,6.8,7.0,5.0,5.0,0,0,0,True
37009058,6.6,7.25,8.4,7.25,5.75,5.25,0,0,0,True
37009059,8.2,7.5,7.4,0,0,0,9.25,9.5,8.5,False
37009060,6.8,7.0,6.0,0,0,0,7.25,9.0,8.75,False
37009061,7.8,6.0,5.0,0,0,0,6.5,7.5,8.5,False
37009062,7.6,7.25,7.0,0,0,0,6.0,7.0,8.75,False
37009063,6.8,7.25,5.8,0,0,0,6.5,7.25,9.25,False
37009064,4.8,6.0,4.4,0,0,0,6.25,8.25,8.0,False
37009065,7.6,7.25,7.0,0,0,0,7.25,7.5,8.75,False
37009066,5.8,7.25,4.6,0,0,0,9.0,8.0,8.75,False
37009067,7.6,8.25,3.4,0,0,0,8.25,9.5,8.5,False
37009068,6.4,5.75,4.6,0,0,0,4.0,6.0,7.25,False
37009069,5.6,7.0,5.4,0,0,0,4.75,7.0,8.25,False
37009070,4.6,6.75,4.2,0,0,0,7.25,8.25,7.5,False
37009071,8.6,7.0,7.8,8.0,8.25,8.25,0,0,0,True
37009072,6.4,5.25,3.0,0,0,0,5.25,5.5,7.5,False
37009073,7.6,7.0,5.8,0,0,0,5.75,9.0,8.5,False
37009074,8.6,6.0,5.0,7.0,8.5,4.75,0,0,0,True
37009075,8.2,7.5,6.4,8.5,8.5,5.5,0,0,0,True
37009076,7.2,4.75,4.8,0,0,0,6.25,7.0,8.5,False
37009077,7.0,7.25,4.4,5.25,7.75,6.25,0,0,0,True
37009078,7.8,6.0,5.4,6.5,7.5,7.0,0,0,0,True
37009079,7.8,7.75,6.6,6.0,8.75,8.0,0,0,0,True
37009080,8.6,6.75,5.6,8.25,8.5,6.5,0,0,0,True
37009081,6.0,5.75,5.2,0,0,0,8.0,8.0,8.5,False
37009082,7.2,3.5,4.8,0,0,0,5.5,6.75,6.25,False
37009083,7.8,7.25,4.4,0,0,0,9.5,9.5,9.25,False
37009084,4.6,5.5,4.2,0,0,0,5.0,6.25,6.75,False
37009085,6.8,7.0,4.2,0,0,0,6.75,7.75,9.0,False
37009086,6.4,6.5,6.0,5.25,5.75,5.5,0,0,0,True
37009087,6.4,5.5,5.2,0,0,0,6.5,7.5,7.5,False
37009088,7.0,6.25,5.4,0,0,0,5.75,7.5,7.75,False
37009089,7.8,8.0,7.0,8.0,7.5,6.75,0,0,0,True
37009090,6.2,7.25,4.4,0,0,0,5.75,6.25,7.5,False
37009091,7.2,6.75,6.0,0,0,0,7.75,9.5,9.25,False
37009092,6.2,7.25,4.6,0,0,0,7.5,6.75,7.75,False
37009093,5.2,5.5,3.8,0,0,0,5.5,7.0,7.0,False
37009094,4.0,5.25,3.4,0,0,0,4.25,6.5,6.5,False
37009095,5.6,6.75,5.0,0,0,0,7.0,9.5,8.25,False
37009096,7.4,6.75,6.0,0,0,0,8.5,8.0,8.75,False
37009097,7.8,5.0,3.4,6.75,6.5,6.0,0,0,0,True
37009098,6.8,6.0,5.2,0,0,0,8.0,6.5,6.5,False
37009099,6.4,6.0,5.2,0,0,0,6.25,8.25,8.25,False
37009100,5.8,5.0,2.8,0,0,0,6.25,8.0,8.25,False
37009101,6.4,5.0,3.2,0,0,0,4.25,6.75,8.5,False
37009102,4.8,5.0,5.2,0,0,0,5.0,6.75,6.25,False
37009103,5.2,4.5,3.6,0,0,0,4.5,7.0,6.5,False
37009104,7.2,7.0,4.8,7.75,8.25,6.75,0,0,0,True
37009105,6.2,6.5,5.0,0,0,0,6.25,7.0,8.5,False
37009106,6.8,6.0,6.0,5.75,7.25,7.25,0,0,0,True
37009107,6.6,6.25,5.2,7.25,6.0,6.5,0,0,0,True
37009108,5.4,5.25,4.2,0,0,0,5.25,5.5,7.0,False
37009109,4.4,7.0,3.8,0,0,0,7.0,6.75,7.25,False
37009110,7.4,6.25,5.4,0,0,0,5.75,8.5,8.5,False
37009111,7.6,7.75,8.0,6.25,6.0,6.25,0,0,0,True
37009112,5.2,6.0,4.0,0,0,0,7.0,8.0,8.5,False
37009113,6.6,5.25,3.8,0,0,0,7.25,8.25,8.75,False
37009114,7.0,7.5,6.4,5.75,5.5,6.0,0,0,0,True
37009115,4.4,5.5,3.6,0,0,0,7.0,6.25,8.75,False
37009116,5.0,6.0,3.2,0,0,0,6.25,7.5,6.5,False
37009117,6.8,5.0,4.4,0,0,0,6.5,7.5,6.5,False
37009118,7.2,7.0,5.8,0,0,0,6.25,6.75,7.25,False
37009119,8.6,5.75,4.8,4.0,7.5,6.5,0,0,0,True
37009120,8.4,6.5,7.4,9.25,9.25,5.25,0,0,0,True
37009121,6.2,7.25,3.6,0,0,0,5.0,6.75,6.75,False
37009122,6.8,5.75,3.4,3.25,4.5,7.0,0,0,0,True
37009123,8.6,6.75,5.4,8.75,7.75,6.75,0,0,0,True
37009124,8.2,7.5,5.4,8.75,7.75,5.25,0,0,0,True
37009125,8.4,8.5,8.2,7.25,6.75,6.75,0,0,0,True
37009126,8.4,8.5,5.0,6.0,8.0,5.25,0,0,0,True
37009127,6.2,7.75,5.2,0,0,0,4.75,6.75,6.75,False
37009128,5.4,7.0,5.2,0,0,0,6.5,6.25,8.25,False
37009129,6.6,6.5,4.4,0,0,0,5.25,8.75,8.25,False
37009130,8.6,8.25,6.2,0,0,0,5.0,8.0,9.25,False
37009131,5.8,5.75,4.6,0,0,0,5.5,4.5,6.75,False
37009132,8.0,8.0,7.6,0,0,0,7.5,9.5,9.5,False
37009133,6.2,8.0,6.6,0,0,0,10.0,9.5,9.0,False
37009134,7.0,7.75,5.2,7.5,7.25,6.75,0,0,0,True
37009135,5.6,5.0,4.0,0,0,0,8.0,6.0,7.0,False
37009136,5.6,7.0,3.2,0,0,0,6.75,7.0,8.0,False
37009137,5.6,3.5,3.2,0,0,0,6.75,5.75,7.25,False
37009138,5.2,8.25,6.0,0,0,0,7.25,7.75,9.25,False
37009139,6.8,7.0,5.6,0,0,0,7.5,7.25,8.0,False
37009140,5.6,6.5,4.6,0,0,0,4.5,5.75,7.75,False
37009141,5.6,6.5,5.4,0,0,0,6.5,6.75,7.75,False
37009142,6.6,6.25,4.8,0,0,0,4.75,6.25,7.5,False
37009143,6.4,7.25,6.6,7.25,5.75,6.0,0,0,0,True
37009144,7.8,6.75,6.8,5.75,8.75,7.75,0,0,0,True
37009145,7.8,5.75,5.2,5.5,4.75,6.5,0,0,0,True
37009146,5.0,7.5,4.0,0,0,0,5.75,8.0,8.5,False
37009147,9.0,7.25,8.4,8.75,9.5,8.0,0,0,0,True
37009148,8.6,8.25,7.2,7.75,9.5,7.75,0,0,0,True
37009150,4.4,5.5,4.2,0,0,0,3.0,7.25,6.25,False
37009151,7.8,7.25,8.4,6.25,9.25,8.75,0,0,0,True
37009152,3.4,5.0,3.6,0,0,0,6.5,7.0,6.25,False
37009153,8.4,6.5,6.2,6.75,5.5,6.75,0,0,0,True
37009154,7.4,6.75,6.2,4.75,6.5,5.5,0,0,0,True
37009155,6.4,7.0,6.4,0,0,0,7.25,8.0,8.25,False
37009156,3.4,5.5,3.2,0,0,0,6.0,6.5,5.75,False
37009157,7.2,6.75,6.4,4.0,5.0,6.25,0,0,0,True
37009158,5.6,5.5,3.2,0,0,0,5.5,6.5,6.0,False
37009159,8.0,8.5,7.0,0,0,0,8.25,8.75,8.75,False
37009160,6.6,5.5,4.8,0,0,0,7.25,8.25,8.25,False
37009161,7.8,7.0,7.0,8.0,4.5,6.25,0,0,0,True
37009162,3.0,4.25,2.4,0,0,0,5.25,7.0,7.0,False
37009163,5.2,6.0,2.8,0,0,0,6.0,8.25,8.5,False
37009164,6.8,6.5,5.2,6.75,4.75,5.75,0,0,0,True
37009165,6.8,7.25,5.4,0,0,0,7.25,8.25,8.25,False
37009166,7.2,6.5,6.0,0,0,0,6.75,7.25,7.25,False
37009167,5.8,4.5,5.6,0,0,0,6.5,6.25,8.25,False
37009168,8.4,6.25,5.4,6.0,5.0,6.5,0,0,0,True
37009169,4.4,3.75,4.6,0,0,0,5.5,7.5,7.5,False
37009171,7.0,7.0,3.8,0,0,0,5.75,7.0,7.0,False
37009172,8.0,6.75,4.6,6.25,4.5,5.75,0,0,0,True
37009173,5.4,6.75,5.4,0,0,0,5.25,7.75,7.75,False
37009174,7.4,6.0,7.6,7.5,3.75,7.0,0,0,0,True
37009175,7.8,7.75,3.8,0,0,0,7.25,8.0,8.5,False
37009176,4.8,5.25,4.6,0,0,0,6.5,8.0,7.0,False
37009177,7.0,6.25,4.4,0,0,0,6.5,6.75,6.75,False
37009178,6.4,7.25,5.2,5.0,5.25,6.0,0,0,0,True
37009179,4.6,5.5,5.0,0,0,0,5.75,6.75,7.25,False
37009180,4.2,6.5,5.8,0,0,0,7.0,8.25,7.75,False
37009181,3.8,7.0,3.4,0,0,0,5.75,7.0,8.25,False
37009182,6.8,7.5,4.6,0,0,0,9.0,8.75,9.0,False
37009183,6.8,6.75,4.0,0,0,0,5.75,8.25,6.25,False
37009184,8.2,7.0,8.8,8.75,5.5,5.75,0,0,0,True
37009185,6.6,8.5,5.8,0,0,0,6.5,7.25,9.25,False
37009186,6.4,7.5,5.4,0,0,0,7.0,8.25,8.5,False
37009188,7.2,6.75,4.2,0,0,0,5.25,7.75,7.5,False
37009189,3.8,5.75,4.4,0,0,0,3.5,7.0,7.0,False
37009190,6.0,7.75,5.2,0,0,0,7.0,5.75,7.0,False
37009191,5.8,7.5,4.2,0,0,0,5.75,8.75,9.5,False
37009192,8.0,5.25,6.4,7.25,8.25,5.25,0,0,0,True
37009193,6.8,6.25,5.0,0,0,0,6.0,6.0,6.75,False
37009194,7.2,8.0,6.4,0,0,0,6.25,8.5,8.5,False
37009195,6.6,7.25,4.8,0,0,0,5.5,7.75,7.25,False
37009196,6.2,7.0,4.8,0,0,0,8.25,8.75,7.75,False
37009197,6.6,5.5,4.8,0,0,0,7.0,8.0,7.75,False
37009198,4.4,5.25,4.2,0,0,0,6.5,7.75,8.0,False
37009199,5.4,4.25,4.4,0,0,0,5.25,5.0,6.5,False
37009200,7.2,7.5,5.0,0,0,0,6.25,7.5,8.0,False
37009201,6.6,7.5,3.2,0,0,0,6.0,7.75,7.5,False
37009202,6.8,8.0,5.6,0,0,0,7.25,6.75,7.5,False
37009203,6.4,6.0,5.2,0,0,0,6.5,7.25,7.5,False
37009204,4.0,3.25,3.0,0,0,0,6.5,6.75,6.75,False
37009205,6.6,6.25,5.6,0,0,0,6.75,9.5,7.75,False
37009206,8.0,5.5,5.2,7.75,5.0,7.0,0,0,0,True
37009207,6.8,5.0,2.8,0,0,0,6.25,8.0,8.25,False
37009208,7.6,7.0,4.8,0,0,0,6.5,5.5,8.25,False
37009209,7.4,5.75,5.4,0,0,0,6.5,7.75,8.25,False
37009210,4.8,7.0,4.4,0,0,0,6.0,7.25,7.5,False
37009211,5.8,6.75,2.6,0,0,0,5.25,5.25,5.5,False
37009212,6.8,6.75,4.8,0,0,0,4.75,8.5,7.5,False
37009213,3.6,4.5,3.4,0,0,0,4.0,4.25,4.75,False
37009214,5.8,6.5,5.4,0,0,0,6.25,6.0,7.0,False
37009215,5.8,6.25,5.4,0,0,0,6.25,6.25,6.75,False
37009216,5.4,5.75,4.8,0,0,0,6.25,7.25,7.75,False
37009217,8.2,7.25,6.0,0,0,0,8.25,9.5,8.5,False
37009218,6.6,5.0,4.2,0,0,0,7.75,8.25,8.5,False
37009219,7.6,7.25,4.6,6.25,6.25,5.75,0,0,0,True
37009220,8.0,6.75,4.0,0,0,0,7.25,9.0,8.75,False
37009221,7.2,8.0,5.4,0,0,0,7.0,8.75,9.0,False
37009222,6.8,6.5,5.4,0,0,0,7.25,7.75,8.5,False
37009223,6.4,8.5,5.6,5.0,5.75,6.5,0,0,0,True
37009224,8.4,8.0,7.2,7.5,7.75,6.5,0,0,0,True
37009225,8.4,7.0,4.8,0,0,0,7.25,8.0,9.0,False
37009226,6.6,6.5,3.2,4.5,5.75,5.75,0,0,0,True
37009227,6.6,6.0,3.8,0,0,0,4.75,6.75,8.25,False
37009228,7.0,7.5,7.8,7.75,7.0,6.75,0,0,0,True
37009229,5.6,6.25,4.2,0,0,0,6.75,6.25,8.0,False
37009230,5.6,7.75,5.4,0,0,0,7.0,7.5,7.75,False
37009231,6.0,6.0,5.4,0,0,0,5.0,7.0,7.75,False
37009232,7.8,7.5,8.6,7.75,7.75,6.25,0,0,0,True
37009233,5.0,6.0,4.4,0,0,0,6.0,8.25,8.5,False
37009234,6.4,7.0,4.0,0,0,0,6.5,7.25,8.5,False
37009235,6.2,8.0,5.8,0,0,0,6.5,8.25,7.75,False
37009236,9.4,7.5,8.0,8.5,8.25,7.75,0,0,0,True
37009237,4.4,6.5,2.8,0,0,0,7.0,7.5,8.25,False
37009238,7.2,6.75,5.4,0,0,0,6.75,7.5,7.75,False
37009239,7.4,6.25,6.0,0,0,0,6.75,7.5,7.75,False
37009240,6.4,8.0,5.8,0,0,0,7.75,8.75,8.0,False
37009241,7.4,7.5,7.0,6.75,5.5,7.25,0,0,0,True
37009242,6.4,7.5,5.4,0,0,0,7.0,7.0,7.5,False
37009243,3.8,5.5,6.8,0,0,0,6.25,6.5,8.5,False
37009244,8.0,6.75,6.8,0,0,0,7.25,9.25,8.0,False
37009245,6.8,7.0,4.4,0,0,0,6.25,8.25,8.0,False
37009246,8.4,9.0,8.4,9.25,8.0,8.25,0,0,0,True
37009247,6.0,5.75,4.4,0,0,0,6.0,7.75,7.25,False
37009248,5.8,5.0,4.0,4.5,5.75,6.75,0,0,0,True
37009249,8.0,8.0,6.0,8.25,7.25,8.5,0,0,0,True
37009250,6.4,6.75,8.2,5.75,5.25,5.0,0,0,0,True
37009251,4.6,5.0,6.4,0,0,0,5.75,4.0,6.5,False
37009252,8.8,7.0,8.0,8.5,7.0,7.75,0,0,0,True
37009253,6.8,6.75,4.6,0,0,0,6.75,8.0,7.75,False
37009254,5.0,7.0,5.0,0,0,0,5.75,7.25,6.5,False
37009255,7.2,5.75,5.8,8.0,5.0,5.75,0,0,0,True
37009256,8.0,7.0,5.6,8.0,8.75,6.75,0,0,0,True
37009257,7.6,6.0,4.2,0,0,0,5.75,7.0,7.75,False
37009258,4.8,6.5,5.2,0,0,0,5.75,8.0,7.75,False
37009259,7.0,8.0,7.0,0,0,0,5.5,8.0,8.25,False
37009260,6.8,7.0,5.6,8.0,6.75,4.75,0,0,0,True
37009261,7.6,6.25,6.4,4.5,7.75,5.75,0,0,0,True
37009262,7.0,8.0,6.6,0,0,0,6.75,8.5,8.75,False
37009263,5.6,6.0,5.2,0,0,0,5.5,8.25,5.0,False
37009264,7.4,7.25,5.4,0,0,0,6.75,8.25,8.25,False
37009265,4.8,6.25,5.4,0,0,0,7.0,6.0,7.75,False
37009266,5.6,6.25,4.6,0,0,0,7.25,8.25,8.0,False
37009267,6.6,6.5,5.2,0,0,0,7.75,7.25,7.0,False
37009268,6.2,7.0,5.4,6.25,5.5,6.0,0,0,0,True
37009269,3.2,5.75,3.4,0,0,0,5.5,6.75,7.25,False
37009270,7.2,6.25,5.6,0,0,0,4.75,7.25,8.25,False
37009271,6.0,7.5,5.4,0,0,0,4.75,7.5,8.5,False
37009272,7.2,7.0,5.4,0,0,0,6.75,8.0,8.5,False
37009273,5.8,7.0,5.0,0,0,0,5.75,7.5,6.75,False
37009274,6.6,5.0,6.2,0,0,0,6.25,8.25,8.75,False
37009275,7.6,7.75,4.2,0,0,0,8.25,8.0,7.5,False
37009276,5.6,8.75,4.2,0,0,0,8.0,9.25,9.5,False
37009277,7.0,6.5,5.0,0,0,0,6.75,7.5,8.75,False
37009278,6.0,7.5,4.6,0,0,0,6.75,7.5,8.25,False
37009279,8.4,7.75,5.0,6.5,6.0,8.0,0,0,0,True
37009280,8.0,7.5,6.6,0,0,0,6.5,8.5,8.5,False
37009281,5.2,6.0,5.8,6.25,5.75,6.0,0,0,0,True
37009282,6.4,7.25,4.6,0,0,0,6.75,7.0,9.0,False
37009283,6.2,6.5,4.2,0,0,0,4.0,5.5,8.0,False
37009284,8.0,7.0,6.2,0,0,0,4.75,7.0,6.5,False
37009285,5.8,7.25,5.6,0,0,0,5.25,7.5,8.5,False
37009286,7.8,5.25,5.0,0,0,0,5.5,8.0,7.75,False
37009287,7.0,8.0,5.4,0,0,0,5.5,8.0,9.0,False
37009288,6.4,5.5,7.6,6.75,6.0,7.0,0,0,0,True
37009289,8.6,5.25,5.4,9.0,8.75,6.0,0,0,0,True
37009290,8.0,5.75,6.8,8.75,9.0,7.25,0,0,0,True
37009291,6.2,5.25,5.8,0,0,0,7.25,8.5,6.75,False
37009292,4.4,5.25,5.0,0,0,0,5.25,6.25,5.25,False
37009293,5.4,7.25,3.4,0,0,0,6.5,9.0,8.0,False
37009294,6.4,6.0,4.2,0,0,0,5.25,8.25,6.25,False
37009295,6.8,7.25,6.2,0,0,0,5.75,8.5,7.75,False
37009296,5.0,6.25,3.6,0,0,0,6.0,7.75,7.0,False
37009297,5.4,6.25,5.4,0,0,0,7.0,7.0,8.25,False
37009298,6.8,6.5,6.0,0,0,0,7.5,8.25,8.5,False
37009299,7.0,7.75,7.8,4.75,7.0,7.5,0,0,0,True
37009300,6.0,6.5,6.0,8.0,6.0,7.0,0,0,0,True
37009301,7.2,6.5,3.4,0,0,0,3.75,7.25,7.75,False
37009302,7.4,7.0,5.4,7.0,5.75,7.0,0,0,0,True
37009303,3.2,5.5,3.8,0,0,0,6.0,8.0,8.0,False
37009304,7.6,5.75,6.2,7.5,6.5,5.75,0,0,0,True
37009305,2.6,5.5,4.0,0,0,0,6.0,6.75,6.25,False
37009306,6.4,7.0,4.8,0,0,0,5.75,7.5,8.0,False
37009307,6.8,5.0,5.2,0,0,0,5.75,7.75,8.0,False
37009308,5.4,5.5,5.8,0,0,0,5.25,6.5,7.5,False
37009309,7.0,7.25,4.6,0,0,0,5.0,7.0,8.25,False
37009310,4.8,6.0,4.8,0,0,0,5.75,7.75,8.25,False
37009311,6.6,6.5,4.8,0,0,0,6.25,7.25,8.25,False
37009312,6.6,7.75,6.0,0,0,0,6.0,7.5,8.0,False
37009313,6.0,7.0,6.6,6.25,6.5,6.75,0,0,0,True
37009314,7.2,7.0,4.2,0,0,0,6.25,8.75,8.25,False
37009315,6.2,4.0,5.0,0,0,0,6.5,9.0,8.5,False
37009316,5.6,7.0,5.6,0,0,0,6.5,7.75,7.5,False
37009317,5.6,7.5,7.6,0,0,0,8.75,8.0,9.75,False
37009318,7.4,8.5,6.0,0,0,0,7.5,8.0,9.0,False
37009319,7.6,7.0,6.6,0,0,0,8.25,9.25,8.0,False
37009320,6.8,7.5,6.0,7.75,8.0,5.0,0,0,0,True
37009321,6.0,6.75,6.0,0,0,0,7.5,8.25,8.0,False
37009322,6.6,7.75,4.0,0,0,0,6.0,7.0,8.5,False
37009323,6.8,7.0,5.4,0,0,0,6.0,8.0,8.25,False
37009324,7.4,6.0,6.0,7.5,6.25,7.75,0,0,0,True
37009325,5.0,7.25,4.2,0,0,0,6.25,6.75,7.25,False
37009326,5.4,5.0,5.0,0,0,0,6.5,7.0,5.5,False
37009327,4.2,6.5,5.0,0,0,0,7.25,7.25,7.75,False
37009328,5.6,6.75,4.6,0,0,0,6.75,8.5,8.5,False
37009329,7.4,6.25,5.6,0,0,0,6.5,8.5,8.5,False
37009330,5.8,6.5,4.2,0,0,0,5.75,6.0,7.5,False
37009331,5.4,5.75,3.4,0,0,0,5.75,6.75,7.0,False
37009332,5.8,5.5,3.8,0,0,0,5.0,6.0,7.25,False
37009333,6.6,6.5,5.2,0,0,0,6.5,6.75,7.25,False
37009334,8.2,7.0,5.2,0,0,0,6.75,7.0,7.5,False
37009335,8.0,8.0,6.0,8.25,5.0,4.75,0,0,0,True
37009336,8.0,8.25,6.2,6.75,7.75,6.5,0,0,0,True
37009337,8.4,7.5,6.2,7.75,8.25,6.5,0,0,0,True
37009338,4.8,7.5,3.2,0,0,0,3.75,7.5,8.0,False
37009339,5.8,7.75,3.2,0,0,0,4.75,4.5,6.75,False
37009340,5.0,5.5,4.8,0,0,0,5.5,7.25,8.75,False
37009341,6.8,7.0,7.2,7.0,4.5,6.0,0,0,0,True
37009342,7.4,7.75,9.0,8.0,4.75,6.0,0,0,0,True
37009343,4.2,6.75,6.0,0,0,0,5.25,8.0,7.0,False
37009344,5.6,6.75,5.0,0,0,0,6.5,6.75,8.25,False
37009345,7.2,8.5,7.0,0,0,0,7.5,8.5,8.5,False
37009346,6.8,6.75,5.0,0,0,0,7.0,7.75,7.5,False
37009347,4.6,5.25,5.0,0,0,0,5.25,7.5,6.75,False
37009348,5.0,6.75,5.6,0,0,0,3.25,5.75,6.75,False
37009349,5.0,5.5,4.8,7.75,6.0,5.5,0,0,0,True
37009350,4.0,5.25,3.8,0,0,0,5.5,7.25,5.75,False
37009351,8.0,6.0,4.6,6.25,6.5,6.25,0,0,0,True
37009352,5.6,4.75,3.6,0,0,0,5.0,6.5,6.25,False
37009353,6.4,7.5,5.2,0,0,0,7.25,8.25,8.5,False
37009354,6.6,6.25,4.4,0,0,0,6.0,8.0,8.0,False
37009355,8.2,7.25,3.8,8.25,8.5,6.0,0,0,0,True
37009356,6.6,7.25,4.0,6.0,4.5,4.25,0,0,0,True
37009357,7.2,7.0,5.4,0,0,0,5.75,6.75,7.25,False
37009358,8.6,8.25,7.2,9.0,8.75,6.25,0,0,0,True
37009359,5.0,2.75,3.4,0,0,0,4.25,5.75,7.25,False
37009360,5.0,7.0,5.2,0,0,0,5.75,6.0,7.25,False
37009361,6.8,8.0,8.0,0,0,0,6.75,9.5,8.25,False
37009362,5.0,6.0,5.6,0,0,0,8.0,6.75,6.25,False
37009363,6.2,7.75,5.4,0,0,0,8.25,9.0,9.0,False
37009364,4.4,5.5,4.0,0,0,0,5.75,4.25,4.75,False
37009365,5.0,7.0,5.4,0,0,0,6.75,7.25,8.25,False
37009366,3.8,5.75,5.0,0,0,0,5.5,8.0,7.75,False
37009367,8.8,7.25,4.8,9.0,7.75,5.75,0,0,0,True
37009368,7.0,7.0,5.0,0,0,0,6.25,6.5,7.75,False
37009369,7.2,7.5,5.8,0,0,0,8.25,9.25,9.25,False
37009370,7.4,8.75,6.8,8.5,7.75,6.75,0,0,0,True
37009371,6.4,8.0,6.0,0,0,0,6.0,7.5,8.25,False
37009372,7.0,6.5,4.0,5.5,4.75,5.75,0,0,0,True
37009373,7.2,6.0,6.4,7.5,8.0,7.0,0,0,0,True
37009374,6.6,7.75,7.4,0,0,0,7.0,8.75,8.5,False
37009375,6.4,7.5,6.0,0,0,0,5.5,7.75,8.5,False
37009376,4.8,8.25,7.6,0,0,0,9.0,8.75,9.0,False
37009377,3.2,6.0,3.0,0,0,0,5.0,6.25,7.0,False
37009378,7.2,7.0,3.4,0,0,0,6.75,8.75,6.75,False
37009379,4.4,5.5,4.0,0,0,0,7.0,7.25,6.5,False
37009380,4.6,6.75,6.6,0,0,0,6.0,7.0,8.75,False
37009381,4.8,5.75,4.2,0,0,0,6.5,7.75,6.5,False
37009382,8.0,5.5,7.0,8.0,9.25,6.5,0,0,0,True
37009383,7.8,7.0,6.0,8.0,8.0,6.0,0,0,0,True
37009384,6.6,6.25,5.0,0,0,0,7.5,8.25,9.0,False
37009385,3.2,6.5,5.0,0,0,0,7.25,7.25,9.0,False
37009386,6.0,6.0,4.8,7.0,5.75,5.75,0,0,0,True
37009387,7.6,7.0,8.2,8.5,5.5,6.75,0,0,0,True
37009388,4.0,7.0,4.4,0,0,0,6.75,7.0,7.5,False
37009389,7.0,6.5,4.2,0,0,0,6.5,7.75,8.25,False
37009390,6.2,7.25,6.2,0,0,0,5.25,8.25,7.25,False
37009391,8.0,7.25,5.8,6.25,7.75,6.25,0,0,0,True
37009392,7.2,7.75,6.6,7.5,7.5,7.5,0,0,0,True
37009393,6.2,7.75,8.6,0,0,0,6.75,8.25,9.75,False
37009394,7.8,5.75,5.0,8.0,7.75,7.0,0,0,0,True
37009395,7.8,7.25,6.0,8.5,8.5,6.25,0,0,0,True
37009396,5.0,8.0,7.4,0,0,0,6.0,7.25,9.0,False
37009397,6.2,8.0,5.2,0,0,0,8.25,6.75,8.0,False
37009398,6.6,6.5,3.8,0,0,0,5.25,7.0,7.75,False
37009399,4.4,7.0,5.4,0,0,0,6.0,7.0,8.0,False
37009400,8.0,8.25,6.6,7.75,9.0,6.25,0,0,0,True
37009401,8.2,8.0,4.6,7.5,7.0,4.75,0,0,0,True
37009402,7.0,5.25,2.6,0,0,0,7.25,8.25,8.0,False
37009403,7.0,8.25,5.8,0,0,0,8.25,9.5,8.25,False
37009404,7.6,7.75,5.0,0,0,0,7.25,7.25,7.75,False
37009405,5.0,6.25,4.6,0,0,0,6.5,7.75,8.0,False
37009406,2.6,3.5,2.6,0,0,0,3.75,5.75,5.0,False
37009407,7.6,7.75,5.8,0,0,0,4.5,6.75,7.75,False
37009408,7.8,7.75,5.6,6.0,7.0,5.5,0,0,0,True
37009409,5.2,6.5,3.4,0,0,0,7.0,7.75,8.5,False
37009410,6.8,6.0,4.0,0,0,0,4.75,5.75,5.75,False
37009411,6.4,5.5,4.4,0,0,0,5.25,6.5,8.0,False
37009412,4.0,6.5,2.2,0,0,0,7.25,5.75,6.25,False
37009413,7.6,7.0,5.4,6.5,6.75,7.25,0,0,0,True
37009414,8.0,6.5,4.8,7.5,6.5,6.25,0,0,0,True
37009415,5.8,7.25,3.6,0,0,0,8.75,8.0,8.25,False
37009416,5.6,5.25,2.8,0,0,0,6.75,7.0,7.5,False
37009417,5.6,7.25,3.2,0,0,0,6.25,6.75,7.75,False
37009418,8.0,6.5,8.4,8.75,5.5,7.25,0,0,0,True
37009419,5.0,7.25,3.6,0,0,0,6.0,7.0,7.0,False
37009420,4.2,5.75,4.4,0,0,0,7.0,7.25,7.75,False
37009421,6.4,8.0,5.6,0,0,0,7.0,7.75,8.0,False
37009422,6.2,7.25,5.2,0,0,0,5.25,7.5,7.5,False
37009423,6.2,5.75,4.0,0,0,0,4.5,7.25,8.0,False
37009424,7.8,5.75,7.2,7.5,9.0,8.75,0,0,0,True
37009425,8.2,7.0,8.6,9.25,5.25,4.75,0,0,0,True
37009426,5.6,8.5,5.4,0,0,0,5.0,8.75,8.25,False
37009427,4.8,6.5,4.2,0,0,0,4.5,7.25,7.0,False
37009428,3.4,4.25,1.8,0,0,0,4.5,5.25,5.5,False
37009429,6.0,6.75,5.4,0,0,0,4.5,5.0,7.25,False
37009430,5.0,3.0,3.0,0,0,0,5.0,4.5,5.75,False
37009431,7.2,6.25,4.4,0,0,0,6.0,8.5,7.75,False
37009432,6.2,6.75,4.4,0,0,0,7.0,7.75,8.0,False
37009433,6.0,6.25,4.0,0,0,0,7.25,7.5,7.0,False
37009434,6.4,6.75,6.0,0,0,0,5.0,8.25,7.75,False
37009435,6.8,7.75,5.8,0,0,0,8.25,8.5,9.25,False
37009436,7.0,8.0,7.4,0,0,0,7.25,8.0,9.5,False
37009437,5.2,6.75,4.2,0,0,0,5.25,6.5,8.0,False
37009438,4.2,5.25,3.6,0,0,0,4.25,4.5,6.0,False
37009439,6.8,5.75,6.4,7.75,5.25,5.5,0,0,0,True
37009440,5.2,7.75,4.8,0,0,0,6.75,6.75,8.0,False
37009441,8.4,8.75,7.8,0,0,0,7.5,9.75,9.5,False
37009442,8.4,6.25,6.8,9.0,9.0,7.0,0,0,0,True
37009443,5.4,8.0,2.2,0,0,0,8.25,8.0,9.0,False
37009444,6.4,6.5,4.8,0,0,0,6.5,8.25,9.0,False
37009445,4.8,6.25,3.4,0,0,0,6.5,8.0,6.5,False
37009446,7.8,8.5,6.0,9.0,8.0,6.25,0,0,0,True
37009447,8.2,7.25,5.8,0,0,0,9.25,9.75,9.5,False
37009448,8.0,6.5,5.4,8.0,7.75,5.75,0,0,0,True
37009449,8.4,6.25,7.4,8.25,8.75,7.75,0,0,0,True
37009450,7.4,6.25,4.6,0,0,0,8.75,9.25,8.5,False
37009451,7.6,7.5,7.2,0,0,0,9.0,8.25,8.75,False
37009452,6.2,6.75,5.4,0,0,0,8.75,8.5,7.75,False
37009453,7.6,5.25,4.8,0,0,0,7.5,5.0,6.5,False
37009454,8.0,5.5,4.8,0,0,0,6.75,6.75,5.75,False
37009455,5.4,7.5,5.2,0,0,0,8.0,6.75,8.5,False
37009456,7.0,7.0,5.2,0,0,0,7.5,9.0,7.75,False
37009457,7.0,8.0,7.0,0,0,0,7.5,7.5,8.25,False
37009458,6.6,7.75,5.6,7.5,5.5,6.5,0,0,0,True
37009459,5.8,5.75,5.0,0,0,0,6.5,8.75,8.0,False
37009460,4.6,6.75,4.2,0,0,0,7.25,6.5,8.0,False
37009461,8.2,7.75,7.6,8.5,8.75,7.5,0,0,0,True
37009462,8.2,8.25,7.0,9.25,7.5,6.75,0,0,0,True
37009463,5.6,6.75,4.4,0,0,0,7.75,6.75,8.0,False
37009464,7.2,7.0,3.2,0,0,0,6.25,8.75,8.25,False
37009465,5.4,5.25,4.4,0,0,0,6.25,6.75,6.75,False
37009466,4.4,6.0,4.4,0,0,0,6.75,7.25,7.75,False
37009467,4.6,7.0,5.8,0,0,0,7.75,9.25,7.5,False
37009468,5.2,6.25,3.0,0,0,0,4.5,8.25,7.5,False
37009469,8.0,7.5,6.0,8.25,6.75,8.0,0,0,0,True
37009470,4.6,6.0,4.6,0,0,0,3.75,6.25,7.25,False
37009471,6.2,6.75,2.8,0,0,0,6.0,8.25,7.25,False
37009472,4.8,6.5,4.4,0,0,0,7.25,7.5,7.75,False
37009473,5.0,7.75,4.0,0,0,0,8.25,9.5,7.0,False
37009474,4.4,5.25,3.8,0,0,0,7.75,7.75,8.25,False
37009475,4.0,5.5,3.0,0,0,0,7.75,8.5,0,False
37009476,6.6,8.0,6.6,0,0,0,8.5,9.75,8.75,False
37009477,7.8,7.25,8.6,8.5,7.0,7.75,0,0,0,True
37009478,5.2,6.0,6.6,0,0,0,7.75,7.75,7.5,False
37009479,8.2,6.5,6.8,8.0,6.5,6.25,0,0,0,True
37009480,7.6,6.75,5.0,7.5,4.25,5.25,0,0,0,True
37009481,8.2,6.25,6.8,7.5,6.5,4.25,0,0,0,True
37009482,8.8,6.5,5.8,7.25,6.5,6.0,0,0,0,True
37009483,3.6,4.25,3.4,0,0,0,5.0,4.75,0,False
37009484,8.0,6.25,7.4,8.0,8.5,5.75,0,0,0,True
37009485,6.2,6.75,6.0,0,0,0,7.75,8.0,8.5,False
37009486,5.6,6.25,5.2,0,0,0,6.75,7.75,8.5,False
37009487,6.2,6.75,4.6,0,0,0,7.0,6.75,8.25,False
37009488,6.6,6.25,6.0,0,0,0,6.75,7.0,8.5,False
37009489,4.2,5.75,3.8,0,0,0,5.5,6.75,7.25,False
37009490,8.8,6.75,8.4,8.75,5.25,6.5,0,0,0,True
37009491,6.8,7.0,5.0,5.0,5.75,6.0,0,0,0,True
37009492,7.0,6.5,5.0,0,0,0,6.5,8.5,9.5,False
37009493,6.0,5.5,5.0,0,0,0,7.25,7.5,7.5,False
37009494,6.2,6.5,4.6,0,0,0,7.0,8.25,8.5,False
37009495,7.6,6.0,3.8,3.75,3.5,5.75,0,0,0,True
37009496,5.2,6.25,4.0,0,0,0,6.25,7.25,8.0,False
37009497,5.2,6.5,4.0,0,0,0,5.5,6.5,7.0,False
37009498,7.0,7.25,4.8,0,0,0,5.75,7.0,8.0,False
37009499,6.8,6.5,4.2,0,0,0,7.75,7.75,8.25,False
37009500,6.8,7.0,5.2,0,0,0,7.0,7.5,9.0,False
37009501,6.4,4.75,4.0,0,0,0,4.25,5.75,6.5,False
37009502,7.2,4.25,5.8,0,0,0,4.75,8.0,8.25,False
37009503,8.0,6.5,6.0,6.75,7.0,6.25,0,0,0,True
37009504,8.6,8.0,9.0,8.5,5.5,7.5,0,0,0,True
37009505,6.6,5.5,5.2,0,0,0,5.25,7.5,7.0,False
37009506,6.6,5.0,4.8,4.75,5.5,5.75,0,0,0,True
37009507,5.2,5.75,5.6,0,0,0,7.5,6.5,9.5,False
37009508,8.4,6.0,6.4,9.5,8.0,5.25,0,0,0,True
37009509,7.8,7.75,7.4,0,0,0,8.0,8.5,9.0,False
37009510,7.4,7.25,5.0,0,0,0,6.5,7.5,8.75,False
37009511,6.6,6.75,5.8,0,0,0,8.5,7.75,8.25,False
37009512,7.6,5.75,6.0,4.0,6.5,6.25,0,0,0,True
37009513,6.6,5.25,5.6,0,0,0,7.5,7.5,9.25,False
37009514,6.6,5.5,6.8,0,0,0,8.25,8.75,9.75,False
37009515,5.6,6.5,3.8,0,0,0,7.0,7.5,8.0,False
37009516,5.8,5.75,5.4,0,0,0,6.5,6.75,7.0,False
37009517,6.8,6.75,4.8,0,0,0,8.0,8.5,8.75,False
37009518,3.6,6.5,3.4,0,0,0,4.75,6.25,6.75,False
37009519,5.6,6.25,6.0,0,0,0,6.75,7.25,7.5,False
37009520,5.2,5.25,4.2,0,0,0,4.25,6.75,6.5,False
37009521,4.4,4.75,3.0,0,0,0,4.25,7.0,7.0,False
37009522,5.2,5.0,4.8,0,0,0,6.5,7.5,7.25,False
37009523,4.8,3.75,4.8,0,0,0,5.75,6.25,6.75,False
37009524,7.2,8.0,7.2,0,0,0,7.0,7.75,8.5,False
37009525,5.0,7.25,3.0,0,0,0,5.25,6.0,7.0,False
37009526,7.0,6.5,6.0,0,0,0,6.25,8.5,9.5,False
37009527,5.8,6.5,5.0,0,0,0,5.25,7.5,7.25,False
37009528,7.0,6.75,4.6,0,0,0,5.25,6.75,7.25,False
37009529,7.8,8.5,8.0,0,0,0,7.25,8.0,9.25,False
37009530,7.2,5.25,6.6,0,0,0,7.75,7.25,7.25,False
37009531,5.8,6.0,4.6,0,0,0,6.75,7.25,9.0,False
37009532,7.8,6.25,4.8,0,0,0,6.25,8.75,9.0,False
37009533,7.0,7.5,6.8,0,0,0,7.5,8.25,9.25,False
37009534,7.4,5.25,5.4,0,0,0,7.25,6.5,7.75,False
37009535,7.6,6.0,5.0,0,0,0,7.75,8.25,9.75,False
37009536,5.0,6.25,4.4,0,0,0,7.25,8.25,8.25,False
37009537,7.4,5.75,6.4,0,0,0,7.25,8.0,8.75,False
37009538,7.6,5.5,8.2,0,0,0,7.0,7.75,8.25,False
37009539,7.0,6.0,6.4,0,0,0,8.0,8.5,8.75,False
37009540,5.6,6.25,6.6,0,0,0,7.25,7.75,7.5,False
37009541,5.0,4.0,6.0,0,0,0,7.0,7.25,6.75,False
37009542,7.6,6.25,6.0,7.5,7.0,7.5,0,0,0,True
37009543,6.2,6.25,3.6,0,0,0,7.5,7.25,8.75,False
37009544,4.4,5.5,3.4,0,0,0,7.25,7.25,7.25,False
37009545,7.0,6.0,6.2,0,0,0,6.25,6.75,6.5,False
37009546,7.8,6.5,7.8,0,0,0,7.25,6.75,8.0,False
37009547,5.6,6.25,5.6,0,0,0,6.75,8.5,9.75,False
37009548,5.0,6.0,3.6,0,0,0,5.75,6.25,7.75,False
37009550,2.6,5.25,4.2,0,0,0,2.5,5.75,7.5,False
37009551,6.2,5.5,7.2,0,0,0,6.25,7.5,8.75,False
37009552,7.2,5.75,6.6,8.5,4.5,6.5,0,0,0,True
37009553,6.4,5.75,6.8,5.0,5.25,4.5,0,0,0,True
37009554,6.8,5.5,5.8,0,0,0,5.0,7.5,7.25,False
37009555,5.8,5.5,5.0,0,0,0,6.0,7.0,6.75,False
37009556,5.4,4.5,5.0,0,0,0,5.0,5.0,4.75,False
37009557,6.2,4.5,5.2,0,0,0,5.75,4.75,7.25,False
37009558,5.8,5.25,4.8,0,0,0,7.0,6.75,7.5,False
37009559,6.4,6.5,5.8,0,0,0,6.0,8.75,8.25,False
37009560,5.0,5.0,5.6,0,0,0,5.25,5.75,6.75,False
37009561,7.0,6.0,6.4,7.5,6.0,6.0,0,0,0,True
37009562,6.2,7.75,5.0,0,0,0,6.75,7.25,8.75,False
37009563,5.8,6.5,3.4,0,0,0,5.5,7.0,7.0,False
37009564,6.2,6.5,5.4,6.75,6.25,4.5,0,0,0,True
37009565,8.0,6.0,5.8,8.0,4.5,5.0,0,0,0,True
37009567,8.0,5.25,4.2,0,0,0,7.5,6.25,8.0,False
37009568,7.8,5.75,4.4,0,0,0,7.75,7.75,8.25,False
37009569,4.4,5.75,5.4,5.5,4.25,6.0,0,0,0,True
37009570,3.6,5.25,4.6,0,0,0,5.5,6.0,5.75,False
37009571,7.8,8.25,7.6,0,0,0,8.25,7.5,8.0,False
37009572,7.8,6.0,4.8,8.5,7.25,5.0,0,0,0,True
37009573,6.2,6.0,5.0,0,0,0,7.75,7.25,8.25,False
37009574,6.6,6.25,5.2,0,0,0,6.75,7.25,7.75,False
37009575,7.2,7.25,4.6,7.0,6.75,5.75,0,0,0,True
37009576,7.4,5.0,4.2,8.5,6.0,6.5,0,0,0,True
37009577,7.0,6.75,7.6,0,0,0,7.75,8.25,8.25,False
37009578,7.4,8.0,5.8,0,0,0,8.0,9.25,9.5,False
37009579,7.6,7.75,4.4,0,0,0,6.75,8.0,9.25,False
37009580,7.6,7.75,6.4,7.0,4.5,6.0,0,0,0,True
37009581,6.0,6.75,6.0,0,0,0,6.5,6.0,7.75,False
37009582,4.8,7.25,4.8,0,0,0,5.25,7.75,8.5,False
37009583,7.0,6.25,4.2,0,0,0,6.75,8.0,9.0,False
37009584,4.4,7.0,3.0,0,0,0,5.25,7.25,7.75,False
37009585,7.2,4.5,4.4,0,0,0,7.0,7.0,8.5,False
37009586,5.4,6.5,4.0,0,0,0,6.75,8.25,8.75,False
37009587,5.6,6.0,5.8,8.0,6.0,6.75,0,0,0,True
37009588,6.2,8.5,6.4,0,0,0,6.25,8.25,9.5,False
37009589,7.8,6.5,6.0,0,0,0,7.75,8.0,8.5,False
37009590,8.2,6.25,5.8,8.5,6.75,6.75,0,0,0,True
37009591,7.8,8.25,6.4,0,0,0,10.0,9.5,8.75,False
37009592,5.8,6.5,6.4,0,0,0,7.75,8.25,7.25,False
37009593,7.2,5.25,6.6,0,0,0,7.0,7.0,8.25,False
37009594,6.2,6.5,6.0,0,0,0,7.75,8.0,8.0,False
37009595,5.8,6.5,5.8,0,0,0,7.25,6.75,8.25,False
37009596,6.8,5.0,5.8,0,0,0,6.5,7.0,7.5,False
37009597,5.4,8.0,7.6,0,0,0,6.75,7.0,9.0,False
37009598,7.6,6.25,6.0,0,0,0,6.75,7.5,8.5,False
37009599,7.0,8.0,8.2,8.5,8.75,7.5,0,0,0,True
37009600,5.0,4.25,5.6,0,0,0,6.0,7.0,7.25,False
37009601,6.8,5.5,5.6,0,0,0,6.5,6.25,6.25,False
37009602,6.6,5.5,4.8,0,0,0,5.75,7.75,8.25,False
37009603,7.2,7.5,7.0,6.25,7.5,6.75,0,0,0,True
37009604,7.8,4.75,6.4,8.5,8.5,5.5,0,0,0,True
37009605,8.4,6.25,9.2,6.75,5.75,6.75,0,0,0,True
37009606,6.8,6.0,6.0,0,0,0,6.75,7.75,7.5,False
37009607,7.0,7.0,5.4,0,0,0,7.75,8.5,8.0,False
37009608,5.6,7.0,3.6,0,0,0,8.75,7.75,8.75,False
37009609,5.2,6.0,4.8,0,0,0,6.75,7.0,8.0,False
37009610,4.4,5.75,3.8,0,0,0,7.0,5.75,7.0,False
37009611,5.0,6.0,0,0,0,0,5.0,5.25,0,False
37009612,5.6,5.0,4.6,0,0,0,4.5,7.5,8.0,False
37009613,5.6,7.25,5.4,0,0,0,8.5,7.0,8.25,False
37009614,4.2,5.75,0,0,0,0,4.75,8.25,0,False
37009615,6.6,7.0,5.4,0,0,0,8.75,7.25,9.75,False
37009616,5.0,5.75,5.4,3.0,5.75,6.5,0,0,0,True
37009617,4.0,6.25,5.2,0,0,0,6.0,5.5,9.0,False
37009618,6.6,7.25,6.8,0,0,0,7.5,8.0,9.0,False
37009619,6.0,6.25,4.4,0,0,0,7.0,7.25,8.0,False
37009620,3.4,4.0,3.8,0,0,0,5.25,7.0,7.5,False
37009621,3.8,6.5,0,0,0,0,5.25,6.75,0,False
37009622,4.8,6.5,0,0,0,0,5.25,5.75,0,False
37009623,4.0,5.75,5.0,0,0,0,7.5,7.25,8.0,False
37009624,3.4,5.5,0,0,0,0,6.0,4.5,0,False
37009625,6.0,6.5,5.2,0,0,0,6.5,7.25,8.5,False
37009626,6.4,8.5,4.8,0,0,0,8.0,8.75,9.25,False
37009627,4.2,5.25,4.2,0,0,0,5.75,7.25,8.0,False
37009628,6.2,8.25,5.6,0,0,0,8.25,7.75,9.0,False
37009629,6.4,6.75,4.0,0,0,0,8.5,7.25,9.25,False
37009630,3.8,2.25,0,0,0,0,3.75,2.5,0,False
37009631,6.0,7.0,4.8,0,0,0,7.0,7.5,8.25,False
37009632,5.4,7.25,5.8,0,0,0,6.75,7.75,9.0,False
37009633,6.6,8.0,6.0,0,0,0,8.25,8.25,9.5,False
37009634,5.4,7.25,6.2,0,0,0,7.75,6.5,9.0,False
37009635,3.8,7.0,5.6,0,0,0,8.0,7.25,7.5,False
37009636,4.0,4.5,0,0,0,0,5.5,5.75,0,False
37009637,2.2,5.75,5.6,0,0,0,3.75,6.0,7.25,False
37009638,7.6,7.0,5.8,0,0,0,8.5,7.5,9.5,False
37009639,6.6,6.0,4.6,5.5,6.0,7.5,0,0,0,True
37009640,3.6,6.5,5.0,0,0,0,7.0,7.0,8.5,False
37009641,4.0,6.5,0,0,0,0,4.25,5.5,0,False
37009642,7.6,6.5,3.2,4.0,6.75,7.75,0,0,0,True
37009643,4.8,5.5,0,0,0,0,4.75,5.75,0,False
37009644,6.2,7.25,5.2,0,0,0,8.5,6.5,8.75,False
37009645,4.4,5.5,0,0,0,0,4.25,5.0,0,False
37009646,6.4,7.5,5.4,6.0,7.25,7.25,0,0,0,True
37009647,5.8,7.25,5.2,0,0,0,8.0,8.0,9.0,False
37009648,3.0,6.5,0,0,0,0,6.25,5.25,0,False
37009649,4.6,6.75,0,0,0,0,5.25,6.5,0,False
37009650,7.4,7.0,6.4,0,0,0,7.75,8.75,9.0,False
37009651,5.8,6.25,6.2,0,0,0,6.5,7.75,8.75,False
37009652,4.6,6.5,0,0,0,0,5.75,5.5,0,False
37009653,3.4,6.75,0,0,0,0,5.0,6.75,0,False
37009654,2.8,5.0,0,0,0,0,4.75,4.75,0,False
37009655,3.2,4.0,0,0,0,0,4.75,5.75,0,False
37009656,3.0,6.25,0,0,0,0,4.25,3.0,0,False
37009657,6.2,7.5,5.4,0,0,0,7.0,6.75,9.5,False
37009658,6.8,6.5,4.0,5.0,5.5,6.75,0,0,0,True
37009659,7.0,6.25,4.4,0,0,0,7.5,8.75,8.5,False
37009660,6.4,7.25,6.8,0,0,0,8.25,8.25,8.75,False
37009661,4.2,4.25,5.0,0,0,0,6.5,7.25,8.5,False
37009662,5.0,4.75,4.2,0,0,0,5.75,7.5,7.75,False
37009663,6.8,6.75,5.4,0,0,0,6.75,7.0,8.25,False
37009664,6.4,5.25,5.6,0,0,0,7.0,6.5,8.25,False
37009665,7.0,5.75,5.0,0,0,0,7.0,7.5,9.0,False
37009666,6.0,6.75,4.2,0,0,0,6.25,6.25,8.25,False
37009667,5.4,5.75,4.2,0,0,0,4.75,4.25,6.75,False
37009668,5.8,6.25,3.4,0,0,0,5.75,6.75,7.25,False
37009669,5.8,6.25,5.4,0,0,0,5.75,5.75,7.5,False
37009670,5.4,5.75,4.8,0,0,0,5.5,7.5,9.25,False
37009671,6.6,7.0,4.2,0,0,0,6.75,8.25,9.0,False
37009672,4.4,7.0,3.8,0,0,0,8.0,9.0,8.75,False
37009673,3.2,5.5,4.4,0,0,0,6.25,5.0,5.75,False
37009674,7.0,5.75,4.8,4.5,5.5,4.5,0,0,0,True
37009675,6.8,8.0,4.2,0,0,0,8.75,9.25,9.25,False
37009676,4.8,3.75,2.4,0,0,0,6.75,6.75,8.75,False
37009677,5.6,5.75,5.0,0,0,0,5.5,6.75,8.0,False
37009678,5.8,5.0,2.2,0,0,0,4.25,5.75,8.0,False
37009679,6.2,6.0,4.8,0,0,0,6.25,8.75,8.0,False
37009680,4.2,6.5,5.2,0,0,0,7.5,9.0,8.75,False
37009681,4.4,7.25,5.6,0,0,0,6.0,7.0,7.75,False
37009682,3.6,6.75,0,0,0,0,5.75,6.0,0,False
37009683,2.0,4.0,4.4,0,0,0,4.25,5.0,6.0,False
37009684,2.8,5.0,0,0,0,0,5.0,5.75,0,False
37009685,3.6,5.75,0,0,0,0,5.25,6.5,0,False
37009686,5.0,6.75,4.2,5.75,5.25,6.5,0,0,0,True
37009687,7.4,8.25,6.6,0,0,0,9.0,8.5,9.0,False
37009688,7.4,6.0,3.6,0,0,0,7.0,8.0,8.75,False
37009689,6.0,6.25,5.4,0,0,0,7.0,8.5,9.5,False
37009690,7.6,6.25,7.0,0,0,0,6.5,7.75,7.5,False
37009691,8.4,5.5,5.4,7.0,6.25,6.75,0,0,0,True
37009692,2.4,6.0,5.2,0,0,0,5.75,7.0,7.25,False
37009693,3.2,5.0,0,0,0,0,7.0,4.5,0,False
37009694,6.2,6.5,6.0,0,0,0,6.75,7.5,8.75,False
37009695,6.2,4.75,5.6,6.25,7.25,6.25,0,0,0,True
37009696,6.6,6.25,4.4,0,0,0,7.25,7.25,8.5,False
37009697,6.8,7.5,4.4,0,0,0,6.0,6.0,7.75,False
37009698,3.2,5.0,0,0,0,0,4.5,5.0,0,False
37009699,7.0,7.25,5.2,0,0,0,7.75,7.5,9.25,False
37009700,6.0,6.75,0,0,0,0,6.5,5.75,0,False
37009701,7.2,6.0,5.8,0,0,0,7.0,7.5,8.5,False
37009702,5.0,7.5,5.2,0,0,0,7.25,6.0,9.25,False
37009703,5.2,6.25,2.6,0,0,0,7.75,7.75,8.75,False
37009704,2.2,3.5,0,0,0,0,5.0,3.5,0,False
37009705,5.2,5.75,3.6,0,0,0,7.0,7.5,8.0,False
37009706,5.8,6.25,6.6,0,0,0,7.5,7.0,8.0,False
37009707,4.0,6.0,0,0,0,0,6.5,6.0,0,False
37009708,5.2,5.5,4.2,0,0,0,5.25,7.0,7.25,False
37009709,5.0,5.75,3.6,0,0,0,6.25,6.75,8.75,False
37009710,5.6,5.75,4.0,0,0,0,5.5,6.75,7.75,False
37009711,5.2,6.25,4.2,0,0,0,7.75,6.5,6.75,False
37009712,6.0,5.75,4.6,0,0,0,6.75,7.25,8.5,False
37009713,4.2,5.0,5.6,0,0,0,6.25,5.5,7.5,False
37009714,6.2,6.0,0,0,0,0,6.75,7.25,0,False
37009715,5.4,5.75,4.6,0,0,0,7.0,7.25,8.25,False
37009716,5.0,5.5,4.2,0,0,0,7.5,8.0,9.25,False
37009717,5.6,4.25,4.4,0,0,0,7.5,6.75,8.5,False
37009718,4.6,5.75,4.0,0,0,0,6.75,6.75,8.75,False
37009719,5.0,6.25,4.2,0,0,0,6.75,7.0,7.75,False
37009720,5.2,6.5,4.6,0,0,0,5.5,7.25,8.0,False
37009721,5.2,4.5,0,0,0,0,4.0,3.75,0,False
37009722,6.2,6.0,4.8,0,0,0,6.0,7.75,8.25,False
37009723,6.6,7.0,4.8,0,0,0,6.5,8.0,8.25,False
37009724,6.6,6.75,5.0,0,0,0,8.0,8.75,6.75,False
37009725,5.2,6.0,4.6,0,0,0,8.25,8.0,9.25,False
37009726,6.0,7.0,3.6,0,0,0,7.0,7.0,6.75,False
37009727,5.8,4.25,4.2,0,0,0,7.25,8.5,8.0,False
37009728,5.0,5.5,0,0,0,0,6.25,6.75,0,False
37009729,4.6,4.0,0,0,0,0,5.5,5.0,0,False
37009730,6.2,6.5,3.8,0,0,0,6.75,7.5,6.5,False
37009731,6.2,4.25,0,0,0,0,5.25,7.25,0,False
37009732,6.8,6.75,4.2,5.75,4.75,5.75,0,0,0,True
37009733,6.2,7.75,5.4,0,0,0,6.5,7.0,8.5,False
37009734,3.6,5.0,4.8,0,0,0,6.75,7.25,8.75,False
37009735,5.0,7.25,5.2,0,0,0,5.5,6.5,7.75,False
37009736,6.2,8.0,0,0,0,0,9.0,8.75,0,False
37009737,6.2,7.5,4.0,0,0,0,5.75,8.0,8.75,False
37009738,4.8,5.75,4.4,0,0,0,6.25,6.25,8.25,False
37009739,6.4,5.75,4.2,0,0,0,6.25,6.75,6.75,False
37009740,6.4,6.25,4.8,0,0,0,7.25,7.25,8.75,False
37009741,6.0,6.25,5.2,0,0,0,8.0,7.25,8.25,False
37009742,6.0,5.75,5.0,0,0,0,8.25,7.5,8.5,False
37009743,5.0,6.75,0,0,0,0,4.5,6.75,0,False
37009744,5.6,6.5,4.8,0,0,0,7.25,7.25,9.0,False
37009745,2.4,5.5,0,0,0,0,5.25,7.25,0,False
37009746,6.4,7.75,4.6,0,0,0,7.5,8.25,8.75,False
37009747,4.2,6.0,4.0,0,0,0,4.25,6.5,6.5,False
37009748,5.8,6.0,4.2,0,0,0,7.0,6.5,9.25,False
37009749,3.4,4.25,3.6,0,0,0,6.5,7.0,8.25,False
37009750,5.2,6.0,3.0,0,0,0,4.0,7.0,7.25,False
37009751,5.0,7.25,5.2,0,0,0,6.25,6.75,8.75,False
37009752,7.0,4.75,5.2,0,0,0,8.0,7.5,9.0,False
37009753,4.8,7.0,0,0,0,0,6.0,5.25,0,False
37009754,4.2,5.5,4.8,0,0,0,6.25,6.5,7.5,False
37009755,4.2,7.5,4.2,0,0,0,7.25,7.5,7.5,False
37009756,5.6,7.25,4.8,0,0,0,6.75,6.75,9.0,False
37009757,3.8,5.0,4.4,0,0,0,6.5,7.5,7.0,False
37009758,5.6,7.75,5.2,0,0,0,6.5,8.5,8.25,False
37009759,5.8,7.0,4.8,0,0,0,6.5,6.5,9.0,False
37009760,5.6,7.5,4.6,0,0,0,7.5,5.75,7.5,False
37009761,6.2,7.75,4.6,0,0,0,6.0,8.0,9.25,False
37009762,6.2,7.0,3.0,0,0,0,4.5,6.25,8.0,False
37009763,2.0,2.25,0,0,0,0,2.5,7.25,0,False
37009764,4.2,6.25,3.6,0,0,0,7.5,6.75,8.75,False
37009765,4.2,7.25,3.2,4.75,5.5,4.75,0,0,0,True
37009766,2.6,6.0,0,0,0,0,3.0,4.5,0,False
37009767,3.2,6.0,4.0,0,0,0,4.25,4.0,7.5,False
37009768,4.6,6.5,3.0,0,0,0,6.25,7.0,6.5,False
37009769,5.4,6.0,2.8,0,0,0,6.5,7.5,8.25,False
37009770,2.6,7.0,0,0,0,0,3.5,4.0,0,False
37009771,3.0,2.25,0,0,0,0,4.5,5.5,0,False
37009772,6.4,6.25,5.0,7.0,6.75,6.75,0,0,0,True
37009773,6.6,6.5,5.4,0,0,0,7.25,7.5,8.75,False
37009774,5.8,7.5,4.4,0,0,0,5.75,7.75,6.25,False
37009775,5.4,7.0,2.8,0,0,0,5.5,5.0,6.25,False
37009776,4.8,6.75,6.2,0,0,0,8.75,7.0,9.25,False
37009777,7.4,6.25,5.8,0,0,0,7.75,7.25,8.5,False
37009778,6.0,6.0,4.6,0,0,0,6.5,6.0,8.25,False
37009779,6.2,7.5,0,0,0,0,5.25,6.75,0,False
37009780,5.0,4.25,4.6,0,0,0,6.5,6.0,6.0,False
37009781,4.8,5.5,0,0,0,0,5.75,6.25,0,False
37009782,4.6,3.25,4.0,0,0,0,6.0,6.0,7.25,False
37009783,5.2,6.5,0,0,0,0,3.75,3.75,0,False
37009784,3.2,3.5,3.4,0,0,0,5.25,6.25,7.0,False
37009785,5.2,5.75,0,0,0,0,4.75,3.0,0,False
37009786,6.2,5.75,5.8,0,0,0,7.0,8.0,8.5,False
37009787,6.2,7.75,5.2,0,0,0,7.25,7.25,8.5,False
37009788,7.6,6.25,4.4,0,0,0,8.25,8.5,9.0,False
37009789,3.4,5.0,0,0,0,0,6.25,4.0,0,False
37009790,6.0,7.75,4.2,0,0,0,5.75,7.0,8.25,False
37009791,5.4,6.5,3.4,0,0,0,6.25,6.5,8.5,False
37009792,4.8,5.0,2.2,0,0,0,4.5,5.75,8.5,False
37009793,3.2,5.0,4.2,0,0,0,7.0,7.25,8.5,False
37009794,4.8,6.5,3.2,0,0,0,7.5,7.5,9.0,False
37009795,6.4,6.25,6.0,0,0,0,6.75,8.5,9.0,False
37009796,6.2,5.75,5.6,0,0,0,6.0,6.75,7.75,False
37009797,6.8,6.0,6.0,0,0,0,7.0,6.75,8.0,False
37009798,6.4,7.0,4.8,0,0,0,5.5,6.5,7.5,False
37009799,6.6,7.0,4.8,0,0,0,6.5,7.0,8.25,False
37009800,3.8,6.25,4.2,0,0,0,6.25,6.5,8.25,False
37009801,5.8,7.0,5.4,0,0,0,7.0,6.25,8.75,False
37009802,7.0,7.0,6.4,0,0,0,6.75,7.25,8.5,False
37009803,5.4,4.5,5.0,0,0,0,5.0,7.0,9.0,False
37009804,7.4,7.25,5.6,0,0,0,6.75,7.25,8.5,False
37009805,5.8,6.0,5.0,0,0,0,7.5,4.5,8.0,False
37009806,3.0,6.0,0,0,0,0,5.0,4.25,0,False
37009807,4.8,6.5,5.6,0,0,0,7.5,7.5,8.75,False
37009808,3.8,6.5,0,0,0,0,7.0,6.75,0,False
37009809,5.4,6.0,5.6,4.0,5.0,5.5,0,0,0,True
37009810,5.8,6.25,5.8,0,0,0,4.75,6.25,8.25,False
37009811,4.4,6.0,3.8,0,0,0,5.0,6.0,8.0,False
37009812,4.4,7.25,5.0,0,0,0,7.0,8.0,7.75,False
37009813,4.4,6.75,5.0,0,0,0,7.0,6.0,8.5,False
37009814,3.6,7.25,4.0,0,0,0,5.25,6.25,7.5,False
37009815,3.6,5.5,4.4,0,0,0,4.0,6.0,6.25,False
37009816,3.4,5.5,3.4,0,0,0,3.75,4.0,4.5,False
37009817,6.4,7.0,5.2,0,0,0,5.75,7.0,8.75,False
37009818,6.4,6.0,3.6,0,0,0,4.75,7.0,8.5,False
37009819,4.8,5.75,4.0,0,0,0,6.75,8.0,8.25,False
37009820,5.2,5.75,3.8,0,0,0,6.75,6.0,8.0,False
37009821,4.8,6.75,2.4,0,0,0,5.0,5.5,7.25,False
37009822,4.6,6.25,4.0,0,0,0,6.5,5.0,8.25,False
37009823,3.0,6.0,0,0,0,0,5.5,5.5,0,False
37009824,6.6,6.0,4.4,0,0,0,6.0,7.75,8.5,False
37009825,3.6,6.0,0,0,0,0,5.5,5.25,0,False
37009826,6.6,7.25,5.0,0,0,0,6.75,6.25,7.75,False
37009827,6.4,7.0,3.6,0,0,0,6.0,7.0,8.0,False
37009828,5.6,6.0,2.2,0,0,0,4.5,5.5,7.0,False
37009829,3.0,6.5,3.0,0,0,0,6.0,5.0,6.0,False
37009830,7.4,6.75,5.2,6.5,5.75,6.25,0,0,0,True
37009831,6.8,6.5,4.0,0,0,0,6.5,6.25,8.75,False
37009832,7.6,7.25,4.8,7.75,6.5,5.5,0,0,0,True
37009833,6.2,7.5,4.4,0,0,0,8.0,8.75,8.75,False
37009834,6.0,7.5,0,0,0,0,7.5,7.5,0,False
37009835,5.4,6.25,0,0,0,0,4.0,6.0,0,False
37009836,4.8,6.0,3.4,0,0,0,6.5,8.0,8.25,False
37009837,7.8,6.75,5.6,0,0,0,7.25,9.0,9.25,False
37009838,5.6,6.25,4.8,0,0,0,7.0,8.75,8.5,False
37009839,5.0,6.0,4.2,0,0,0,6.5,6.0,6.75,False
37009840,4.4,7.0,5.4,0,0,0,5.5,5.75,7.5,False
37009841,4.2,5.5,3.8,0,0,0,4.75,6.5,9.0,False
37009842,3.8,6.5,3.8,0,0,0,5.25,6.5,7.0,False
37009843,5.6,7.0,3.4,0,0,0,6.25,5.75,6.75,False
37009844,3.4,7.5,3.6,0,0,0,5.25,7.0,7.5,False
37009845,2.8,5.5,3.6,0,0,0,5.25,7.75,7.25,False
37009846,3.8,6.5,2.0,0,0,0,5.5,6.25,8.75,False
37009847,4.2,4.0,3.6,0,0,0,5.75,5.75,6.25,False
37009848,6.0,7.5,5.0,7.5,6.0,5.75,0,0,0,True
37009849,5.2,7.25,4.0,0,0,0,6.0,5.5,8.25,False
37009850,7.0,7.25,3.8,0,0,0,6.25,7.0,9.25,False
37009851,4.8,6.25,5.4,0,0,0,5.75,6.5,8.25,False
37009852,4.4,6.25,5.4,0,0,0,7.5,6.75,7.5,False
37009853,5.0,5.75,4.6,0,0,0,6.25,6.5,8.75,False
37009854,6.2,6.75,4.8,0,0,0,7.0,8.0,8.25,False
37009855,6.2,5.5,4.6,0,0,0,6.75,6.75,5.75,False
37009856,5.4,4.5,2.6,0,0,0,8.25,5.0,6.75,False
37009857,5.4,6.0,4.6,0,0,0,7.25,6.5,8.25,False
37009858,5.6,5.75,4.2,0,0,0,5.0,7.5,8.0,False
37009859,4.6,6.75,0,0,0,0,6.25,7.0,0,False
37009860,6.6,6.75,4.8,0,0,0,5.75,7.0,8.75,False
37009861,7.2,7.0,4.8,0,0,0,6.5,7.0,8.25,False
37009862,4.2,6.75,5.4,0,0,0,7.5,5.75,6.5,False
37009863,5.8,6.75,5.6,0,0,0,8.5,7.75,8.5,False
37009864,6.0,6.75,3.4,0,0,0,5.25,8.0,8.75,False
37009865,6.6,7.0,4.8,0,0,0,8.25,6.75,8.25,False
37009866,6.4,5.25,0,0,0,0,4.75,4.75,0,False
37009867,7.4,7.75,4.8,0,0,0,7.75,8.0,8.5,False
37009868,7.0,6.5,4.8,0,0,0,6.5,8.25,9.0,False
37009869,5.8,6.75,4.0,0,0,0,5.75,6.5,7.25,False
37009870,5.0,7.0,5.8,0,0,0,7.75,7.25,8.5,False
37009871,7.8,5.0,5.8,8.0,7.75,6.0,0,0,0,True
37009872,4.8,8.0,4.2,0,0,0,6.25,7.5,9.25,False
37009873,6.4,6.5,0,0,0,0,5.0,7.75,0,False
37009874,6.4,6.5,4.8,0,0,0,7.75,7.0,9.75,False
37009875,6.2,8.0,4.8,0,0,0,5.5,6.75,9.25,False
37009876,5.8,8.25,0,0,0,0,6.5,7.25,0,False
37009877,4.8,6.75,0,0,0,0,4.25,6.5,0,False
37009878,5.2,6.5,6.0,0,0,0,6.25,7.0,8.25,False
37009879,3.8,6.0,0,0,0,0,5.25,5.5,0,False
37009880,5.6,6.25,4.4,0,0,0,6.75,7.0,9.0,False
37009881,5.0,6.25,0,0,0,0,5.5,4.75,0,False
37009882,6.6,7.25,5.8,0,0,0,8.5,7.25,8.75,False
37009883,7.2,8.5,6.6,0,0,0,7.25,8.5,8.75,False
37009884,6.4,8.5,5.2,0,0,0,6.25,8.0,9.25,False
37009885,7.2,8.25,5.4,4.75,6.75,6.5,0,0,0,True
37009886,5.4,6.0,4.8,0,0,0,6.0,6.25,8.5,False
37009887,6.6,6.25,5.8,0,0,0,5.0,7.0,7.75,False
37009888,5.2,6.5,4.2,0,0,0,7.0,7.25,8.25,False
37009889,5.2,5.75,4.0,0,0,0,5.75,7.25,8.5,False
37009890,5.6,5.75,4.4,0,0,0,7.25,6.5,9.25,False
37009891,7.2,5.5,4.8,0,0,0,4.75,6.25,7.25,False
37009892,5.4,6.5,4.8,0,0,0,5.25,6.0,6.5,False
37009893,5.0,6.5,3.4,0,0,0,3.5,6.75,7.5,False
37009894,6.6,8.25,5.2,0,0,0,6.5,6.75,7.75,False
37009895,3.4,6.0,3.2,0,0,0,3.75,5.5,8.25,False
37009896,6.2,7.0,4.2,0,0,0,7.25,9.0,8.75,False
37009897,5.0,7.0,5.2,0,0,0,5.5,8.0,8.75,False
37009898,4.6,7.75,4.8,0,0,0,6.75,8.0,9.0,False
37009899,4.8,6.75,3.6,0,0,0,4.75,5.75,7.5,False
37009900,7.0,7.5,4.8,0,0,0,9.25,9.25,9.0,False
37009901,7.0,8.25,4.6,0,0,0,7.5,8.5,8.5,False
37009902,3.8,6.25,0,0,0,0,5.0,4.75,0,False
37009903,5.2,6.5,4.2,0,0,0,4.75,7.0,8.25,False
37009904,5.0,6.25,5.8,0,0,0,7.75,7.0,8.25,False
37009905,4.6,3.5,4.2,0,0,0,5.5,3.5,7.75,False
37009906,6.6,5.75,5.4,0,0,0,4.25,5.5,8.25,False
37009907,5.4,7.75,4.8,0,0,0,7.0,8.75,9.5,False
37009908,4.2,5.75,2.4,0,0,0,2.75,5.5,5.5,False
37009909,6.4,6.75,5.6,0,0,0,7.75,7.0,8.25,False
37009910,6.4,6.0,3.4,0,0,0,6.75,4.25,7.0,False
37009911,6.2,6.75,0,0,0,0,3.75,6.0,0,False
37009912,5.8,6.25,4.4,0,0,0,7.0,7.75,8.25,False
37009913,3.4,4.0,0,0,0,0,4.0,4.5,0,False
37009914,5.6,7.5,4.6,0,0,0,9.0,8.25,9.0,False
37009915,5.6,7.75,6.0,0,0,0,6.75,8.0,9.25,False
37009916,5.0,7.75,3.4,0,0,0,4.25,6.75,7.75,False
37009917,5.6,7.5,4.4,0,0,0,4.5,7.75,7.5,False
37009918,6.0,6.0,0,0,0,0,5.75,6.25,0,False
37009919,6.0,6.0,5.6,0,0,0,7.25,6.0,7.0,False
37009920,4.2,5.5,6.6,0,0,0,6.25,7.0,9.0,False
37009921,4.0,6.5,0,0,0,0,6.25,7.0,0,False
37009922,4.2,6.75,0,0,0,0,5.25,5.75,0,False
37009923,3.8,7.0,0,0,0,0,6.0,4.75,0,False
37009924,5.6,6.25,6.4,0,0,0,6.25,5.75,8.25,False
37009925,6.6,6.5,5.4,0,0,0,6.5,5.5,6.75,False
37009926,6.2,7.75,5.4,0,0,0,6.5,7.25,9.0,False
37009927,4.0,6.5,0,0,0,0,4.5,4.25,0,False
37009928,5.6,7.75,3.4,0,0,0,7.25,7.0,8.25,False
37009929,6.0,7.75,3.8,0,0,0,5.5,7.25,8.25,False
37009930,3.8,7.75,2.4,0,0,0,4.25,6.0,8.0,False
37009931,5.4,6.0,7.0,0,0,0,8.0,7.5,8.5,False
37009932,4.8,6.5,3.8,0,0,0,4.75,6.75,6.75,False
37009933,7.6,7.0,4.6,0,0,0,8.25,8.5,9.0,False
37009934,5.4,7.0,4.0,0,0,0,6.25,7.0,8.5,False
37009935,4.6,6.5,4.8,0,0,0,6.75,6.75,8.75,False
37009936,6.8,6.5,4.6,0,0,0,8.75,7.75,7.5,False
37009937,3.2,5.5,0,0,0,0,4.25,5.25,0,False
37009938,6.2,6.0,4.4,4.25,5.0,6.5,0,0,0,True
37009939,4.2,5.75,3.0,0,0,0,6.0,6.75,7.75,False
37009940,5.6,4.0,4.2,0,0,0,5.0,6.25,6.5,False
37009941,5.0,6.25,5.2,0,0,0,7.5,7.25,8.5,False
37009942,5.0,6.0,4.2,0,0,0,6.0,6.75,8.25,False
37009943,4.4,7.25,0,0,0,0,5.5,5.5,0,False
37009944,6.8,6.25,4.4,0,0,0,8.25,8.0,9.0,False
37009945,5.6,5.5,0,0,0,0,6.0,7.5,0,False
37009946,6.8,7.0,4.0,0,0,0,6.75,9.0,8.75,False
37009947,4.6,6.0,3.8,4.0,5.0,5.0,0,0,0,True
37009948,6.4,6.75,4.8,0,0,0,6.25,7.0,7.75,False
37009949,5.0,7.5,4.8,0,0,0,4.25,5.75,6.0,False
37009950,6.6,6.25,5.6,0,0,0,5.75,6.5,9.25,False
37009951,5.6,5.25,3.8,0,0,0,6.25,7.0,7.25,False
37009952,4.4,5.0,2.8,0,0,0,4.25,6.0,6.0,False
37009953,7.2,7.25,6.0,0,0,0,7.5,7.75,9.0,False
37009954,4.8,5.25,4.2,0,0,0,5.25,7.0,7.5,False
37009955,6.2,6.5,4.2,0,0,0,6.5,7.25,7.75,False
37009957,5.8,7.0,4.4,0,0,0,6.25,6.75,7.25,False
37009958,7.0,7.5,6.8,0,0,0,7.75,8.0,9.5,False
37009959,5.8,7.25,5.6,0,0,0,5.5,7.25,6.25,False
37009960,5.8,6.25,3.6,0,0,0,5.75,6.0,7.75,False
37009961,5.6,7.5,5.2,0,0,0,4.5,6.25,8.0,False
37009962,4.2,7.25,4.4,0,0,0,4.5,7.5,7.5,False
37009963,3.8,7.25,4.6,0,0,0,8.0,8.25,8.25,False
37009964,4.6,6.75,3.0,0,0,0,6.75,6.5,8.0,False
37009965,6.4,6.5,4.8,4.75,6.25,6.5,0,0,0,True
37009966,2.2,6.5,0,0,0,0,4.75,5.75,0,False
37009967,2.6,5.75,0,0,0,0,4.5,3.75,0,False
37009968,6.0,5.75,4.8,0,0,0,5.25,7.75,8.0,False
37009969,5.0,5.0,4.6,0,0,0,4.5,6.0,6.25,False
37009970,4.0,5.5,4.4,0,0,0,6.5,7.0,7.75,False
37009971,6.0,6.25,3.0,0,0,0,5.0,7.5,7.25,False
37009972,7.2,7.75,0,0,0,0,6.75,7.5,0,False
37009973,5.6,6.75,0,0,0,0,5.75,6.5,0,False
37009974,4.8,5.75,3.8,0,0,0,7.75,8.5,7.25,False
37009975,6.0,6.0,3.8,3.0,5.5,6.0,0,0,0,True
37009976,5.4,7.25,4.0,0,0,0,5.75,6.5,5.5,False
37009977,6.2,6.5,2.6,0,0,0,5.5,6.75,7.25,False
37009978,5.0,5.5,4.4,0,0,0,5.25,7.0,7.75,False
37009979,4.8,5.75,3.2,0,0,0,6.5,5.75,7.0,False
37009980,3.8,7.25,3.8,0,0,0,6.75,7.75,8.0,False
37009981,3.2,6.5,3.8,0,0,0,4.75,6.0,7.0,False
37009982,3.8,6.75,3.6,0,0,0,4.0,7.25,8.0,False
37009983,5.0,6.75,4.2,0,0,0,3.75,4.75,6.5,False
37009984,3.6,7.5,5.0,0,0,0,7.0,6.25,7.0,False
37009985,5.6,7.5,4.4,0,0,0,8.25,6.75,9.25,False
37009986,6.0,7.0,4.8,0,0,0,7.75,5.75,8.5,False
37009987,7.0,6.0,5.4,0,0,0,7.25,7.25,7.75,False
37009988,5.6,6.25,3.6,0,0,0,4.5,8.0,8.5,False
37009989,6.4,6.5,0,0,0,0,6.0,8.0,0,False
37009990,8.2,6.25,4.8,8.0,7.5,7.0,0,0,0,True
37009991,6.8,7.5,0,0,0,0,5.75,6.75,0,False
37009992,4.2,5.75,2.0,0,0,0,5.5,6.75,8.0,False
37009993,4.4,5.5,3.4,0,0,0,4.5,6.5,5.75,False
37009994,6.4,6.0,3.6,0,0,0,5.25,7.0,8.0,False
37009995,4.0,5.0,3.4,0,0,0,4.5,6.25,7.25,False
37009996,6.4,6.5,0,0,0,0,5.75,6.25,0,False
37009997,5.4,6.25,4.8,0,0,0,6.5,7.25,9.0,False
37009998,4.0,6.0,5.0,0,0,0,5.75,7.75,9.25,False
37009999,2.4,2.25,0,0,0,0,4.5,3.5,0,False
37010000,5.2,7.0,5.0,0,0,0,6.5,7.0,9.5,False
37010001,2.2,6.5,0,0,0,0,4.0,5.25,0,False
37010002,4.0,6.75,4.2,0,0,0,6.75,5.75,8.25,False
37010003,6.0,6.75,4.6,0,0,0,6.5,7.0,8.0,False
37010004,6.6,7.5,4.4,0,0,0,5.25,8.0,8.25,False
37010005,6.0,7.5,4.6,0,0,0,7.0,8.75,8.0,False
37010006,5.0,5.75,3.8,0,0,0,6.75,7.25,8.25,False
37010007,4.8,8.25,4.0,0,0,0,8.5,6.75,9.0,False
37010008,3.8,5.25,3.4,0,0,0,2.75,5.75,6.25,False
37010009,7.0,8.0,4.4,0,0,0,8.0,8.5,9.0,False
37010010,6.4,7.5,4.8,0,0,0,6.75,7.5,8.25,False
37010011,7.4,8.0,5.4,0,0,0,7.25,6.25,9.25,False
37010012,4.0,4.0,4.0,0,0,0,4.25,4.25,7.5,False
37010013,6.0,6.75,5.6,0,0,0,7.0,7.5,8.25,False
37010014,6.6,5.0,4.0,0,0,0,5.5,7.75,8.5,False
37010015,4.8,4.25,4.8,0,0,0,6.75,7.0,8.5,False
37010016,7.4,8.0,4.2,0,0,0,8.5,7.25,9.25,False
37010017,3.6,6.25,4.4,0,0,0,6.75,7.5,7.0,False
37010018,3.0,5.75,5.6,0,0,0,8.5,7.25,7.75,False
37010019,5.2,5.75,4.2,0,0,0,6.25,7.25,7.5,False
37010020,5.0,5.75,2.6,0,0,0,7.0,7.25,8.0,False
37010021,5.4,5.25,3.4,0,0,0,7.5,7.0,8.0,False
37010022,6.4,6.75,5.4,5.75,6.0,6.25,0,0,0,True
37010023,7.4,7.0,4.4,0,0,0,6.75,7.75,8.25,False
37010024,4.6,5.25,3.2,0,0,0,8.0,7.0,8.0,False
37010025,5.0,6.75,3.8,0,0,0,7.0,6.25,7.25,False
37010026,5.2,5.5,5.2,0,0,0,6.25,7.0,8.25,False
37010027,3.2,6.5,3.6,0,0,0,5.5,5.5,7.25,False
37010028,5.4,6.25,3.2,0,0,0,6.5,6.75,8.25,False
37010029,5.6,7.25,4.2,3.5,5.25,3.75,0,0,0,True
37010030,5.8,7.75,4.2,0,0,0,8.0,6.0,8.0,False
37010031,5.2,5.75,3.8,0,0,0,5.25,5.75,7.0,False
37010032,6.0,3.75,3.0,0,0,0,6.75,6.25,7.0,False
37010033,6.6,6.75,5.4,0,0,0,5.0,7.25,8.0,False
37010034,4.2,0,3.0,0,0,0,6.0,7.25,0,False
37010035,6.4,6.0,4.8,0,0,0,5.75,7.0,8.5,False
37010036,7.0,7.0,5.0,0,0,0,8.0,7.25,9.5,False
37010037,9.0,3.75,5.2,5.0,7.75,8.5,0,0,0,True
37010038,6.0,6.0,7.0,4.0,6.5,6.5,0,0,0,True
37010039,6.8,5.75,6.0,0,0,0,8.75,7.5,8.0,False
37010040,7.8,6.5,7.4,0,0,0,7.5,8.0,8.75,False
37010041,8.4,8.25,8.4,0,0,0,8.5,8.25,9.25,False
37010042,7.4,6.25,8.0,8.0,4.75,6.0,0,0,0,True
37010043,8.0,6.25,9.0,8.25,4.75,5.25,0,0,0,True
37010044,8.4,7.5,9.2,6.0,5.5,6.75,0,0,0,True
37010045,8.2,6.0,7.4,7.75,5.75,7.0,0,0,0,True
37010046,7.8,7.5,8.6,8.5,3.0,5.0,0,0,0,True
37010047,8.6,8.0,7.8,7.0,7.5,6.75,0,0,0,True
37010048,8.0,9.25,7.8,0,0,0,7.75,8.0,7.75,False
37010049,7.4,6.25,6.4,0,0,0,7.5,7.25,8.5,False
37010050,7.6,6.0,8.2,6.0,6.0,5.5,0,0,0,True
37010051,8.0,8.0,8.0,6.0,5.0,7.0,0,0,0,True
37010052,8.2,7.75,7.6,9.0,9.0,6.75,0,0,0,True
37010053,6.8,6.75,7.2,0,0,0,6.25,7.0,7.75,False
37010054,7.6,5.5,4.8,8.25,7.25,7.75,0,0,0,True
37010055,8.0,8.0,5.0,7.0,5.5,6.75,0,0,0,True
37010056,6.6,7.75,7.4,0,0,0,7.75,8.5,9.0,False
37010057,7.6,7.0,5.4,8.75,5.5,6.75,0,0,0,True
37010058,9.0,8.0,8.6,9.0,6.5,8.0,0,0,0,True
37010059,8.4,6.75,6.4,4.25,8.0,8.0,0,0,0,True
37010060,7.8,6.5,6.0,4.5,4.5,5.5,0,0,0,True
37010061,7.2,6.5,5.8,0,0,0,7.0,7.75,8.0,False
37010062,8.0,7.75,7.6,0,0,0,8.25,8.0,9.5,False
37010063,8.4,7.0,5.6,7.5,7.75,6.5,0,0,0,True
37010064,8.2,6.75,8.0,8.0,5.75,8.0,0,0,0,True
37010065,8.2,6.0,4.6,8.0,6.75,6.5,0,0,0,True
37010066,7.4,4.75,4.8,8.0,8.75,6.0,0,0,0,True
37010067,7.6,8.0,5.2,0,0,0,8.0,8.0,8.0,False
37010068,8.2,5.5,3.8,7.75,9.0,5.0,0,0,0,True
37010069,7.8,7.0,6.0,7.5,9.5,8.5,0,0,0,True
37010070,9.2,6.5,5.6,9.25,9.75,5.5,0,0,0,True
37010071,8.0,6.5,5.4,7.5,5.5,5.75,0,0,0,True
37010072,7.0,7.0,5.2,8.75,7.25,6.25,0,0,0,True
37010073,7.6,7.75,6.8,6.5,3.75,4.5,0,0,0,True
37010074,8.4,6.0,7.2,5.5,8.5,8.75,0,0,0,True
37010075,6.6,6.75,6.2,0,0,0,8.25,9.0,9.0,False
37010076,8.8,6.75,7.4,8.5,7.25,6.5,0,0,0,True
37010077,7.8,7.0,7.8,8.25,5.5,3.25,0,0,0,True
37010078,7.8,7.25,6.6,8.25,8.5,5.75,0,0,0,True
37010079,7.4,5.5,4.2,0,0,0,6.75,7.25,7.25,False
37010080,7.0,6.75,5.8,7.5,6.5,4.5,0,0,0,True
37010081,8.0,7.75,7.4,0,0,0,6.5,8.25,8.25,False
37010082,8.0,7.0,5.4,8.0,6.25,5.75,0,0,0,True
37010083,8.0,7.5,6.2,8.0,6.0,5.25,0,0,0,True
37010084,7.4,6.25,7.0,7.25,7.75,5.5,0,0,0,True
37010085,8.2,7.5,8.2,7.75,7.0,7.25,0,0,0,True
37010086,7.6,7.0,5.6,0,0,0,6.75,6.5,8.25,False
37010087,5.2,5.75,6.4,0,0,0,8.0,6.25,7.0,False
37010088,7.4,8.0,9.0,0,0,0,7.75,6.75,8.0,False
37010089,7.8,6.0,5.6,6.75,7.75,7.0,0,0,0,True
37010090,7.2,7.25,7.2,0,0,0,6.75,7.5,8.25,False
37010091,8.4,6.75,7.2,8.5,6.0,6.5,0,0,0,True
37010092,6.8,7.25,8.8,0,0,0,7.5,7.0,8.5,False
37010093,5.2,6.5,5.0,0,0,0,7.5,6.75,7.25,False
37010094,8.2,7.25,8.0,8.75,5.75,6.75,0,0,0,True
37010095,8.4,7.75,5.0,8.75,7.75,6.25,0,0,0,True
37010096,8.4,8.75,8.8,0,0,0,8.25,7.25,8.75,False
37010097,7.0,7.0,4.6,0,0,0,6.75,8.25,7.0,False
37010098,5.2,8.25,6.4,7.5,6.25,8.0,0,0,0,True
37010099,7.0,8.25,8.4,0,0,0,8.5,8.75,9.5,False
37010100,8.4,7.0,7.8,7.75,6.0,8.0,0,0,0,True
37010101,7.8,6.25,4.4,7.5,6.75,6.5,0,0,0,True
37010102,8.0,7.75,4.8,8.0,8.75,5.75,0,0,0,True
37010103,8.2,7.5,5.8,7.5,6.0,5.25,0,0,0,True
37010104,7.6,7.25,8.4,0,0,0,9.25,6.25,8.75,False
37010105,5.8,7.25,3.8,0,0,0,8.25,6.75,7.75,False
37010106,8.6,7.5,6.6,8.25,8.5,6.0,0,0,0,True
37010107,8.0,6.75,5.2,8.0,5.5,5.25,0,0,0,True
37010108,7.8,6.75,7.8,8.0,8.5,7.5,0,0,0,True
37010109,7.6,7.5,5.0,7.75,6.75,5.75,0,0,0,True
37010110,7.2,7.25,8.0,6.5,6.25,5.25,0,0,0,True
37010111,8.0,6.75,7.6,0,0,0,7.25,7.25,7.0,False
37010112,8.2,6.75,7.4,8.0,8.25,6.0,0,0,0,True
37010113,7.2,6.5,7.0,0,0,0,5.75,7.75,9.0,False
37010114,8.4,8.25,7.8,0,0,0,8.25,8.75,9.0,False
37010115,7.8,6.5,7.6,7.0,9.0,6.0,0,0,0,True
37010116,8.8,7.5,9.0,8.5,5.25,7.75,0,0,0,True
37010117,8.4,8.5,9.0,6.75,8.0,5.25,0,0,0,True
37010118,8.4,7.25,8.6,8.75,8.75,7.75,0,0,0,True
37010119,7.4,8.0,7.2,0,0,0,8.25,6.25,8.0,False
37010120,7.6,8.25,8.6,0,0,0,8.75,9.0,8.5,False
37010121,6.8,7.0,7.0,0,0,0,7.0,8.25,8.75,False
37010122,7.0,7.0,7.2,6.75,7.25,6.75,0,0,0,True
37010123,6.8,6.0,6.4,3.75,5.75,5.75,0,0,0,True
37010124,8.0,5.0,7.4,3.5,9.25,7.5,0,0,0,True
37010125,8.6,7.25,6.8,5.0,8.0,6.0,0,0,0,True
37010126,7.2,5.75,7.2,0,0,0,8.0,7.5,7.5,False
37010127,8.2,7.75,8.2,0,0,0,6.5,7.5,8.0,False
37010128,8.0,7.5,8.8,8.25,5.5,6.0,0,0,0,True
37010129,8.6,7.0,9.0,8.0,5.0,5.0,0,0,0,True
37010130,8.6,7.5,7.8,0,0,0,7.5,7.75,8.5,False
37010131,8.2,6.75,6.6,4.25,7.25,5.0,0,0,0,True
37010132,9.0,6.75,8.0,6.0,10.0,9.0,0,0,0,True
37010133,6.2,7.5,8.4,5.5,4.75,5.75,0,0,0,True
37010134,7.6,7.25,8.6,8.5,7.0,8.25,0,0,0,True
37010135,8.6,6.25,6.8,6.75,8.25,5.5,0,0,0,True
37010136,8.8,5.25,5.4,3.25,9.5,8.5,0,0,0,True
37010137,7.2,6.5,7.6,0,0,0,8.75,7.75,8.75,False
37010138,7.6,8.75,7.6,0,0,0,7.75,7.25,7.25,False
37010139,8.6,6.75,7.0,8.0,8.0,6.5,0,0,0,True
37010140,8.4,7.0,6.2,8.25,7.75,7.75,0,0,0,True
37010141,6.4,5.0,7.4,3.5,4.0,4.75,0,0,0,True
37010142,5.8,7.0,6.4,0,0,0,5.75,8.5,9.5,False
37010143,7.8,8.75,8.2,0,0,0,7.0,9.0,8.25,False
37010144,7.4,6.0,5.2,5.0,7.25,5.0,0,0,0,True
37010145,7.2,6.75,8.2,6.75,6.75,6.5,0,0,0,True
37010146,7.4,7.5,6.6,3.75,8.0,8.25,0,0,0,True
37010147,8.2,8.0,8.4,0,0,0,8.0,7.25,8.0,False
37010148,8.4,7.75,6.8,6.75,8.5,7.0,0,0,0,True
37010149,6.8,7.75,7.2,0,0,0,6.0,6.75,8.25,False
37010150,8.4,8.0,7.6,0,0,0,6.75,5.5,8.5,False
37010151,8.2,7.0,7.2,8.25,8.5,7.5,0,0,0,True
37010152,7.4,7.5,7.0,4.25,6.25,6.25,0,0,0,True
37010153,7.2,3.25,7.0,6.25,5.0,5.0,0,0,0,True
37010154,7.8,6.75,7.8,7.5,5.25,6.75,0,0,0,True
37010155,7.8,6.25,7.4,4.5,3.5,6.25,0,0,0,True
37010156,8.6,6.25,6.2,5.5,1.5,5.25,0,0,0,True
37010157,9.0,7.0,6.8,8.0,6.0,3.75,0,0,0,True
37010158,7.8,7.75,5.4,0,0,0,8.25,7.75,9.0,False
37010159,9.0,8.0,8.4,8.0,6.25,5.5,0,0,0,True
37010160,8.0,7.75,8.4,7.75,6.5,6.25,0,0,0,True
37010161,8.4,7.5,7.6,6.0,4.25,4.5,0,0,0,True
37010162,8.6,7.25,6.4,4.75,8.0,6.0,0,0,0,True
37010163,8.4,6.25,9.4,8.25,6.75,6.5,0,0,0,True
37010164,8.8,6.75,9.4,8.5,5.5,4.0,0,0,0,True
37010165,8.0,8.5,8.0,0,0,0,8.0,7.0,7.75,False
37010166,8.6,5.0,5.8,8.0,8.75,6.25,0,0,0,True
37010167,7.2,4.5,7.0,0,0,0,6.75,6.5,7.0,False
37010168,8.8,7.5,7.4,8.75,7.75,7.0,0,0,0,True
37010169,8.4,6.0,6.6,8.5,3.75,8.0,0,0,0,True
37010170,6.8,5.25,3.8,5.75,2.75,5.0,0,0,0,True
37010171,8.8,8.25,8.2,8.0,8.75,8.0,0,0,0,True
37010172,8.0,5.5,5.2,6.25,6.25,7.5,0,0,0,True
37010173,7.6,7.5,8.4,9.25,6.75,6.25,0,0,0,True
37010174,8.6,7.25,7.6,8.25,8.5,4.5,0,0,0,True
37010175,4.4,6.5,4.6,0,0,0,6.5,5.0,7.25,False
37010176,5.6,7.75,3.6,0,0,0,5.5,7.5,7.0,False
37010177,8.2,6.75,6.8,8.0,4.25,6.25,0,0,0,True
37010178,8.4,6.75,5.6,7.0,5.0,5.75,0,0,0,True
37010179,6.6,8.25,6.4,0,0,0,7.75,6.75,8.5,False
37010180,7.4,8.5,7.6,0,0,0,9.25,9.25,9.5,False
37010181,8.0,8.0,8.4,8.5,7.5,5.0,0,0,0,True
37010182,7.8,7.5,8.4,0,0,0,7.5,8.5,8.0,False
37010183,7.4,7.5,5.4,0,0,0,7.25,7.75,9.25,False
37010184,7.2,6.5,4.6,0,0,0,6.75,8.0,8.5,False
37010185,8.2,7.75,8.2,0,0,0,4.5,6.5,7.75,False
37010186,7.8,5.75,7.0,0,0,0,5.75,7.25,8.25,False
37010187,8.0,7.75,7.0,4.75,8.25,7.0,0,0,0,True
37010188,7.8,4.5,4.8,5.5,6.75,7.0,0,0,0,True
37010189,7.6,5.5,7.0,0,0,0,6.75,8.0,8.0,False
37010190,7.8,7.25,7.6,8.5,6.75,6.5,0,0,0,True
37010191,7.0,6.75,5.8,0,0,0,8.0,8.0,8.25,False
37010192,7.0,6.75,5.6,0,0,0,6.0,6.25,8.25,False
37010193,8.2,7.0,7.0,8.5,7.0,6.5,0,0,0,True
37010194,5.8,5.5,6.0,0,0,0,6.5,8.25,8.75,False
37010195,8.0,7.0,6.0,0,0,0,8.25,8.5,9.75,False
37010196,7.2,7.0,5.0,5.25,7.75,6.75,0,0,0,True
37010197,8.0,6.25,6.2,4.0,8.25,8.25,0,0,0,True
37010198,7.4,5.0,6.4,7.25,5.5,7.5,0,0,0,True
37010199,7.6,7.0,6.4,8.25,6.75,7.75,0,0,0,True
37010200,7.8,6.25,5.6,7.5,7.25,7.0,0,0,0,True
37010201,8.4,7.75,8.0,8.25,9.0,7.25,0,0,0,True
37010202,8.0,7.0,6.0,6.75,8.0,7.75,0,0,0,True
37010203,8.4,7.25,5.0,7.0,6.0,6.0,0,0,0,True
37010204,8.0,7.0,4.8,0,0,0,7.75,7.0,6.0,False
37010205,7.8,7.0,5.4,0,0,0,4.75,4.5,6.25,False
37010206,8.0,7.75,6.4,8.25,7.5,6.5,0,0,0,True
37010207,7.8,8.25,8.0,0,0,0,7.25,8.5,8.5,False
37010208,8.4,8.0,7.4,7.25,9.0,8.5,0,0,0,True
37010209,8.2,6.75,8.0,5.25,8.0,9.25,0,0,0,True
37010210,7.6,7.25,4.2,5.25,5.5,6.0,0,0,0,True
37010211,8.0,5.75,7.6,8.25,6.5,4.5,0,0,0,True
37010212,8.4,6.0,5.6,6.5,9.25,8.5,0,0,0,True
37010213,6.2,7.0,7.0,5.0,4.75,6.0,0,0,0,True
37010214,8.6,6.75,7.2,8.0,8.25,8.25,0,0,0,True
37010215,8.6,7.25,9.2,7.0,8.75,8.5,0,0,0,True
37010216,8.2,7.0,7.6,0,0,0,7.75,7.75,7.5,False
37010217,8.8,6.0,8.2,7.75,6.5,7.25,0,0,0,True
37010218,7.8,4.5,5.8,3.75,4.5,5.5,0,0,0,True
37010219,8.6,5.5,7.0,6.0,4.5,6.5,0,0,0,True
37010220,8.0,6.5,8.2,8.25,4.5,5.5,0,0,0,True
37010221,8.6,7.5,8.6,8.75,6.5,6.0,0,0,0,True
37010222,8.4,6.75,6.8,0,0,0,8.0,8.75,9.0,False
37010223,7.4,8.0,6.8,0,0,0,6.25,7.5,7.25,False
37010224,8.8,6.5,7.2,8.0,6.5,6.25,0,0,0,True
37010225,7.4,6.5,8.0,7.0,7.5,6.5,0,0,0,True
37010226,8.2,7.5,6.6,7.75,6.25,6.5,0,0,0,True
37010227,8.8,8.0,8.0,9.0,4.5,6.25,0,0,0,True
37010228,8.4,8.25,9.2,8.75,6.75,7.25,0,0,0,True
37010229,8.8,7.75,9.6,8.5,7.0,7.0,0,0,0,True
37010230,8.4,7.75,8.6,7.75,5.25,5.75,0,0,0,True
37010231,8.2,4.75,8.0,7.25,6.25,7.25,0,0,0,True
37010232,7.2,6.0,6.6,5.75,7.0,6.5,0,0,0,True
37010233,8.2,6.75,7.8,7.75,6.25,5.5,0,0,0,True
37010234,5.2,7.25,3.6,0,0,0,6.75,7.5,7.5,False
37010235,7.2,7.5,5.6,0,0,0,7.75,7.25,8.5,False
37010236,7.4,8.5,6.4,0,0,0,9.25,9.0,8.5,False
37010237,6.6,7.0,6.0,0,0,0,8.5,8.0,8.5,False
37010238,8.2,5.5,7.6,8.25,9.5,7.5,0,0,0,True
37010239,8.2,6.75,6.0,8.0,8.5,6.25,0,0,0,True
37010240,8.6,5.75,4.4,8.0,7.75,6.0,0,0,0,True
37010241,7.6,8.0,9.0,0,0,0,8.5,7.25,7.5,False
37010242,7.8,5.75,4.0,6.5,6.5,6.25,0,0,0,True
37010243,8.0,8.25,4.8,7.75,7.25,6.0,0,0,0,True
37010244,7.6,7.75,7.8,7.75,7.75,7.25,0,0,0,True
37010245,6.6,7.25,6.0,0,0,0,6.0,6.25,7.5,False
37010246,8.2,6.0,4.4,6.0,8.25,8.0,0,0,0,True
37010247,7.2,7.5,6.2,5.75,6.25,8.0,0,0,0,True
37010248,7.4,6.75,3.4,0,0,0,7.25,8.75,8.0,False
37010249,8.8,6.5,5.6,7.5,7.25,7.0,0,0,0,True
37010250,8.4,7.5,6.8,7.75,6.5,6.25,0,0,0,True
37010251,7.6,8.25,8.4,5.25,6.0,4.25,0,0,0,True
37010252,6.8,7.0,5.0,6.75,6.25,5.75,0,0,0,True
37010253,7.8,6.0,6.6,7.25,6.75,8.25,0,0,0,True
37010254,8.2,8.25,8.6,7.75,8.5,7.75,0,0,0,True
37010255,8.6,8.0,9.0,8.0,7.75,5.5,0,0,0,True
37010256,8.2,6.0,8.4,6.5,9.0,7.5,0,0,0,True
37010257,8.4,7.0,8.8,6.0,8.5,8.75,0,0,0,True
37010258,6.8,5.75,5.6,6.5,3.75,4.0,0,0,0,True
37010259,7.2,7.5,6.2,5.75,5.25,6.25,0,0,0,True
37010260,6.8,6.75,7.2,0,0,0,8.0,8.5,9.25,False
37010261,8.6,8.0,9.0,8.0,5.25,7.0,0,0,0,True
37010262,8.8,6.25,5.4,8.75,7.5,6.5,0,0,0,True
37010263,8.4,5.5,5.4,8.5,7.75,6.5,0,0,0,True
37010264,8.0,6.5,8.8,7.5,5.25,6.5,0,0,0,True
37010265,8.2,5.0,8.6,8.25,6.25,5.75,0,0,0,True
37010266,8.0,7.0,4.6,0,0,0,5.25,7.5,7.25,False
37010267,8.2,8.25,6.8,0,0,0,9.0,8.75,8.5,False
37010268,8.8,8.5,7.4,0,0,0,9.5,9.75,9.0,False
37010269,7.0,7.0,6.0,0,0,0,8.0,8.75,9.0,False
37010270,7.4,7.0,6.2,0,0,0,6.5,7.5,8.75,False
37010271,8.6,8.0,7.4,9.25,6.5,7.25,0,0,0,True
37010273,8.2,7.0,5.0,9.0,8.75,7.0,0,0,0,True
37010274,9.0,7.25,7.6,8.75,9.5,8.5,0,0,0,True
37010275,8.4,7.75,7.4,8.5,8.5,8.0,0,0,0,True
37010276,7.8,6.25,6.8,6.5,5.75,6.25,0,0,0,True
37010277,6.4,7.5,3.8,0,0,0,8.25,8.0,8.75,False
37010278,6.4,7.25,5.4,6.0,6.5,7.5,0,0,0,True
37010279,6.2,7.5,4.8,0,0,0,7.5,8.75,8.75,False
37010280,8.2,8.0,7.0,0,0,0,7.75,9.5,9.0,False
37010281,8.8,7.25,8.6,7.25,6.25,8.0,0,0,0,True
37010282,7.0,7.0,5.6,0,0,0,8.0,8.5,8.75,False
37010283,6.6,6.0,4.8,6.5,6.75,7.0,0,0,0,True
37010284,7.6,6.75,8.0,7.75,5.5,5.75,0,0,0,True
37010285,8.8,8.0,8.4,6.5,9.5,9.75,0,0,0,True
37010286,7.0,7.0,8.0,6.5,6.25,5.75,0,0,0,True
37010287,8.2,7.0,5.0,7.25,7.25,6.5,0,0,0,True
37010288,8.0,7.5,7.4,5.0,8.0,8.75,0,0,0,True
37010289,7.4,7.5,9.2,0,0,0,7.75,7.75,9.25,False
37010290,7.8,6.25,6.8,7.25,6.5,5.25,0,0,0,True
37010291,7.6,6.75,5.0,8.25,6.25,5.5,0,0,0,True
37010292,8.8,7.75,8.4,9.0,6.25,6.25,0,0,0,True
37010293,2.2,6.75,4.4,1.75,2.75,3.75,0,0,0,True
37010294,8.0,6.75,8.2,8.5,5.5,6.75,0,0,0,True
37010295,8.0,8.25,8.0,6.5,6.0,7.5,0,0,0,True
37010296,7.6,7.5,7.2,8.0,7.25,6.0,0,0,0,True
37010297,7.2,6.0,9.2,7.75,6.5,6.0,0,0,0,True
37010298,7.4,8.0,6.2,0,0,0,7.75,8.5,9.25,False
37010299,7.8,7.5,4.8,8.25,7.25,6.25,0,0,0,True
37010300,5.8,7.75,6.6,0,0,0,6.0,8.25,8.75,False
37010301,7.2,8.0,3.6,0,0,0,8.5,8.25,8.25,False
37010302,8.2,8.0,6.0,8.5,7.0,7.5,0,0,0,True
37010303,9.0,8.0,9.2,9.0,7.75,8.25,0,0,0,True
37010304,8.4,7.5,6.4,8.5,8.5,5.5,0,0,0,True
37010305,8.2,6.25,6.6,0,0,0,7.25,7.25,9.5,False
37010306,7.8,7.5,8.2,7.5,7.75,8.25,0,0,0,True
37010307,8.6,6.5,8.6,4.0,8.5,7.5,0,0,0,True
37010308,7.6,6.25,6.8,0,0,0,7.5,8.25,8.0,False
37010309,8.0,7.75,7.0,7.5,8.75,7.5,0,0,0,True
37010310,8.0,6.75,7.2,0,0,0,6.25,6.75,8.25,False
37010311,8.2,7.5,8.4,8.0,9.0,6.75,0,0,0,True
37010312,8.4,7.5,7.0,0,0,0,8.5,8.25,9.25,False
37010313,7.8,8.25,7.4,7.75,7.0,6.25,0,0,0,True
37010314,9.4,8.5,9.4,9.0,7.5,7.75,0,0,0,True
37010315,8.0,6.75,8.6,8.25,9.5,8.0,0,0,0,True
37010316,8.8,7.75,6.6,7.25,7.5,4.75,0,0,0,True
37010317,8.4,7.25,7.4,0,0,0,6.75,8.25,9.25,False
37010318,8.6,5.75,8.0,7.25,6.5,6.75,0,0,0,True
37010319,7.6,7.25,7.2,4.0,3.0,5.5,0,0,0,True
37010320,8.2,6.75,7.4,0,0,0,6.5,7.75,7.25,False
37010321,8.4,8.25,8.2,9.5,9.0,7.5,0,0,0,True
37010322,9.0,8.25,6.8,8.5,8.25,6.75,0,0,0,True
37010323,8.6,7.25,6.2,9.0,6.0,5.25,0,0,0,True
37010324,8.0,7.0,7.8,8.25,7.0,6.75,0,0,0,True
37010325,8.2,8.25,6.4,8.5,8.5,7.0,0,0,0,True
37010326,7.0,7.0,4.6,0,0,0,7.5,7.75,7.75,False
37010327,7.0,7.25,5.4,0,0,0,8.0,6.75,8.25,False
37010328,8.2,8.0,8.4,7.0,8.25,7.75,0,0,0,True
37010329,8.6,8.25,7.8,7.75,8.0,7.25,0,0,0,True
37010330,6.6,6.75,7.2,0,0,0,7.0,7.25,8.5,False
37010331,8.0,6.0,5.2,5.0,5.25,6.0,0,0,0,True
37010332,7.2,5.75,6.0,0,0,0,5.25,6.0,7.75,False
37010333,7.2,6.5,8.6,8.75,4.5,7.0,0,0,0,True
37010334,7.0,8.5,6.8,0,0,0,8.0,8.25,7.75,False
37010335,5.8,7.5,4.4,0,0,0,7.75,7.5,8.5,False
37010336,6.0,7.75,7.4,5.0,4.5,5.0,0,0,0,True
37010337,7.2,6.75,7.4,7.75,4.5,6.0,0,0,0,True
37010338,8.0,3.25,7.8,7.25,8.75,7.75,0,0,0,True
37010339,7.6,6.25,5.2,5.25,8.0,8.75,0,0,0,True
37010340,9.0,7.0,5.6,8.75,7.5,8.0,0,0,0,True
37010341,8.0,7.75,7.8,8.5,5.25,6.0,0,0,0,True
37010342,6.6,7.25,6.2,6.75,5.5,4.75,0,0,0,True
37010343,7.0,7.5,4.8,5.75,5.75,5.75,0,0,0,True
37010344,8.2,6.75,8.4,8.0,6.5,5.5,0,0,0,True
37010345,8.0,4.75,7.4,6.0,5.75,6.25,0,0,0,True
37010346,8.2,7.5,7.2,8.0,6.25,5.5,0,0,0,True
37010347,8.2,7.75,3.8,0,0,0,8.75,9.25,8.5,False
37010348,7.8,7.75,7.0,0,0,0,8.25,8.75,8.75,False
37010349,8.0,5.25,8.0,8.5,6.25,5.5,0,0,0,True
37010350,7.2,5.25,5.8,7.5,6.0,4.25,0,0,0,True
37010351,8.0,5.0,4.8,8.25,9.25,7.0,0,0,0,True
37010352,7.2,7.5,7.0,0,0,0,9.5,9.0,9.25,False
37010353,8.0,6.0,6.8,8.0,6.25,7.0,0,0,0,True
37010354,8.2,5.5,6.8,6.0,9.0,7.75,0,0,0,True
37010355,7.4,7.0,5.0,0,0,0,9.0,7.0,7.75,False
37010356,6.8,7.75,5.4,0,0,0,6.5,6.5,7.25,False
37010357,7.2,7.0,5.8,0,0,0,6.25,6.5,7.75,False
37010358,8.0,8.0,8.2,6.75,6.25,5.25,0,0,0,True
37010359,7.6,8.75,6.6,0,0,0,8.25,9.0,8.5,False
37010360,5.4,6.25,5.4,5.75,6.75,7.0,0,0,0,True
37010361,8.6,7.25,9.6,7.5,9.25,9.0,0,0,0,True
37010362,7.0,5.5,6.6,0,0,0,8.25,7.0,8.75,False
37010363,7.0,5.25,5.8,6.75,8.0,7.0,0,0,0,True
37010364,6.6,8.5,5.6,0,0,0,8.75,9.25,8.25,False
37010365,8.0,6.75,8.2,8.75,6.75,6.0,0,0,0,True
37010366,8.6,6.5,6.4,7.25,7.25,6.5,0,0,0,True
37010367,8.2,7.25,5.4,8.0,7.75,5.75,0,0,0,True
37010368,8.2,6.5,4.6,0,0,0,7.5,6.5,8.75,False
37010369,8.0,5.75,7.2,8.5,6.75,8.0,0,0,0,True
37010370,7.8,5.75,6.0,7.0,6.25,5.75,0,0,0,True
37010371,8.0,7.25,8.0,8.75,7.75,8.25,0,0,0,True
37010372,8.0,7.75,7.2,8.5,8.75,5.5,0,0,0,True
37010373,8.6,7.5,7.4,8.25,6.5,6.5,0,0,0,True
37010374,7.0,6.5,6.2,6.0,4.75,7.25,0,0,0,True
37010375,8.2,7.0,7.2,6.75,5.75,6.5,0,0,0,True
37010376,8.6,8.5,7.4,8.5,7.5,8.0,0,0,0,True
37010377,8.0,7.5,7.8,7.25,6.0,6.5,0,0,0,True
37010378,7.4,8.0,6.8,6.75,5.75,5.75,0,0,0,True
37010379,8.6,7.5,9.4,8.25,6.5,5.75,0,0,0,True
37010380,7.8,8.25,6.4,7.75,7.25,7.5,0,0,0,True
37010381,8.0,8.5,7.2,5.75,7.75,7.0,0,0,0,True
37010382,8.0,9.0,8.8,5.75,7.75,7.75,0,0,0,True
37010383,8.6,7.5,5.4,0,0,0,6.75,7.5,7.25,False
37010384,6.0,6.75,5.8,0,0,0,7.75,8.25,9.0,False
37010385,7.2,6.75,3.8,0,0,0,7.75,7.75,8.5,False
37010386,6.8,7.75,5.2,0,0,0,7.0,7.25,7.25,False
37010387,7.8,6.5,4.6,6.75,3.5,6.5,0,0,0,True
37010388,2.6,4.25,0,0,0,0,3.75,5.5,0,False
37010389,6.4,6.25,5.8,0,0,0,6.5,7.25,7.5,False
37010390,6.2,5.5,6.6,4.75,5.75,3.75,0,0,0,True
37010391,6.4,5.75,0,0,0,0,5.5,6.5,0,False
37010392,6.0,5.0,6.6,6.75,5.75,5.0,0,0,0,True
37010393,6.4,5.5,4.2,0,0,0,6.5,6.75,6.75,False
37010394,4.8,6.0,0,0,0,0,4.75,5.75,0,False
37010395,6.4,5.5,4.2,0,0,0,6.75,7.75,7.5,False
37010396,5.4,5.5,0,0,0,0,6.5,5.75,0,False
37010397,6.4,6.0,4.0,0,0,0,7.0,8.0,7.25,False
37010398,6.4,6.5,6.4,0,0,0,6.0,7.0,6.5,False
37010399,5.8,5.75,0,0,0,0,7.5,6.0,0,False
37010400,7.0,6.0,5.4,0,0,0,6.0,8.25,8.25,False
37010401,6.4,5.75,0,0,0,0,6.5,5.75,0,False
37010402,5.2,6.75,5.4,0,0,0,6.75,7.75,8.0,False
37010403,4.8,5.5,5.0,0,0,0,5.5,6.25,6.75,False
37010404,5.2,6.75,4.8,0,0,0,4.5,7.25,7.75,False
37010405,4.8,5.75,3.6,0,0,0,5.25,6.5,6.75,False
37010406,3.4,5.0,3.8,0,0,0,3.0,4.5,4.0,False
37010407,4.8,7.0,3.6,0,0,0,6.25,6.75,7.75,False
37010408,4.8,7.0,0,0,0,0,7.5,7.5,0,False
37010409,7.6,7.5,5.8,7.0,7.5,5.5,0,0,0,True
37010410,6.8,7.0,4.2,0,0,0,4.0,6.25,7.5,False
37010411,8.0,6.75,6.6,6.75,5.5,6.75,0,0,0,True
37010412,5.8,7.25,3.0,0,0,0,6.25,8.5,7.75,False
37010413,3.6,6.0,4.2,0,0,0,3.75,5.25,6.25,False
37010414,7.0,5.75,0,0,0,0,8.0,7.5,0,False
37010415,6.8,7.25,4.2,0,0,0,5.25,7.5,8.0,False
37010416,6.8,6.5,4.0,0,0,0,4.25,6.5,7.75,False
37010417,6.8,7.5,5.4,0,0,0,6.25,6.0,8.75,False
37010418,5.6,6.75,0,0,0,0,6.25,6.75,0,False
37010419,5.4,7.0,0,0,0,0,7.25,8.0,0,False
37010420,6.0,7.0,3.6,0,0,0,4.0,7.0,8.5,False
37010421,6.8,5.25,4.8,0,0,0,4.5,4.75,6.25,False
37010422,6.2,5.5,0,0,0,0,3.75,7.0,0,False
37010423,7.2,4.5,3.4,0,0,0,5.75,7.5,6.25,False
37010424,6.0,6.0,0,0,0,0,5.0,6.25,0,False
37010425,7.6,5.75,5.8,6.25,7.0,4.0,0,0,0,True
37010426,5.2,8.0,4.8,0,0,0,7.0,8.0,8.25,False
37010427,5.8,8.5,6.0,0,0,0,5.25,6.25,8.25,False
37010428,5.8,7.25,3.8,0,0,0,5.75,6.75,7.25,False
37010429,6.6,4.0,0,0,0,0,3.5,6.25,0,False
37010430,6.2,6.0,5.0,0,0,0,4.75,7.75,7.25,False
37010431,7.4,5.75,5.2,0,0,0,7.5,5.75,7.75,False
37010432,6.4,7.75,5.4,0,0,0,6.0,8.75,7.75,False
37010433,6.2,6.25,6.0,0,0,0,8.5,8.25,8.75,False
37010434,5.2,4.5,0,0,0,0,4.75,6.25,0,False
37010435,6.2,6.0,0,0,0,0,5.25,5.75,0,False
37010436,5.4,4.0,0,0,0,0,4.0,4.25,0,False
37010437,3.8,5.25,5.0,0,0,0,5.0,5.0,7.75,False
37010438,6.2,6.0,0,0,0,0,9.5,9.25,0,False
37010439,5.2,5.0,0,0,0,0,6.75,5.5,0,False
37010440,6.6,6.25,4.8,0,0,0,7.75,8.5,8.25,False
37010441,7.2,7.0,4.6,0,0,0,6.75,9.0,7.75,False
37010442,5.6,7.0,4.6,0,0,0,4.5,6.75,6.25,False
37010443,4.8,4.5,0,0,0,0,6.5,6.25,0,False
37010444,5.8,3.75,0,0,0,0,5.5,7.25,0,False
37010445,5.8,4.5,0,0,0,0,6.25,8.25,0,False
37010446,7.6,6.5,5.0,0,0,0,7.25,8.75,8.75,False
37010447,6.6,7.5,6.4,0,0,0,6.25,8.5,7.75,False
37010448,5.4,4.5,0,0,0,0,6.5,8.25,0,False
37010449,7.2,6.25,4.4,7.75,6.0,7.5,0,0,0,True
37010450,6.4,6.75,4.8,0,0,0,7.5,7.0,7.5,False
37010451,6.0,7.0,4.2,0,0,0,7.0,8.0,8.25,False
37010452,6.2,6.0,2.8,0,0,0,5.25,6.5,7.5,False
37010453,5.6,5.5,0,0,0,0,7.0,7.25,0,False
37010454,6.8,4.5,0,0,0,0,4.75,7.0,0,False
37010455,4.2,6.75,3.6,0,0,0,7.25,8.5,8.25,False
37010456,6.8,7.25,0,0,0,0,7.0,8.25,0,False
37010457,4.2,5.25,3.8,0,0,0,6.25,4.25,7.75,False
37010458,6.6,6.75,6.4,0,0,0,7.5,7.5,9.25,False
37010459,5.4,5.5,4.6,0,0,0,7.25,6.0,7.75,False
37010460,6.6,7.0,5.6,0,0,0,6.0,6.75,8.75,False
37010461,5.8,7.5,5.8,0,0,0,7.5,8.0,8.5,False
37010462,5.0,8.25,7.0,0,0,0,7.25,7.25,9.25,False
37010463,5.6,6.25,0,0,0,0,6.75,6.75,0,False
37010464,3.0,4.5,0,0,0,0,5.75,6.0,0,False
37010465,5.0,5.5,3.6,0,0,0,7.0,7.5,6.75,False
37010466,3.0,4.0,0,0,0,0,6.0,5.25,0,False
37010467,6.2,6.5,4.2,0,0,0,6.5,6.5,8.25,False
37010468,5.0,6.25,3.8,0,0,0,5.25,7.75,6.0,False
37010469,4.6,6.25,4.6,0,0,0,4.75,6.0,7.0,False
37010470,6.0,4.0,0,0,0,0,6.0,4.5,0,False
37010471,5.8,5.75,0,0,0,0,8.0,6.75,0,False
37010472,6.0,6.5,7.8,0,0,0,7.25,7.25,8.0,False
37010473,4.6,4.75,0,0,0,0,8.0,6.75,0,False
37010474,6.2,5.75,5.2,0,0,0,6.5,6.25,6.75,False
37010475,5.6,5.75,4.8,0,0,0,4.25,5.5,5.5,False
37010476,5.8,8.0,6.8,0,0,0,6.5,6.75,8.25,False
37010477,3.8,5.0,0,0,0,0,3.75,5.5,0,False
37010478,5.0,5.0,0,0,0,0,6.5,7.5,0,False
37010479,5.4,7.0,5.6,0,0,0,6.25,7.25,7.25,False
37010480,4.2,6.0,0,0,0,0,3.5,5.25,0,False
37010481,6.2,5.0,0,0,0,0,6.75,7.5,0,False
37010482,4.6,6.0,3.8,0,0,0,5.75,6.75,6.75,False
37010483,6.6,6.25,0,0,0,0,7.25,7.0,0,False
37010484,7.6,6.75,6.0,0,0,0,8.0,6.5,9.25,False
37010485,7.2,6.0,5.0,6.0,5.5,4.75,0,0,0,True
37010486,7.2,5.75,7.2,7.75,6.25,8.5,0,0,0,True
37010487,5.4,6.0,0,0,0,0,5.75,6.5,0,False
37010488,5.4,5.25,5.4,0,0,0,7.25,6.25,7.25,False
37010489,6.8,7.0,0,0,0,0,7.75,6.75,0,False
37010490,4.8,6.5,3.6,0,0,0,6.5,7.25,5.5,False
37010491,6.2,6.75,0,0,0,0,7.75,7.5,0,False
37010492,6.6,6.0,0,0,0,0,7.5,6.5,0,False
37010493,7.0,6.25,5.8,0,0,0,5.75,5.75,7.0,False
37010494,7.0,5.75,4.2,0,0,0,5.5,7.75,7.25,False
37010495,6.0,2.5,0,0,0,0,6.75,6.0,0,False
37010496,6.4,7.25,4.2,5.5,6.25,5.5,0,0,0,True
37010497,6.8,4.0,0,0,0,0,4.75,6.5,0,False
37010498,6.8,4.75,4.8,0,0,0,7.25,6.25,6.5,False
37010499,7.2,5.75,6.0,7.5,6.0,3.0,0,0,0,True
37010500,6.8,6.75,4.0,0,0,0,4.75,7.5,7.0,False
37010501,6.0,6.25,0,0,0,0,5.75,6.25,0,False
37010502,5.2,5.0,0,0,0,0,5.75,5.5,0,False
37010503,5.8,5.25,0,0,0,0,5.75,8.0,0,False
37010504,6.6,7.25,5.2,0,0,0,8.25,9.0,8.25,False
37010505,7.4,8.5,5.8,0,0,0,7.0,9.0,8.25,False
37010506,7.6,7.25,5.8,8.0,6.25,7.25,0,0,0,True
37010507,6.8,4.75,0,0,0,0,8.0,7.5,0,False
37010508,6.8,5.75,4.6,0,0,0,6.5,7.75,7.5,False
37010509,6.4,4.75,0,0,0,0,7.75,7.5,0,False
37010510,7.2,7.0,5.6,0,0,0,7.5,7.25,8.25,False
37010511,8.2,6.25,6.0,0,0,0,8.25,7.25,9.5,False
37010512,4.0,4.25,0,0,0,0,5.5,7.5,0,False
37010513,6.2,2.5,0,0,0,0,7.25,7.75,0,False
37010514,5.6,6.0,0,0,0,0,7.0,7.0,0,False
37010515,7.0,6.75,4.8,0,0,0,7.75,8.25,8.5,False
37010516,8.0,7.5,5.6,0,0,0,6.75,8.0,9.0,False
37010517,7.4,7.75,4.8,0,0,0,5.5,7.75,7.5,False
37010518,7.0,7.75,5.6,0,0,0,6.25,7.0,7.75,False
37010519,6.0,7.25,4.0,0,0,0,5.5,7.25,8.25,False
37010520,7.2,6.5,5.4,7.75,5.75,6.0,0,0,0,True
37010521,6.8,5.5,0,0,0,0,7.25,6.5,0,False
37010522,5.8,6.0,5.2,0,0,0,7.25,5.75,6.75,False
37010523,6.8,6.5,4.0,0,0,0,5.5,7.5,8.0,False
37010524,5.8,5.75,0,0,0,0,6.25,5.75,0,False
37010525,6.8,7.5,0,0,0,0,8.25,7.75,0,False
37010526,7.0,5.75,5.6,0,0,0,4.5,6.75,7.0,False
37010527,5.4,6.0,0,0,0,0,8.75,6.0,0,False
37010528,6.6,6.0,6.0,0,0,0,6.0,6.25,7.75,False
37010529,6.6,5.75,3.6,0,0,0,6.25,7.0,8.5,False
37010530,7.2,6.0,5.8,0,0,0,5.75,5.75,6.0,False
37010531,6.8,6.25,5.4,6.25,6.0,5.75,0,0,0,True
37010532,6.8,4.25,0,0,0,0,4.75,4.5,0,False
37010533,6.2,6.75,5.4,0,0,0,8.0,7.25,5.5,False
37010534,5.0,5.0,4.4,0,0,0,5.75,6.75,6.5,False
37010535,5.0,5.25,6.0,0,0,0,6.5,6.0,7.5,False
37010536,4.8,5.5,4.0,0,0,0,4.75,5.75,7.0,False
37010537,6.6,6.75,4.4,0,0,0,8.25,8.25,9.25,False
37010538,5.4,6.0,5.2,0,0,0,6.5,6.75,6.0,False
37010539,3.4,6.75,3.8,0,0,0,5.5,5.25,7.0,False
37010540,5.8,5.5,4.4,0,0,0,6.5,5.75,7.0,False
37010541,4.6,6.5,3.4,0,0,0,3.25,6.25,7.5,False
37010542,7.6,6.5,4.2,0,0,0,6.75,7.5,8.0,False
37010543,7.6,7.75,5.0,0,0,0,7.0,8.25,8.5,False
37010544,2.6,4.0,0,0,0,0,3.75,5.5,0,False
37010545,7.0,6.75,3.2,0,0,0,7.0,6.0,7.25,False
37010546,4.8,4.75,0,0,0,0,6.25,5.75,0,False
37010547,4.8,3.75,0,0,0,0,5.75,5.5,0,False
37010548,6.6,5.0,0,0,0,0,8.0,8.25,0,False
37010549,5.6,5.0,0,0,0,0,6.5,7.0,0,False
37010550,6.4,6.75,5.4,0,0,0,4.75,7.5,8.25,False
37010551,4.4,7.0,4.6,0,0,0,6.0,8.0,7.25,False
37010552,6.6,7.5,5.2,0,0,0,6.25,8.25,8.25,False
37010553,6.4,6.75,4.6,0,0,0,6.25,8.0,8.25,False
37010554,4.0,3.75,0,0,0,0,6.75,7.25,0,False
37010555,4.4,4.5,4.8,0,0,0,2.25,4.25,4.75,False
37010556,6.0,6.5,4.2,0,0,0,7.5,7.75,7.75,False
37010557,6.6,7.25,5.0,0,0,0,7.5,6.75,8.25,False
37010558,3.6,5.5,2.2,0,0,0,5.5,5.5,5.5,False
37010559,7.0,6.75,5.6,0,0,0,5.25,6.75,8.0,False
37010560,5.6,6.75,0,0,0,0,4.5,5.25,0,False
37010561,4.6,4.75,3.6,0,0,0,5.5,7.5,7.5,False
37010562,6.2,5.75,3.6,0,0,0,4.75,6.5,7.5,False
37010563,4.8,5.25,0,0,0,0,4.5,6.0,0,False
37010564,5.6,6.0,0,0,0,0,3.5,5.5,0,False
37010565,6.8,5.5,0,0,0,0,4.75,8.0,0,False
37010566,6.8,5.5,0,0,0,0,6.0,7.0,0,False
37010567,8.0,5.75,3.8,0,0,0,7.5,6.75,7.5,False
37010568,3.8,5.75,0,0,0,0,6.5,6.0,0,False
37010569,7.6,6.75,5.8,8.0,6.25,4.5,0,0,0,True
37010570,2.2,5.5,3.2,0,0,0,6.5,7.25,7.25,False
37010571,2.6,4.75,0,0,0,0,6.25,7.5,0,False
37010572,4.4,6.0,1.8,0,0,0,6.5,7.0,6.5,False
37010573,4.2,5.5,0,0,0,0,5.0,6.0,0,False
37010574,4.4,7.0,4.2,0,0,0,7.0,6.75,8.75,False
37010575,5.4,6.5,5.0,0,0,0,5.0,6.25,7.75,False
37010576,5.2,6.5,0,0,0,0,6.75,5.25,0,False
37010577,5.8,6.25,6.2,0,0,0,5.25,6.75,5.5,False
37010578,5.4,6.75,3.8,0,0,0,7.0,6.5,7.0,False
37010579,6.8,6.0,6.0,0,0,0,5.0,7.25,7.25,False
37010580,8.0,8.0,0,0,0,0,8.5,6.5,0,False
37010581,7.8,5.25,0,0,0,0,4.0,5.75,0,False
37010582,4.8,3.5,0,0,0,0,4.5,6.5,0,False
37010583,7.0,7.0,3.2,0,0,0,5.5,7.5,7.75,False
37010584,6.2,7.0,3.2,0,0,0,7.75,8.0,8.75,False
37010585,4.4,6.75,4.6,0,0,0,5.5,6.75,7.0,False
37010586,7.4,7.0,5.6,0,0,0,7.0,7.0,7.25,False
37010587,6.4,4.5,4.2,0,0,0,5.0,6.25,5.75,False
37010588,7.4,6.5,5.8,0,0,0,7.5,7.25,8.25,False
37010589,6.0,6.5,4.2,0,0,0,6.5,7.25,7.75,False
37010590,6.8,7.25,6.6,0,0,0,8.25,8.75,9.25,False
37010591,7.0,6.5,4.2,5.5,7.25,5.75,0,0,0,True
37010592,7.0,7.5,4.8,0,0,0,6.5,5.75,6.5,False
37010593,7.2,6.25,4.6,0,0,0,6.25,8.0,7.25,False
37010594,6.8,6.75,4.8,0,0,0,5.75,6.25,7.75,False
37010595,4.6,5.75,5.8,0,0,0,3.75,6.0,5.5,False
37010596,4.0,6.5,0,0,0,0,5.0,6.75,0,False
37010597,6.2,6.5,4.8,0,0,0,5.5,6.75,8.25,False
37010598,7.2,8.0,5.6,0,0,0,5.5,7.25,7.0,False
37010599,7.6,5.5,5.6,0,0,0,5.0,6.5,8.25,False
37010600,4.2,6.5,0,0,0,0,7.75,7.75,0,False
37010601,2.8,6.0,5.2,0,0,0,3.75,7.5,6.25,False
37010602,6.4,6.0,0,0,0,0,6.0,5.25,0,False
37010603,5.6,5.25,4.6,0,0,0,4.75,6.75,6.5,False
37010604,7.8,7.0,4.6,0,0,0,5.25,7.0,8.25,False
37010605,6.6,6.0,4.2,0,0,0,7.75,6.75,8.0,False
37010606,6.2,7.0,0,0,0,0,8.0,9.5,0,False
37010607,6.0,6.25,4.0,0,0,0,6.5,7.25,8.0,False
37010608,5.2,5.5,2.4,0,0,0,6.0,7.25,7.0,False
37010609,5.6,5.75,0,0,0,0,6.25,4.75,0,False
37010610,6.4,7.0,0,0,0,0,7.5,6.0,0,False
37010611,6.8,7.0,5.4,7.5,6.5,4.0,0,0,0,True
37010612,4.0,6.25,2.2,0,0,0,4.25,6.25,6.25,False
37010613,5.6,7.5,5.0,0,0,0,6.75,7.75,8.0,False
37010614,6.8,6.5,3.6,0,0,0,5.5,6.25,8.0,False
37010615,7.2,5.5,5.0,6.0,5.75,6.25,0,0,0,True
37010616,6.4,5.75,0,0,0,0,5.0,6.75,0,False
37010617,7.6,6.5,0,0,0,0,7.0,8.0,0,False
37010618,5.4,7.75,3.8,7.0,6.0,4.0,0,0,0,True
37010619,5.0,2.25,0,0,0,0,4.75,3.75,0,False
37010620,6.6,4.25,4.4,0,0,0,4.75,5.5,7.0,False
37010621,7.6,6.5,4.2,6.75,6.0,4.0,0,0,0,True
37010622,6.6,7.0,4.2,0,0,0,6.0,7.25,8.25,False
37010623,6.0,6.75,4.4,0,0,0,5.25,7.25,8.25,False
37010624,5.6,5.0,4.2,0,0,0,5.5,6.75,7.25,False
37010625,5.2,5.5,4.6,0,0,0,6.0,6.0,5.75,False
37010626,6.2,6.0,3.8,0,0,0,5.75,6.75,7.0,False
37010627,7.2,6.0,4.2,6.75,6.5,5.0,0,0,0,True
37010628,6.2,6.5,3.4,0,0,0,6.25,8.25,7.75,False
37010629,6.6,5.0,4.8,6.0,7.0,5.0,0,0,0,True
37010631,5.6,6.0,4.8,0,0,0,6.75,7.5,8.0,False
37010632,2.4,1.75,0,0,0,0,3.5,3.0,0,False
37010633,3.4,4.0,0,0,0,0,5.0,5.75,0,False
37010634,6.2,7.5,3.8,0,0,0,7.75,8.0,9.5,False
37010635,4.4,5.25,3.6,0,0,0,5.25,6.0,7.25,False
37010636,5.4,7.0,4.0,0,0,0,7.0,7.75,7.75,False
37010637,4.4,7.75,3.8,0,0,0,5.75,8.75,7.75,False
37010638,6.4,6.25,4.6,0,0,0,5.25,6.25,8.0,False
37010639,7.0,7.0,3.8,0,0,0,5.25,7.0,7.5,False
37010640,8.6,7.75,4.6,0,0,0,6.25,7.0,7.0,False
37010641,6.6,8.25,4.6,0,0,0,6.75,8.5,9.0,False
37010642,3.6,3.5,0,0,0,0,5.25,6.75,0,False
37010643,4.6,5.75,0,0,0,0,3.5,4.25,0,False
37010644,3.2,6.5,0,0,0,0,5.0,5.5,0,False
37010645,4.8,5.5,4.6,0,0,0,5.25,5.25,4.75,False
37010646,5.4,4.75,4.2,0,0,0,3.75,6.0,7.25,False
37010647,8.2,6.25,6.4,5.0,5.25,5.25,0,0,0,True
37010648,6.0,6.25,4.2,0,0,0,5.75,6.75,6.0,False
37010649,5.6,3.5,3.8,0,0,0,4.5,5.25,6.0,False
37010650,6.6,3.75,5.0,0,0,0,2.25,5.75,6.0,False
37010651,5.2,4.25,0,0,0,0,5.25,7.25,0,False
37010652,6.6,6.75,3.6,0,0,0,6.0,7.75,7.75,False
37010653,4.6,6.25,4.8,0,0,0,6.25,7.25,6.75,False
37010654,3.2,5.25,0,0,0,0,7.5,5.75,0,False
37010655,2.6,5.25,0,0,0,0,6.5,3.75,0,False
37010656,7.6,7.0,4.6,0,0,0,7.75,8.0,8.0,False
37010657,6.4,6.0,4.8,0,0,0,6.25,6.75,6.0,False
37010658,7.8,7.5,4.2,0,0,0,8.0,8.0,8.75,False
37010659,7.6,8.25,5.2,0,0,0,8.0,8.25,8.0,False
37010660,5.6,6.75,3.2,0,0,0,7.25,7.0,7.5,False
37010661,7.4,6.5,5.0,0,0,0,5.5,7.25,7.75,False
37010662,7.8,6.0,4.6,0,0,0,8.0,6.5,8.0,False
37010663,6.8,5.25,6.2,0,0,0,6.75,7.75,7.0,False
37010664,7.6,5.0,0,0,0,0,8.5,6.75,0,False
37010665,6.0,6.25,0,0,0,0,3.75,5.5,0,False
37010666,6.8,5.75,4.2,0,0,0,6.25,7.5,8.75,False
37010667,6.2,5.75,4.8,0,0,0,4.0,8.5,8.5,False
37010668,6.6,5.25,3.8,0,0,0,7.25,7.25,6.5,False
37010669,5.2,5.0,0,0,0,0,4.5,6.25,0,False
37010670,4.8,2.25,0,0,0,0,4.75,6.5,0,False
37010671,5.8,5.5,0,0,0,0,6.0,6.25,0,False
37010672,7.0,5.5,4.2,8.25,5.25,5.75,0,0,0,True
37010673,5.6,6.0,0,0,0,0,6.5,7.5,0,False
37010674,6.2,5.75,0,0,0,0,6.5,7.25,0,False
37010675,5.4,5.75,0,0,0,0,5.0,7.25,0,False
37010676,3.0,5.25,0,0,0,0,3.0,4.75,0,False
37010677,4.8,6.5,3.4,0,0,0,6.5,7.25,6.5,False
37010678,6.6,6.5,5.0,0,0,0,4.75,8.0,6.5,False
37010679,4.0,3.0,0,0,0,0,4.75,4.5,0,False
37010680,7.2,6.0,4.6,0,0,0,5.5,5.75,4.5,False
37010681,5.8,5.5,0,0,0,0,5.0,5.75,0,False
37010682,7.2,6.5,4.2,0,0,0,6.75,7.5,7.5,False
37010683,2.8,3.75,0,0,0,0,5.25,5.25,0,False
37010684,5.2,4.25,3.2,0,0,0,3.25,6.25,5.75,False
37010685,5.4,4.5,3.0,0,0,0,5.75,7.75,7.25,False
37010686,4.2,5.75,0,0,0,0,6.25,7.0,0,False
37010687,6.0,7.5,4.6,0,0,0,7.0,8.25,8.75,False
37010688,6.0,6.0,3.0,0,0,0,5.5,7.25,7.5,False
37010689,6.6,6.25,4.6,0,0,0,6.75,6.25,6.75,False
37010690,7.0,5.75,4.0,5.75,5.5,5.0,0,0,0,True
37010691,6.0,7.0,3.6,0,0,0,5.75,5.75,8.75,False
37010692,4.6,6.75,0,0,0,0,7.5,4.5,0,False
37010693,4.8,5.0,4.0,0,0,0,4.25,3.25,5.25,False
37010694,4.8,7.25,4.6,0,0,0,8.0,5.75,8.0,False
37010695,6.6,5.5,0,0,0,0,5.5,6.0,0,False
37010696,6.8,6.0,5.4,0,0,0,4.75,6.0,7.0,False
37010697,6.8,6.5,4.0,0,0,0,7.0,8.0,9.0,False
37010698,7.6,8.25,5.6,7.0,5.25,7.25,0,0,0,True
37010699,6.6,6.0,2.4,0,0,0,5.0,5.75,6.0,False
37010700,6.6,5.5,0,0,0,0,4.5,6.25,0,False
37010701,5.6,4.5,0,0,0,0,6.0,6.0,0,False
37010702,5.0,4.5,0,0,0,0,4.25,5.25,0,False
37010703,7.2,7.0,0,0,0,0,6.5,6.75,0,False
37010704,7.2,7.25,4.8,0,0,0,6.75,8.0,9.0,False
37010705,3.2,2.75,0,0,0,0,3.5,2.0,0,False
37010706,6.0,7.0,4.6,0,0,0,7.75,8.0,8.25,False
37010707,3.6,5.0,3.6,0,0,0,3.75,6.25,6.25,False
37010708,6.8,6.0,4.4,0,0,0,7.0,7.5,7.0,False
37010709,2.4,1.75,0,0,0,0,4.75,5.25,0,False
37010710,4.0,6.0,3.4,0,0,0,4.0,6.0,6.25,False
37010711,6.6,4.5,0,0,0,0,4.25,7.5,0,False
37010712,6.0,5.0,4.0,0,0,0,7.25,6.75,8.0,False
37010713,6.2,5.0,4.6,0,0,0,5.25,6.25,7.75,False
37010714,6.8,6.75,6.0,0,0,0,7.5,8.0,8.75,False
37010715,3.4,5.5,0,0,0,0,3.5,6.0,0,False
37010716,4.2,6.25,4.0,0,0,0,7.75,4.5,6.25,False
37010717,3.4,3.5,0,0,0,0,6.5,7.25,0,False
37010718,3.2,4.0,0,0,0,0,6.75,5.5,0,False
37010719,5.8,7.5,5.6,0,0,0,9.0,8.0,8.25,False
37010720,6.8,5.5,0,0,0,0,6.5,7.0,0,False
37010721,5.0,3.25,0,0,0,0,6.0,4.75,0,False
37010722,6.2,6.75,0,0,0,0,4.75,6.75,0,False
37010723,5.2,6.0,0,0,0,0,6.75,7.25,0,False
37010724,3.8,5.5,0,0,0,0,5.25,6.5,0,False
37010725,5.0,7.0,3.6,0,0,0,6.5,6.5,7.5,False
37010726,3.8,2.75,0,0,0,0,3.75,4.5,0,False
37010727,4.6,5.0,0,0,0,0,6.25,6.0,0,False
37010728,4.8,5.0,0,0,0,0,4.75,6.0,0,False
37010729,6.6,7.0,5.8,0,0,0,6.75,8.0,8.0,False
37010730,6.6,6.25,4.6,0,0,0,4.75,5.0,5.25,False
37010731,6.0,6.75,6.4,0,0,0,7.25,8.0,6.5,False
37010732,6.6,5.5,5.4,0,0,0,6.75,6.75,6.0,False
37010733,6.4,4.25,0,0,0,0,6.5,7.5,0,False
37010734,5.0,5.5,0,0,0,0,4.75,7.5,0,False
37010735,6.2,6.25,4.8,0,0,0,6.0,7.25,7.25,False
37010736,6.4,6.0,0,0,0,0,7.0,6.75,0,False
37010737,5.4,5.75,3.8,0,0,0,7.25,6.0,8.0,False
37010738,3.2,3.25,0,0,0,0,6.75,7.0,0,False
37010739,6.4,6.75,5.4,0,0,0,6.75,6.75,7.75,False
37010740,4.4,4.25,0,0,0,0,4.25,4.75,0,False
37010741,5.8,7.0,5.4,0,0,0,6.25,7.0,7.0,False
37010742,6.2,6.5,3.2,0,0,0,4.5,7.75,6.5,False
37010743,7.2,8.25,4.8,0,0,0,6.0,5.75,7.5,False
37010744,4.6,6.75,5.0,0,0,0,4.75,5.75,8.25,False
37010745,4.0,7.25,4.6,0,0,0,5.5,8.0,8.5,False
37010746,4.2,6.75,3.8,0,0,0,6.5,6.75,6.0,False
37010747,5.6,7.0,5.4,0,0,0,6.5,6.75,6.0,False
37010748,5.0,5.0,3.0,0,0,0,7.5,6.25,7.0,False
37010749,6.0,7.25,4.6,0,0,0,6.5,7.5,8.75,False
37010750,6.4,4.5,5.4,0,0,0,8.0,5.75,8.0,False
37010751,4.8,6.0,5.2,0,0,0,8.25,6.5,7.25,False
37010752,5.6,8.5,5.8,0,0,0,8.25,9.0,9.0,False
37010753,4.2,7.25,5.0,0,0,0,6.5,5.75,8.75,False
37010754,6.8,7.0,2.2,0,0,0,7.0,7.0,8.75,False
37010755,6.8,6.25,5.8,0,0,0,7.0,6.5,6.75,False
37010756,4.6,5.0,2.4,0,0,0,7.0,7.75,8.0,False
37010757,6.2,6.75,7.0,0,0,0,7.75,8.0,9.25,False
37010758,6.8,7.5,4.4,0,0,0,6.75,9.0,8.75,False
37010759,6.6,7.25,0,0,0,0,7.75,7.5,0,False
37010760,4.6,6.5,4.0,0,0,0,6.25,7.75,6.75,False
37010761,5.6,7.0,4.8,0,0,0,7.5,9.25,9.5,False
37010762,4.4,6.75,0,0,0,0,8.25,6.5,0,False
37010763,5.6,6.25,3.8,0,0,0,8.0,6.5,7.75,False
37010764,4.6,4.0,0,0,0,0,3.5,6.75,0,False
37010765,6.8,4.75,4.2,0,0,0,7.0,6.25,7.75,False
37010766,7.4,6.5,4.4,0,0,0,5.0,8.25,8.25,False
37010767,6.8,6.0,4.4,0,0,0,7.0,7.25,7.75,False
37010768,6.6,3.5,0,0,0,0,5.25,4.0,0,False
37010769,6.2,6.25,2.8,0,0,0,6.5,7.25,6.25,False
37010770,5.2,7.25,4.6,0,0,0,8.0,8.75,9.0,False
37010771,4.8,6.5,0,0,0,0,6.25,4.25,0,False
37010772,3.4,2.25,0,0,0,0,5.25,6.0,0,False
37010773,5.4,5.5,3.8,0,0,0,6.0,6.5,7.25,False
37010774,3.6,3.75,0,0,0,0,5.25,5.5,0,False
37010775,2.4,2.5,0,0,0,0,5.25,4.75,0,False
37010776,3.4,5.25,0,0,0,0,5.25,4.5,0,False
37010777,5.0,6.0,4.4,0,0,0,6.0,7.75,7.75,False
37010778,3.6,4.5,0,0,0,0,5.25,6.0,0,False
37010779,4.8,5.5,5.2,0,0,0,5.0,6.25,6.5,False
37010780,6.0,5.5,6.0,0,0,0,4.75,6.0,7.25,False
37010781,6.2,4.75,4.0,0,0,0,2.0,5.25,6.5,False
37010782,7.2,5.5,4.6,0,0,0,6.5,8.75,8.5,False
37010783,7.4,5.75,4.0,0,0,0,6.25,6.0,8.0,False
37010784,6.2,6.5,4.4,0,0,0,4.5,6.25,7.0,False
37010785,4.0,7.0,4.0,0,0,0,5.25,6.75,7.25,False
37010786,6.6,5.5,0,0,0,0,6.25,4.0,0,False
37010787,6.8,6.0,6.6,0,0,0,6.75,8.25,8.75,False
37010788,7.6,6.75,6.0,4.25,5.5,5.0,0,0,0,True
37010789,7.6,6.25,4.6,0,0,0,7.75,7.75,9.0,False
37010790,6.2,4.25,0,0,0,0,6.0,7.0,0,False
37010791,3.6,5.0,6.2,0,0,0,7.25,6.75,7.25,False
37010792,5.6,5.25,5.4,0,0,0,6.0,7.5,7.75,False
37010793,5.6,7.5,5.2,0,0,0,8.0,7.5,7.5,False
37010794,6.0,5.25,0,0,0,0,4.25,7.5,0,False
37010795,4.2,6.75,4.6,0,0,0,6.75,6.5,7.25,False
37010796,5.6,6.5,5.2,0,0,0,5.75,7.25,7.5,False
37010797,6.4,6.25,5.0,7.0,5.75,7.5,0,0,0,True
37010798,3.0,4.25,0,0,0,0,5.25,2.75,0,False
37010799,2.6,6.5,5.4,0,0,0,7.0,8.25,7.5,False
37010800,3.2,3.75,0,0,0,0,7.5,6.75,0,False
37010801,6.6,5.75,0,0,0,0,6.75,7.5,0,False
37010802,7.0,5.25,0,0,0,0,7.75,8.5,0,False
37010803,4.4,3.5,0,0,0,0,4.5,5.5,0,False
37010804,5.2,4.75,5.2,0,0,0,6.5,8.5,7.0,False
37010805,5.2,5.5,4.8,0,0,0,4.75,6.5,7.0,False
37010806,7.0,5.0,0,0,0,0,6.75,5.5,0,False
37010807,5.4,4.25,0,0,0,0,4.0,4.75,0,False
37010808,5.0,4.5,0,0,0,0,4.75,5.25,0,False
37010809,5.4,3.5,4.8,0,0,0,5.5,6.5,7.0,False
37010810,3.2,5.75,0,0,0,0,7.0,6.25,0,False
37010811,3.6,1.75,0,0,0,0,5.0,4.75,0,False
37010812,4.4,8.0,5.0,0,0,0,5.5,7.0,8.5,False
37010813,4.6,3.25,0,0,0,0,4.25,6.0,0,False
37010814,5.0,5.5,5.8,0,0,0,6.0,7.25,8.0,False
37010815,4.4,6.0,5.4,0,0,0,3.25,8.25,8.5,False
37010816,6.0,5.0,0,0,0,0,6.5,6.75,0,False
37010817,5.4,6.0,6.4,0,0,0,6.75,7.25,8.0,False
37010818,6.8,7.75,7.0,0,0,0,7.25,6.75,8.25,False
37010819,6.0,5.75,0,0,0,0,7.0,6.5,0,False
37010820,6.2,7.5,0,0,0,0,6.75,8.0,0,False
37010821,7.2,6.75,5.6,0,0,0,6.75,7.5,8.25,False
37010822,6.2,6.5,5.2,0,0,0,4.75,6.5,7.0,False
37010823,8.2,5.75,5.8,0,0,0,8.5,7.25,8.25,False
37010824,7.0,7.25,5.2,0,0,0,6.75,7.0,8.25,False
37010825,4.0,6.0,0,0,0,0,5.75,6.5,0,False
37010826,5.2,4.5,0,0,0,0,7.25,6.75,0,False
37010827,5.6,7.25,4.6,0,0,0,8.25,8.25,8.5,False
37010828,7.2,5.75,4.8,0,0,0,5.75,7.0,8.0,False
37010829,6.4,4.75,3.2,0,0,0,8.0,6.5,5.0,False
37010830,6.8,7.0,5.0,0,0,0,6.5,7.75,7.75,False
37010831,3.4,3.5,0,0,0,0,5.5,6.25,0,False
37010832,7.0,6.5,7.0,5.25,5.25,7.0,0,0,0,True
37010833,5.2,5.25,5.0,0,0,0,5.5,5.5,7.0,False
37010834,3.8,3.5,5.0,0,0,0,7.0,6.25,6.75,False
37010835,5.0,5.75,0,0,0,0,6.75,6.25,0,False
37010836,3.8,5.0,0,0,0,0,8.0,7.5,0,False
37010837,7.0,5.5,4.4,0,0,0,6.0,5.5,8.25,False
37010838,6.6,6.25,4.6,0,0,0,8.0,6.75,6.75,False
37010839,8.2,6.0,7.8,7.5,5.0,5.75,0,0,0,True
37010840,5.8,7.5,5.8,5.5,6.0,5.0,0,0,0,True
37010841,5.8,7.5,4.2,0,0,0,6.0,5.25,7.25,False
37010842,7.0,6.75,4.2,0,0,0,5.75,7.25,8.0,False
37010843,8.0,6.75,5.6,7.25,6.0,7.0,0,0,0,True
37010844,4.6,5.0,0,0,0,0,4.25,3.5,0,False
37010845,4.6,5.0,0,0,0,0,7.5,8.25,0,False
37010846,6.4,5.0,0,0,0,0,7.25,6.0,0,False
37010847,4.0,7.0,5.2,0,0,0,9.5,9.0,8.0,False
37010848,6.0,6.25,2.4,0,0,0,6.75,8.25,9.0,False
37010849,4.4,7.25,3.6,0,0,0,7.25,6.75,6.75,False
37010850,3.2,4.5,2.8,0,0,0,5.0,4.25,4.5,False
37010851,5.6,7.25,5.4,0,0,0,7.75,6.25,7.0,False
37010852,7.0,6.75,6.2,6.0,6.25,7.0,0,0,0,True
37010853,7.4,7.25,4.6,0,0,0,6.75,7.25,7.75,False
37010854,7.6,6.25,6.4,7.5,5.25,6.25,0,0,0,True
37010855,4.6,4.0,0,0,0,0,5.75,5.25,0,False
37010856,6.2,7.75,4.2,0,0,0,5.75,8.25,7.5,False
37010857,6.4,7.0,6.6,0,0,0,7.25,6.5,7.5,False
37010858,4.8,3.5,0,0,0,0,4.25,6.75,0,False
37010859,4.4,4.5,4.4,0,0,0,3.75,6.75,6.75,False
37010860,2.4,2.75,0,0,0,0,4.0,4.5,0,False
37010861,6.2,4.5,5.4,0,0,0,7.0,7.5,7.25,False
37010862,3.0,6.0,4.4,0,0,0,3.75,5.75,5.5,False
37010863,6.2,6.0,4.8,0,0,0,4.75,6.0,5.5,False
37010864,6.6,6.0,5.6,0,0,0,5.25,8.25,8.25,False
37010865,5.4,7.0,0,0,0,0,5.0,7.0,0,False
37010866,5.6,6.0,4.6,0,0,0,5.25,6.25,8.25,False
37010867,8.6,7.0,7.6,4.5,8.25,6.0,0,0,0,True
37010868,6.6,6.25,4.0,0,0,0,6.0,5.5,8.5,False
37010869,6.8,5.25,4.0,0,0,0,5.5,6.5,8.75,False
37010870,8.0,6.5,8.2,0,0,0,7.5,7.5,8.75,False
37010871,7.6,6.25,4.2,4.25,4.0,4.75,0,0,0,True
37010872,7.8,6.5,5.8,0,0,0,8.25,8.0,6.75,False
37010873,7.4,5.75,4.8,6.75,3.25,6.25,0,0,0,True
37010874,7.2,7.5,3.4,7.75,6.0,5.5,0,0,0,True
37010875,7.2,8.25,4.6,0,0,0,8.5,8.0,8.5,False
37010876,7.6,5.0,5.0,0,0,0,7.5,7.5,8.25,False
37010877,7.0,7.0,6.6,8.25,3.5,6.25,0,0,0,True
37010878,6.0,7.0,5.0,0,0,0,7.25,5.75,7.0,False
37010879,8.2,4.75,7.2,4.75,9.0,8.75,0,0,0,True
37010880,6.8,7.5,3.4,0,0,0,8.25,6.0,8.5,False
37010881,6.4,5.25,3.0,0,0,0,8.25,6.0,8.0,False
37010882,8.0,7.25,6.2,0,0,0,6.75,6.75,8.5,False
37010883,7.8,7.0,8.0,7.75,3.75,5.0,0,0,0,True
37010884,8.0,8.25,6.2,0,0,0,7.5,7.25,8.5,False
37010885,4.2,5.0,4.2,0,0,0,5.0,6.25,7.0,False
37010886,8.6,7.25,4.6,7.5,7.75,7.75,0,0,0,True
37010887,7.8,8.25,8.2,0,0,0,7.5,7.75,9.5,False
37010888,7.0,5.75,4.2,0,0,0,8.0,5.75,7.75,False
37010889,6.8,6.25,2.8,0,0,0,7.75,6.75,8.25,False
37010890,6.4,5.25,4.6,0,0,0,7.75,7.75,8.25,False
37010891,7.6,7.0,5.0,8.5,8.25,4.75,0,0,0,True
37010892,8.2,6.75,6.4,8.75,8.75,7.5,0,0,0,True
37010893,7.2,7.25,5.0,0,0,0,8.0,8.5,9.0,False
37010894,7.8,6.0,3.8,0,0,0,7.5,7.75,8.5,False
37010895,9.2,6.0,6.6,8.5,9.75,7.0,0,0,0,True
37010896,8.4,6.75,5.2,0,0,0,9.75,9.25,9.25,False
37010897,6.2,4.25,3.2,0,0,0,6.5,6.5,8.0,False
37010898,4.2,6.75,5.6,0,0,0,6.25,7.0,9.0,False
37010899,5.8,7.0,6.6,0,0,0,6.25,7.5,8.25,False
37010900,3.4,3.25,3.8,0,0,0,5.5,5.5,7.75,False
37010901,5.0,4.75,3.6,0,0,0,5.75,5.5,7.0,False
37010902,7.0,7.0,5.0,0,0,0,6.0,7.25,8.5,False
37010903,8.0,5.5,9.2,5.25,4.5,6.5,0,0,0,True
37010904,5.0,6.75,6.8,0,0,0,5.5,7.0,8.0,False
37010905,4.2,5.75,4.6,0,0,0,5.5,6.75,7.75,False
37010906,5.4,5.0,3.0,0,0,0,5.5,5.75,8.5,False
37010907,2.4,8.0,5.8,0,0,0,6.5,6.75,7.75,False
37010908,6.0,8.5,6.4,0,0,0,7.75,6.75,8.25,False
37010909,5.4,5.5,5.2,0,0,0,7.25,6.25,6.75,False
37010910,6.2,5.0,4.4,0,0,0,7.5,6.5,8.5,False
37010911,7.8,6.25,3.4,6.5,7.0,6.25,0,0,0,True
37010912,7.2,5.0,4.0,0,0,0,7.0,7.0,7.5,False
37010913,7.8,6.5,5.2,9.0,9.25,6.5,0,0,0,True
37010914,8.4,5.5,7.8,5.5,8.25,5.75,0,0,0,True
37010915,6.6,5.75,5.6,7.75,5.0,6.0,0,0,0,True
37010916,3.8,6.0,3.4,0,0,0,7.0,6.5,8.75,False
37010917,8.6,6.25,7.2,9.0,7.75,7.75,0,0,0,True
37010918,2.4,4.0,5.0,0,0,0,6.0,6.25,7.25,False
37010919,5.0,7.25,7.0,0,0,0,7.25,7.5,8.25,False
37010920,9.0,6.5,6.8,7.75,7.25,7.75,0,0,0,True
37010921,5.2,6.25,4.0,0,0,0,4.75,6.5,8.0,False
37010922,8.2,6.25,6.6,0,0,0,8.75,8.0,8.5,False
37010923,7.0,7.25,5.2,0,0,0,6.0,7.5,8.5,False
37010924,8.6,6.0,3.8,7.75,9.0,5.25,0,0,0,True
37010925,7.0,7.0,4.6,0,0,0,7.75,7.75,9.5,False
37010926,8.2,7.75,7.4,0,0,0,7.25,7.75,9.25,False
37010927,7.8,5.5,6.0,5.5,4.25,6.75,0,0,0,True
37010928,6.0,5.0,5.0,0,0,0,6.0,6.5,5.75,False
37010929,4.4,8.0,4.2,0,0,0,8.0,8.25,8.75,False
37010930,5.2,7.25,4.2,0,0,0,6.0,6.25,7.75,False
37010931,4.8,6.75,3.2,0,0,0,7.0,5.5,6.25,False
37010932,5.8,6.5,4.2,0,0,0,8.5,7.0,9.25,False
37010933,7.4,8.0,7.4,0,0,0,4.75,5.5,7.0,False
37010934,6.4,5.25,5.0,3.0,3.75,4.75,0,0,0,True
37010935,5.2,6.75,3.0,0,0,0,4.0,6.25,9.0,False
37010936,7.8,6.0,4.8,8.25,8.5,4.5,0,0,0,True
37010937,8.2,7.75,6.8,0,0,0,7.75,6.75,9.0,False
37010938,6.4,5.25,4.2,0,0,0,6.75,7.75,9.0,False
37010939,5.4,6.25,3.6,0,0,0,7.5,7.25,9.5,False
37010940,4.0,7.25,5.2,0,0,0,8.0,8.5,8.25,False
37010941,6.0,5.75,5.6,0,0,0,6.5,7.5,8.25,False
37010942,6.0,6.25,4.0,4.0,6.0,5.75,0,0,0,True
37010943,8.2,5.75,6.0,8.5,9.5,6.25,0,0,0,True
37010944,8.0,5.75,4.4,5.25,6.0,6.0,0,0,0,True
37010945,7.4,4.75,3.2,3.75,6.5,6.5,0,0,0,True
37010946,4.8,4.25,4.6,0,0,0,5.75,4.75,7.0,False
37010947,4.2,3.75,6.2,0,0,0,5.5,5.0,5.5,False
37010948,2.6,4.25,5.0,0,0,0,5.25,4.0,7.0,False
37010949,3.4,4.0,3.6,0,0,0,3.25,4.25,5.75,False
37010950,5.8,3.5,4.0,0,0,0,5.75,6.0,7.25,False
37010951,6.8,6.75,5.6,0,0,0,5.5,7.0,8.5,False
37010952,8.0,7.75,8.2,0,0,0,9.25,8.25,9.5,False
37010953,6.6,6.0,5.4,0,0,0,7.0,7.75,9.0,False
37010954,6.2,6.0,6.4,0,0,0,4.5,6.25,7.25,False
37010955,7.0,7.0,7.4,0,0,0,4.5,6.0,7.75,False
37010956,6.4,7.5,6.4,0,0,0,6.75,7.25,8.75,False
37010957,7.2,7.75,6.6,0,0,0,7.5,6.5,7.5,False
37010958,6.2,7.5,4.4,0,0,0,6.0,5.75,7.25,False
37010959,7.2,6.5,6.0,0,0,0,7.0,7.5,8.5,False
37010960,7.4,8.0,6.8,0,0,0,6.0,7.0,6.75,False
37010961,7.8,6.75,7.6,8.5,5.25,6.75,0,0,0,True
37010962,8.6,7.5,8.4,7.75,5.25,6.75,0,0,0,True
37010963,6.2,5.0,3.2,0,0,0,5.0,3.5,5.0,False
37010964,8.8,7.5,5.6,9.0,8.25,7.25,0,0,0,True
37010965,8.6,7.25,8.4,4.25,8.0,6.25,0,0,0,True
37010966,7.4,7.0,6.6,7.75,6.5,5.75,0,0,0,True
37010967,5.6,6.75,3.4,4.0,5.0,6.5,0,0,0,True
37010968,6.4,7.5,4.4,0,0,0,8.0,9.0,8.75,False
37010969,8.0,6.25,5.0,5.75,7.75,5.5,0,0,0,True
37010970,7.8,4.5,5.8,8.0,6.25,5.5,0,0,0,True
37010971,5.0,6.0,3.8,0,0,0,5.25,7.5,7.25,False
37010972,6.0,5.5,2.0,0,0,0,6.75,6.5,7.0,False
37010973,6.8,7.5,6.0,0,0,0,6.75,6.75,7.25,False
37010974,6.8,6.5,6.2,0,0,0,7.25,8.0,9.0,False
37010975,7.8,7.0,8.4,0,0,0,8.75,8.25,9.25,False
37010976,6.2,7.0,5.0,0,0,0,7.5,8.0,7.75,False
37010977,5.2,6.5,3.6,0,0,0,7.25,6.0,9.25,False
37010978,5.6,7.25,4.4,0,0,0,6.25,5.75,8.25,False
37010979,4.2,4.25,3.8,0,0,0,6.0,5.0,6.25,False
37010980,8.0,7.25,6.2,0,0,0,5.25,6.5,7.0,False
37010981,5.2,5.0,3.0,0,0,0,5.25,5.25,7.0,False
37010982,7.4,7.0,7.0,0,0,0,7.25,8.0,9.75,False
37010983,7.4,7.5,7.6,0,0,0,7.0,7.75,9.0,False
37010984,8.2,7.25,5.8,0,0,0,8.5,6.25,8.0,False
37010985,6.8,7.75,5.0,0,0,0,7.5,6.5,9.25,False
37010986,8.0,5.25,4.8,7.75,8.25,6.5,0,0,0,True
37010987,7.6,8.0,9.0,0,0,0,5.5,5.75,6.75,False
37010988,7.6,6.0,4.2,8.25,8.25,5.5,0,0,0,True
37010989,8.0,6.0,3.4,0,0,0,6.5,6.75,8.5,False
37010990,7.4,5.5,4.6,7.75,7.25,6.5,0,0,0,True
37010991,6.4,6.5,3.0,7.75,5.75,4.75,0,0,0,True
37010992,4.6,5.25,4.6,0,0,0,6.75,5.75,7.75,False
37010993,4.8,6.75,4.2,0,0,0,6.0,7.25,7.25,False
37010994,7.8,7.75,7.2,0,0,0,6.25,6.5,7.5,False
37010995,7.4,6.5,4.0,5.75,6.75,7.5,0,0,0,True
37010996,7.6,6.5,5.0,5.25,4.75,6.5,0,0,0,True
37010997,8.0,8.0,4.0,0,0,0,8.25,8.25,8.5,False
37010998,8.2,6.0,5.0,6.25,9.25,8.5,0,0,0,True
37010999,8.8,7.5,6.0,7.75,7.0,5.75,0,0,0,True
37011000,7.2,7.0,6.4,0,0,0,8.0,7.75,7.5,False
37011001,7.4,6.75,3.6,8.5,7.5,6.5,0,0,0,True
37011002,6.0,6.75,4.0,0,0,0,6.25,6.5,7.25,False
37011003,6.6,7.75,3.8,0,0,0,7.75,7.25,9.0,False
37011004,8.2,7.0,6.8,8.5,6.75,6.5,0,0,0,True
37011005,7.8,7.0,4.6,0,0,0,6.0,7.75,8.25,False
37011006,3.8,5.25,2.4,0,0,0,5.0,5.5,6.25,False
37011007,5.6,7.5,4.8,0,0,0,8.5,6.25,7.5,False
37011008,6.0,7.5,5.0,0,0,0,6.25,7.0,8.0,False
37011009,5.2,6.75,5.2,0,0,0,6.25,7.25,7.75,False
37011010,8.0,7.75,6.2,0,0,0,5.75,6.75,8.75,False
37011011,6.2,7.0,4.6,0,0,0,7.75,7.75,9.5,False
37011012,6.4,6.75,3.2,0,0,0,7.25,5.75,8.25,False
37011013,5.8,7.25,4.4,0,0,0,6.25,6.5,8.75,False
37011014,3.0,5.5,3.6,0,0,0,2.5,6.25,7.5,False
37011016,6.0,8.0,3.2,0,0,0,5.25,7.0,7.0,False
37011017,4.8,5.5,4.8,0,0,0,5.0,5.25,7.5,False
37011018,5.4,8.0,6.4,0,0,0,7.75,8.0,9.75,False
37011019,7.0,7.25,8.4,0,0,0,8.0,7.75,9.75,False
37011020,2.8,5.75,5.0,0,0,0,5.75,6.0,7.75,False
37011021,3.8,5.0,3.4,0,0,0,4.75,6.5,8.25,False
37011022,3.6,5.25,4.0,0,0,0,3.75,4.75,7.5,False
37011023,7.6,7.5,7.8,0,0,0,5.25,7.0,8.25,False
37011024,5.6,2.75,4.8,0,0,0,5.25,5.5,7.75,False
37011025,7.6,8.0,8.0,0,0,0,8.25,6.75,8.25,False
37011026,8.0,9.0,9.0,0,0,0,6.5,6.75,9.0,False
37011027,7.4,6.5,7.2,0,0,0,5.75,6.5,8.75,False
37011028,7.0,8.5,6.0,7.75,5.0,7.25,0,0,0,True
37011029,7.0,5.75,5.0,0,0,0,4.75,6.25,7.5,False
37011030,5.8,6.5,3.4,0,0,0,6.0,4.5,6.75,False
37011031,6.2,7.0,2.2,0,0,0,5.0,5.5,5.5,False
37011032,7.8,7.5,5.2,0,0,0,7.25,8.0,8.5,False
37011033,5.4,5.0,4.4,0,0,0,5.25,5.75,7.0,False
37011034,7.0,6.5,5.4,0,0,0,5.5,6.0,7.75,False
37011035,7.2,7.5,3.4,4.25,8.0,6.75,0,0,0,True
37011036,5.4,6.0,3.2,0,0,0,6.75,7.25,8.5,False
37011037,7.0,7.5,5.2,0,0,0,6.25,7.25,7.5,False
37011038,6.6,4.75,4.8,0,0,0,5.75,6.5,8.5,False
37011039,8.2,7.25,4.8,0,0,0,6.5,7.25,8.75,False
37011040,5.4,5.75,3.8,0,0,0,4.25,5.75,6.5,False
37011041,4.8,6.5,2.6,0,0,0,6.25,6.0,7.75,False
37011042,3.8,8.5,4.6,0,0,0,6.75,6.5,8.25,False
37011043,6.8,8.75,5.8,0,0,0,7.5,7.0,8.75,False
37011044,8.2,6.0,4.2,0,0,0,7.5,7.0,7.0,False
37011045,6.2,5.5,4.4,0,0,0,6.0,7.75,8.75,False
37011046,7.6,7.75,5.0,0,0,0,4.75,6.25,7.75,False
37011047,6.0,7.25,4.0,0,0,0,6.75,7.75,8.0,False
37011048,8.0,7.5,4.0,8.75,7.75,6.0,0,0,0,True
37011049,5.4,4.0,4.2,0,0,0,5.25,5.75,7.25,False
37011050,6.0,6.75,4.4,0,0,0,6.0,8.0,8.5,False
37011051,6.8,7.5,4.8,0,0,0,7.0,6.5,7.75,False
37011052,6.0,8.25,5.6,0,0,0,7.75,7.75,7.75,False
37011053,5.0,6.75,3.2,0,0,0,6.25,6.5,7.5,False
37011054,5.2,6.0,3.0,0,0,0,7.0,6.25,8.0,False
37011055,5.0,5.5,4.4,0,0,0,5.0,7.25,8.0,False
37011056,7.2,7.5,5.0,0,0,0,5.25,6.0,7.75,False
37011057,5.8,6.5,4.6,0,0,0,6.5,6.75,8.5,False
37011058,8.8,6.0,6.0,8.75,9.25,8.0,0,0,0,True
37011059,7.0,6.5,3.0,0,0,0,7.0,7.75,8.75,False
37011060,7.6,6.75,6.2,7.5,5.5,6.5,0,0,0,True
37011061,7.0,5.25,4.8,0,0,0,6.75,7.25,8.0,False
37011062,7.2,6.5,5.0,0,0,0,6.25,7.0,9.0,False
37011063,6.6,7.5,4.4,6.75,3.0,5.75,0,0,0,True
37011064,8.8,6.25,7.4,8.0,6.25,4.75,0,0,0,True
37011065,6.6,6.75,5.0,0,0,0,7.5,7.75,8.0,False
37011066,5.8,7.25,3.4,5.0,5.5,5.75,0,0,0,True
37011067,6.4,7.25,5.6,0,0,0,7.25,6.5,8.5,False
37011068,6.4,7.0,6.2,0,0,0,5.5,6.75,8.5,False
37011069,5.0,8.25,4.0,0,0,0,7.0,6.75,7.25,False
37011070,6.2,7.75,4.4,0,0,0,5.75,7.0,9.0,False
37011071,3.6,3.75,3.0,0,0,0,5.0,3.75,3.75,False
37011072,2.2,5.0,4.6,0,0,0,6.25,6.0,6.5,False
37011073,6.8,7.5,6.4,0,0,0,6.5,7.0,8.5,False
37011074,8.4,6.5,5.2,4.5,8.75,7.0,0,0,0,True
37011075,7.2,7.0,6.8,6.25,5.0,6.5,0,0,0,True
37011076,6.4,7.0,4.4,0,0,0,6.25,5.75,7.25,False
37011077,5.0,5.75,4.0,0,0,0,6.75,6.5,9.0,False
37011078,7.6,7.0,6.0,6.5,9.0,8.5,0,0,0,True
37011079,7.6,7.75,6.0,0,0,0,7.0,8.5,7.75,False
37011080,7.2,8.25,5.6,0,0,0,6.75,7.75,8.75,False
37011081,6.0,8.25,9.2,0,0,0,8.0,8.0,9.0,False
37011082,5.0,5.75,5.6,0,0,0,5.0,6.0,7.25,False
37011083,6.6,6.75,4.6,0,0,0,6.75,8.0,7.25,False
37011084,6.6,7.5,4.4,0,0,0,7.25,7.75,8.5,False
37011085,5.8,6.0,3.4,0,0,0,6.0,6.75,6.25,False
37011086,7.0,6.5,5.2,5.75,6.0,7.75,0,0,0,True
37011087,6.8,6.25,4.2,0,0,0,5.5,6.25,8.0,False
37011088,5.0,5.5,4.8,0,0,0,5.75,6.75,6.75,False
37011089,7.6,6.25,6.4,7.5,5.25,6.75,0,0,0,True
37011090,5.4,5.0,4.2,5.5,3.25,6.25,0,0,0,True
37011091,5.0,4.0,4.2,0,0,0,5.25,6.25,6.75,False
37011092,8.2,7.75,4.4,0,0,0,9.25,8.5,9.75,False
37011093,5.0,4.0,3.0,0,0,0,6.5,6.25,5.0,False
37011094,6.8,7.75,5.0,0,0,0,8.25,7.0,8.0,False
37011095,7.0,6.75,4.8,0,0,0,8.5,8.25,8.5,False
37011096,8.4,6.0,6.0,7.5,7.75,6.5,0,0,0,True
37011097,6.2,5.75,3.0,0,0,0,7.75,7.25,7.25,False
37011098,7.0,6.25,3.8,8.0,6.5,5.0,0,0,0,True
37011099,6.4,7.0,3.4,0,0,0,7.25,7.75,8.75,False
37011100,7.8,6.5,5.0,0,0,0,6.5,6.5,8.5,False
37011101,7.6,7.0,5.4,0,0,0,6.75,7.0,8.0,False
37011102,7.8,8.0,8.2,0,0,0,9.0,7.75,9.25,False
37011103,3.8,7.0,3.4,0,0,0,7.0,6.25,7.25,False
37011104,4.6,6.5,5.0,0,0,0,6.5,7.5,8.75,False
37011105,7.6,6.5,6.4,6.25,6.25,6.5,0,0,0,True
37011106,8.0,6.25,4.2,0,0,0,7.5,8.0,8.75,False
37011107,6.6,5.5,2.6,0,0,0,6.25,6.25,8.0,False
37011108,7.4,6.5,4.6,8.0,6.5,6.25,0,0,0,True
37011109,6.6,6.5,4.8,0,0,0,7.75,6.75,9.5,False
37011110,4.6,5.0,2.2,0,0,0,5.25,6.25,6.5,False
37011111,8.4,6.25,4.8,5.25,9.5,8.75,0,0,0,True
37011112,8.8,6.5,8.2,8.75,5.0,6.25,0,0,0,True
37011113,5.8,7.75,4.6,0,0,0,7.75,7.5,9.0,False
37011114,5.8,6.75,2.8,0,0,0,7.0,7.5,8.75,False
37011115,8.2,6.25,5.0,9.0,5.5,7.25,0,0,0,True
37011116,7.8,6.25,4.0,7.75,8.0,7.0,0,0,0,True
37011117,2.8,6.5,3.8,0,0,0,6.25,6.5,9.25,False
37011118,7.2,7.5,4.6,0,0,0,7.0,7.0,7.5,False
37011119,5.8,7.25,1.8,0,0,0,8.25,7.25,8.75,False
37011120,7.2,7.25,3.8,0,0,0,7.25,6.25,6.5,False
37011121,7.4,8.0,4.4,0,0,0,9.25,9.5,9.25,False
37011122,6.4,6.25,6.8,5.0,4.25,7.25,0,0,0,True
37011123,8.4,8.5,5.6,0,0,0,7.25,7.25,7.75,False
37011124,6.8,8.5,6.8,0,0,0,6.75,7.75,7.75,False
37011125,7.8,7.75,5.6,0,0,0,8.25,7.5,9.5,False
37011126,8.8,7.0,7.0,0,0,0,6.5,6.75,9.0,False
37011127,8.0,8.25,6.8,0,0,0,7.0,7.25,8.25,False
37011128,7.4,8.75,8.6,6.5,6.25,8.0,0,0,0,True
37011129,4.8,5.25,5.8,0,0,0,7.5,7.5,8.25,False
37011130,6.4,6.25,5.4,0,0,0,7.25,6.5,8.75,False
37011131,8.8,7.75,5.0,8.75,8.0,7.25,0,0,0,True
37011132,7.8,7.5,5.8,0,0,0,6.75,8.0,9.0,False
37011133,6.6,7.75,6.4,0,0,0,9.0,6.75,9.0,False
37011134,6.0,5.25,4.4,0,0,0,4.75,4.0,7.5,False
37011135,6.0,6.5,6.4,0,0,0,6.25,8.0,7.5,False
37011136,5.8,3.25,4.2,0,0,0,6.25,6.25,7.0,False
37011137,6.8,6.5,4.0,3.75,5.5,6.0,0,0,0,True
37011138,4.2,5.75,4.4,0,0,0,4.75,4.75,6.75,False
37011139,6.8,7.75,6.0,0,0,0,5.5,6.0,8.5,False
37011140,8.4,8.0,7.2,7.0,6.75,6.0,0,0,0,True
37011141,7.4,5.25,4.6,2.75,6.0,6.75,0,0,0,True
37011142,6.2,7.25,4.6,0,0,0,5.75,6.0,8.25,False
37011143,4.0,6.75,4.0,0,0,0,5.5,7.25,9.0,False
37011144,6.8,6.5,8.0,6.25,3.75,5.5,0,0,0,True
37011145,5.8,6.0,4.2,0,0,0,6.25,6.25,8.25,False
37011146,8.0,7.0,8.4,9.0,6.5,6.25,0,0,0,True
37011147,5.2,6.25,4.0,0,0,0,5.75,7.5,8.0,False
37011148,8.2,5.0,3.8,7.0,7.5,6.75,0,0,0,True
37011149,3.4,3.75,3.6,0,0,0,5.75,3.0,8.0,False
37011150,5.2,5.75,3.8,0,0,0,5.0,5.75,6.25,False
37011151,4.8,6.25,4.8,0,0,0,6.5,6.75,7.25,False
37011152,5.2,5.0,4.8,0,0,0,5.25,5.5,6.5,False
37011153,2.2,3.0,4.0,0,0,0,4.0,5.25,5.75,False
37011154,7.4,7.25,4.2,6.0,6.0,4.75,0,0,0,True
37011155,7.4,5.5,5.2,5.75,5.25,7.25,0,0,0,True
37011156,6.6,5.75,5.0,0,0,0,6.75,5.25,7.75,False
37011157,5.4,7.5,4.0,0,0,0,7.25,7.25,8.0,False
37011158,6.4,6.0,3.8,5.75,7.25,6.5,0,0,0,True
37011159,4.0,7.25,3.8,0,0,0,5.75,8.0,7.75,False
37011160,6.4,6.5,4.2,4.75,7.0,4.75,0,0,0,True
37011161,6.6,7.0,4.2,7.0,4.0,4.75,0,0,0,True
37011162,8.0,7.0,7.4,8.75,5.75,5.75,0,0,0,True
37011163,5.8,7.5,6.6,0,0,0,7.5,7.75,8.5,False
37011164,3.6,4.75,2.6,0,0,0,3.75,5.25,6.75,False
37011165,9.8,7.5,7.8,9.5,9.5,7.75,0,0,0,True
37011166,7.2,6.25,4.6,4.0,7.25,6.5,0,0,0,True
37011167,6.4,6.25,4.2,0,0,0,5.75,3.75,7.5,False
37011168,4.8,6.5,2.6,0,0,0,5.25,5.25,8.5,False
37011169,7.6,5.0,2.8,4.25,8.25,7.75,0,0,0,True
37011170,6.8,5.5,3.8,0,0,0,7.5,7.5,8.5,False
37011171,7.0,5.5,4.8,4.25,6.5,5.25,0,0,0,True
37011172,6.0,5.75,4.8,0,0,0,7.0,6.5,8.0,False
37011173,8.2,6.25,5.2,7.0,7.0,5.75,0,0,0,True
37011174,7.8,7.0,5.2,4.25,6.5,7.25,0,0,0,True
37011175,7.6,6.5,6.0,5.25,5.25,5.75,0,0,0,True
37011176,5.6,6.5,3.0,0,0,0,5.25,5.5,8.5,False
37011177,9.2,7.75,7.0,9.25,9.0,7.5,0,0,0,True
37011178,3.2,5.25,3.4,0,0,0,5.5,5.25,5.75,False
37011179,5.2,6.5,1.4,0,0,0,5.5,7.0,8.75,False
37011180,6.4,7.0,5.0,0,0,0,5.25,4.75,7.75,False
37011181,3.4,5.5,4.0,0,0,0,3.75,4.0,4.0,False
37011182,5.2,7.5,3.2,0,0,0,7.25,7.75,7.25,False
37011183,4.6,4.75,2.4,0,0,0,3.0,5.25,6.0,False
37011184,5.6,8.75,8.0,0,0,0,8.25,7.25,8.5,False
37011185,7.8,8.5,8.6,0,0,0,8.75,9.0,9.5,False
37011186,7.4,7.5,7.0,0,0,0,8.5,8.0,8.25,False
37011187,7.2,7.75,6.0,0,0,0,6.25,7.25,9.25,False
37011188,6.8,7.25,7.8,0,0,0,6.75,6.75,8.5,False
37011189,7.4,7.0,5.2,4.25,8.0,6.5,0,0,0,True
37011190,6.6,8.25,4.2,0,0,0,7.25,8.25,9.0,False
37011191,7.0,4.75,3.8,0,0,0,7.25,7.0,8.25,False
37011192,6.4,6.75,4.6,0,0,0,7.0,6.25,8.0,False
37011193,7.6,6.25,4.4,5.5,9.0,7.25,0,0,0,True
37011194,7.4,7.0,5.0,0,0,0,7.75,7.25,7.75,False
37011195,5.6,6.0,4.0,0,0,0,6.25,5.75,8.0,False
37011196,6.4,6.0,3.2,0,0,0,5.5,5.0,7.0,False
37011197,7.0,8.0,7.8,0,0,0,7.5,7.5,7.75,False
37011198,6.8,7.5,6.0,0,0,0,6.5,8.25,8.0,False
37011199,8.4,6.75,5.4,8.25,7.5,7.5,0,0,0,True
37011200,7.6,7.25,5.4,7.5,5.75,5.0,0,0,0,True
37011201,7.0,7.0,4.8,0,0,0,7.0,7.75,8.75,False
37011202,5.4,5.5,4.2,0,0,0,5.0,5.75,8.0,False
37011203,5.4,6.0,3.4,4.0,4.0,4.75,0,0,0,True
37011204,6.6,6.0,4.0,0,0,0,5.0,5.5,8.5,False
37011205,7.2,7.25,5.6,0,0,0,5.75,7.0,9.5,False
37011206,8.4,6.25,4.4,7.5,7.5,5.5,0,0,0,True
37011207,5.0,4.25,2.6,0,0,0,6.25,3.75,6.25,False
37011208,7.2,6.0,4.2,0,0,0,5.75,7.0,7.25,False
37011209,4.6,6.5,3.8,0,0,0,6.25,6.0,8.75,False
37011210,6.2,6.75,4.8,0,0,0,6.75,7.0,8.25,False
37011211,7.6,6.25,5.4,7.75,7.75,6.75,0,0,0,True
37011212,7.2,8.0,5.0,0,0,0,6.0,6.75,8.25,False
37011213,7.6,7.25,5.2,0,0,0,5.0,6.0,9.75,False
37011214,6.4,8.25,5.6,0,0,0,6.0,6.5,7.75,False
37011215,3.0,5.75,3.4,0,0,0,5.25,5.75,8.25,False
37011216,7.0,6.5,5.4,0,0,0,6.5,8.0,9.25,False
37011217,7.0,7.0,5.8,0,0,0,7.75,8.75,9.5,False
37011218,8.2,8.5,6.4,8.5,7.5,6.25,0,0,0,True
37011219,8.4,8.5,6.4,0,0,0,7.25,7.5,8.25,False
37011220,5.8,7.5,4.4,0,0,0,5.0,6.5,7.5,False
37011221,6.2,8.0,4.6,0,0,0,5.75,6.75,8.5,False
37011222,5.4,8.5,7.0,0,0,0,8.0,7.75,9.0,False
37011223,4.4,6.0,5.0,0,0,0,4.75,6.5,7.0,False
37011224,7.6,6.75,7.0,6.25,5.0,5.5,0,0,0,True
37011225,7.8,6.0,5.2,6.5,7.25,6.0,0,0,0,True
37011226,8.2,6.0,6.0,6.0,5.75,5.0,0,0,0,True
37011227,5.8,7.25,5.6,0,0,0,8.25,7.75,9.0,False
37011228,7.2,6.75,5.2,0,0,0,7.25,7.0,9.25,False
37011229,8.4,6.75,4.4,0,0,0,8.0,9.0,9.0,False
37011230,8.0,6.25,4.4,7.25,6.5,5.25,0,0,0,True
37011231,7.4,7.5,4.2,0,0,0,6.75,8.5,8.75,False
37011232,7.2,6.25,6.2,6.75,4.75,6.0,0,0,0,True
37011233,7.6,8.0,5.2,0,0,0,5.5,6.5,8.5,False
37011234,7.4,7.0,6.4,0,0,0,8.0,8.5,9.25,False
37011235,6.0,9.0,7.0,0,0,0,7.0,7.25,9.5,False
37011236,6.8,7.75,6.0,0,0,0,4.75,5.75,7.75,False
37011237,6.0,5.0,3.8,0,0,0,4.25,7.25,8.0,False
37011238,6.8,8.75,5.6,0,0,0,6.25,6.0,8.5,False
37011239,3.2,6.0,3.0,0,0,0,6.75,8.0,8.0,False
37011240,8.4,7.25,5.6,0,0,0,5.75,7.75,8.5,False
37011241,8.2,7.0,4.4,8.75,9.25,7.75,0,0,0,True
37011242,7.8,8.25,8.4,0,0,0,7.5,7.75,8.25,False
37011243,6.8,6.0,6.2,0,0,0,5.75,6.5,6.5,False
37011244,4.6,7.0,5.6,0,0,0,6.75,5.75,7.25,False
37011245,7.6,8.0,5.8,0,0,0,5.25,7.75,7.5,False
37011246,8.4,7.25,5.8,7.25,6.5,6.0,0,0,0,True
37011247,6.6,7.0,5.6,0,0,0,6.25,7.5,8.25,False
37011248,4.0,5.5,4.2,0,0,0,5.75,7.0,7.5,False
37011249,8.4,6.5,4.8,8.25,8.5,5.25,0,0,0,True
37011250,6.8,6.5,3.6,0,0,0,6.25,6.5,8.0,False
37011251,6.4,5.25,4.4,0,0,0,4.75,5.75,6.75,False
37011252,6.4,6.25,4.0,0,0,0,6.25,6.5,7.25,False
37011253,7.8,5.75,4.8,0,0,0,6.5,8.0,9.5,False
37011254,8.4,7.25,7.6,0,0,0,7.25,8.0,9.0,False
37011255,5.6,5.5,4.2,0,0,0,6.25,6.5,7.5,False
37011256,8.4,7.0,5.2,0,0,0,7.75,6.5,8.75,False
37011257,7.4,6.5,4.8,7.25,4.5,4.75,0,0,0,True
37011258,6.0,8.25,6.8,0,0,0,9.0,8.5,9.25,False
37011259,4.8,7.25,4.0,0,0,0,6.5,5.5,7.25,False
37011260,7.4,7.5,7.4,7.25,6.0,5.0,0,0,0,True
37011261,6.6,6.0,6.2,0,0,0,5.25,4.75,7.75,False
37011262,7.2,6.5,5.8,6.75,4.0,4.75,0,0,0,True
37011263,6.0,6.75,6.4,0,0,0,7.0,7.5,9.0,False
37011264,7.8,7.0,9.0,3.75,8.5,7.75,0,0,0,True
37011265,7.6,7.75,6.0,0,0,0,6.25,6.75,7.5,False
37011266,6.8,4.75,4.8,0,0,0,5.25,8.0,7.5,False
37011267,5.2,6.5,5.0,0,0,0,6.25,6.5,8.25,False
37011268,5.6,6.75,5.0,0,0,0,5.5,8.0,8.25,False
37011269,6.8,7.25,6.8,7.25,8.0,7.0,0,0,0,True
37011270,7.2,6.75,5.4,0,0,0,6.25,7.25,9.0,False
37011271,6.4,7.25,3.8,0,0,0,5.5,8.0,8.5,False
37011272,6.8,8.0,7.0,0,0,0,6.75,8.25,7.75,False
37011273,7.2,7.5,5.4,0,0,0,9.25,9.5,9.25,False
37011274,8.0,8.0,9.8,0,0,0,8.5,9.0,9.5,False
37011275,7.8,8.75,6.4,0,0,0,7.5,7.5,9.25,False
37011276,8.0,7.5,6.0,8.0,8.25,7.5,0,0,0,True
37011277,7.4,5.5,5.4,0,0,0,6.75,6.25,8.5,False
37011278,8.4,7.25,5.4,7.75,6.0,7.0,0,0,0,True
37011279,5.0,6.75,3.6,0,0,0,4.75,6.5,7.25,False
37011280,8.8,8.0,7.8,0,0,0,7.25,6.75,8.75,False
37011281,6.6,8.0,5.6,0,0,0,5.25,6.5,9.5,False
37011282,4.8,7.0,5.8,0,0,0,6.75,7.0,8.5,False
37011283,6.4,8.0,3.8,0,0,0,5.25,6.0,8.75,False
37011284,6.4,6.25,3.6,0,0,0,5.0,6.75,8.0,False
37011285,6.0,6.5,4.0,0,0,0,4.5,4.25,7.25,False
37011286,5.6,6.0,3.6,0,0,0,4.25,7.5,6.75,False
37011287,8.2,7.25,5.4,8.0,8.25,8.0,0,0,0,True
37011288,8.0,6.75,4.8,8.5,8.5,5.75,0,0,0,True
37011289,6.0,8.0,6.2,0,0,0,6.25,9.0,9.0,False
37011290,7.6,8.75,7.8,0,0,0,8.25,9.5,8.75,False
37011291,6.8,7.25,4.4,5.75,6.75,6.75,0,0,0,True
37011292,4.4,7.25,4.6,0,0,0,6.5,7.5,7.25,False
37011293,6.2,6.0,5.6,0,0,0,5.25,7.25,6.5,False
37011294,5.8,6.25,4.8,0,0,0,5.25,7.0,7.75,False
37011295,5.4,5.5,5.4,0,0,0,4.25,5.0,7.0,False
37011296,6.0,5.75,6.0,0,0,0,5.75,7.0,7.5,False
37011297,8.6,6.75,4.2,8.5,9.25,7.25,0,0,0,True
37011298,7.0,4.5,3.4,0,0,0,6.0,4.25,6.25,False
37011299,6.6,6.75,5.4,0,0,0,8.0,7.25,9.0,False
37011300,6.2,7.5,5.4,0,0,0,6.75,7.75,9.25,False
37011301,7.4,8.0,3.8,5.5,3.75,5.75,0,0,0,True
37011302,6.6,7.5,3.6,0,0,0,5.75,6.0,6.5,False
37011303,5.6,7.5,4.2,0,0,0,5.75,5.5,7.75,False
37011304,6.0,7.0,5.0,0,0,0,5.5,7.0,8.25,False
37011305,5.6,4.75,5.0,0,0,0,5.75,5.75,4.75,False
37011306,6.2,5.5,4.8,3.25,7.0,6.75,0,0,0,True
37011307,6.4,5.75,4.6,0,0,0,5.25,5.75,8.5,False
37011308,8.2,6.25,6.4,0,0,0,7.5,7.0,8.5,False
37011309,5.8,6.0,4.0,0,0,0,5.5,7.25,8.0,False
37011310,5.6,7.25,5.4,0,0,0,6.0,7.5,9.5,False
37011311,5.6,3.5,3.0,0,0,0,2.75,5.25,6.5,False
37011312,8.2,8.0,6.2,0,0,0,7.75,7.5,9.25,False
37011313,7.0,8.5,9.0,7.75,5.25,6.5,0,0,0,True
37011314,8.8,8.0,6.4,7.0,6.25,6.25,0,0,0,True
37011315,7.2,7.75,6.2,0,0,0,7.5,7.5,8.5,False
37011316,7.8,7.75,7.6,6.0,5.5,6.0,0,0,0,True
37011317,4.4,6.25,4.2,0,0,0,5.25,8.0,6.25,False
37011318,8.6,6.5,5.2,6.75,3.5,5.0,0,0,0,True
37011319,6.6,7.0,3.8,6.75,6.5,4.75,0,0,0,True
37011320,7.2,7.25,4.2,3.75,3.25,4.5,0,0,0,True
37011321,5.6,6.0,4.2,0,0,0,6.25,5.0,8.0,False
37011322,7.4,7.75,5.4,0,0,0,6.5,8.0,8.75,False
37011323,8.2,6.75,5.4,0,0,0,7.75,7.0,8.75,False
37011324,7.4,5.75,4.6,4.25,5.75,4.25,0,0,0,True
37011325,7.0,7.25,6.2,4.75,6.75,5.25,0,0,0,True
37011326,7.6,6.25,6.4,0,0,0,6.5,6.5,8.75,False
37011327,7.4,7.25,4.8,0,0,0,6.0,7.75,7.75,False
37011328,4.8,5.75,2.8,0,0,0,3.25,3.5,6.0,False
37011329,7.8,7.5,6.2,0,0,0,4.5,8.0,8.0,False
37011330,8.2,7.75,7.2,0,0,0,5.0,8.25,8.75,False
37011331,7.8,8.0,8.2,0,0,0,6.25,9.0,8.5,False
37011332,7.8,8.0,6.2,0,0,0,6.5,7.0,8.25,False
37011333,5.4,7.25,6.6,0,0,0,5.25,6.75,9.0,False
37011334,5.2,8.5,7.2,0,0,0,7.5,8.5,9.25,False
37011335,7.4,8.0,5.2,0,0,0,7.75,8.5,9.25,False
37011336,8.0,8.0,5.0,0,0,0,7.0,7.5,8.0,False
37011337,8.0,8.5,7.2,0,0,0,6.75,8.75,9.0,False
37011338,8.0,7.75,7.4,0,0,0,6.25,8.0,8.5,False
37011339,7.8,7.5,6.2,0,0,0,6.75,8.0,8.25,False
37011340,8.0,7.75,7.0,0,0,0,7.25,8.5,9.25,False
37011341,7.6,7.75,6.0,0,0,0,7.75,7.0,9.5,False
37011342,8.2,7.25,5.8,5.0,7.75,5.75,0,0,0,True
37011343,4.4,6.0,5.4,0,0,0,3.75,5.75,5.5,False
37011344,7.6,6.25,6.6,0,0,0,4.5,5.75,8.25,False
37011345,8.0,6.0,7.0,8.25,5.0,7.0,0,0,0,True
37011346,7.4,7.0,5.4,0,0,0,6.5,8.75,9.5,False
37011347,4.8,5.25,4.6,0,0,0,4.75,5.5,6.25,False
37011348,8.2,7.5,5.8,8.5,8.25,5.5,0,0,0,True
37011349,6.4,7.0,6.2,0,0,0,6.0,7.0,8.5,False
37011350,6.2,7.5,4.8,0,0,0,5.5,6.25,9.25,False
37011351,8.8,8.25,7.8,8.25,5.5,5.75,0,0,0,True
37011352,6.4,6.75,7.6,0,0,0,7.5,7.0,10.0,False
37011353,8.4,7.5,8.6,8.0,5.5,6.5,0,0,0,True
37011354,6.0,7.75,5.6,0,0,0,9.25,9.5,9.25,False
37011355,6.8,7.25,5.6,0,0,0,7.5,7.75,9.25,False
37011356,7.8,8.25,5.6,0,0,0,7.75,8.75,9.25,False
37011357,8.4,7.0,7.2,8.0,4.25,4.75,0,0,0,True
37011358,7.6,7.75,6.6,0,0,0,6.0,6.75,8.25,False
37011359,6.4,6.5,4.2,0,0,0,5.5,6.5,7.75,False
37011360,6.6,7.75,6.0,0,0,0,6.75,7.5,9.0,False
37011361,8.0,8.25,6.8,0,0,0,6.0,6.75,9.5,False
37011362,3.6,6.0,3.6,0,0,0,6.0,6.75,6.75,False
37011363,8.4,8.0,8.4,0,0,0,6.75,6.5,7.75,False
37011364,6.4,6.5,6.4,0,0,0,7.0,8.0,8.25,False
37011365,6.6,6.5,4.6,0,0,0,8.0,7.75,9.0,False
37011366,8.2,7.25,5.8,7.75,8.75,7.0,0,0,0,True
37011367,7.4,8.75,8.6,0,0,0,7.0,6.5,9.0,False
37011368,7.0,7.0,5.8,0,0,0,5.25,6.5,6.5,False
37011369,8.6,7.0,8.4,9.25,4.5,7.5,0,0,0,True
37011370,7.8,8.75,9.0,0,0,0,8.5,8.0,9.5,False
37011371,5.0,6.25,7.0,5.5,4.0,5.25,0,0,0,True
37011372,6.2,6.25,4.4,0,0,0,5.75,5.5,8.5,False
37011373,5.6,7.0,4.2,0,0,0,4.25,5.0,7.0,False
37011374,7.0,8.0,5.4,0,0,0,6.75,6.5,9.75,False
37011375,7.0,6.75,6.0,7.5,5.5,5.5,0,0,0,True
37011376,5.2,5.25,5.0,0,0,0,6.25,6.75,8.75,False
37011377,7.0,8.75,7.8,0,0,0,6.5,7.0,8.0,False
37011378,7.8,7.75,6.8,0,0,0,7.25,8.5,9.25,False
37011379,6.6,6.5,6.8,0,0,0,6.25,7.25,8.25,False
37011380,4.4,5.5,4.4,0,0,0,4.5,5.75,7.5,False
37011381,6.6,7.5,5.4,0,0,0,5.0,5.75,9.0,False
37011382,5.0,7.5,4.8,0,0,0,5.75,6.5,7.25,False
37011383,8.2,7.25,4.2,7.25,7.75,7.5,0,0,0,True
37011384,7.2,4.5,4.2,0,0,0,4.75,5.75,6.75,False
37011385,3.6,6.5,5.4,0,0,0,4.0,5.75,7.25,False
37011386,6.2,7.75,7.8,0,0,0,6.25,8.25,9.0,False
37011387,8.2,7.5,4.8,0,0,0,4.5,6.25,7.0,False
37011388,4.8,6.0,3.6,0,0,0,5.5,6.75,7.75,False
37011389,6.8,7.75,7.0,6.75,6.0,5.75,0,0,0,True
37011390,5.2,6.25,5.4,0,0,0,8.0,6.75,8.5,False
37011391,8.0,7.75,7.2,0,0,0,6.25,6.5,8.75,False
37011392,6.2,8.25,4.8,0,0,0,7.5,9.25,9.0,False
37011393,7.4,8.0,7.2,0,0,0,9.75,8.75,9.75,False
37011394,5.4,6.5,5.8,0,0,0,6.25,5.75,7.0,False
37011395,4.0,6.75,2.6,0,0,0,6.0,7.0,7.25,False
37011396,7.4,7.75,4.4,0,0,0,7.75,7.75,9.0,False
37011397,7.8,8.0,6.2,0,0,0,6.25,8.25,9.0,False
37011398,8.2,7.0,7.8,8.25,5.0,6.5,0,0,0,True
37011399,7.6,7.25,6.0,8.25,5.25,7.25,0,0,0,True
37011400,5.0,6.75,3.0,0,0,0,6.5,5.25,7.25,False
37011401,7.6,8.0,5.0,0,0,0,5.75,8.0,8.25,False
37011402,6.8,6.5,5.4,0,0,0,4.75,6.5,6.5,False
37011403,5.8,7.0,2.4,0,0,0,5.75,6.25,8.5,False
37011404,6.4,6.75,6.0,0,0,0,7.5,7.25,7.25,False
37011405,7.8,7.25,5.6,7.5,7.0,5.25,0,0,0,True
37011406,8.4,8.0,6.4,0,0,0,7.0,7.0,8.5,False
37011407,7.8,8.5,7.2,0,0,0,5.0,6.25,8.5,False
37011408,6.8,7.75,5.8,0,0,0,7.25,6.5,7.75,False
37011409,7.6,6.75,5.4,0,0,0,6.25,7.25,9.0,False
37011410,7.6,6.5,6.2,0,0,0,7.5,7.25,9.25,False
37011411,4.4,7.25,3.6,0,0,0,7.0,7.75,7.5,False
37011412,6.6,6.75,4.8,0,0,0,6.25,6.75,8.5,False
37011413,5.2,7.75,5.0,0,0,0,5.75,8.0,9.0,False
37011414,6.4,6.75,4.8,0,0,0,5.75,6.75,8.25,False
37011415,7.8,7.5,5.8,0,0,0,6.5,7.5,8.25,False
37011416,8.8,6.5,4.4,8.25,7.25,5.5,0,0,0,True
37011417,6.0,6.0,3.6,0,0,0,8.0,5.75,8.0,False
37011418,6.6,8.0,5.6,0,0,0,8.25,8.0,9.25,False
37011419,5.6,7.5,4.4,0,0,0,6.75,6.0,8.5,False
37011420,6.8,7.5,4.4,0,0,0,6.5,7.25,8.75,False
37011421,6.6,6.5,6.0,0,0,0,4.0,7.5,10.0,False
37011422,7.4,7.0,4.8,0,0,0,5.5,7.5,8.5,False
37011423,6.6,7.0,5.6,0,0,0,4.5,6.75,7.75,False
37011424,7.4,8.5,6.0,0,0,0,6.5,8.0,8.75,False
37011425,2.8,6.25,3.6,0,0,0,5.0,4.75,7.25,False
37011426,5.0,5.25,4.0,0,0,0,5.0,4.75,7.25,False
37011427,6.0,6.75,4.4,0,0,0,5.5,5.5,7.25,False
37011428,7.0,6.0,5.6,0,0,0,5.25,7.5,8.25,False
37011429,7.6,6.75,6.8,0,0,0,6.0,6.75,8.5,False
37011430,6.6,5.25,5.6,0,0,0,5.75,7.75,8.5,False
37011431,5.2,6.5,4.2,0,0,0,5.75,6.75,8.75,False
37011432,8.0,8.0,5.8,0,0,0,6.75,8.25,9.25,False
37011433,7.4,6.5,5.0,4.5,4.25,3.75,0,0,0,True
37011434,7.6,6.75,9.0,6.5,5.75,6.5,0,0,0,True
37011435,4.0,6.5,3.2,0,0,0,5.75,7.5,6.75,False
37011436,6.4,7.25,5.0,0,0,0,7.0,7.75,8.75,False
37011437,7.0,8.0,5.6,0,0,0,7.0,5.75,8.75,False
37011438,7.6,7.75,5.4,0,0,0,5.25,6.0,8.25,False
37011439,8.2,8.25,5.2,6.25,7.75,7.25,0,0,0,True
37011440,7.6,7.0,6.2,5.75,6.5,7.5,0,0,0,True
37011441,7.0,8.0,4.6,0,0,0,6.75,9.0,9.5,False
37011442,7.2,6.25,5.0,7.0,7.5,7.5,0,0,0,True
37011443,8.0,6.75,4.2,8.25,8.0,6.5,0,0,0,True
37011444,7.2,7.25,4.2,7.75,7.0,7.0,0,0,0,True
37011445,7.4,7.25,4.4,0,0,0,7.25,7.0,8.25,False
37011446,4.8,7.75,5.0,0,0,0,7.5,7.5,9.5,False
37011447,7.4,6.75,4.6,0,0,0,6.5,6.0,8.5,False
37011448,6.2,7.75,4.2,0,0,0,6.0,7.0,7.25,False
37011449,6.8,6.75,3.8,0,0,0,5.5,7.0,7.0,False
37011450,7.2,7.75,8.2,7.5,4.5,5.0,0,0,0,True
37011451,5.8,7.25,5.8,0,0,0,5.5,7.0,6.75,False
37011452,5.2,7.5,4.4,0,0,0,8.75,7.75,8.5,False
37011453,4.8,7.25,4.6,0,0,0,8.0,7.75,8.0,False
37011454,6.6,6.75,5.2,0,0,0,8.25,6.25,8.25,False
37011455,8.2,7.25,6.8,6.0,8.75,5.75,0,0,0,True
37011456,3.0,6.0,3.8,0,0,0,7.75,6.25,8.25,False
37011457,8.2,6.25,5.4,7.5,7.25,6.5,0,0,0,True
37011458,7.8,8.0,8.6,7.75,6.5,5.75,0,0,0,True
37011459,6.4,6.25,3.8,0,0,0,7.5,6.75,7.75,False
37011460,5.6,5.5,3.2,0,0,0,6.5,7.0,7.75,False
37011461,5.8,6.5,4.2,0,0,0,5.5,6.25,7.0,False
37011462,5.2,7.5,5.4,0,0,0,5.25,7.5,8.5,False
37011463,5.6,7.75,4.4,0,0,0,4.25,6.75,9.0,False
37011464,4.8,7.5,4.0,0,0,0,7.0,7.25,9.25,False
37011465,7.6,7.0,4.8,0,0,0,8.25,9.25,9.75,False
37011466,4.8,6.5,4.6,0,0,0,4.5,3.75,6.75,False
37011467,9.0,7.25,7.0,7.5,4.25,4.5,0,0,0,True
37011468,6.0,5.0,3.4,0,0,0,5.75,7.75,8.25,False
37011469,5.4,6.5,4.0,0,0,0,5.25,5.75,8.75,False
37011470,8.2,7.25,7.0,8.75,5.5,6.0,0,0,0,True
37011471,8.0,6.75,4.8,6.5,6.75,5.5,0,0,0,True
37011472,7.2,6.5,5.2,0,0,0,7.5,7.5,9.25,False
37011473,7.2,7.25,5.2,0,0,0,8.0,6.25,8.5,False
37011474,6.8,7.25,4.8,7.25,8.0,6.25,0,0,0,True
37011475,5.8,7.75,6.4,0,0,0,8.0,8.0,9.0,False
37011476,7.0,6.25,7.0,8.0,5.25,4.75,0,0,0,True
37011477,6.2,7.25,5.0,4.75,4.25,6.5,0,0,0,True
37011478,5.2,7.75,6.8,0,0,0,4.75,8.25,7.75,False
37011479,8.0,8.25,5.8,3.75,8.0,5.5,0,0,0,True
37011480,7.8,7.75,4.8,0,0,0,7.0,7.75,8.75,False
37011481,7.0,8.25,4.2,0,0,0,8.5,9.25,9.5,False
37011482,5.4,7.25,3.0,0,0,0,6.5,8.5,8.25,False
37011483,6.8,7.5,4.0,0,0,0,8.5,7.25,8.75,False
37011484,4.6,7.75,4.6,0,0,0,6.0,5.0,6.75,False
37011485,8.0,7.5,7.4,0,0,0,8.0,8.0,8.75,False
37011486,4.2,6.5,2.2,0,0,0,3.0,5.25,8.5,False
37011487,7.4,7.5,5.8,4.75,9.0,7.75,0,0,0,True
37011488,6.6,6.75,6.4,4.75,4.75,6.75,0,0,0,True
37011489,5.0,8.0,4.0,0,0,0,5.25,6.5,7.75,False
37011490,3.2,5.25,2.2,0,0,0,4.25,5.0,7.75,False
37011491,6.6,7.5,4.6,0,0,0,5.5,6.25,8.0,False
37011492,7.6,8.0,7.0,0,0,0,6.75,7.5,9.25,False
37011493,6.2,8.0,6.8,0,0,0,6.5,7.75,10.0,False
37011494,5.2,7.25,4.0,0,0,0,5.0,7.5,8.25,False
37011495,7.2,7.0,4.8,5.5,5.75,6.0,0,0,0,True
37011496,7.6,7.0,5.6,0,0,0,6.0,7.25,8.75,False
37011497,5.8,6.25,4.0,0,0,0,6.0,6.75,7.5,False
37011498,5.6,7.5,3.4,0,0,0,6.25,7.0,8.25,False
37011499,7.8,7.0,5.6,8.25,9.25,5.0,0,0,0,True
37011500,6.4,8.0,5.8,0,0,0,7.25,7.5,9.25,False
37011501,7.0,7.25,6.8,0,0,0,8.25,6.75,9.25,False
37011502,7.4,7.25,7.6,0,0,0,7.0,7.25,9.25,False
37011503,8.2,6.5,4.8,8.0,7.5,5.0,0,0,0,True
37011504,7.8,7.75,4.0,0,0,0,8.25,7.75,9.25,False
37011505,7.2,7.25,5.8,5.75,4.25,6.75,0,0,0,True
37011506,7.4,8.5,9.0,7.5,7.0,6.5,0,0,0,True
37011507,6.2,7.25,3.0,0,0,0,8.5,7.75,8.75,False
37011508,5.4,7.0,4.4,0,0,0,5.5,6.75,8.5,False
37011509,7.2,7.75,5.0,0,0,0,7.0,6.5,7.5,False
37011510,6.2,7.0,4.2,0,0,0,7.25,7.75,6.25,False
37011511,7.8,6.25,4.0,6.5,6.5,6.0,0,0,0,True
37011512,7.6,6.25,5.8,0,0,0,5.75,7.25,8.75,False
37011513,6.4,7.5,5.6,0,0,0,6.75,7.0,8.75,False
37011514,4.2,6.25,4.6,0,0,0,6.0,7.25,8.0,False
37011515,8.0,7.0,5.0,7.75,7.25,5.25,0,0,0,True
37011516,7.8,7.0,4.6,8.5,7.75,5.5,0,0,0,True
37011517,7.2,7.0,5.6,0,0,0,5.75,6.75,7.75,False
37011518,7.6,6.25,5.4,0,0,0,5.0,5.75,7.5,False
37011519,4.8,5.75,3.8,0,0,0,5.25,6.25,7.25,False
37011520,6.8,8.0,6.4,0,0,0,6.25,7.75,9.0,False
37011521,6.8,7.5,5.0,0,0,0,6.0,7.25,8.75,False
37011522,7.2,7.5,7.2,7.75,5.25,5.75,0,0,0,True
37011523,8.4,8.0,7.0,7.5,5.75,6.75,0,0,0,True
37011524,5.8,8.0,5.4,0,0,0,7.25,6.5,8.75,False
37011525,7.6,8.75,8.2,0,0,0,7.75,7.5,9.0,False
37011526,6.4,7.75,6.2,0,0,0,7.25,7.5,9.25,False
37011527,6.4,8.25,5.8,0,0,0,7.0,7.5,9.0,False
37011528,5.2,8.0,5.6,0,0,0,8.0,6.75,9.5,False
37011529,3.6,6.0,4.8,0,0,0,7.25,7.25,9.25,False
37011530,6.0,7.25,5.2,0,0,0,8.5,7.25,8.25,False
37011531,7.6,7.25,6.8,0,0,0,6.75,8.25,9.25,False
37011532,8.0,7.5,7.0,6.5,6.5,6.25,0,0,0,True
37011533,7.0,7.5,7.4,0,0,0,7.5,8.75,9.0,False
37011534,5.8,6.25,5.8,0,0,0,7.0,5.5,7.25,False
37011535,5.8,6.0,3.6,0,0,0,6.5,6.5,9.75,False
37011536,5.2,2.5,4.2,0,0,0,6.0,5.75,7.5,False
37011537,7.8,6.75,4.6,6.5,7.5,5.75,0,0,0,True
37011538,8.0,7.25,3.8,7.0,6.0,5.5,0,0,0,True
37011539,8.2,6.5,8.2,7.75,6.25,7.25,0,0,0,True
37011540,7.4,6.25,6.8,0,0,0,6.75,7.5,8.75,False
37011541,7.6,8.0,6.6,0,0,0,7.75,6.25,8.75,False
37011542,7.2,7.5,5.2,0,0,0,7.75,7.75,9.25,False
37011543,7.8,8.0,7.2,0,0,0,7.25,7.5,9.25,False
37011544,4.0,5.25,6.6,0,0,0,5.0,6.0,6.25,False
37011545,7.6,7.25,6.2,0,0,0,8.0,8.0,8.5,False
37011546,6.8,8.75,7.4,0,0,0,7.5,9.0,8.25,False
37011547,7.4,7.0,6.0,0,0,0,5.75,7.25,8.5,False
37011548,7.4,7.5,5.6,0,0,0,8.0,8.75,9.0,False
37011549,7.2,7.75,4.6,0,0,0,9.0,8.25,9.25,False
37011550,7.2,7.75,5.6,0,0,0,7.75,7.25,9.0,False
37011551,7.8,6.75,4.0,3.0,7.75,6.25,0,0,0,True
37011552,8.4,7.25,5.2,8.75,8.25,4.5,0,0,0,True
37011553,8.6,6.75,4.0,7.5,6.5,5.5,0,0,0,True
37011554,7.0,7.25,4.6,4.5,3.75,5.75,0,0,0,True
37011555,7.6,7.5,5.6,0,0,0,8.25,6.5,9.0,False
37011556,6.8,6.25,6.0,0,0,0,7.25,8.25,8.5,False
37011557,7.6,8.25,7.2,0,0,0,6.25,8.75,9.0,False
37011558,8.4,8.5,7.0,5.75,6.0,6.75,0,0,0,True
37011559,7.2,8.75,7.8,0,0,0,7.5,8.5,8.75,False
37011560,6.8,8.5,5.0,0,0,0,7.0,8.25,9.0,False
37011561,7.8,6.25,5.6,0,0,0,6.25,8.25,8.0,False
37011562,6.6,6.0,4.8,0,0,0,5.75,5.75,7.5,False
37011563,5.0,7.75,5.6,0,0,0,7.0,7.25,8.0,False
37011564,8.8,6.75,5.0,6.0,7.5,5.5,0,0,0,True
37011565,7.6,7.75,7.2,0,0,0,6.0,7.0,9.25,False
37011566,7.0,7.5,4.2,0,0,0,8.0,8.5,9.5,False
37011567,7.8,8.5,4.6,4.5,7.0,6.75,0,0,0,True
37011568,5.4,7.75,5.6,0,0,0,5.75,6.5,8.0,False
37011569,7.0,7.25,7.6,0,0,0,6.25,8.75,9.0,False
37011570,8.2,7.0,6.4,0,0,0,6.75,7.5,9.0,False
37011571,6.4,6.75,5.8,0,0,0,5.0,6.5,8.25,False
37011572,6.8,7.0,4.0,0,0,0,5.75,6.75,8.5,False
37011573,8.4,7.5,5.0,7.75,7.5,5.75,0,0,0,True
37011574,8.0,6.75,5.6,0,0,0,5.5,7.0,7.75,False
37011575,7.8,6.25,5.4,0,0,0,6.75,6.0,9.0,False
37011576,7.8,7.25,5.4,0,0,0,7.5,8.25,8.75,False
37011577,7.0,6.0,6.8,0,0,0,8.0,9.0,8.75,False
37011578,6.8,7.0,6.2,0,0,0,7.75,6.25,8.75,False
37011579,7.6,6.5,4.6,4.5,8.0,6.0,0,0,0,True
37011580,7.6,5.25,5.4,0,0,0,6.25,5.75,8.0,False
37011581,7.2,7.75,6.4,0,0,0,9.0,9.5,10.0,False
37011582,8.8,8.5,7.2,6.5,8.0,6.75,0,0,0,True
37011583,7.6,7.25,4.6,0,0,0,9.0,8.5,9.5,False
37011584,7.2,6.75,5.8,6.25,6.25,7.0,0,0,0,True
37011585,7.6,7.5,5.6,0,0,0,8.25,8.25,8.75,False
37011586,7.4,6.75,6.6,0,0,0,4.75,6.5,8.75,False
37011587,7.0,7.25,6.8,0,0,0,6.75,7.5,9.25,False
37011588,8.8,8.75,8.8,0,0,0,7.0,7.75,9.0,False
37011589,6.6,7.25,5.0,0,0,0,6.25,6.25,9.25,False
37011590,8.4,7.5,6.2,5.0,7.25,6.0,0,0,0,True
37011591,7.6,7.25,8.8,7.75,8.25,6.25,0,0,0,True
37011592,8.8,6.75,6.6,7.75,8.25,7.75,0,0,0,True
37011593,7.0,7.0,4.4,0,0,0,6.5,8.0,7.25,False
37011594,8.4,6.75,6.8,7.25,6.75,5.75,0,0,0,True
37011595,4.2,7.75,4.8,0,0,0,7.0,7.5,8.25,False
37011596,4.2,7.75,4.0,0,0,0,5.5,6.75,7.5,False
37011597,7.6,7.5,4.6,6.0,5.5,5.75,0,0,0,True
37011598,5.0,6.75,7.0,0,0,0,6.75,5.75,7.25,False
37011599,8.4,6.75,9.4,8.0,5.0,6.5,0,0,0,True
37011600,3.6,7.25,4.4,0,0,0,7.25,8.0,8.75,False
37011601,6.2,7.0,5.0,0,0,0,6.5,5.5,8.75,False
37011602,5.2,6.75,4.4,0,0,0,7.25,6.0,8.5,False
37011603,8.0,8.25,7.2,8.5,5.25,6.25,0,0,0,True
37011604,4.2,6.25,3.6,0,0,0,7.5,8.0,7.75,False
37011605,6.0,5.0,4.2,4.75,4.25,4.5,0,0,0,True
37011606,4.2,5.25,5.8,0,0,0,5.25,5.75,5.5,False
37011607,6.4,6.5,5.8,0,0,0,6.5,9.25,9.5,False
37011608,5.2,6.75,5.4,0,0,0,5.5,5.75,6.5,False
37011609,7.8,6.25,5.4,6.5,6.0,4.75,0,0,0,True
37011610,7.4,7.5,7.2,6.25,3.75,5.75,0,0,0,True
37011611,7.2,7.75,7.4,4.0,6.5,4.75,0,0,0,True
37011612,7.0,8.25,8.2,0,0,0,7.5,8.75,9.25,False
37011613,7.8,5.75,3.6,6.5,6.5,6.0,0,0,0,True
37011614,3.8,6.0,4.8,0,0,0,8.25,7.0,8.25,False
37011615,6.4,7.0,4.2,0,0,0,6.5,7.25,7.25,False
37011616,3.6,5.75,3.6,0,0,0,6.0,5.5,6.25,False
37011617,5.0,7.0,4.0,0,0,0,8.5,8.75,8.5,False
37011618,4.4,5.75,5.0,0,0,0,6.75,7.25,7.75,False
37011619,6.8,7.25,4.6,0,0,0,4.75,7.25,7.75,False
37011620,7.6,6.75,6.6,0,0,0,9.0,8.5,9.25,False
37011621,8.0,7.5,8.6,7.5,5.25,6.25,0,0,0,True
37011622,6.4,5.0,4.0,0,0,0,6.0,6.5,9.0,False
37011623,8.2,7.0,5.8,6.5,7.0,6.25,0,0,0,True
37011624,7.0,7.75,7.8,5.5,7.5,5.25,0,0,0,True
37011625,7.0,7.25,5.0,0,0,0,4.25,6.5,8.75,False
37011626,6.8,8.0,6.2,8.0,8.0,7.5,0,0,0,True
37011627,7.4,8.0,6.6,5.75,5.75,5.5,0,0,0,True
37011628,8.0,8.0,4.2,7.0,6.25,7.0,0,0,0,True
37011629,4.2,6.0,4.4,0,0,0,6.5,4.25,7.25,False
37011630,7.8,6.0,3.6,6.25,6.5,3.75,0,0,0,True
37011631,5.2,6.5,4.6,0,0,0,6.0,7.0,8.0,False
37011632,7.0,6.0,4.8,4.0,5.75,5.25,0,0,0,True
37011633,5.6,6.0,4.4,0,0,0,7.0,6.0,7.0,False
37011634,6.2,6.5,4.6,0,0,0,7.0,6.75,8.25,False
37011635,7.8,6.0,7.0,5.5,7.75,6.25,0,0,0,True
37011636,6.6,6.0,4.8,0,0,0,5.75,7.5,8.0,False
37011637,8.2,5.5,5.4,7.25,7.25,6.25,0,0,0,True
37011638,6.8,8.25,6.4,0,0,0,6.25,8.25,9.25,False
37011639,6.0,6.5,5.2,0,0,0,6.75,7.25,7.5,False
37011640,6.0,7.75,6.6,0,0,0,6.0,7.25,8.0,False
37011641,6.0,5.75,4.0,0,0,0,5.75,5.0,7.5,False
37011642,8.0,8.25,8.6,7.0,4.75,4.75,0,0,0,True
37011643,2.0,5.25,5.8,0,0,0,4.25,5.25,6.75,False
37011644,6.6,7.5,4.4,0,0,0,6.25,6.75,8.25,False
37011645,7.2,8.5,8.0,6.75,6.0,7.0,0,0,0,True
37011646,4.4,6.75,5.2,0,0,0,4.75,5.25,6.75,False
37011647,8.0,7.25,7.4,0,0,0,9.0,9.5,9.25,False
37011648,8.4,7.25,4.6,8.75,6.0,6.5,0,0,0,True
37011649,6.2,7.5,6.2,0,0,0,9.25,8.5,9.5,False
37011650,4.8,6.0,3.2,0,0,0,7.5,6.25,7.75,False
37011651,3.4,5.0,2.2,0,0,0,5.25,5.75,6.0,False
37011652,7.6,8.75,5.6,0,0,0,8.0,9.25,9.25,False
37011653,7.8,7.0,4.4,9.0,6.75,6.75,0,0,0,True
37011654,4.8,6.75,6.0,0,0,0,7.25,8.75,8.25,False
37011655,4.4,6.25,3.4,0,0,0,4.75,4.75,7.0,False
37011656,7.8,7.75,5.6,6.25,8.25,3.5,0,0,0,True
37011657,4.8,6.25,3.4,0,0,0,4.75,5.5,7.0,False
37011658,5.6,6.25,5.4,0,0,0,7.0,7.25,7.25,False
37011659,6.4,7.25,5.4,7.25,6.5,6.75,0,0,0,True
37011660,6.2,6.25,2.2,0,0,0,5.0,5.25,5.75,False
37011661,8.2,7.25,6.2,8.25,9.0,8.5,0,0,0,True
37011662,5.4,5.75,4.0,0,0,0,5.0,7.75,7.25,False
37011663,8.0,7.5,7.6,7.5,8.0,6.75,0,0,0,True
37011664,6.8,7.0,3.6,0,0,0,8.25,9.25,8.0,False
37011665,7.2,7.0,5.2,0,0,0,4.75,7.25,7.0,False
37011666,6.6,6.75,4.2,0,0,0,6.75,7.0,8.0,False
37011667,7.4,7.25,5.8,5.25,5.5,6.0,0,0,0,True
37011668,6.8,7.5,4.8,0,0,0,5.5,9.0,9.5,False
37011669,7.0,7.0,4.4,7.0,5.75,5.0,0,0,0,True
37011670,3.4,6.75,3.2,0,0,0,5.0,6.75,7.25,False
37011671,4.4,6.0,3.2,0,0,0,5.75,5.5,6.5,False
37011672,6.2,6.0,4.6,6.0,4.5,6.75,0,0,0,True
37011673,7.6,7.0,5.0,7.25,4.75,6.5,0,0,0,True
37011674,6.0,6.75,5.0,0,0,0,7.0,8.75,9.0,False
37011675,4.8,7.0,5.8,0,0,0,6.75,7.25,9.0,False
37011676,8.6,6.75,7.2,8.0,7.5,6.25,0,0,0,True
37011677,5.8,7.25,4.8,0,0,0,7.25,7.75,8.75,False
37011678,3.4,4.0,5.8,0,0,0,4.0,5.5,7.5,False
37011679,7.0,8.25,8.2,4.25,5.25,4.25,0,0,0,True
37011680,7.0,7.5,6.4,7.75,3.25,5.5,0,0,0,True
37011681,8.0,8.75,8.4,0,0,0,6.5,8.25,8.0,False
37011682,8.2,7.0,3.2,5.0,5.25,5.25,0,0,0,True
37011683,7.8,7.75,5.0,0,0,0,7.0,6.75,7.75,False
37011684,7.6,6.5,7.0,8.25,4.5,5.0,0,0,0,True
37011685,7.6,7.5,6.0,3.75,6.75,6.5,0,0,0,True
37011686,6.6,7.0,7.4,6.25,5.75,6.25,0,0,0,True
37011687,6.6,5.5,4.2,0,0,0,6.75,5.75,8.25,False
37011688,9.0,8.75,4.8,7.25,5.75,8.0,0,0,0,True
37011689,5.8,7.25,5.8,0,0,0,5.75,7.25,7.5,False
37011690,7.4,7.5,5.4,7.75,8.75,6.5,0,0,0,True
37011691,4.4,6.25,3.8,0,0,0,7.0,7.25,7.75,False
37011692,6.2,6.5,4.2,0,0,0,6.75,7.75,8.0,False
37011693,4.2,7.5,2.6,0,0,0,5.25,6.5,8.25,False
37011694,8.2,6.25,4.6,8.5,7.25,6.75,0,0,0,True
37011695,8.6,6.5,5.6,7.25,5.25,6.75,0,0,0,True
37011696,6.8,6.0,6.8,8.25,6.0,8.0,0,0,0,True
37011697,7.4,7.5,5.4,0,0,0,7.5,9.5,9.25,False
37011698,2.4,6.75,1.6,0,0,0,7.0,7.25,7.75,False
37011699,2.4,4.25,3.6,0,0,0,5.0,4.0,7.75,False
37011700,6.8,6.25,4.0,0,0,0,7.25,7.0,8.75,False
37011701,8.0,7.0,6.0,8.0,5.25,6.5,0,0,0,True
37011702,6.2,7.25,4.2,0,0,0,6.25,7.0,7.0,False
37011703,7.8,6.75,3.8,8.75,5.75,7.0,0,0,0,True
37011704,5.2,7.25,3.0,0,0,0,7.75,7.5,8.0,False
37011705,2.8,5.25,4.2,0,0,0,6.25,5.0,8.5,False
37011706,4.4,5.5,4.2,0,0,0,4.25,6.75,7.25,False
37011707,5.8,6.0,3.2,0,0,0,6.25,6.75,7.25,False
37011708,7.8,7.0,3.8,6.5,7.5,7.5,0,0,0,True
37011709,5.0,7.25,3.4,0,0,0,6.5,7.75,8.25,False
37011710,6.6,7.75,4.8,0,0,0,6.75,7.0,8.75,False
37011711,8.2,7.0,7.0,0,0,0,8.5,6.5,7.25,False
37011712,4.8,6.25,3.6,0,0,0,6.0,5.75,6.75,False
37011713,6.2,6.0,4.2,0,0,0,5.75,5.75,6.75,False
37011714,5.4,5.75,3.6,0,0,0,6.75,6.0,5.5,False
37011715,6.6,4.25,2.6,0,0,0,7.75,4.5,6.5,False
37011716,7.0,7.5,4.6,0,0,0,8.25,8.0,8.5,False
37011717,7.0,6.5,3.4,5.75,5.75,6.25,0,0,0,True
37011718,5.6,4.75,4.0,0,0,0,7.25,7.75,8.0,False
37011719,6.6,6.25,4.0,7.5,6.75,5.75,0,0,0,True
37011720,5.0,5.75,3.4,0,0,0,6.25,6.0,8.25,False
37011721,6.0,6.75,4.6,0,0,0,6.75,7.5,8.0,False
37011722,2.4,5.25,3.4,0,0,0,4.0,5.75,7.0,False
37011723,8.0,6.5,4.8,7.25,6.75,6.0,0,0,0,True
37011724,5.6,6.5,5.6,0,0,0,8.0,7.25,8.5,False
37011725,6.6,5.75,4.4,0,0,0,7.0,6.75,7.75,False
37011726,6.0,6.5,4.2,8.0,6.5,5.75,0,0,0,True
37011727,6.2,7.5,4.4,0,0,0,6.5,8.5,7.5,False
37011728,7.0,6.75,5.4,4.75,7.0,6.0,0,0,0,True
37011729,7.0,6.75,3.6,0,0,0,7.0,8.75,8.25,False
37011730,7.2,7.25,5.0,0,0,0,7.25,7.25,7.75,False
37011731,7.0,7.75,3.8,0,0,0,6.75,7.0,8.0,False
37011732,9.0,7.25,7.0,9.25,6.5,7.25,0,0,0,True
37011733,6.6,8.0,7.0,5.25,4.75,5.0,0,0,0,True
37011734,7.0,7.0,3.8,0,0,0,8.25,8.25,7.75,False
37011735,7.8,8.0,7.8,7.75,6.25,6.25,0,0,0,True
37011736,8.6,7.0,7.2,8.25,7.5,7.25,0,0,0,True
37011737,5.6,6.75,2.6,0,0,0,5.5,5.0,6.75,False
37011738,7.0,8.0,6.2,0,0,0,7.25,9.25,9.25,False
37011739,7.2,8.25,6.6,0,0,0,7.0,7.0,9.0,False
37011740,7.2,7.5,4.2,0,0,0,7.25,7.25,8.25,False
37011741,7.6,7.75,7.2,6.75,7.5,7.0,0,0,0,True
37011742,7.6,6.75,5.2,7.25,5.75,6.25,0,0,0,True
37011743,4.6,5.5,4.6,0,0,0,5.5,6.75,8.5,False
37011744,7.6,5.25,4.6,6.75,6.5,5.75,0,0,0,True
37011745,8.0,6.25,3.6,7.0,6.75,5.25,0,0,0,True
37011746,6.2,6.5,4.0,0,0,0,7.75,8.0,8.5,False
37011747,3.8,5.75,3.4,0,0,0,7.75,7.75,8.25,False
37011748,5.2,6.0,3.0,0,0,0,6.5,6.5,7.25,False
37011749,8.6,6.25,7.4,8.0,5.25,5.25,0,0,0,True
37011750,8.0,6.75,5.4,0,0,0,5.5,7.75,8.5,False
37011751,7.4,7.5,5.6,7.5,5.25,7.0,0,0,0,True
37011752,8.6,6.75,8.2,8.25,6.5,6.25,0,0,0,True
37011753,7.0,7.0,6.0,0,0,0,7.25,8.5,8.25,False
37011754,8.0,6.25,6.0,8.0,9.5,7.5,0,0,0,True
37011755,7.6,6.25,5.6,0,0,0,6.75,7.25,8.25,False
37011756,4.4,6.25,4.6,0,0,0,6.0,7.0,8.5,False
37011757,5.8,7.25,6.4,0,0,0,6.0,8.25,8.25,False
37011758,6.0,6.5,4.4,0,0,0,7.75,6.5,8.75,False
37011759,6.2,7.5,5.0,0,0,0,7.5,9.25,9.25,False
37011760,4.0,6.75,4.2,0,0,0,6.25,6.5,9.25,False
37011761,3.8,5.5,3.4,0,0,0,6.0,5.0,6.25,False
37011762,4.4,6.5,3.0,0,0,0,6.0,9.25,8.25,False
37011763,5.8,5.75,2.6,0,0,0,7.75,6.75,6.5,False
37011764,7.4,7.5,4.0,0,0,0,6.75,8.0,8.0,False
37011765,4.4,6.75,4.0,0,0,0,5.75,5.25,8.0,False
37011766,4.2,6.5,4.8,0,0,0,4.75,6.25,6.0,False
37011767,6.0,6.5,6.6,0,0,0,6.0,6.5,9.0,False
37011768,5.2,6.75,5.2,4.75,4.0,5.0,0,0,0,True
37011769,7.2,8.0,7.2,0,0,0,7.5,7.5,8.75,False
37011770,7.0,6.75,4.4,0,0,0,7.0,7.25,9.5,False
37011771,6.2,6.75,3.4,0,0,0,6.25,7.0,7.25,False
37011772,5.6,5.75,4.0,0,0,0,6.0,6.75,8.0,False
37011773,6.4,6.75,5.2,0,0,0,8.0,8.0,9.0,False
37011774,8.0,6.0,8.0,8.5,7.0,7.5,0,0,0,True
37011775,5.2,6.5,3.0,0,0,0,7.5,8.0,8.5,False
37011776,5.0,6.75,5.0,0,0,0,6.5,6.25,7.75,False
37011777,8.2,7.0,6.2,8.25,6.75,7.25,0,0,0,True
37011778,8.0,6.75,7.4,8.5,5.75,6.75,0,0,0,True
37011779,6.0,7.25,4.4,0,0,0,5.0,7.25,9.25,False
37011780,5.8,7.25,3.6,7.25,7.25,5.5,0,0,0,True
37011781,5.8,6.5,2.2,0,0,0,5.25,6.75,7.0,False
37011782,4.6,6.25,1.4,0,0,0,6.0,6.5,5.25,False
37011783,3.0,4.0,4.2,0,0,0,5.25,6.0,5.25,False
37011784,4.2,2.75,4.8,3.0,4.5,5.75,0,0,0,True
37011785,7.6,5.75,5.8,6.25,7.25,5.5,0,0,0,True
37011786,4.6,6.75,4.4,0,0,0,6.0,8.0,7.75,False
37011787,8.0,5.75,6.6,6.5,6.0,4.5,0,0,0,True
37011788,6.6,7.0,4.6,0,0,0,6.5,6.75,9.0,False
37011789,7.4,5.25,4.4,0,0,0,6.0,8.5,8.25,False
37011790,7.2,6.5,4.2,0,0,0,6.25,7.25,9.0,False
37011791,6.2,7.0,4.6,5.5,6.0,7.75,0,0,0,True
37011792,7.4,7.75,5.8,0,0,0,7.75,8.5,9.25,False
37011793,7.4,8.0,4.4,0,0,0,6.75,7.75,8.5,False
37011794,4.6,7.5,4.2,0,0,0,6.0,6.75,8.5,False
37011795,4.8,6.0,3.6,0,0,0,5.75,7.25,7.0,False
37011796,6.6,6.75,3.4,5.5,4.5,6.25,0,0,0,True
37011797,8.2,6.5,5.2,7.0,8.0,6.25,0,0,0,True
37011798,5.0,7.75,4.6,0,0,0,4.5,7.25,7.5,False
37011799,8.4,6.25,8.8,7.75,8.5,8.25,0,0,0,True
37011800,8.2,7.25,5.0,8.75,9.25,6.25,0,0,0,True
37011801,4.0,7.0,3.4,0,0,0,5.75,5.25,7.75,False
37011802,7.0,7.0,5.4,7.0,6.75,7.75,0,0,0,True
37011803,5.2,5.0,4.2,0,0,0,5.75,7.25,8.5,False
37011804,5.4,7.0,4.0,0,0,0,5.25,7.75,6.75,False
37011805,7.2,7.75,6.0,0,0,0,7.25,6.25,8.75,False
37011806,7.2,6.25,7.6,7.5,7.25,6.5,0,0,0,True
37011807,7.2,4.75,6.2,8.25,6.25,6.0,0,0,0,True
37011808,8.0,7.5,5.0,0,0,0,8.0,8.75,8.25,False
37011809,8.0,7.75,6.8,8.75,8.5,6.75,0,0,0,True
37011810,8.4,7.5,3.0,8.5,7.75,6.25,0,0,0,True
37011811,4.2,7.5,3.2,0,0,0,7.0,6.25,8.0,False
37011812,6.6,7.5,5.0,0,0,0,7.25,6.75,8.25,False
37011813,8.0,7.5,7.4,0,0,0,5.25,8.25,8.75,False
37011814,8.0,7.25,4.6,7.0,7.0,4.75,0,0,0,True
37011815,7.8,8.0,4.8,0,0,0,6.25,7.0,8.0,False
37011816,7.0,7.5,4.6,0,0,0,5.25,5.75,6.75,False
37011817,6.0,7.0,4.4,0,0,0,5.25,6.0,6.5,False
37011818,3.6,7.5,3.4,0,0,0,5.0,7.25,4.75,False
37011819,7.2,7.25,3.0,0,0,0,5.75,7.75,9.25,False
37011820,4.4,6.5,2.0,0,0,0,5.75,4.75,6.25,False
37011821,5.4,8.0,3.8,0,0,0,7.5,6.5,8.0,False
37011822,6.8,6.5,5.2,0,0,0,7.5,6.75,7.75,False
37011823,2.6,6.0,1.8,0,0,0,5.75,6.75,6.5,False
37011824,8.2,8.5,6.0,0,0,0,6.25,6.5,7.5,False
37011825,4.2,7.0,5.6,0,0,0,7.0,8.25,9.25,False
37011826,7.2,7.25,4.4,0,0,0,5.75,8.25,8.25,False
37011827,6.4,4.75,4.2,4.25,5.5,5.0,0,0,0,True
37011828,5.4,6.25,4.0,0,0,0,7.75,8.75,9.25,False
37011829,8.6,8.75,7.6,5.75,4.25,6.0,0,0,0,True
37011830,4.2,3.5,2.6,0,0,0,7.25,8.75,9.0,False
37011831,8.0,9.0,8.8,0,0,0,8.75,8.0,9.75,False
37011832,7.6,6.75,5.2,7.75,6.5,6.25,0,0,0,True
37011833,5.8,5.75,4.0,5.0,3.75,5.25,0,0,0,True
37011834,7.0,6.25,8.6,5.25,6.0,6.5,0,0,0,True
37011835,4.2,4.75,5.2,0,0,0,5.75,6.5,7.0,False
37011836,8.2,6.0,7.4,7.25,8.0,6.0,0,0,0,True
37011837,8.4,7.5,8.0,0,0,0,7.5,7.5,8.75,False
37011838,7.6,8.0,9.4,0,0,0,7.0,8.0,9.0,False
37011839,5.2,5.75,4.2,0,0,0,5.5,5.75,6.5,False
37011840,7.0,5.75,6.0,0,0,0,6.5,8.0,8.0,False
37011841,8.0,7.75,5.4,7.5,7.25,6.5,0,0,0,True
37011842,7.6,8.0,8.4,7.25,7.25,6.25,0,0,0,True
37011843,4.6,7.0,4.2,0,0,0,4.5,6.75,6.5,False
37011844,5.2,6.75,5.2,4.5,3.75,7.0,0,0,0,True
37011845,7.0,3.25,2.6,8.25,6.0,3.75,0,0,0,True
37011846,8.8,7.75,7.4,8.0,8.75,8.5,0,0,0,True
37011847,7.0,6.5,5.4,0,0,0,7.0,8.75,8.5,False
37011848,8.0,8.25,6.8,0,0,0,8.0,9.25,9.25,False
37011849,7.6,6.5,5.2,4.5,3.25,5.75,0,0,0,True
37011850,7.2,8.0,5.2,8.5,5.75,5.75,0,0,0,True
37011851,6.0,7.5,8.6,0,0,0,6.0,7.75,9.5,False
37011852,7.6,7.0,4.2,0,0,0,6.75,7.5,8.75,False
37011853,6.2,7.25,5.8,0,0,0,6.5,7.75,8.25,False
37011854,5.8,8.25,4.4,0,0,0,6.75,7.75,8.5,False
37011855,8.6,7.5,7.6,0,0,0,6.0,8.0,8.5,False
37011856,5.2,5.5,4.2,0,0,0,6.5,7.0,8.0,False
37011857,3.4,5.75,3.0,0,0,0,4.75,7.75,8.25,False
37011858,5.0,5.0,4.4,0,0,0,6.25,7.5,8.75,False
37011859,7.6,8.0,9.4,4.25,5.5,5.5,0,0,0,True
37011860,4.6,6.75,4.2,0,0,0,5.5,7.75,8.75,False
37011861,7.2,7.5,4.2,0,0,0,8.0,8.5,9.0,False
37011862,8.0,8.0,8.2,0,0,0,7.5,8.5,9.0,False
37011863,7.4,6.5,5.8,0,0,0,6.0,8.25,8.5,False
37011864,6.4,7.25,4.0,0,0,0,5.75,7.0,7.5,False
37011865,4.0,6.75,4.6,0,0,0,5.0,7.75,7.25,False
37011866,4.2,6.75,3.4,0,0,0,4.0,6.25,7.0,False
37011867,3.6,5.0,3.8,0,0,0,3.75,7.5,7.25,False
37011868,6.4,6.75,3.2,0,0,0,4.75,6.5,7.25,False
37011869,7.8,6.75,6.6,0,0,0,6.25,7.25,7.75,False
37011870,7.2,7.25,6.2,0,0,0,6.25,6.5,8.5,False
37011871,5.6,8.5,4.6,0,0,0,6.5,8.75,9.25,False
37011872,7.6,7.5,8.8,8.25,4.75,5.75,0,0,0,True
37011873,6.2,6.75,2.2,0,0,0,6.0,6.5,6.75,False
37011874,7.6,8.75,8.6,3.75,7.5,6.5,0,0,0,True
37011875,6.2,5.25,3.8,0,0,0,4.75,6.25,8.0,False
37011876,8.8,5.75,4.4,7.5,7.25,6.0,0,0,0,True
37011877,6.6,7.5,7.4,7.75,5.75,6.25,0,0,0,True
37011878,8.0,7.75,6.6,8.0,8.0,6.0,0,0,0,True
37011879,6.6,5.0,2.6,5.0,6.0,3.0,0,0,0,True
37011880,5.2,5.25,3.2,0,0,0,4.75,5.5,6.5,False
37011881,3.4,6.0,3.2,0,0,0,6.25,7.75,9.0,False
37011882,2.2,3.25,2.0,0,0,0,3.75,3.75,4.75,False
37011883,6.6,6.5,4.4,6.5,5.25,5.0,0,0,0,True
37011884,4.8,4.0,3.4,0,0,0,5.0,4.75,6.25,False
37011885,7.8,6.0,6.6,7.75,8.75,6.25,0,0,0,True
37011886,5.2,6.25,3.4,0,0,0,6.25,6.5,7.75,False
37011887,5.8,6.0,5.0,0,0,0,7.0,6.0,7.0,False
37011888,6.6,7.0,6.8,0,0,0,8.25,8.5,9.5,False
37011889,6.2,7.0,5.2,5.5,3.75,5.5,0,0,0,True
37011890,6.6,6.0,4.8,0,0,0,6.25,7.25,7.75,False
37011891,7.4,6.5,7.6,7.5,5.5,6.75,0,0,0,True
37011892,5.8,7.5,4.4,0,0,0,7.25,7.5,6.5,False
37011893,5.2,6.0,4.0,0,0,0,5.0,5.0,6.75,False
37011894,6.8,7.5,5.4,8.0,7.5,6.0,0,0,0,True
37011895,8.8,6.5,3.6,7.25,7.75,6.25,0,0,0,True
37011896,7.0,6.0,4.2,0,0,0,7.25,5.75,7.25,False
37011897,9.0,6.0,5.0,8.75,8.0,6.75,0,0,0,True
37011898,7.8,7.0,5.2,0,0,0,6.25,8.0,9.5,False
37011899,6.0,7.75,5.4,0,0,0,5.0,7.0,7.75,False
37011900,6.8,5.25,2.6,5.25,7.25,5.75,0,0,0,True
37011901,6.6,6.5,3.6,4.25,5.0,5.0,0,0,0,True
37011902,5.2,6.75,4.4,0,0,0,5.0,6.5,6.5,False
37011903,7.6,7.75,5.8,0,0,0,7.0,7.5,8.5,False
37011904,5.6,7.0,5.8,0,0,0,6.25,8.0,9.5,False
37011905,6.2,6.75,3.0,0,0,0,8.0,7.75,8.5,False
37011906,6.8,7.0,3.6,0,0,0,6.75,7.0,8.0,False
37011907,8.6,7.25,7.4,7.25,9.0,8.0,0,0,0,True
37011908,6.0,6.75,3.4,0,0,0,5.5,6.0,7.25,False
37011909,3.0,6.5,4.4,0,0,0,5.0,6.5,7.5,False
37011910,7.2,6.5,5.4,6.25,6.5,6.25,0,0,0,True
37011911,7.2,8.5,6.0,0,0,0,5.75,7.5,8.25,False
37011912,4.4,6.25,4.6,0,0,0,5.75,7.5,8.0,False
37011913,5.6,6.25,5.0,0,0,0,7.5,7.5,8.25,False
37011914,8.2,6.5,5.2,6.25,6.5,6.0,0,0,0,True
37011915,5.8,6.0,4.6,0,0,0,5.75,8.0,8.25,False
37011916,5.8,6.75,4.0,0,0,0,6.0,7.75,9.0,False
37011917,7.8,7.25,6.2,4.0,4.5,4.75,0,0,0,True
37011918,4.4,5.5,3.8,0,0,0,7.5,6.75,7.75,False
37011919,3.0,5.5,4.0,0,0,0,5.25,5.0,6.25,False
37011920,5.8,6.0,4.6,0,0,0,5.25,7.75,6.75,False
37011921,7.6,8.25,8.6,0,0,0,7.0,7.0,9.25,False
37011922,6.4,6.75,6.0,5.25,5.5,5.0,0,0,0,True
37011923,4.0,7.25,4.4,0,0,0,6.0,6.25,5.25,False
37011924,2.8,6.25,4.4,0,0,0,5.0,5.25,4.75,False
37011925,4.4,6.75,4.0,0,0,0,5.5,6.75,8.5,False
37011926,8.0,6.75,5.8,8.0,6.75,5.75,0,0,0,True
37011927,6.2,6.75,4.6,0,0,0,7.25,7.5,8.0,False
37011928,6.2,6.75,4.8,0,0,0,6.5,5.75,7.75,False
37011929,6.0,8.0,5.4,0,0,0,9.25,9.25,9.0,False
37011930,4.8,6.75,5.2,0,0,0,6.25,6.5,8.0,False
37011931,7.2,6.5,4.8,0,0,0,6.5,5.5,7.0,False
37011932,6.4,7.5,4.4,0,0,0,6.25,6.25,9.0,False
37011933,6.6,5.75,5.6,0,0,0,6.0,7.75,8.25,False
37011934,7.6,7.75,5.8,5.0,5.25,6.25,0,0,0,True
37011935,8.4,7.75,5.6,0,0,0,6.0,7.75,9.25,False
37011936,8.4,7.75,6.4,8.5,7.0,5.5,0,0,0,True
37011937,8.4,6.75,4.4,0,0,0,8.5,9.5,9.25,False
37011938,8.0,6.5,5.8,9.0,7.5,6.5,0,0,0,True
37011939,4.2,5.5,4.0,0,0,0,5.75,5.75,6.5,False
37011940,6.6,6.25,4.8,0,0,0,5.25,6.75,7.0,False
37011941,7.4,7.5,6.6,0,0,0,6.0,7.75,9.0,False
37011942,7.4,7.0,5.2,8.5,6.0,7.0,0,0,0,True
37011943,7.8,7.75,5.2,3.75,7.5,7.5,0,0,0,True
37011944,6.4,7.75,6.6,0,0,0,6.0,9.25,8.25,False
37011945,3.4,7.25,3.2,0,0,0,5.5,6.5,7.5,False
37011946,6.0,6.25,4.0,0,0,0,5.5,7.0,7.5,False
37011947,6.2,7.25,5.2,0,0,0,5.5,7.0,7.5,False
37011948,4.6,5.75,3.6,0,0,0,5.0,6.25,6.25,False
37011949,8.6,8.75,6.2,7.25,6.5,6.5,0,0,0,True
37011950,7.4,7.25,5.0,0,0,0,4.25,6.25,7.0,False
37011951,5.0,6.75,1.6,0,0,0,4.5,5.75,7.5,False
37011952,7.0,7.75,4.8,0,0,0,7.0,8.5,9.0,False
37011953,8.2,7.5,7.2,7.5,7.75,6.5,0,0,0,True
37011954,8.0,6.75,8.2,8.75,6.0,5.75,0,0,0,True
37011955,6.0,5.5,5.8,0,0,0,6.75,7.0,7.0,False
37011956,7.4,7.25,3.6,7.25,6.5,5.75,0,0,0,True
37011957,2.0,4.25,2.6,0,0,0,3.5,6.0,5.75,False
37011958,8.4,6.0,4.0,8.25,8.0,5.5,0,0,0,True
37011959,7.4,6.25,5.6,5.25,6.25,5.75,0,0,0,True
37011960,7.6,6.0,5.2,8.25,3.75,6.0,0,0,0,True
37011961,5.2,4.25,6.0,0,0,0,4.5,7.25,6.25,False
37011962,6.6,6.75,5.2,0,0,0,6.5,7.25,9.5,False
37011963,4.0,6.75,4.8,0,0,0,4.5,7.25,6.75,False
37011964,6.0,7.5,5.8,0,0,0,8.0,8.25,9.25,False
37011965,7.8,7.0,5.0,7.5,7.5,6.0,0,0,0,True
37011966,5.4,7.75,5.4,0,0,0,9.0,7.5,8.75,False
37011967,7.2,7.5,5.6,0,0,0,9.0,7.0,8.75,False
37011968,5.2,8.0,4.6,0,0,0,8.75,8.0,7.5,False
37011969,7.8,8.25,6.6,0,0,0,7.5,8.25,9.0,False
37011970,6.6,7.75,5.6,0,0,0,8.25,8.75,9.0,False
37011971,5.0,7.25,4.0,5.5,6.5,6.25,0,0,0,True
37011972,4.2,6.25,3.6,0,0,0,7.0,8.0,8.75,False
37011973,6.0,7.5,4.0,0,0,0,8.0,7.75,8.25,False
37011974,8.4,7.25,4.4,0,0,0,7.0,9.0,8.75,False
37011975,6.8,6.75,3.8,0,0,0,6.0,7.5,8.25,False
37011976,7.6,5.75,5.8,8.0,8.25,5.25,0,0,0,True
37011977,7.4,8.0,4.8,5.75,6.25,6.0,0,0,0,True
37011978,6.4,5.25,3.2,0,0,0,4.75,6.0,5.5,False
37011979,7.2,7.5,4.2,0,0,0,4.75,7.5,8.5,False
37011980,6.8,7.25,7.2,7.0,7.5,4.75,0,0,0,True
37011981,8.8,6.75,4.2,8.75,8.5,5.5,0,0,0,True
37011982,6.8,7.75,3.8,0,0,0,7.25,7.25,8.0,False
37011983,4.0,4.25,2.4,0,0,0,4.25,6.25,7.25,False
37011984,5.6,6.5,3.6,0,0,0,6.0,7.25,7.25,False
37011985,6.6,6.75,5.2,0,0,0,7.0,7.75,9.0,False
37011986,7.6,7.5,6.6,6.5,3.25,5.25,0,0,0,True
37011987,3.4,4.75,2.6,0,0,0,6.5,6.25,8.0,False
37011988,6.2,8.0,5.6,0,0,0,6.75,7.5,8.0,False
37011989,8.0,7.5,7.6,4.25,3.0,6.75,0,0,0,True
37011990,8.2,8.25,7.4,0,0,0,9.75,8.5,9.5,False
37011991,7.0,5.5,4.4,6.5,5.0,6.0,0,0,0,True
37011992,6.8,7.75,6.6,5.25,7.25,6.75,0,0,0,True
37011993,7.2,6.0,4.4,0,0,0,7.75,6.25,8.5,False
37011994,6.6,6.5,5.2,0,0,0,7.0,8.5,8.5,False
37011995,6.2,7.25,4.8,5.75,7.5,7.25,0,0,0,True
37011996,6.8,7.5,6.0,0,0,0,4.75,7.75,8.5,False
37011997,6.8,5.5,3.8,0,0,0,5.25,7.25,7.0,False
37011998,6.8,7.0,7.2,8.0,8.0,5.75,0,0,0,True
37011999,5.2,7.25,3.8,0,0,0,5.75,7.0,8.0,False
37012000,5.0,6.5,4.6,0,0,0,5.0,5.5,7.5,False
37012001,8.4,7.75,6.6,6.25,6.0,4.25,0,0,0,True
37012002,5.8,7.0,4.6,0,0,0,5.75,8.0,7.75,False
37012003,6.0,6.75,7.2,0,0,0,5.75,7.75,7.5,False
37012004,5.8,6.25,4.4,0,0,0,6.25,8.5,8.0,False
37012005,7.6,6.75,3.6,0,0,0,8.0,8.5,9.25,False
37012006,5.6,7.5,5.4,0,0,0,7.5,8.5,9.0,False
37012007,5.4,6.5,4.2,0,0,0,4.5,6.75,9.0,False
37012008,5.8,7.0,3.2,0,0,0,6.0,7.25,7.25,False
37012009,7.0,6.5,4.8,7.5,5.75,6.0,0,0,0,True
37012010,6.4,6.5,5.2,0,0,0,6.0,7.75,8.75,False
37012011,5.0,7.5,8.0,3.5,6.0,5.0,0,0,0,True
37012012,7.4,7.0,4.4,7.0,6.75,5.5,0,0,0,True
37012013,7.4,7.25,4.8,4.75,6.75,7.5,0,0,0,True
37012014,5.2,6.5,4.2,0,0,0,6.5,6.5,8.75,False
37012015,6.2,8.0,6.0,0,0,0,6.0,6.5,7.25,False
37012016,7.0,7.5,4.6,0,0,0,6.25,6.25,8.5,False
37012017,6.6,7.25,3.6,0,0,0,5.75,7.75,8.25,False
37012018,7.8,7.75,6.8,0,0,0,7.25,7.0,8.75,False
37012019,7.0,7.5,4.0,0,0,0,8.25,7.25,8.5,False
37012020,6.6,7.5,5.6,0,0,0,7.25,8.0,8.75,False
37012021,7.4,8.25,4.8,0,0,0,7.5,7.25,9.5,False
37012022,6.0,8.0,5.8,7.25,6.75,5.25,0,0,0,True
37012023,5.4,6.5,4.4,4.0,5.25,6.25,0,0,0,True
37012024,5.4,7.25,3.2,4.0,5.0,4.75,0,0,0,True
37012025,8.6,8.5,8.6,8.5,7.5,7.0,0,0,0,True
37012026,6.4,7.25,4.0,0,0,0,6.75,7.75,8.25,False
37012027,7.4,7.75,4.8,6.75,7.25,4.25,0,0,0,True
37012028,5.8,6.5,4.4,0,0,0,4.5,6.5,7.75,False
37012029,6.8,7.25,5.0,0,0,0,7.25,7.75,9.5,False
37012030,8.0,8.5,7.6,7.5,7.0,6.25,0,0,0,True
37012031,4.8,6.5,3.8,0,0,0,7.75,8.25,8.5,False
37012032,7.0,7.5,4.6,6.25,6.75,4.0,0,0,0,True
37012033,6.2,7.5,3.8,0,0,0,7.5,8.5,8.25,False
37012034,7.6,7.0,6.2,0,0,0,9.0,9.0,9.5,False
37012035,7.0,8.25,5.0,0,0,0,7.25,8.5,8.0,False
37012036,7.6,6.75,5.6,6.75,6.75,6.25,0,0,0,True
37012037,8.2,8.5,7.2,7.75,8.25,6.5,0,0,0,True
37012038,7.8,7.5,5.8,0,0,0,5.75,6.25,7.75,False
37012039,4.0,6.5,5.0,0,0,0,7.25,7.5,7.5,False
37012040,6.0,7.0,5.0,0,0,0,6.25,6.0,7.5,False
37012041,8.6,5.75,6.4,8.25,5.5,6.0,0,0,0,True
37012042,7.0,7.5,4.4,7.0,4.5,5.25,0,0,0,True
37012043,6.0,6.5,5.4,0,0,0,6.25,7.75,8.25,False
37012044,6.8,5.75,7.2,0,0,0,6.5,8.0,8.0,False
37012045,6.4,7.0,3.8,0,0,0,5.25,6.25,8.0,False
37012046,7.2,7.25,6.2,0,0,0,8.25,8.25,9.25,False
37012047,5.0,7.0,3.8,0,0,0,7.25,7.0,8.5,False
37012048,8.0,6.0,6.8,8.5,8.25,6.5,0,0,0,True
37012049,3.2,6.5,3.0,0,0,0,5.0,7.75,7.75,False
37012050,8.6,6.0,6.2,7.0,8.25,6.0,0,0,0,True
37012051,7.6,6.0,6.0,8.5,7.25,5.0,0,0,0,True
37012052,6.6,7.25,4.8,0,0,0,9.0,8.25,9.25,False
37012053,7.4,6.75,5.4,8.0,7.0,5.75,0,0,0,True
37012054,4.4,6.75,3.4,0,0,0,6.75,8.25,8.0,False
37012055,6.6,7.5,4.8,0,0,0,7.0,8.5,7.25,False
37012056,7.8,7.0,8.6,8.5,4.5,6.5,0,0,0,True
37012057,2.2,5.5,5.2,0,0,0,8.0,7.0,7.0,False
37012058,5.8,7.25,3.8,5.0,3.0,5.25,0,0,0,True
37012059,8.2,8.0,7.8,0,0,0,5.75,7.5,8.0,False
37012060,8.0,8.0,8.0,0,0,0,6.5,8.0,9.25,False
37012061,4.4,7.0,4.4,0,0,0,5.0,4.75,6.0,False
37012062,7.6,6.5,6.0,3.5,5.25,6.5,0,0,0,True
37012063,6.4,6.5,4.8,0,0,0,7.25,6.5,8.25,False
37012064,8.4,7.5,6.0,6.75,7.25,8.25,0,0,0,True
37012065,6.6,7.5,5.4,0,0,0,6.25,7.75,8.5,False
37012066,7.8,7.75,6.0,8.0,9.25,6.75,0,0,0,True
37012067,7.0,7.0,3.2,0,0,0,7.25,7.75,8.25,False
37012068,6.6,7.25,6.8,0,0,0,6.5,6.75,8.5,False
37012069,8.0,7.5,6.2,3.75,5.25,5.25,0,0,0,True
37012070,8.0,7.0,6.2,4.75,5.5,5.0,0,0,0,True
37012071,8.2,7.75,6.0,7.25,8.5,7.25,0,0,0,True
37012072,7.6,8.75,6.8,0,0,0,7.25,8.75,9.5,False
37012073,8.4,8.0,7.6,3.75,8.0,6.0,0,0,0,True
37012074,7.2,8.25,6.0,0,0,0,7.0,8.0,9.0,False
37012075,8.2,7.25,5.6,0,0,0,7.25,8.75,9.75,False
37012076,7.2,6.75,9.0,6.75,5.75,6.25,0,0,0,True
37012077,8.0,7.0,5.6,6.75,6.5,7.25,0,0,0,True
37012078,7.2,6.25,5.0,5.75,5.0,5.75,0,0,0,True
37012079,7.8,5.5,3.4,6.5,6.75,5.5,0,0,0,True
37012080,6.6,6.5,4.4,6.5,6.25,4.0,0,0,0,True
37012081,3.8,6.25,4.6,0,0,0,6.25,8.25,8.5,False
37012082,7.4,6.5,6.4,7.0,8.0,6.75,0,0,0,True
37012083,7.4,7.75,7.0,0,0,0,5.5,7.75,8.75,False
37012084,8.2,9.0,6.6,0,0,0,8.0,7.5,8.5,False
37012085,7.8,8.75,7.8,7.5,6.0,5.5,0,0,0,True
37012086,4.8,6.5,3.2,0,0,0,4.5,6.75,7.25,False
37012087,8.0,8.0,7.4,5.0,6.5,6.25,0,0,0,True
37012088,6.2,6.75,2.4,0,0,0,7.25,6.25,8.5,False
37012089,7.2,8.0,8.4,7.75,6.25,6.0,0,0,0,True
37012090,8.0,8.75,5.2,0,0,0,5.25,6.25,8.0,False
37012091,6.6,7.5,4.8,0,0,0,6.0,7.75,8.5,False
37012092,7.6,7.75,6.4,8.75,4.0,7.0,0,0,0,True
37012093,5.6,4.75,3.6,0,0,0,4.25,6.25,6.0,False
37012094,4.6,8.0,5.6,0,0,0,6.25,8.75,9.25,False
37012095,7.6,8.25,6.6,0,0,0,7.75,8.0,9.75,False
37012096,6.2,6.75,4.0,0,0,0,5.5,7.0,8.0,False
37012097,7.0,5.75,3.6,0,0,0,6.25,7.25,7.5,False
37012098,7.0,8.75,4.6,0,0,0,6.75,8.0,8.75,False
37012099,6.8,7.5,3.8,0,0,0,5.25,7.0,8.25,False
37012100,5.0,7.0,3.6,0,0,0,6.5,8.25,8.75,False
37012101,8.4,6.75,6.0,8.25,7.5,5.75,0,0,0,True
37012102,5.4,5.5,4.8,0,0,0,5.25,6.0,6.5,False
37012103,6.6,7.5,6.0,0,0,0,6.75,8.0,6.75,False
37012104,7.4,7.75,8.2,7.75,5.75,7.25,0,0,0,True
37012105,7.2,7.25,5.6,0,0,0,9.0,6.75,7.75,False
37012106,6.2,8.5,4.4,0,0,0,5.0,7.25,8.25,False
37012107,7.8,8.75,5.8,4.0,3.25,5.75,0,0,0,True
37012108,7.4,6.75,5.2,0,0,0,6.5,8.75,7.75,False
37012110,6.8,8.5,5.6,0,0,0,6.75,7.75,8.25,False
37012111,7.2,8.25,8.0,6.0,4.5,7.25,0,0,0,True
37012112,8.2,6.25,4.0,6.75,4.25,5.5,0,0,0,True
37012113,8.2,7.75,6.6,7.0,4.75,6.5,0,0,0,True
37012114,7.6,6.5,5.8,8.25,7.75,6.5,0,0,0,True
37012115,7.6,8.0,5.0,0,0,0,9.0,7.75,9.0,False
37012116,8.4,7.75,5.6,6.5,6.0,7.0,0,0,0,True
37012117,8.2,7.5,5.2,6.75,5.0,6.5,0,0,0,True
37012118,5.0,7.0,3.8,0,0,0,5.75,6.75,5.75,False
37012119,7.4,6.0,5.0,6.5,7.25,5.75,0,0,0,True
37012120,5.8,6.5,4.0,0,0,0,4.25,6.0,7.0,False
37012121,8.0,8.5,7.6,0,0,0,8.0,8.5,8.75,False
37012122,5.2,7.0,2.4,0,0,0,6.25,7.75,7.75,False
37012123,8.0,6.75,3.2,0,0,0,5.75,7.75,8.0,False
37012124,6.8,6.75,4.8,6.5,5.25,6.0,0,0,0,True
37012125,7.4,7.25,5.4,0,0,0,6.25,5.25,7.0,False
37012126,5.0,3.75,4.0,0,0,0,3.0,4.5,5.0,False
37012127,7.6,7.25,3.6,0,0,0,6.25,7.75,8.25,False
37012128,7.8,9.0,8.4,8.75,6.75,7.5,0,0,0,True
37012129,7.4,8.25,6.6,0,0,0,7.75,8.25,9.25,False
37012130,7.2,9.0,6.4,6.25,4.75,4.75,0,0,0,True
37012131,7.6,7.75,6.2,0,0,0,6.5,7.5,9.0,False
37012132,7.0,6.75,6.8,0,0,0,6.25,7.5,7.0,False
37012133,8.6,7.75,7.6,8.5,6.25,5.75,0,0,0,True
37012134,8.4,7.0,5.4,6.25,5.5,6.25,0,0,0,True
37012135,8.4,7.0,5.2,6.75,5.5,5.25,0,0,0,True
37012136,6.8,7.5,5.2,0,0,0,3.75,5.75,6.0,False
37012137,5.6,7.5,4.0,0,0,0,5.75,7.25,9.0,False
37012138,4.4,6.25,4.4,0,0,0,3.25,6.0,6.5,False
37012139,7.8,7.0,6.0,0,0,0,8.5,7.75,8.75,False
37012140,8.0,7.75,6.2,8.0,5.25,6.25,0,0,0,True
37012141,7.4,7.75,6.4,7.75,7.25,7.5,0,0,0,True
37012142,6.2,7.5,6.0,0,0,0,6.5,8.0,9.0,False
37012143,7.6,7.5,6.2,7.25,6.25,5.0,0,0,0,True
37012144,6.2,6.5,4.8,0,0,0,5.5,7.0,6.75,False
37012145,7.2,6.0,5.8,0,0,0,6.25,7.75,7.5,False
37012146,8.2,8.75,6.0,8.75,8.25,7.25,0,0,0,True
37012147,6.2,6.0,6.2,0,0,0,7.5,6.5,7.0,False
37012148,8.2,7.5,6.8,8.75,9.0,7.25,0,0,0,True
37012149,8.4,8.25,7.4,6.75,5.5,7.0,0,0,0,True
37012150,7.2,7.0,5.6,5.75,3.5,6.75,0,0,0,True
37012151,8.0,6.75,4.4,6.0,5.25,5.5,0,0,0,True
37012152,5.4,7.25,5.0,0,0,0,6.0,5.75,6.75,False
37012153,7.6,7.25,7.6,5.5,3.25,5.75,0,0,0,True
37012154,5.0,7.5,5.6,0,0,0,6.0,7.0,8.5,False
37012155,6.6,8.0,6.4,3.75,6.25,7.5,0,0,0,True
37012156,8.4,8.25,6.4,6.75,6.25,7.0,0,0,0,True
37012157,7.6,9.0,8.2,0,0,0,6.75,8.5,8.75,False
37012158,5.8,6.25,4.6,0,0,0,6.25,8.0,7.5,False
37012159,7.2,8.0,5.8,0,0,0,7.25,7.75,8.5,False
37012160,7.8,8.75,5.8,0,0,0,6.25,8.0,8.5,False
37012161,6.6,7.0,5.4,0,0,0,6.5,7.75,6.5,False
37012162,7.4,7.0,5.4,0,0,0,7.0,7.0,8.0,False
37012163,7.8,7.75,6.4,8.25,6.0,7.0,0,0,0,True
37012164,6.8,8.5,6.0,0,0,0,7.5,7.25,8.5,False
37012165,7.8,7.0,5.6,0,0,0,7.75,8.75,9.5,False
37012166,8.2,7.0,6.0,7.75,7.75,7.5,0,0,0,True
37012167,7.4,8.25,5.4,6.5,6.5,6.75,0,0,0,True
37012168,6.6,9.0,8.4,5.5,7.5,5.75,0,0,0,True
37012169,7.8,8.0,5.2,0,0,0,7.5,7.5,8.75,False
37012170,9.0,7.25,7.6,7.25,6.5,6.75,0,0,0,True
37012171,7.2,6.75,4.6,0,0,0,7.25,6.5,6.5,False
37012172,7.8,8.75,7.8,5.5,6.25,6.5,0,0,0,True
37012173,6.2,6.75,4.4,0,0,0,6.75,7.25,8.0,False
37012174,6.0,8.0,3.0,0,0,0,6.25,7.75,8.25,False
37012175,6.4,6.25,3.4,0,0,0,6.5,5.5,7.0,False
37012176,7.8,7.25,7.2,8.5,7.75,8.5,0,0,0,True
37012177,6.0,6.5,4.2,0,0,0,5.0,7.25,5.5,False
37012178,8.0,8.75,7.4,7.25,7.25,7.5,0,0,0,True
37012179,5.2,5.25,3.4,0,0,0,5.0,7.25,6.5,False
37012180,6.2,4.5,5.2,0,0,0,6.25,7.0,9.0,False
37012181,6.2,6.75,4.0,0,0,0,5.0,8.25,7.5,False
37012182,4.4,6.25,4.6,0,0,0,6.75,6.25,8.75,False
37012183,7.0,7.5,4.0,0,0,0,5.5,8.25,8.5,False
37012184,8.4,7.75,5.2,8.25,8.5,5.0,0,0,0,True
37012185,8.0,8.5,5.2,0,0,0,7.0,8.75,8.0,False
37012186,7.4,7.75,6.2,0,0,0,7.5,8.0,7.25,False
37012187,6.8,6.0,5.0,0,0,0,6.5,6.25,7.75,False
37012188,7.4,6.75,5.2,0,0,0,5.75,7.0,8.25,False
37012189,7.4,7.5,6.0,5.25,6.25,5.0,0,0,0,True
37012190,7.6,7.0,5.0,0,0,0,6.75,7.0,8.0,False
37012191,8.0,6.25,5.2,8.5,5.75,4.25,0,0,0,True
37012192,6.4,8.0,4.0,0,0,0,5.25,5.5,6.25,False
37012193,7.2,8.25,5.6,8.0,5.25,7.5,0,0,0,True
37012194,4.8,5.75,6.4,0,0,0,7.25,6.75,7.0,False
37012195,7.0,7.75,6.4,6.75,6.75,6.5,0,0,0,True
37012196,7.8,8.0,7.2,8.0,7.25,7.0,0,0,0,True
37012197,6.2,7.75,5.4,0,0,0,7.75,6.75,7.25,False
37012198,8.4,7.75,7.6,0,0,0,8.0,8.5,9.5,False
37012199,6.6,6.5,4.6,0,0,0,7.25,5.5,5.75,False
37012200,7.6,7.0,6.8,0,0,0,9.5,9.25,8.5,False
37012201,6.0,6.0,4.8,0,0,0,6.75,8.25,7.5,False
37012202,7.2,7.5,6.0,4.0,5.75,7.0,0,0,0,True
37012203,8.4,7.5,6.4,8.0,8.25,7.75,0,0,0,True
37012204,7.6,6.25,4.2,0,0,0,5.5,7.5,8.25,False
37012205,8.8,7.0,6.8,8.25,5.75,6.5,0,0,0,True
37012206,7.2,6.25,5.0,5.0,6.25,5.0,0,0,0,True
37012207,6.4,5.0,3.6,0,0,0,5.0,5.0,6.25,False
37012208,6.2,5.0,2.4,0,0,0,5.5,6.5,7.25,False
37012209,6.8,7.0,4.2,0,0,0,7.25,8.0,7.25,False
37012210,7.6,7.0,7.0,0,0,0,7.75,8.25,8.75,False
37012211,7.6,7.0,5.2,0,0,0,8.0,7.75,9.0,False
37012212,8.8,7.75,6.2,8.5,8.0,8.0,0,0,0,True
37012213,7.8,7.0,4.6,0,0,0,8.5,6.75,7.75,False
37012214,7.8,8.75,5.4,9.25,7.25,6.0,0,0,0,True
37012215,8.4,7.25,5.4,7.5,7.5,5.25,0,0,0,True
37012216,6.0,8.25,4.0,0,0,0,6.5,7.5,7.75,False
37012217,7.6,7.25,7.0,5.5,5.75,5.75,0,0,0,True
37012218,5.6,6.75,3.4,0,0,0,7.25,7.5,7.25,False
37012219,8.0,8.5,5.4,7.75,8.0,6.75,0,0,0,True
37012220,8.8,7.25,8.0,8.75,8.25,7.75,0,0,0,True
37012221,6.4,8.25,5.4,0,0,0,8.0,7.0,8.25,False
37012222,4.8,5.75,2.8,0,0,0,6.25,6.0,7.75,False
37012223,5.6,8.0,4.0,0,0,0,7.5,8.25,9.0,False
37012224,6.0,8.0,4.0,0,0,0,5.0,5.25,7.0,False
37012225,6.6,6.25,4.8,0,0,0,4.5,6.0,7.5,False
37012226,7.4,8.5,6.4,0,0,0,7.5,8.0,8.5,False
37012227,8.8,8.0,5.2,7.5,7.75,6.75,0,0,0,True
37012228,6.4,6.0,4.8,0,0,0,5.25,6.75,7.75,False
37012229,7.0,8.0,6.4,7.5,5.75,6.25,0,0,0,True
37012230,8.2,8.0,6.0,8.5,8.75,7.0,0,0,0,True
37012231,7.2,8.5,6.0,6.0,5.75,5.75,0,0,0,True
37012232,8.0,7.0,6.6,8.25,4.75,4.25,0,0,0,True
37012233,5.4,7.25,5.2,0,0,0,5.75,7.5,8.0,False
37012234,8.8,8.75,5.2,0,0,0,8.25,8.5,9.75,False
37012235,7.0,8.75,6.8,0,0,0,7.75,8.5,8.75,False
37012236,6.6,7.25,3.6,0,0,0,3.75,6.75,6.75,False
37012237,7.4,7.75,8.8,8.5,6.25,6.5,0,0,0,True
37012238,7.6,8.75,5.0,5.0,5.25,6.75,0,0,0,True
37012239,8.0,7.5,5.2,0,0,0,6.25,7.25,9.0,False
37012240,6.4,6.25,4.6,0,0,0,4.25,4.25,6.0,False
37012241,8.2,8.0,6.8,8.25,8.5,8.25,0,0,0,True
37012242,3.0,6.5,5.4,0,0,0,4.25,5.5,8.0,False
37012243,6.2,6.75,3.8,0,0,0,5.5,8.25,7.5,False
37012244,7.0,6.5,5.4,0,0,0,9.25,8.5,9.25,False
37012245,6.2,7.0,4.6,0,0,0,6.0,4.75,5.75,False
37012246,4.4,8.0,8.0,0,0,0,5.75,6.25,8.0,False
37012247,2.6,5.0,3.2,0,0,0,5.5,3.75,5.25,False
37012248,6.6,6.0,4.0,0,0,0,4.5,7.5,7.0,False
37012249,7.4,6.5,3.6,7.5,5.75,7.0,0,0,0,True
37012250,7.2,7.0,4.0,0,0,0,6.5,6.75,8.5,False
37012251,8.0,6.75,5.2,8.5,9.25,7.75,0,0,0,True
37012252,8.8,8.0,6.8,9.0,7.75,7.5,0,0,0,True
37012253,6.8,8.0,6.2,0,0,0,8.25,8.25,9.25,False
37012254,5.6,7.5,3.4,0,0,0,5.5,7.0,7.25,False
37012255,5.4,8.0,3.2,0,0,0,4.25,6.0,8.25,False
37012256,7.4,8.25,7.4,0,0,0,7.75,9.0,8.5,False
37012257,7.6,7.25,6.0,6.0,7.25,7.75,0,0,0,True
37012258,6.2,7.5,4.8,0,0,0,6.5,6.75,7.25,False
37012259,7.2,8.25,6.0,0,0,0,7.5,8.5,9.25,False
37012260,8.0,7.25,4.8,7.75,7.25,7.75,0,0,0,True
37012261,8.0,7.0,5.0,0,0,0,8.25,8.5,8.0,False
37012262,7.2,7.0,4.2,0,0,0,6.0,6.25,8.75,False
37012263,6.4,7.0,4.4,0,0,0,5.75,6.0,7.5,False
37012264,7.4,7.25,6.8,0,0,0,6.5,8.0,8.0,False
37012265,8.2,8.0,7.0,7.25,5.0,5.5,0,0,0,True
37012266,5.0,7.75,2.8,0,0,0,6.75,7.25,8.25,False
37012267,7.4,8.25,4.0,0,0,0,8.75,8.5,8.5,False
37012268,8.0,8.0,5.0,0,0,0,6.75,8.5,9.0,False
37012269,6.0,8.25,5.0,0,0,0,8.75,7.25,8.0,False
37012270,7.0,9.0,5.2,7.75,7.0,6.75,0,0,0,True
37012271,6.4,8.25,5.2,0,0,0,6.25,7.25,6.75,False
37012272,7.2,8.25,4.6,0,0,0,6.0,6.75,8.0,False
37012273,7.6,8.0,5.2,0,0,0,7.75,8.5,8.5,False
37012274,7.6,7.5,3.6,0,0,0,7.0,8.25,7.0,False
37012275,3.2,7.0,6.0,0,0,0,7.75,8.25,8.5,False
37012276,5.4,8.0,5.0,0,0,0,6.5,7.5,7.75,False
37012277,5.4,8.5,5.4,0,0,0,5.25,6.5,6.5,False
37012278,5.4,6.75,3.8,0,0,0,7.25,8.25,7.0,False
37012279,5.2,5.75,5.0,0,0,0,8.5,8.0,9.0,False
37012280,7.8,6.5,3.8,0,0,0,6.5,7.5,8.75,False
37012281,7.2,7.25,6.4,6.5,6.75,5.75,0,0,0,True
37012282,6.4,7.25,4.4,0,0,0,5.5,6.75,7.0,False
37012283,6.0,5.75,5.0,0,0,0,6.0,7.75,7.5,False
37012284,3.2,6.0,3.6,0,0,0,4.75,6.5,6.75,False
37012285,8.6,7.5,7.4,8.5,6.25,7.25,0,0,0,True
37012286,5.6,4.5,4.4,0,0,0,5.0,5.25,5.75,False
37012287,8.2,6.25,4.6,0,0,0,6.5,7.5,9.25,False
37012288,8.0,7.25,5.0,0,0,0,5.25,6.75,8.25,False
37012289,7.4,6.5,5.4,0,0,0,5.75,7.25,7.5,False
37012290,5.6,6.25,4.4,0,0,0,6.25,7.75,7.25,False
37012291,7.0,5.0,4.0,0,0,0,6.25,6.75,8.75,False
37012292,6.4,7.75,4.6,0,0,0,6.25,7.25,6.25,False
37012293,8.4,8.25,7.4,0,0,0,9.75,9.0,9.0,False
37012294,6.8,8.25,6.4,0,0,0,9.5,7.75,9.25,False
37012295,7.6,8.25,5.0,6.75,6.75,5.25,0,0,0,True
37012296,7.8,7.25,4.2,8.0,6.75,5.5,0,0,0,True
37012297,7.8,8.0,6.4,7.0,5.5,6.5,0,0,0,True
37012298,8.2,8.0,3.8,0,0,0,6.75,8.0,7.25,False
37012299,7.8,7.75,6.2,6.0,5.0,5.5,0,0,0,True
37012300,4.0,6.0,2.8,0,0,0,4.0,6.0,8.25,False
37012301,8.6,8.25,7.2,8.5,7.5,6.5,0,0,0,True
37012302,8.0,8.25,7.4,7.25,7.0,6.75,0,0,0,True
37012303,8.4,8.0,6.8,0,0,0,6.5,8.75,8.75,False
37012304,5.4,7.25,3.6,0,0,0,5.25,7.25,7.75,False
37012305,8.2,8.25,8.2,8.0,6.25,6.0,0,0,0,True
37012306,7.8,8.0,6.4,0,0,0,6.25,7.25,8.25,False
37012307,7.4,7.75,6.0,0,0,0,7.75,9.0,9.0,False
37012308,6.4,7.5,4.8,0,0,0,6.0,8.5,8.5,False
37012309,7.4,8.5,8.0,0,0,0,9.75,9.25,9.5,False
37012310,7.4,8.25,5.2,5.25,4.0,6.5,0,0,0,True
37012311,8.4,6.0,4.8,6.75,6.75,7.0,0,0,0,True
37012312,8.4,7.75,7.8,9.5,5.75,6.5,0,0,0,True
37012313,6.0,6.25,5.4,0,0,0,5.25,7.0,7.5,False
37012314,8.6,7.75,9.2,8.0,8.75,6.25,0,0,0,True
37012315,4.0,8.0,5.0,0,0,0,5.25,7.25,5.5,False
37012316,8.2,7.5,7.4,6.5,5.25,6.5,0,0,0,True
37012317,7.8,9.0,4.8,6.0,5.0,6.25,0,0,0,True
37012318,5.2,6.5,6.2,0,0,0,5.75,7.5,7.75,False
37012319,7.2,7.5,6.2,5.5,5.25,6.0,0,0,0,True
37012320,6.8,8.25,4.6,4.25,5.5,7.5,0,0,0,True
37012321,8.4,6.0,4.8,8.25,7.25,5.75,0,0,0,True
37012322,5.0,6.0,4.6,0,0,0,5.25,7.25,8.25,False
37012323,6.8,8.0,3.8,0,0,0,5.25,7.0,7.75,False
37012324,7.6,8.5,7.2,6.25,5.25,7.25,0,0,0,True
37012325,6.4,7.0,4.6,0,0,0,4.25,7.25,7.5,False
37012326,5.4,7.5,2.2,0,0,0,6.0,8.25,8.5,False
37012327,7.6,8.75,7.8,0,0,0,8.75,9.25,9.25,False
37012328,7.8,8.0,6.6,7.75,7.25,7.75,0,0,0,True
37012329,3.2,7.0,2.6,0,0,0,5.75,5.25,6.0,False
37012330,6.8,8.0,5.6,6.5,6.0,5.5,0,0,0,True
37012331,7.8,8.0,5.0,0,0,0,5.0,7.75,8.5,False
37012332,7.4,8.5,8.4,0,0,0,7.5,8.5,8.5,False
37012333,5.6,6.0,2.0,0,0,0,6.5,7.0,6.75,False
37012334,5.0,6.25,4.8,0,0,0,5.75,6.75,7.75,False
37012335,6.0,6.0,3.2,0,0,0,4.5,7.0,6.5,False
37012336,7.8,7.5,4.6,6.75,7.0,5.5,0,0,0,True
37012337,6.6,7.0,4.4,4.5,4.0,4.0,0,0,0,True
37012338,7.0,6.5,6.4,8.0,7.25,6.75,0,0,0,True
37012339,8.4,5.0,5.6,7.5,8.0,4.75,0,0,0,True
37012340,6.8,7.75,4.4,0,0,0,6.75,8.0,7.75,False
37012341,6.2,5.0,2.4,0,0,0,5.0,4.75,7.25,False
37012342,8.0,6.5,4.4,7.25,6.25,5.5,0,0,0,True
37012343,7.4,8.25,5.0,6.0,6.5,5.75,0,0,0,True
37012344,8.0,8.25,6.4,6.0,5.75,6.0,0,0,0,True
37012345,4.4,6.75,3.2,0,0,0,5.5,4.5,8.0,False
37012346,6.0,5.75,5.0,7.0,6.5,5.25,0,0,0,True
37012347,6.8,6.5,5.2,0,0,0,8.5,7.25,9.5,False
37012348,7.4,5.0,6.8,0,0,0,6.0,6.25,7.0,False
37012349,8.6,6.75,5.8,6.0,7.0,4.75,0,0,0,True
37012350,6.0,7.25,4.0,0,0,0,5.75,6.0,7.75,False
37012351,7.6,7.75,4.4,0,0,0,7.25,6.75,7.5,False
37012352,7.6,7.0,5.2,5.75,4.75,5.25,0,0,0,True
37012353,6.2,7.25,6.0,0,0,0,7.5,8.0,8.5,False
37012354,6.6,5.5,3.6,0,0,0,5.5,7.75,7.5,False
37012355,6.6,8.0,4.6,0,0,0,6.25,7.0,8.5,False
37012356,7.6,6.5,5.0,0,0,0,7.25,6.75,7.0,False
37012357,8.8,7.75,6.8,6.75,9.5,7.5,0,0,0,True
37012358,5.8,7.25,4.2,0,0,0,6.25,6.0,7.0,False
37012359,7.6,7.75,4.8,0,0,0,7.0,7.5,8.75,False
37012360,8.0,7.5,4.2,7.25,8.25,4.75,0,0,0,True
37012361,8.0,7.75,7.6,0,0,0,8.5,8.75,9.0,False
37012362,8.2,7.5,5.4,7.0,5.0,5.25,0,0,0,True
37012363,7.4,8.25,6.2,0,0,0,8.75,9.75,9.25,False
37012364,8.0,8.5,5.6,0,0,0,9.5,9.0,9.75,False
37012365,7.6,8.0,8.4,6.5,7.0,7.75,0,0,0,True
37012366,7.4,8.25,6.6,0,0,0,8.0,8.0,8.25,False
37012367,7.2,7.0,4.6,0,0,0,6.5,7.0,8.0,False
37012368,7.0,8.0,4.2,0,0,0,8.0,7.5,8.75,False
37012369,6.0,7.75,6.0,0,0,0,8.0,7.0,8.5,False
37012370,6.4,7.0,5.2,0,0,0,8.25,7.75,8.0,False
37012371,8.0,7.75,6.4,7.75,8.0,8.5,0,0,0,True
37012372,8.2,8.75,8.4,0,0,0,9.5,9.75,9.5,False
37012373,7.4,8.0,7.6,6.25,6.25,6.0,0,0,0,True
37012374,8.4,8.25,8.0,8.5,6.5,7.0,0,0,0,True
37012375,7.4,8.25,5.8,6.0,6.5,7.25,0,0,0,True
37012376,6.2,8.25,4.0,0,0,0,6.0,6.75,8.5,False
37012377,7.6,7.75,6.6,0,0,0,7.25,9.75,8.75,False
37012378,5.8,8.0,7.2,4.5,5.75,6.5,0,0,0,True
37012379,7.8,6.25,5.4,5.5,5.25,7.5,0,0,0,True
37012380,6.6,7.5,5.4,0,0,0,7.0,8.0,8.25,False
37012381,7.6,7.75,8.2,6.0,3.25,5.25,0,0,0,True
37012382,8.4,7.25,8.2,7.75,8.25,5.75,0,0,0,True
37012383,4.4,5.25,3.0,0,0,0,6.0,5.75,7.25,False
37012384,7.6,6.25,5.2,0,0,0,6.75,7.75,8.75,False
37012385,6.2,6.75,5.2,0,0,0,8.25,7.75,8.25,False
37012386,8.0,7.75,9.0,8.0,5.5,6.25,0,0,0,True
37012387,7.0,8.25,4.0,0,0,0,9.0,9.5,8.25,False
37012388,5.4,7.5,3.0,0,0,0,7.25,8.0,6.5,False
37012389,6.4,7.75,4.6,0,0,0,8.75,9.25,8.75,False
37012390,4.2,6.5,5.6,0,0,0,6.5,7.5,6.25,False
37012391,6.6,6.75,6.4,0,0,0,6.5,7.25,7.25,False
37012392,5.2,7.0,4.0,0,0,0,7.25,7.25,7.0,False
37012393,6.8,7.25,4.2,0,0,0,7.25,8.75,7.75,False
37012394,6.0,6.0,3.4,0,0,0,5.75,7.25,8.25,False
37012395,8.6,7.5,6.8,8.0,5.25,7.5,0,0,0,True
37012396,5.8,6.0,4.4,0,0,0,7.25,7.5,8.5,False
37012397,7.4,6.25,5.2,0,0,0,7.0,7.25,8.25,False
37012398,7.6,6.75,4.8,0,0,0,6.25,7.5,9.0,False
37012399,6.2,6.75,5.0,0,0,0,7.0,7.25,7.5,False
37012400,7.4,8.0,6.6,6.5,6.0,7.5,0,0,0,True
37012401,4.2,5.0,2.6,0,0,0,5.0,5.75,7.25,False
37012402,7.6,8.25,5.8,0,0,0,6.5,9.0,8.75,False
37012403,7.6,6.5,6.6,0,0,0,6.75,8.75,9.0,False
37012404,7.2,8.25,5.2,4.25,5.0,6.0,0,0,0,True
37012405,7.4,8.0,4.0,0,0,0,7.5,7.75,9.0,False
37012406,5.8,6.25,5.8,0,0,0,6.5,7.25,7.0,False
37012407,8.0,8.5,7.6,7.5,6.0,7.0,0,0,0,True
37012408,8.4,6.25,5.2,8.0,5.5,7.25,0,0,0,True
37012409,8.2,7.25,4.4,0,0,0,9.5,9.25,9.25,False
37012410,7.6,7.0,7.0,7.0,4.75,6.25,0,0,0,True
37012411,6.2,7.0,5.2,0,0,0,5.25,7.5,8.5,False
37012412,6.8,5.75,5.8,0,0,0,6.75,8.25,8.25,False
37012413,5.6,7.0,3.8,0,0,0,7.25,6.25,8.25,False
37012414,6.2,6.0,4.8,0,0,0,5.25,6.0,8.0,False
37012415,6.2,8.5,4.8,0,0,0,6.25,6.5,8.5,False
37012416,7.6,6.0,5.6,0,0,0,6.25,7.75,8.5,False
37012417,8.2,7.75,7.0,7.5,5.75,8.0,0,0,0,True
37012418,8.6,8.25,5.8,7.75,8.0,8.0,0,0,0,True
37012419,8.0,6.5,6.2,0,0,0,8.0,9.0,7.5,False
37012420,7.4,4.5,4.2,0,0,0,5.25,5.75,7.75,False
37012421,8.4,7.75,8.0,7.5,4.75,6.75,0,0,0,True
37012422,7.8,6.75,4.0,0,0,0,3.75,7.75,7.25,False
37012423,4.6,6.5,5.0,0,0,0,7.25,7.25,7.25,False
37012424,6.6,5.75,4.6,0,0,0,6.75,7.75,8.25,False
37012425,8.0,7.0,5.2,5.5,4.25,6.5,0,0,0,True
37012426,7.6,6.75,4.0,0,0,0,5.5,8.0,7.0,False
37012427,8.4,6.75,6.2,0,0,0,7.25,7.75,8.5,False
37012428,8.2,8.0,7.0,7.25,7.0,7.5,0,0,0,True
37012429,5.4,6.0,3.2,0,0,0,6.25,6.25,7.25,False
37012430,5.0,6.5,5.6,0,0,0,5.25,8.0,7.75,False
37012431,5.2,5.5,4.4,0,0,0,4.5,5.25,6.25,False
37012432,6.8,6.0,4.4,0,0,0,6.5,7.5,8.5,False
37012433,6.2,8.0,3.8,0,0,0,5.5,7.5,8.5,False
37012434,8.2,6.5,5.6,0,0,0,6.0,6.0,8.0,False
37012435,7.4,7.75,6.6,6.5,6.75,5.5,0,0,0,True
37012436,7.8,8.0,4.4,7.25,7.25,5.75,0,0,0,True
37012437,6.4,6.5,5.8,0,0,0,6.25,7.25,6.75,False
37012438,6.6,6.0,5.4,0,0,0,6.75,7.0,7.75,False
37012439,7.6,6.0,5.0,0,0,0,6.25,6.25,8.0,False
37012440,7.2,6.0,6.0,8.0,7.0,5.75,0,0,0,True
37012441,7.2,6.5,5.8,0,0,0,6.25,6.5,8.25,False
37012442,7.0,7.25,5.6,0,0,0,6.75,6.5,7.5,False
37012443,7.6,8.5,6.4,0,0,0,6.25,8.25,8.75,False
37012444,7.2,8.25,6.0,0,0,0,6.0,8.75,8.25,False
37012445,7.8,7.0,5.2,0,0,0,9.75,8.5,8.5,False
37012446,7.6,7.5,7.2,0,0,0,8.75,9.25,9.75,False
37012447,7.2,6.75,5.6,7.25,6.25,5.75,0,0,0,True
37012448,5.0,6.5,5.2,0,0,0,6.0,5.5,7.0,False
37012449,6.4,6.25,3.6,0,0,0,6.75,6.25,7.25,False
37012450,6.4,6.0,5.6,0,0,0,7.25,6.25,7.75,False
37012451,5.6,5.5,5.0,0,0,0,7.0,7.0,7.25,False
37012452,8.2,6.75,5.8,7.25,8.0,6.25,0,0,0,True
37012453,7.2,6.0,4.8,0,0,0,6.5,6.75,7.25,False
37012454,3.6,5.5,4.8,0,0,0,5.0,7.0,5.75,False
37012455,6.8,7.0,5.2,0,0,0,7.0,7.5,8.25,False
37012456,7.6,7.75,6.2,0,0,0,8.25,8.5,7.75,False
37012457,6.4,7.75,5.0,0,0,0,6.0,6.5,8.0,False
37012458,6.4,7.75,4.4,0,0,0,7.0,7.0,7.5,False
37012459,7.4,7.25,5.2,8.25,5.5,5.75,0,0,0,True
37012460,6.6,7.0,5.0,4.5,6.0,7.25,0,0,0,True
37012461,8.2,7.0,6.0,0,0,0,8.5,8.75,8.25,False
37012462,6.4,5.75,6.4,5.0,5.5,6.5,0,0,0,True
37012463,7.0,7.5,6.8,0,0,0,8.25,8.75,9.75,False
37012464,7.2,6.5,5.8,5.0,6.75,6.25,0,0,0,True
37012465,8.0,5.75,5.8,0,0,0,7.0,7.5,8.0,False
37012466,7.8,8.25,6.0,8.0,8.25,5.75,0,0,0,True
37012467,8.6,8.0,5.4,6.0,7.25,6.25,0,0,0,True
37012468,6.2,6.25,0,0,0,0,6.0,6.5,0,False
37012469,6.8,7.75,6.8,4.5,5.5,6.25,0,0,0,True
37012470,5.8,8.0,5.4,5.25,5.0,5.0,0,0,0,True
37012471,6.8,8.0,6.2,5.25,5.0,8.0,0,0,0,True
37012472,7.0,8.0,0,0,0,0,8.25,7.75,0,False
37012473,8.8,8.0,8.0,4.0,8.25,6.25,0,0,0,True
37012475,8.4,9.0,7.4,7.5,7.5,7.0,0,0,0,True
37012476,7.2,7.25,6.6,4.0,6.5,6.75,0,0,0,True
37012477,7.2,7.0,5.0,6.75,4.5,5.75,0,0,0,True
37012478,8.6,8.0,6.8,8.5,8.5,6.0,0,0,0,True
37012479,9.0,7.75,6.0,9.25,7.75,6.75,0,0,0,True
37012480,7.8,7.0,6.4,0,0,0,7.5,8.75,8.75,False
37012481,8.4,8.0,5.4,0,0,0,9.75,9.5,9.75,False
37012482,8.0,7.75,5.6,6.0,6.0,6.5,0,0,0,True
37012483,3.0,4.75,0,0,0,0,5.5,6.25,0,False
37012484,8.4,7.25,7.0,8.5,8.5,7.5,0,0,0,True
37012485,5.2,5.5,6.0,0,0,0,6.5,6.5,8.0,False
37012486,5.8,4.75,3.8,0,0,0,6.75,5.25,7.0,False
37012487,5.0,5.25,4.2,0,0,0,7.25,9.25,9.0,False
37012488,5.0,4.75,4.6,0,0,0,6.5,6.5,7.75,False
37012489,4.8,7.0,6.0,0,0,0,6.0,8.5,8.25,False
37012490,8.2,8.0,6.8,6.5,8.5,7.75,0,0,0,True
37012491,4.6,5.75,5.0,0,0,0,4.75,7.75,8.0,False
37012492,2.6,3.5,0,0,0,0,4.0,4.75,0,False
37012493,6.2,7.5,5.2,0,0,0,7.25,6.5,8.0,False
37012494,5.8,6.5,5.6,0,0,0,5.5,7.0,8.25,False
37012495,4.8,5.75,0,0,0,0,4.5,5.75,0,False
37012496,4.6,4.0,0,0,0,0,4.5,4.75,0,False
37012497,8.4,3.5,4.8,8.0,7.5,5.75,0,0,0,True
37012498,8.4,7.5,5.8,7.75,6.0,6.75,0,0,0,True
37012499,7.0,3.5,4.4,0,0,0,5.75,7.5,6.75,False
37012500,7.0,7.0,7.6,7.25,7.25,6.0,0,0,0,True
37012501,6.0,6.75,6.0,0,0,0,6.25,8.0,8.5,False
37012502,8.0,8.75,7.0,6.75,7.5,7.0,0,0,0,True
37012503,6.0,7.0,6.8,0,0,0,6.0,4.75,8.5,False
37012504,8.8,8.0,7.4,8.75,8.5,7.0,0,0,0,True
37012505,5.6,7.0,5.6,0,0,0,5.25,6.75,8.5,False
37012506,6.8,6.5,6.2,5.5,6.25,6.75,0,0,0,True
37012507,8.8,6.25,8.2,8.0,8.5,6.0,0,0,0,True
37012508,2.8,5.25,0,0,0,0,5.25,5.0,0,False
37012509,6.4,5.0,7.8,0,0,0,7.5,5.5,7.25,False
37012510,6.6,7.25,7.6,6.5,6.5,6.25,0,0,0,True
37012511,7.6,7.25,5.6,6.25,8.75,8.25,0,0,0,True
37012512,8.2,8.75,7.4,7.5,6.25,7.5,0,0,0,True
37012513,8.2,7.25,4.6,7.5,7.5,6.5,0,0,0,True
37012514,5.0,3.75,5.4,0,0,0,6.0,5.0,6.5,False
37012515,6.4,5.25,4.2,0,0,0,6.75,6.75,8.75,False
37012516,3.8,2.25,0,0,0,0,6.5,4.75,0,False
37012517,6.0,6.75,4.2,6.25,5.5,5.25,0,0,0,True
37012518,7.2,7.75,6.6,6.75,7.0,6.75,0,0,0,True
37012519,7.6,7.0,6.2,5.25,5.25,5.75,0,0,0,True
37012520,4.0,6.0,3.8,0,0,0,6.75,5.25,8.25,False
37012521,8.2,7.75,7.8,7.0,7.25,6.0,0,0,0,True
37012522,4.8,4.75,0,0,0,0,7.0,6.25,0,False
37012523,8.4,6.75,7.0,7.0,9.0,8.25,0,0,0,True
37012524,7.4,8.0,4.4,6.5,6.5,4.25,0,0,0,True
37012525,8.8,8.25,5.2,8.5,8.0,4.25,0,0,0,True
37012526,8.8,8.25,6.8,7.75,8.75,5.75,0,0,0,True
37012527,4.8,5.0,0,0,0,0,2.75,4.5,0,False
37012528,2.8,3.25,0,0,0,0,4.5,5.5,0,False
37012529,5.4,6.25,3.6,0,0,0,6.75,6.25,7.0,False
37012530,8.4,7.75,6.4,6.5,8.25,7.25,0,0,0,True
37012531,7.4,7.0,6.6,8.0,7.25,6.75,0,0,0,True
37012532,8.2,5.0,6.6,6.25,7.75,8.0,0,0,0,True
37012533,8.4,8.5,5.8,8.0,9.0,8.25,0,0,0,True
37012534,6.6,7.75,5.8,0,0,0,8.25,7.5,8.75,False
37012535,5.4,7.0,4.4,0,0,0,7.25,9.0,9.0,False
37012536,6.6,9.0,6.8,4.5,7.0,6.0,0,0,0,True
37012537,7.6,8.25,8.8,4.0,7.0,5.25,0,0,0,True
37012538,7.6,8.75,8.8,6.0,6.25,5.25,0,0,0,True
37012539,6.6,8.0,4.6,6.0,3.5,6.25,0,0,0,True
37012540,7.2,8.25,4.8,8.25,8.0,7.0,0,0,0,True
37012541,6.8,8.5,6.6,6.5,6.5,7.75,0,0,0,True
37012542,2.0,4.0,0,0,0,0,6.75,5.25,0,False
37012543,7.4,6.0,0,0,0,0,8.0,7.75,0,False
37012544,4.0,6.75,0,0,0,0,5.25,5.5,0,False
37012545,6.4,8.0,5.4,0,0,0,5.75,7.75,8.5,False
37012546,6.2,7.75,6.6,4.25,5.0,5.75,0,0,0,True
37012547,6.2,6.75,0,0,0,0,3.5,6.25,0,False
37012548,8.0,7.5,8.6,8.0,5.75,6.0,0,0,0,True
37012549,6.0,5.5,6.0,0,0,0,5.5,7.5,6.0,False
37012550,5.0,5.25,5.4,5.75,5.5,6.25,0,0,0,True
37012551,6.4,8.75,5.8,0,0,0,5.75,6.75,6.75,False
37012552,3.6,5.5,6.0,0,0,0,6.75,7.5,8.25,False
37012553,7.6,8.25,7.6,6.25,7.25,6.75,0,0,0,True
37012554,9.2,8.0,8.2,8.0,5.5,8.0,0,0,0,True
37012555,8.0,8.0,6.8,6.75,8.0,6.25,0,0,0,True
37012556,8.2,8.0,8.2,8.5,6.25,4.75,0,0,0,True
37012557,7.4,7.75,6.8,0,0,0,7.25,9.25,9.25,False
37012558,2.2,6.25,5.8,0,0,0,7.5,7.5,8.5,False
37012559,7.4,6.75,4.4,8.0,6.25,5.5,0,0,0,True
37012560,5.8,6.75,5.4,0,0,0,6.25,7.25,8.0,False
37012561,5.6,7.75,5.6,0,0,0,7.0,7.25,9.0,False
37012562,6.2,7.0,4.8,0,0,0,7.75,6.0,8.25,False
37012563,6.2,7.25,5.6,0,0,0,6.25,7.0,8.75,False
37012564,6.0,8.0,6.6,0,0,0,6.75,7.5,10.0,False
37012565,7.4,7.0,4.8,5.5,6.25,5.0,0,0,0,True
37012566,5.4,6.25,5.2,0,0,0,8.0,7.0,7.5,False
37012567,6.0,7.0,6.2,0,0,0,6.75,8.0,8.25,False
37012568,8.2,8.5,8.4,8.25,8.5,5.75,0,0,0,True
37012569,5.8,7.5,6.6,0,0,0,6.75,7.25,9.0,False
37012570,5.0,8.0,7.8,0,0,0,6.5,7.5,8.5,False
37012571,7.0,7.25,5.6,0,0,0,5.0,6.25,7.25,False
37012572,8.0,8.75,6.0,8.0,7.5,6.5,0,0,0,True
37012573,6.2,6.5,0,0,0,0,6.0,6.75,0,False
37012574,8.6,9.25,9.0,8.0,8.75,7.0,0,0,0,True
37012575,7.4,8.5,7.8,8.75,4.75,5.5,0,0,0,True
37012576,8.2,7.25,7.8,8.0,5.75,4.5,0,0,0,True
37012577,5.0,6.75,4.0,5.0,4.25,6.0,0,0,0,True
37012578,7.2,7.75,4.2,0,0,0,7.0,8.25,8.0,False
37012579,7.4,6.75,8.4,7.5,4.25,4.0,0,0,0,True
37012580,7.0,6.75,5.6,6.25,4.75,5.0,0,0,0,True
37012581,6.0,6.25,6.2,0,0,0,7.0,7.0,7.25,False
37012582,5.6,7.25,6.6,0,0,0,7.0,7.75,8.0,False
37012583,7.2,7.75,6.0,7.5,7.25,7.75,0,0,0,True
37012584,6.0,8.0,5.4,0,0,0,6.25,7.5,8.75,False
37012585,7.8,8.5,8.0,8.25,7.75,8.75,0,0,0,True
37012586,3.8,4.25,0,0,0,0,6.75,8.0,0,False
37012587,7.6,8.25,6.6,0,0,0,7.25,8.0,9.0,False
37012588,8.8,8.0,8.0,8.75,5.0,6.25,0,0,0,True
37012589,7.4,8.0,7.6,7.75,5.75,6.0,0,0,0,True
37012590,5.8,6.5,6.2,0,0,0,6.75,7.75,9.25,False
37012591,6.6,6.5,6.0,0,0,0,5.75,6.25,8.75,False
37012592,7.6,6.5,5.0,6.25,5.25,5.25,0,0,0,True
37012593,7.0,6.0,5.2,0,0,0,5.75,5.75,8.0,False
37012594,6.8,6.5,5.6,9.0,8.5,7.0,0,0,0,True
37012595,6.2,7.75,7.2,0,0,0,6.5,7.5,9.0,False
37012596,7.4,7.75,7.2,4.5,5.0,4.75,0,0,0,True
37012597,8.2,7.5,6.8,0,0,0,7.0,9.25,9.5,False
37012598,2.8,5.0,0,0,0,0,3.0,4.5,0,False
37012599,6.6,6.25,0,0,0,0,6.75,7.0,0,False
37012600,6.4,6.75,7.6,5.0,6.5,5.25,0,0,0,True
37012601,8.2,7.25,5.6,7.5,8.25,7.0,0,0,0,True
37012602,7.4,6.25,4.8,6.25,7.5,5.75,0,0,0,True
37012603,5.6,7.25,4.8,0,0,0,6.75,7.5,8.25,False
37012604,5.0,5.25,0,0,0,0,6.25,6.0,0,False
37012605,5.2,5.25,6.6,0,0,0,6.0,4.5,7.25,False
37012606,8.8,7.75,6.6,5.25,9.5,9.5,0,0,0,True
37012607,5.6,6.75,6.2,0,0,0,5.25,5.75,8.0,False
37012608,4.2,7.5,6.8,0,0,0,6.0,8.0,8.75,False
37012609,6.2,8.25,6.4,0,0,0,7.0,7.25,8.5,False
37012610,9.4,7.5,7.6,8.75,9.75,7.75,0,0,0,True
37012611,4.4,5.75,4.6,0,0,0,6.25,4.75,7.0,False
37012612,7.2,7.5,8.2,8.0,6.5,5.75,0,0,0,True
37012613,6.0,7.75,6.6,7.0,6.75,5.25,0,0,0,True
37012614,7.8,7.75,8.2,8.75,7.0,6.5,0,0,0,True
37012615,8.2,8.5,7.6,8.5,8.75,7.0,0,0,0,True
37012616,7.8,7.5,7.2,7.75,8.0,7.5,0,0,0,True
37012617,5.6,7.75,6.0,0,0,0,5.5,6.75,6.75,False
37012618,6.2,7.0,5.2,0,0,0,5.75,9.0,8.25,False
37012619,7.6,8.0,7.8,8.25,7.5,7.0,0,0,0,True
37012621,8.4,7.5,7.8,7.25,6.5,5.5,0,0,0,True
37012622,4.0,5.0,3.4,0,0,0,5.25,5.0,7.0,False
37012623,5.4,5.5,1.4,0,0,0,7.25,8.0,7.5,False
37012624,8.2,6.75,6.2,7.0,7.5,7.5,0,0,0,True
37012625,7.8,6.5,6.2,6.25,7.75,7.75,0,0,0,True
37012626,4.0,2.75,5.2,0,0,0,7.25,8.5,9.25,False
37012627,7.8,7.75,8.2,8.25,6.0,8.25,0,0,0,True
37012628,7.6,7.5,7.4,8.5,7.75,6.25,0,0,0,True
37012629,7.2,8.0,9.2,6.25,5.75,6.25,0,0,0,True
37012630,2.4,5.75,0,0,0,0,4.5,4.5,0,False
37012631,8.4,6.5,6.4,0,0,0,6.25,6.5,9.0,False
37012633,7.8,6.25,5.2,6.75,7.25,6.25,0,0,0,True
37012634,6.4,7.75,6.2,0,0,0,8.25,8.25,8.5,False
37012635,4.2,5.25,0,0,0,0,4.0,6.5,0,False
37012636,3.4,6.5,0,0,0,0,3.75,7.0,0,False
37012637,6.4,6.75,6.0,7.0,5.25,5.5,0,0,0,True
37012638,4.2,8.75,5.8,0,0,0,9.5,8.5,8.25,False
37012639,5.8,7.0,0,0,0,0,7.75,8.0,0,False
37012640,6.6,7.75,5.2,5.75,4.5,6.25,0,0,0,True
37012641,5.6,6.75,6.4,0,0,0,6.0,5.25,7.0,False
37012642,5.2,7.0,6.8,0,0,0,6.5,7.0,9.0,False
37012643,7.2,7.5,7.0,6.75,5.0,6.5,0,0,0,True
37012644,8.2,7.75,7.2,8.25,7.75,5.5,0,0,0,True
37012645,6.2,7.25,7.0,6.25,4.75,5.75,0,0,0,True
37012646,5.4,8.0,5.4,0,0,0,7.5,6.75,8.25,False
37012647,7.6,8.0,6.4,0,0,0,7.5,7.25,8.75,False
37012648,5.4,6.5,4.8,0,0,0,7.75,6.25,8.0,False
37012649,7.0,7.0,5.8,6.25,6.75,6.25,0,0,0,True
37012650,8.0,5.25,5.4,7.25,7.0,6.0,0,0,0,True
37012651,6.0,5.75,5.6,0,0,0,6.75,5.0,6.75,False
37012652,5.6,4.25,4.8,0,0,0,6.25,5.75,6.25,False
37012653,6.6,9.25,5.2,0,0,0,8.5,7.5,9.5,False
37012654,8.2,9.0,7.4,0,0,0,6.75,8.0,8.5,False
37012655,5.4,6.75,0,0,0,0,4.75,6.25,0,False
37012656,6.2,6.75,6.0,6.0,5.5,5.75,0,0,0,True
37012657,3.8,3.0,0,0,0,0,7.0,4.75,0,False
37012658,5.8,7.25,6.4,2.75,3.5,4.75,0,0,0,True
37012659,7.0,6.5,6.0,0,0,0,7.25,7.75,8.75,False
37012660,3.0,3.0,0,0,0,0,2.75,6.0,0,False
37012661,6.6,6.5,4.0,5.75,6.25,5.75,0,0,0,True
37012662,5.2,7.5,5.0,0,0,0,7.25,6.75,9.75,False
37012663,6.2,7.75,0,0,0,0,7.75,7.75,0,False
37012664,5.4,7.25,5.4,0,0,0,7.0,6.25,8.0,False
37012665,8.0,7.75,5.2,6.5,6.0,6.0,0,0,0,True
37012666,8.0,6.75,5.8,6.0,7.75,6.25,0,0,0,True
37012667,7.4,7.0,0,0,0,0,8.25,8.0,0,False
37012668,6.4,7.5,6.0,0,0,0,5.75,7.25,8.5,False
37012669,8.8,8.75,6.4,8.0,7.75,7.0,0,0,0,True
37012670,8.6,9.0,8.2,6.75,5.75,6.0,0,0,0,True
37012671,6.8,7.25,5.4,2.0,5.75,6.5,0,0,0,True
37012672,6.8,8.75,7.0,0,0,0,7.0,7.75,8.5,False
37012673,6.4,7.5,6.8,4.25,6.0,6.25,0,0,0,True
37012674,4.6,7.75,0,0,0,0,6.75,6.5,0,False
37012675,8.0,8.25,7.8,5.0,6.75,6.5,0,0,0,True
37012676,6.2,6.25,6.8,0,0,0,5.5,6.75,7.75,False
37012677,7.6,8.25,8.4,8.25,7.25,6.75,0,0,0,True
37012678,6.2,7.25,6.4,0,0,0,5.25,7.0,8.5,False
37012679,3.8,7.0,3.2,0,0,0,6.0,5.25,7.25,False
37012680,2.4,4.5,0,0,0,0,4.25,4.0,0,False
37012681,6.2,6.75,4.6,5.5,5.5,6.25,0,0,0,True
37012682,6.2,7.5,5.2,0,0,0,5.25,5.25,8.25,False
37012683,8.4,8.25,8.2,8.25,8.0,7.75,0,0,0,True
37012684,6.4,8.0,5.8,0,0,0,7.5,6.5,8.25,False
37012685,7.2,7.75,5.2,0,0,0,7.0,7.0,9.25,False
37012686,7.0,6.5,5.4,0,0,0,6.5,6.75,8.5,False
37012687,5.4,6.0,5.4,0,0,0,5.5,6.75,7.25,False
37012688,5.0,7.0,0,0,0,0,6.75,6.25,0,False
37012689,5.6,6.75,4.8,0,0,0,5.75,6.75,8.25,False
37012690,7.6,7.5,6.0,6.25,5.75,6.0,0,0,0,True
37012691,7.6,7.5,6.0,0,0,0,6.25,8.0,9.25,False
37012692,7.8,7.75,6.6,4.25,5.0,6.5,0,0,0,True
37012693,5.6,6.5,5.4,0,0,0,6.25,8.0,7.5,False
37012694,8.4,7.75,6.4,7.0,6.75,5.0,0,0,0,True
37012695,5.4,7.0,5.4,4.0,7.0,5.25,0,0,0,True
37012696,7.0,7.0,5.2,0,0,0,6.0,7.25,7.25,False
37012697,7.0,6.75,5.6,6.75,6.0,6.25,0,0,0,True
37012698,7.8,6.75,5.2,6.25,7.0,7.5,0,0,0,True
37012699,6.8,5.5,5.6,0,0,0,7.5,8.0,8.0,False
37012700,7.0,7.5,6.6,7.5,7.75,7.5,0,0,0,True
37012701,7.2,7.5,5.2,0,0,0,8.0,8.75,9.25,False
37012702,5.2,6.25,0,0,0,0,5.5,5.5,0,False
37012703,7.0,8.5,4.4,0,0,0,5.5,6.0,7.5,False
37012704,5.4,7.5,4.4,0,0,0,6.75,7.5,7.75,False
37012705,6.2,8.25,5.2,7.75,5.25,7.25,0,0,0,True
37012706,6.2,8.5,7.0,6.5,7.25,8.5,0,0,0,True
37012707,5.0,8.25,5.2,0,0,0,7.25,9.0,9.0,False
37012708,4.6,7.75,5.6,0,0,0,8.75,8.0,8.5,False
37012709,6.6,7.5,7.0,4.5,5.5,6.25,0,0,0,True
37012710,7.0,7.75,6.6,6.25,4.75,5.75,0,0,0,True
37012711,5.4,6.0,5.4,0,0,0,5.25,5.75,7.75,False
37012712,5.8,5.5,6.0,0,0,0,5.25,6.25,7.0,False
37012713,5.0,7.25,5.4,0,0,0,5.5,6.75,8.0,False
37012714,5.4,7.5,5.2,0,0,0,5.25,5.75,7.0,False
37012715,3.8,6.5,0,0,0,0,5.5,5.0,0,False
37012716,7.8,6.5,9.2,7.75,8.75,8.5,0,0,0,True
37012717,8.6,7.75,8.8,9.25,7.75,8.25,0,0,0,True
37012718,4.8,6.75,8.2,0,0,0,6.0,5.5,8.0,False
37012719,4.6,4.75,0,0,0,0,4.0,5.0,0,False
37012720,6.4,6.75,6.4,0,0,0,4.75,7.5,6.25,False
37012721,7.8,9.0,7.8,7.75,7.0,7.25,0,0,0,True
37012722,6.6,9.0,5.0,0,0,0,7.25,7.5,9.25,False
37012723,6.4,8.5,5.6,5.5,7.0,6.5,0,0,0,True
37012724,7.6,8.25,6.8,0,0,0,6.75,5.75,9.0,False
37012725,6.0,8.25,6.8,0,0,0,7.25,6.0,8.0,False
37012726,8.0,7.75,6.8,8.75,8.25,9.0,0,0,0,True
37012727,6.2,5.75,4.8,0,0,0,5.0,5.0,7.0,False
37012728,8.4,8.0,5.6,8.75,9.0,7.5,0,0,0,True
37012729,5.4,5.0,4.6,0,0,0,6.0,6.25,7.25,False
37012730,7.2,7.75,6.4,7.0,6.5,7.5,0,0,0,True
37012731,9.0,8.0,5.6,9.25,9.75,8.0,0,0,0,True
37012732,7.4,8.0,5.2,8.5,8.5,6.25,0,0,0,True
37012733,7.8,7.25,6.0,0,0,0,6.0,6.25,9.0,False
37012734,6.2,8.5,6.0,0,0,0,7.0,7.25,8.25,False
37012735,7.8,7.25,8.0,6.25,8.5,6.0,0,0,0,True
37012736,6.2,8.25,6.2,0,0,0,7.25,7.75,9.5,False
37012737,5.2,6.75,4.8,0,0,0,6.0,6.25,7.75,False
37012738,8.0,8.0,8.4,6.75,9.75,5.75,0,0,0,True
37012739,8.2,7.5,4.8,6.75,5.75,5.75,0,0,0,True
37012740,7.8,8.5,4.0,5.75,3.5,5.25,0,0,0,True
37012741,8.4,8.5,9.2,8.5,7.5,6.5,0,0,0,True
37012742,5.4,7.5,5.6,0,0,0,6.25,7.5,7.25,False
37012743,8.0,8.0,6.8,8.75,8.75,6.0,0,0,0,True
37012744,6.6,8.5,5.6,7.0,8.25,8.25,0,0,0,True
37012745,5.4,6.5,6.0,0,0,0,3.75,8.0,8.0,False
37012746,6.0,7.5,4.8,0,0,0,5.25,6.0,9.0,False
37012747,7.8,8.75,5.6,7.75,7.25,6.75,0,0,0,True
37012748,5.4,8.25,0,0,0,0,7.0,7.25,0,False
37012749,7.2,8.5,6.2,6.0,6.25,6.25,0,0,0,True
37012750,7.4,9.0,6.8,0,0,0,8.25,9.75,9.0,False
37012751,7.6,7.25,5.4,8.0,9.25,8.25,0,0,0,True
37012752,3.4,6.5,0,0,0,0,4.25,5.0,0,False
37012753,5.8,7.75,7.0,0,0,0,5.0,6.75,8.25,False
37012754,6.6,8.5,8.4,0,0,0,6.25,6.75,9.25,False
37012755,7.2,8.0,6.4,4.75,6.0,5.75,0,0,0,True
37012756,5.8,8.0,8.0,6.25,7.25,7.25,0,0,0,True
37012757,6.6,7.75,8.6,8.25,8.0,8.25,0,0,0,True
37012758,6.4,8.5,6.6,7.75,5.5,7.5,0,0,0,True
37012759,6.4,6.5,5.6,0,0,0,7.0,6.75,8.0,False
37012760,6.4,7.5,6.0,5.75,7.5,6.0,0,0,0,True
37012761,6.6,7.0,4.8,4.5,5.25,6.25,0,0,0,True
37012762,6.2,6.25,4.8,4.75,6.5,6.25,0,0,0,True
37012763,7.8,7.5,5.6,6.75,6.75,5.75,0,0,0,True
37012764,6.0,7.25,3.4,0,0,0,6.0,7.25,8.5,False
37012765,8.2,9.25,8.4,6.25,7.75,7.0,0,0,0,True
37012766,7.8,7.25,6.4,7.75,7.0,5.0,0,0,0,True
37012767,7.2,7.5,6.8,0,0,0,9.0,9.0,8.0,False
37012768,7.8,8.5,8.0,6.75,6.75,7.25,0,0,0,True
37012769,5.8,6.75,6.4,0,0,0,7.0,6.25,8.5,False
37012770,8.4,8.25,7.8,9.0,7.75,7.0,0,0,0,True
37012771,9.2,7.75,8.0,9.0,7.5,6.5,0,0,0,True
37012772,7.6,8.0,7.0,8.25,8.25,5.5,0,0,0,True
37012773,8.4,7.75,5.2,8.0,8.25,5.0,0,0,0,True
37012774,6.2,6.5,6.0,7.5,6.5,5.25,0,0,0,True
37012775,6.6,8.5,6.8,0,0,0,6.25,6.0,8.75,False
37012776,6.6,7.25,5.6,0,0,0,6.25,6.25,7.75,False
37012777,7.0,6.5,4.8,0,0,0,6.0,6.5,6.75,False
37012778,4.6,6.25,5.6,0,0,0,6.25,6.5,7.75,False
37012779,6.8,6.5,5.4,5.25,7.0,6.5,0,0,0,True
37012780,3.6,6.75,0,0,0,0,4.0,6.25,0,False
37012781,6.6,8.0,5.6,0,0,0,4.75,7.0,7.25,False
37012782,3.4,7.0,5.6,0,0,0,6.75,6.0,8.25,False
37012783,6.2,7.0,5.8,0,0,0,7.0,6.0,7.75,False
37012784,8.0,8.0,5.2,7.25,5.75,6.0,0,0,0,True
37012785,8.0,8.25,8.6,0,0,0,9.5,7.5,9.5,False
37012786,5.6,7.25,5.6,0,0,0,7.0,8.25,8.5,False
37012787,6.6,7.25,5.8,0,0,0,8.0,7.75,9.0,False
37012789,4.4,7.0,5.6,0,0,0,6.0,7.25,7.75,False
37012790,8.0,8.25,5.6,0,0,0,4.75,6.0,8.75,False
37012791,5.6,6.25,4.4,0,0,0,5.25,6.75,7.5,False
37012792,7.6,6.75,4.8,4.25,6.0,6.25,0,0,0,True
37012793,6.8,8.0,5.0,0,0,0,4.75,6.25,7.5,False
37012794,2.6,6.0,0,0,0,0,5.0,5.25,0,False
37012795,8.6,8.25,5.8,8.75,9.75,8.0,0,0,0,True
37012796,7.8,8.5,7.2,7.0,7.75,6.75,0,0,0,True
37012797,5.8,7.25,5.4,0,0,0,5.5,7.25,8.75,False
37012798,7.4,8.5,5.4,8.0,6.75,6.75,0,0,0,True
37012799,7.8,8.0,7.2,8.25,7.0,6.25,0,0,0,True
37012800,3.6,6.25,0,0,0,0,5.25,6.5,0,False
37012801,6.2,5.75,5.4,0,0,0,6.25,7.25,8.5,False
37012802,6.0,5.5,6.0,0,0,0,5.75,6.75,8.0,False
37012803,6.6,6.5,5.2,0,0,0,7.75,7.25,6.5,False
37012804,7.8,5.5,6.8,7.5,6.5,5.75,0,0,0,True
37012805,6.4,6.25,5.2,0,0,0,8.0,7.5,8.25,False
37012806,5.6,7.0,0,0,0,0,7.5,8.0,0,False
37012807,8.4,8.0,7.2,8.25,7.75,5.0,0,0,0,True
37012808,7.0,6.25,5.4,0,0,0,7.75,5.75,7.75,False
37012809,6.4,6.25,0,0,0,0,8.0,9.25,0,False
37012810,3.4,7.25,0,0,0,0,4.5,5.25,0,False
37012811,7.8,6.5,6.2,8.0,8.0,6.5,0,0,0,True
37012812,6.8,6.5,5.6,0,0,0,8.0,8.0,8.5,False
37012813,8.0,6.75,8.0,8.0,7.5,5.75,0,0,0,True
37012814,4.0,6.5,5.2,3.25,6.75,6.75,0,0,0,True
37012815,3.6,5.0,4.8,0,0,0,8.0,6.75,8.25,False
37012816,7.2,7.0,6.2,4.25,7.5,5.75,0,0,0,True
37012817,8.2,8.0,4.6,5.25,7.25,8.25,0,0,0,True
37012818,1.4,2.5,0,0,0,0,4.75,6.0,0,False
37012819,8.0,7.75,4.8,6.75,7.5,7.5,0,0,0,True
37012820,5.4,7.5,9.2,0,0,0,8.25,7.75,8.5,False
37012821,8.6,6.75,7.0,8.5,8.25,6.25,0,0,0,True
37012822,7.4,8.5,7.2,6.5,7.0,6.5,0,0,0,True
37012823,7.2,7.5,7.2,0,0,0,8.25,9.0,9.25,False
37012824,8.2,7.0,9.2,8.75,5.75,8.0,0,0,0,True
37012825,5.8,5.25,6.4,0,0,0,7.5,8.5,7.75,False
37012826,7.6,8.5,6.4,7.25,6.5,6.75,0,0,0,True
37012827,8.8,6.5,7.4,8.0,8.25,6.5,0,0,0,True
37012828,7.4,7.25,8.4,8.5,5.0,5.25,0,0,0,True
37012829,5.6,7.5,5.4,0,0,0,7.25,7.5,7.75,False
37012830,7.6,8.25,6.8,0,0,0,7.25,8.75,8.25,False
37012831,7.0,7.25,6.6,0,0,0,5.5,8.0,8.75,False
37012832,8.6,6.0,7.2,8.25,8.75,6.0,0,0,0,True
37012833,7.0,6.25,4.8,0,0,0,7.0,7.75,8.5,False
37012834,6.2,7.25,5.6,0,0,0,6.75,7.5,8.75,False
37012835,6.2,7.75,4.2,5.25,6.75,6.5,0,0,0,True
37012836,3.6,4.25,0,0,0,0,4.75,5.25,0,False
37012837,2.6,1.5,0,0,0,0,4.0,3.75,0,False
37012838,7.0,7.0,4.8,6.25,5.25,7.5,0,0,0,True
37012839,6.4,7.25,5.2,0,0,0,5.5,6.75,7.75,False
37012840,7.6,8.25,5.2,6.5,8.25,7.75,0,0,0,True
37012841,6.2,8.0,5.4,0,0,0,7.25,7.0,7.75,False
37012843,7.0,7.5,7.6,0,0,0,7.5,8.5,9.25,False
37012844,6.0,5.5,7.0,7.0,6.5,5.5,0,0,0,True
37012845,6.0,6.5,5.4,0,0,0,6.0,8.0,9.0,False
37012846,6.2,7.5,6.4,0,0,0,6.0,7.0,9.0,False
37012847,5.0,5.0,6.8,0,0,0,7.0,8.0,7.25,False
37012848,5.4,8.25,9.4,0,0,0,9.0,8.25,9.0,False
37012849,8.2,8.5,8.8,6.25,5.25,6.25,0,0,0,True
37012851,6.6,8.5,7.2,5.0,6.0,6.5,0,0,0,True
37012852,3.6,6.0,0,0,0,0,8.25,7.25,0,False
37012853,7.2,6.75,4.6,6.5,6.75,6.0,0,0,0,True
37012854,7.0,6.5,5.8,0,0,0,7.0,7.25,8.0,False
37012855,6.4,7.5,5.2,0,0,0,7.25,7.75,8.0,False
37012856,4.4,5.0,0,0,0,0,6.75,7.0,0,False
37012857,5.8,5.0,5.4,0,0,0,6.75,5.25,5.25,False
37012858,8.8,8.5,6.0,0,0,0,8.0,6.75,8.0,False
37012859,6.6,7.5,4.6,0,0,0,6.25,5.75,8.25,False
37012860,6.6,6.0,4.6,0,0,0,5.5,6.25,7.25,False
37012861,8.2,7.5,6.8,7.5,7.0,6.75,0,0,0,True
37012862,7.2,5.5,6.2,0,0,0,5.25,6.25,5.75,False
37012863,7.0,6.0,6.4,0,0,0,6.75,6.75,7.25,False
37012864,4.8,5.5,6.2,0,0,0,6.75,5.5,6.5,False
37012865,5.4,6.0,4.8,0,0,0,5.75,6.75,6.5,False
37012866,8.6,7.5,8.4,9.0,6.5,7.0,0,0,0,True
37012867,5.4,5.25,0,0,0,0,7.0,4.25,0,False
37012868,7.0,8.5,5.2,7.0,6.25,6.25,0,0,0,True
37012869,6.6,6.5,4.2,0,0,0,7.75,7.25,8.25,False
37012870,7.6,6.75,4.0,7.75,6.25,5.0,0,0,0,True
37012871,5.2,4.25,0,0,0,0,7.25,6.25,0,False
37012872,7.6,6.0,7.0,8.0,8.5,6.75,0,0,0,True
37012873,7.2,8.0,5.2,8.0,7.5,7.75,0,0,0,True
37012874,6.0,6.5,5.2,0,0,0,7.0,5.75,6.5,False
37012875,5.0,6.5,4.6,0,0,0,6.0,7.5,6.75,False
37012876,5.8,7.75,5.2,0,0,0,8.0,7.0,7.5,False
37012877,7.6,8.0,7.6,2.75,5.25,4.75,0,0,0,True
37012878,4.0,7.0,4.2,3.5,6.25,5.5,0,0,0,True
37012879,4.8,5.5,5.4,0,0,0,6.75,6.5,7.25,False
37012880,3.2,5.75,0,0,0,0,6.75,5.25,0,False
37012881,4.2,5.5,0,0,0,0,8.25,8.0,0,False
37012882,8.2,8.0,6.4,7.25,7.0,6.25,0,0,0,True
37012883,8.2,8.25,6.0,6.75,6.75,7.25,0,0,0,True
37012884,4.6,6.0,4.0,0,0,0,5.25,5.5,5.0,False
37012885,5.6,5.5,5.0,0,0,0,5.0,5.5,6.75,False
37012886,8.0,8.0,6.8,7.25,8.25,7.75,0,0,0,True
37012887,6.2,7.25,5.4,0,0,0,4.75,6.5,6.25,False
37012888,6.0,7.0,7.4,0,0,0,6.0,7.0,9.0,False
37012889,7.6,8.0,7.4,6.5,7.75,6.5,0,0,0,True
37012890,7.0,7.0,5.0,0,0,0,6.0,7.75,7.75,False
37012891,6.2,7.0,3.8,0,0,0,5.0,6.0,7.0,False
37012892,2.6,6.75,3.4,0,0,0,4.0,3.5,6.25,False
37012893,5.8,7.0,4.2,0,0,0,3.0,5.25,6.75,False
37012894,6.6,8.0,4.6,0,0,0,6.0,7.75,9.5,False
37012895,5.2,6.75,0,0,0,0,5.0,5.75,0,False
37012897,6.2,7.5,4.4,0,0,0,5.25,6.5,8.75,False
37012898,8.0,8.25,6.6,5.0,6.25,6.5,0,0,0,True
37012899,6.6,8.25,7.8,0,0,0,8.25,7.25,8.25,False
37012900,3.8,6.5,0,0,0,0,7.25,6.5,0,False
37012901,4.6,5.0,6.6,0,0,0,6.0,8.0,7.75,False
37012902,4.2,4.5,0,0,0,0,7.75,8.5,0,False
37012903,6.8,8.25,6.0,0,0,0,6.0,7.0,9.5,False
37012904,9.2,8.0,7.8,8.5,9.0,8.0,0,0,0,True
37012905,7.4,7.25,5.8,8.0,8.0,7.0,0,0,0,True
37012906,8.0,7.75,7.0,8.5,7.75,6.75,0,0,0,True
37012907,7.6,7.5,6.4,7.5,8.0,8.25,0,0,0,True
37012908,4.4,6.25,0,0,0,0,5.75,8.5,0,False
37012909,2.8,3.75,0,0,0,0,4.0,4.75,0,False
37012910,7.6,7.5,6.6,6.75,9.0,6.0,0,0,0,True
37012911,4.6,7.0,0,0,0,0,5.0,5.25,0,False
37012912,8.2,7.0,7.6,8.0,8.5,5.0,0,0,0,True
37012913,7.4,6.75,6.4,7.25,7.75,6.0,0,0,0,True
37012914,4.2,7.0,5.0,0,0,0,6.75,6.5,7.25,False
37012915,8.0,9.0,7.4,8.25,5.5,6.5,0,0,0,True
37012916,6.8,7.5,0,0,0,0,7.25,8.25,0,False
37012917,4.0,6.5,6.0,0,0,0,6.75,8.25,7.75,False
37012918,8.6,7.75,7.2,7.5,7.5,7.25,0,0,0,True
37012919,7.8,6.0,0,0,0,0,3.75,6.0,0,False
37012920,7.8,5.5,6.4,7.5,7.25,7.25,0,0,0,True
37012921,7.0,7.5,6.2,0,0,0,6.25,5.75,8.5,False
37012922,7.0,7.5,5.8,0,0,0,6.5,6.75,8.5,False
37012923,8.6,7.0,6.8,8.75,8.25,4.75,0,0,0,True
37012924,8.0,8.25,6.8,5.0,6.0,5.25,0,0,0,True
37012925,6.0,6.25,6.4,0,0,0,6.0,7.0,7.0,False
37012926,7.2,6.5,5.4,0,0,0,5.25,5.75,8.0,False
37012927,6.2,7.25,5.0,0,0,0,6.0,7.25,7.75,False
37012928,5.8,8.5,7.0,0,0,0,6.0,6.25,8.25,False
37012929,7.0,7.75,6.0,6.0,7.25,6.25,0,0,0,True
37012930,7.2,6.0,0,0,0,0,5.0,6.5,0,False
37012931,7.0,6.25,6.2,0,0,0,5.5,5.25,7.75,False
37012932,6.4,5.25,5.6,0,0,0,7.0,3.75,7.5,False
37012933,7.4,8.0,7.4,8.75,6.75,5.75,0,0,0,True
37012934,8.0,6.75,5.6,7.25,7.25,5.25,0,0,0,True
37012935,7.0,7.0,4.6,0,0,0,6.25,5.25,7.5,False
37012936,7.0,8.0,6.2,0,0,0,6.0,7.75,8.75,False
37012937,7.2,7.5,7.0,7.25,6.25,6.5,0,0,0,True
37012938,3.4,2.75,0,0,0,0,4.5,3.75,0,False
37012939,7.0,7.0,6.8,5.5,8.0,4.25,0,0,0,True
37012940,5.4,6.25,6.6,0,0,0,7.25,6.5,7.0,False
37012941,7.2,6.5,4.8,3.25,5.0,4.5,0,0,0,True
37012942,7.0,7.75,6.2,0,0,0,8.75,6.5,8.75,False
37012943,6.6,5.0,6.0,5.5,5.5,5.25,0,0,0,True
37012944,3.8,6.0,0,0,0,0,5.0,7.25,0,False
37012945,7.4,7.5,5.0,0,0,0,6.75,7.5,8.5,False
37012946,8.2,8.75,7.8,0,0,0,9.0,8.25,8.75,False
37012947,7.6,8.25,7.0,7.0,7.5,7.0,0,0,0,True
37012948,4.0,7.5,5.2,0,0,0,6.75,7.25,6.5,False
37012949,7.4,8.25,8.0,5.75,6.0,5.75,0,0,0,True
37012950,9.4,8.5,8.2,8.75,9.25,6.5,0,0,0,True
37012951,6.6,7.75,6.2,0,0,0,6.5,6.75,8.25,False
37012952,6.6,7.5,5.4,0,0,0,6.25,6.25,7.75,False
37012953,7.6,6.5,3.2,5.75,6.5,5.5,0,0,0,True
37012954,7.4,6.75,3.8,5.25,6.75,7.0,0,0,0,True
37012955,7.4,5.0,5.6,0,0,0,4.75,7.0,7.5,False
37012956,8.0,6.75,4.2,0,0,0,5.75,6.0,8.75,False
37012957,7.4,7.5,9.2,8.25,7.75,6.75,0,0,0,True
37012958,6.8,6.75,6.6,0,0,0,6.5,6.0,8.0,False
37012959,5.8,3.25,0,0,0,0,5.5,4.5,0,False
37012960,8.2,7.75,7.2,7.25,8.5,9.0,0,0,0,True
37012961,7.4,6.5,5.0,0,0,0,7.75,6.25,9.25,False
37012962,8.0,6.25,5.0,6.75,7.5,7.75,0,0,0,True
37012963,7.0,5.5,5.0,0,0,0,6.5,6.0,8.25,False
37012964,7.6,6.5,0,0,0,0,5.5,7.5,0,False
37012965,6.6,8.25,0,0,0,0,7.5,7.25,0,False
37012966,3.6,5.75,0,0,0,0,6.25,7.25,0,False
37012967,8.0,7.0,5.8,7.5,8.25,7.25,0,0,0,True
37012968,8.2,6.75,8.4,7.25,6.5,5.0,0,0,0,True
37012969,5.2,3.5,6.0,0,0,0,5.75,6.5,6.5,False
37012970,3.6,6.75,4.4,0,0,0,5.5,5.75,7.75,False
37012971,8.0,9.0,7.2,0,0,0,8.0,8.25,8.5,False
37012972,7.4,5.5,4.6,6.0,4.5,6.5,0,0,0,True
37012973,6.0,6.75,5.0,0,0,0,7.75,7.25,7.75,False
37012974,8.6,8.75,7.6,7.0,7.0,7.75,0,0,0,True
37012975,7.6,5.5,6.6,0,0,0,7.75,8.25,7.0,False
37012976,6.4,8.0,8.6,0,0,0,8.0,8.0,7.75,False
37012977,5.0,3.75,0,0,0,0,6.0,4.5,0,False
37012978,6.6,6.25,3.8,0,0,0,6.0,6.0,7.75,False
37012979,7.8,6.25,0,0,0,0,7.25,5.75,0,False
37012980,7.0,6.75,4.8,0,0,0,8.0,9.0,8.5,False
37012981,7.2,6.25,3.8,0,0,0,8.0,8.75,8.75,False
37012982,6.4,8.0,5.0,0,0,0,6.25,8.5,8.25,False
37012983,7.4,7.75,4.8,0,0,0,6.5,8.25,7.75,False
37012984,6.2,6.75,5.4,0,0,0,6.75,8.25,7.25,False
37012985,7.6,8.25,7.6,0,0,0,8.25,8.5,9.0,False
37012986,8.8,7.0,8.0,9.25,5.0,6.0,0,0,0,True
37012987,7.6,7.75,7.6,0,0,0,8.75,10.0,9.0,False
37012988,4.6,7.25,0,0,0,0,5.75,8.0,0,False
37012989,6.6,5.75,6.0,0,0,0,7.5,6.5,8.0,False
37012990,7.6,8.75,8.4,0,0,0,8.0,9.0,9.25,False
37012991,7.8,8.25,7.4,7.5,5.75,7.5,0,0,0,True
37012992,6.8,6.5,5.8,0,0,0,6.5,8.75,7.5,False
37012993,7.0,5.75,0,0,0,0,5.25,6.0,0,False
37012994,7.2,6.0,0,0,0,0,5.5,7.75,0,False
37012995,7.6,6.5,5.8,8.5,7.75,7.0,0,0,0,True
37012996,8.4,6.5,5.6,8.25,7.25,5.25,0,0,0,True
37012997,5.4,5.5,0,0,0,0,5.75,5.0,0,False
37012998,6.8,6.75,5.0,0,0,0,5.25,6.75,7.25,False
37012999,7.4,7.75,5.0,4.25,5.0,5.25,0,0,0,True
37013000,6.4,7.0,4.4,0,0,0,6.5,7.25,8.0,False
37013001,7.8,7.0,5.6,8.0,6.5,5.0,0,0,0,True
37013002,7.2,6.25,6.2,0,0,0,6.5,5.75,8.75,False
37013003,7.4,6.25,6.4,0,0,0,8.25,7.25,9.0,False
37013004,7.6,7.5,7.6,6.0,6.0,5.5,0,0,0,True
37013005,7.8,5.5,4.6,0,0,0,6.0,7.0,7.25,False
37013006,7.6,5.5,4.6,4.25,4.0,6.75,0,0,0,True
37013007,7.6,6.0,4.6,7.75,7.75,6.75,0,0,0,True
37013008,6.6,6.75,0,0,0,0,6.0,6.5,0,False
37013009,5.8,4.0,0,0,0,0,5.25,6.0,0,False
37013010,5.6,4.0,5.0,3.5,6.0,6.5,0,0,0,True
37013011,7.0,8.0,5.0,0,0,0,6.75,6.5,8.5,False
37013012,7.4,6.5,5.4,5.25,7.0,7.75,0,0,0,True
37013013,7.0,8.75,8.2,0,0,0,8.0,7.75,8.75,False
37013014,5.0,7.5,0,0,0,0,4.5,5.5,0,False
37013015,7.6,8.25,8.0,0,0,0,8.75,8.75,8.75,False
37013016,7.6,8.25,6.8,7.5,7.25,7.5,0,0,0,True
37013017,5.2,6.0,5.2,0,0,0,7.75,9.25,7.5,False
37013018,6.6,7.5,7.0,0,0,0,9.0,9.0,9.0,False
37013019,7.6,7.75,4.6,0,0,0,7.0,7.0,8.5,False
37013020,9.0,7.25,6.0,6.0,8.25,7.75,0,0,0,True
37013021,8.0,7.75,6.0,6.5,7.5,5.75,0,0,0,True
37013022,8.6,7.25,6.4,9.0,9.5,7.5,0,0,0,True
37013023,7.8,7.0,5.8,7.75,9.0,7.5,0,0,0,True
37013024,7.6,6.5,5.4,7.5,8.25,7.25,0,0,0,True
37013025,8.2,7.75,6.6,7.25,7.0,7.5,0,0,0,True
37013026,6.8,8.0,6.8,0,0,0,7.0,6.75,9.0,False
37013027,8.0,8.0,9.0,5.75,6.0,6.75,0,0,0,True
37013028,7.8,5.75,6.2,5.5,8.0,6.0,0,0,0,True
37013029,3.2,2.75,0,0,0,0,8.25,6.75,0,False
37013030,6.6,7.5,0,0,0,0,8.25,8.0,0,False
37013031,8.0,7.75,7.2,7.25,8.0,7.5,0,0,0,True
37013032,3.6,2.5,0,0,0,0,6.75,7.0,0,False
37013033,4.4,6.25,0,0,0,0,6.5,8.25,0,False
37013034,6.8,7.0,6.0,0,0,0,6.25,7.0,7.25,False
37013035,5.4,6.0,6.6,0,0,0,5.0,6.25,6.75,False
37013036,3.6,5.0,0,0,0,0,3.75,3.5,0,False
37013037,8.6,8.75,6.8,8.25,9.25,8.5,0,0,0,True
37013038,6.6,3.5,0,0,0,0,3.0,3.75,0,False
37013039,4.8,5.0,0,0,0,0,7.25,6.0,0,False
37013040,8.6,8.25,6.6,7.25,8.75,7.0,0,0,0,True
37013041,7.6,7.5,5.4,5.75,7.5,7.5,0,0,0,True
37013042,8.0,9.0,7.6,0,0,0,8.0,8.75,8.5,False
37013043,7.6,8.5,6.6,7.75,7.0,6.75,0,0,0,True
37013044,5.2,8.25,3.6,0,0,0,8.75,9.5,7.5,False
37013045,6.6,7.5,4.2,0,0,0,7.25,8.0,7.5,False
37013046,8.8,8.0,6.0,6.25,7.5,6.5,0,0,0,True
37013047,7.0,5.5,4.0,0,0,0,4.5,5.5,7.25,False
37013048,4.4,6.0,3.8,0,0,0,2.5,4.5,6.25,False
37013049,7.6,7.0,5.6,0,0,0,4.75,8.0,6.5,False
37013050,8.2,8.25,5.8,4.5,7.5,7.25,0,0,0,True
37013051,4.2,6.25,5.2,0,0,0,6.25,4.5,7.25,False
37013052,4.2,5.5,3.0,0,0,0,5.75,7.0,8.5,False
37013053,3.8,4.0,0,0,0,0,4.25,4.5,0,False
37013054,5.6,5.25,2.8,0,0,0,4.75,6.5,5.0,False
37013055,5.8,8.0,4.8,0,0,0,5.25,6.75,6.25,False
37013056,5.8,6.5,4.6,0,0,0,7.0,7.75,7.25,False
37013057,7.4,7.5,4.6,8.25,7.75,5.0,0,0,0,True
37013058,4.8,7.0,4.6,0,0,0,6.25,8.25,8.5,False
37013059,7.0,6.75,4.8,0,0,0,7.25,7.5,9.5,False
37013060,6.8,7.0,5.8,0,0,0,6.25,7.0,8.75,False
37013061,6.6,6.75,4.2,0,0,0,7.25,8.0,8.5,False
37013062,7.4,7.0,6.4,6.25,5.5,6.25,0,0,0,True
37013063,7.0,5.75,5.4,8.25,8.25,5.75,0,0,0,True
37013064,6.6,8.0,6.8,0,0,0,7.25,7.75,8.0,False
37013065,7.8,7.0,7.0,4.75,8.0,7.5,0,0,0,True
37013066,8.6,7.0,4.8,8.5,6.5,5.0,0,0,0,True
37013067,5.8,7.25,5.4,2.5,4.5,6.0,0,0,0,True
37013068,6.8,8.25,6.2,4.5,6.5,5.75,0,0,0,True
37013069,5.4,7.75,6.6,3.25,5.5,6.25,0,0,0,True
37013070,5.8,7.0,4.4,0,0,0,6.0,8.5,8.5,False
37013071,6.8,6.75,4.2,5.25,7.5,7.25,0,0,0,True
37013072,6.4,8.0,5.2,0,0,0,6.0,6.75,8.75,False
37013073,5.8,7.5,4.8,0,0,0,6.0,7.25,8.5,False
37013074,9.0,7.25,7.8,8.25,6.75,7.0,0,0,0,True
37013075,8.2,7.25,7.2,8.0,5.75,5.0,0,0,0,True
37013076,6.0,6.25,4.6,0,0,0,6.75,7.5,9.0,False
37013077,7.0,6.5,6.0,6.75,7.0,7.0,0,0,0,True
37013078,5.0,7.25,8.2,4.25,6.75,6.25,0,0,0,True
37013079,7.4,7.0,5.8,4.5,5.5,6.75,0,0,0,True
37013080,8.0,7.0,6.8,0,0,0,9.25,8.75,9.5,False
37013081,6.4,7.5,4.6,4.25,6.5,6.5,0,0,0,True
37013082,8.4,8.0,5.8,3.25,8.0,8.0,0,0,0,True
37013083,7.2,7.5,6.0,6.75,6.0,6.5,0,0,0,True
37013084,5.2,8.0,4.8,0,0,0,7.5,8.75,9.25,False
37013085,7.8,7.25,7.2,0,0,0,6.5,8.0,8.25,False
37013086,8.0,7.5,4.4,0,0,0,7.0,8.75,8.0,False
37013087,6.0,7.5,4.2,0,0,0,6.0,6.25,8.75,False
37013088,7.2,8.0,5.6,0,0,0,7.5,8.25,8.75,False
37013089,7.4,5.75,5.6,7.5,7.0,6.5,0,0,0,True
37013090,8.2,6.25,6.4,7.75,8.0,7.75,0,0,0,True
37013091,7.6,7.0,4.0,6.0,8.5,8.0,0,0,0,True
37013092,7.6,7.0,4.8,8.0,6.75,5.75,0,0,0,True
37013093,6.8,7.0,4.6,0,0,0,6.25,8.25,8.75,False
37013094,6.6,7.0,5.2,6.75,6.5,6.5,0,0,0,True
37013095,8.6,8.0,6.0,8.25,7.5,7.0,0,0,0,True
37013096,6.8,7.75,4.6,5.5,6.5,6.75,0,0,0,True
37013097,8.0,7.5,6.2,8.0,7.75,6.25,0,0,0,True
37013098,8.0,7.0,8.8,8.25,5.5,6.75,0,0,0,True
37013099,5.8,5.5,5.2,6.25,6.75,7.5,0,0,0,True
37013100,8.0,6.25,5.0,6.0,6.25,7.0,0,0,0,True
37013101,6.4,8.25,5.0,0,0,0,6.5,9.0,8.75,False
37013102,7.8,6.75,4.6,7.5,6.75,6.75,0,0,0,True
37013103,8.0,5.75,6.4,8.0,6.75,6.0,0,0,0,True
37013104,8.6,7.0,7.2,8.0,8.25,8.5,0,0,0,True
37013105,8.2,7.75,6.4,8.5,7.75,7.0,0,0,0,True
37013106,7.6,8.0,5.0,0,0,0,8.0,8.75,9.5,False
37013107,7.0,8.0,5.0,0,0,0,7.0,7.25,7.75,False
37013108,5.8,7.0,7.0,0,0,0,7.25,7.0,8.75,False
37013109,6.0,7.0,5.2,0,0,0,7.75,9.25,9.25,False
37013110,8.0,7.75,5.2,3.75,6.25,5.5,0,0,0,True
37013111,7.6,7.75,6.0,0,0,0,7.5,8.75,9.25,False
37013112,7.8,8.25,6.4,0,0,0,8.75,8.75,9.5,False
37013113,6.8,7.5,5.4,7.0,5.0,5.5,0,0,0,True
37013114,7.8,7.5,7.4,8.5,6.25,8.5,0,0,0,True
37013115,5.2,7.25,5.0,0,0,0,7.25,7.0,7.75,False
37013116,7.4,6.5,2.4,0,0,0,8.0,8.25,8.5,False
37013117,6.6,7.0,4.4,0,0,0,6.75,8.25,9.25,False
37013118,7.0,6.5,4.0,7.5,6.5,6.75,0,0,0,True
37013119,5.8,6.75,5.8,0,0,0,7.25,8.0,7.75,False
37013120,7.4,6.0,4.2,5.5,4.25,6.75,0,0,0,True
37013121,6.2,7.5,4.6,0,0,0,6.5,9.0,9.0,False
37013122,6.4,7.5,3.2,0,0,0,4.5,6.5,8.75,False
37013123,6.0,7.0,5.8,0,0,0,6.5,8.25,9.25,False
37013124,7.4,7.75,5.2,0,0,0,7.0,9.25,8.75,False
37013125,7.4,7.25,5.8,0,0,0,7.0,6.75,8.0,False
37013126,6.4,7.0,4.4,0,0,0,5.5,8.25,9.25,False
37013127,7.6,7.5,5.0,0,0,0,7.75,7.75,8.75,False
37013128,8.2,7.0,5.0,7.25,8.0,6.75,0,0,0,True
37013129,7.6,7.5,5.8,7.5,8.0,8.25,0,0,0,True
37013130,6.2,6.5,4.6,0,0,0,7.25,7.25,9.0,False
37013131,6.0,7.25,3.0,0,0,0,6.5,7.5,7.25,False
37013132,8.0,6.25,4.8,7.5,9.25,7.25,0,0,0,True
37013133,8.2,7.0,5.8,6.75,7.75,6.75,0,0,0,True
37013134,6.0,6.5,4.8,6.5,7.75,6.25,0,0,0,True
37013135,6.8,7.5,4.8,0,0,0,7.0,7.0,9.5,False
37013136,8.4,7.25,5.6,8.0,7.75,6.5,0,0,0,True
37013137,6.6,8.0,6.2,0,0,0,7.5,7.5,8.75,False
37013138,8.6,6.25,4.8,8.75,7.0,7.25,0,0,0,True
37013139,5.0,6.75,4.4,5.25,6.75,6.25,0,0,0,True
37013140,7.4,7.25,4.6,0,0,0,9.0,8.75,8.75,False
37013141,7.4,6.0,4.2,7.0,6.0,7.25,0,0,0,True
37013142,6.4,7.0,3.8,0,0,0,7.25,8.5,9.5,False
37013143,7.2,8.5,5.4,0,0,0,4.75,7.25,8.0,False
37013144,7.4,8.75,5.8,0,0,0,9.0,8.5,9.0,False
37013145,6.4,8.5,5.8,7.25,8.25,8.25,0,0,0,True
37013146,6.6,7.75,4.6,0,0,0,7.25,7.75,9.25,False
37013147,7.6,7.0,6.2,8.75,9.0,7.75,0,0,0,True
37013148,7.8,8.25,6.4,0,0,0,7.0,9.25,9.5,False
37013149,7.8,6.75,6.2,0,0,0,8.5,8.25,8.75,False
37013150,5.8,6.0,4.8,3.0,6.5,6.25,0,0,0,True
37013151,6.0,7.0,4.2,7.0,4.0,6.5,0,0,0,True
37013152,6.2,7.5,6.2,0,0,0,8.75,9.0,9.5,False
37013153,7.8,6.5,5.4,7.0,8.25,7.5,0,0,0,True
37013154,7.2,6.75,5.4,0,0,0,5.5,7.0,8.5,False
37013155,8.2,6.0,7.0,8.5,4.25,5.0,0,0,0,True
37013156,6.2,7.0,6.4,4.75,5.5,6.25,0,0,0,True
37013157,8.0,8.0,4.8,6.75,7.75,7.0,0,0,0,True
37013158,5.4,7.75,4.8,0,0,0,8.0,7.75,9.75,False
37013159,6.2,8.25,7.0,0,0,0,6.75,8.75,8.75,False
37013160,6.8,7.0,4.6,7.25,5.5,4.25,0,0,0,True
37013161,8.0,5.25,4.4,8.0,7.0,6.25,0,0,0,True
37013162,5.8,6.5,4.4,0,0,0,6.0,5.75,8.5,False
37013163,7.4,7.5,8.0,0,0,0,7.75,9.25,9.25,False
37013164,6.6,7.25,6.6,6.0,7.5,7.5,0,0,0,True
37013165,8.2,7.5,8.0,9.0,5.0,7.75,0,0,0,True
37013166,7.0,7.5,8.0,0,0,0,8.5,8.5,9.75,False
37013167,6.8,6.75,5.0,6.5,7.25,7.5,0,0,0,True
37013168,6.6,7.25,4.4,0,0,0,8.25,8.5,9.25,False
37013169,6.6,7.5,6.0,7.25,6.25,7.25,0,0,0,True
37013170,7.6,7.25,5.0,8.0,7.5,8.25,0,0,0,True
37013171,6.2,6.25,3.8,4.75,5.5,6.25,0,0,0,True
37013172,6.4,7.75,6.2,0,0,0,8.75,8.0,9.5,False
37013173,7.8,7.0,7.4,0,0,0,7.75,8.0,9.25,False
37013174,7.8,7.75,5.4,7.25,6.5,5.5,0,0,0,True
37013175,6.8,8.5,6.0,0,0,0,7.25,7.25,9.25,False
37013176,7.4,7.75,4.8,0,0,0,7.75,8.0,8.75,False
37013177,4.8,7.5,3.8,0,0,0,5.75,6.5,7.75,False
37013178,7.4,8.25,6.0,5.0,5.5,7.5,0,0,0,True
37013179,7.2,7.25,6.8,8.5,7.0,7.25,0,0,0,True
37013180,7.4,6.75,3.6,0,0,0,6.75,8.75,8.5,False
37013181,7.6,7.75,6.0,6.75,8.0,7.0,0,0,0,True
37013182,8.0,7.0,5.0,8.5,8.25,6.0,0,0,0,True
37013183,6.8,8.5,5.2,0,0,0,9.75,10.0,9.75,False
37013184,9.0,8.0,8.4,7.25,7.0,7.0,0,0,0,True
37013185,5.8,7.25,6.0,0,0,0,7.0,8.5,8.75,False
37013186,7.2,8.75,5.6,0,0,0,8.25,9.25,9.5,False
37013187,6.4,7.5,4.8,5.25,7.0,6.0,0,0,0,True
37013188,7.8,8.25,8.8,0,0,0,6.25,6.75,9.0,False
37013189,5.4,7.75,4.2,0,0,0,7.0,7.5,9.0,False
37013190,8.0,7.75,9.0,0,0,0,8.75,9.25,8.0,False
37013191,8.0,6.75,5.6,0,0,0,7.0,8.25,9.0,False
37013192,4.8,4.5,4.6,0,0,0,4.75,6.0,6.5,False
37013193,3.8,6.5,4.6,0,0,0,6.25,6.75,8.0,False
37013194,7.6,7.5,5.4,6.75,5.75,6.0,0,0,0,True
37013195,7.8,7.5,5.4,8.75,8.0,7.5,0,0,0,True
37013196,7.4,7.0,7.8,0,0,0,7.25,8.5,7.25,False
37013197,6.6,7.0,4.8,0,0,0,7.75,8.0,9.25,False
37013198,8.4,7.75,7.6,9.25,9.5,8.5,0,0,0,True
37013199,7.0,7.75,4.8,0,0,0,7.25,8.5,8.75,False
37013200,5.8,5.75,5.0,0,0,0,6.0,5.25,6.75,False
37013201,6.4,6.75,4.0,8.0,7.5,8.0,0,0,0,True
37013202,7.2,8.0,6.6,0,0,0,7.75,9.75,9.5,False
37013203,4.0,6.25,3.6,0,0,0,6.75,8.0,8.75,False
37013204,7.6,7.0,7.8,8.0,6.5,8.0,0,0,0,True
37013205,2.8,5.75,5.4,0,0,0,4.25,7.0,7.5,False
37013206,7.2,7.0,7.0,7.75,7.0,6.25,0,0,0,True
37013207,7.6,5.25,5.2,6.25,7.5,7.0,0,0,0,True
37013208,7.8,6.5,4.8,8.5,8.25,6.5,0,0,0,True
37013209,6.0,7.0,4.0,0,0,0,8.25,8.25,8.0,False
37013210,8.6,6.75,4.8,7.75,9.25,6.25,0,0,0,True
37013211,5.8,6.5,4.0,0,0,0,6.5,8.0,8.25,False
37013212,6.4,5.75,5.2,6.0,5.0,5.0,0,0,0,True
37013213,7.0,7.0,4.0,4.5,6.5,6.75,0,0,0,True
37013214,6.6,5.0,5.2,0,0,0,5.25,7.5,6.5,False
37013215,4.8,7.0,5.0,4.25,6.0,5.25,0,0,0,True
37013216,6.4,6.75,2.8,0,0,0,8.5,8.5,9.25,False
37013217,5.8,6.75,5.8,0,0,0,7.25,6.5,9.0,False
37013218,4.0,6.25,4.0,0,0,0,8.25,7.0,8.25,False
37013219,8.4,6.75,6.8,8.5,9.0,8.25,0,0,0,True
37013220,7.6,5.5,4.0,6.0,6.0,7.25,0,0,0,True
37013221,6.6,7.25,5.6,7.5,5.75,6.25,0,0,0,True
37013222,8.6,7.0,5.2,9.0,9.0,7.5,0,0,0,True
37013223,7.4,7.25,5.2,0,0,0,9.0,9.25,9.0,False
37013224,7.6,7.5,4.8,8.25,8.0,8.25,0,0,0,True
37013225,7.0,7.25,6.8,6.75,7.25,7.5,0,0,0,True
37013226,8.2,7.5,5.8,7.75,8.75,7.0,0,0,0,True
37013227,7.0,7.5,5.0,0,0,0,7.75,8.0,8.75,False
37013228,7.0,7.5,5.2,8.25,8.0,6.25,0,0,0,True
37013229,7.8,5.0,3.4,6.75,6.5,4.25,0,0,0,True
37013230,6.4,6.75,4.6,0,0,0,7.5,8.5,8.5,False
37013231,8.4,8.0,8.2,8.25,9.25,7.5,0,0,0,True
37013232,7.4,7.25,3.8,5.25,7.25,7.25,0,0,0,True
37013233,7.8,7.25,6.8,6.25,8.25,7.75,0,0,0,True
37013234,6.2,7.0,4.6,0,0,0,6.5,7.5,8.5,False
37013235,6.0,7.25,4.6,0,0,0,7.25,8.75,8.25,False
37013236,7.6,7.25,7.4,6.75,7.0,6.5,0,0,0,True
37013237,7.2,7.0,4.4,0,0,0,7.25,8.0,8.25,False
37013238,4.8,6.25,4.6,0,0,0,4.5,5.75,6.25,False
37013239,6.6,7.75,6.6,0,0,0,6.75,7.5,9.0,False
37013240,6.0,7.25,5.4,0,0,0,7.0,7.5,9.0,False
37013241,5.2,7.25,5.6,0,0,0,7.75,7.25,9.25,False
37013242,6.6,6.5,4.2,0,0,0,5.75,7.75,8.5,False
37013243,7.0,6.0,4.4,6.25,4.75,5.25,0,0,0,True
37013244,5.6,7.5,5.8,0,0,0,6.25,8.5,8.5,False
37013245,3.8,6.5,3.0,0,0,0,5.5,7.5,7.75,False
37013246,8.2,7.0,5.2,8.25,8.5,8.0,0,0,0,True
37013247,8.2,6.0,5.8,8.0,8.75,7.5,0,0,0,True
37013248,7.4,6.5,3.6,7.5,7.75,6.75,0,0,0,True
37013249,6.8,8.0,4.8,5.25,4.75,7.5,0,0,0,True
37013250,8.2,8.5,8.6,7.75,9.5,8.5,0,0,0,True
37013251,7.4,6.25,4.2,5.75,7.0,8.25,0,0,0,True
37013252,7.4,7.0,6.4,0,0,0,6.0,7.25,9.75,False
37013253,4.6,5.25,3.6,0,0,0,7.5,7.75,7.75,False
37013254,6.2,5.75,2.8,0,0,0,6.75,7.0,8.25,False
37013255,7.8,8.5,7.6,0,0,0,6.25,7.75,9.0,False
37013256,7.2,6.25,5.0,4.5,7.75,7.0,0,0,0,True
37013257,6.8,7.0,5.0,6.5,6.75,6.75,0,0,0,True
37013258,5.0,6.75,3.2,0,0,0,8.25,8.0,8.75,False
37013259,5.0,6.25,4.2,4.75,6.75,6.25,0,0,0,True
37013260,7.8,7.75,4.8,7.75,6.5,6.75,0,0,0,True
37013261,6.8,6.25,4.4,0,0,0,7.5,7.75,9.0,False
37013262,6.0,6.0,4.6,0,0,0,6.75,8.25,8.25,False
37013263,6.2,5.75,5.0,7.0,7.25,5.75,0,0,0,True
37013264,7.2,8.5,6.8,0,0,0,6.25,8.0,6.75,False
37013265,6.2,8.25,5.4,5.75,7.5,6.75,0,0,0,True
37013266,7.2,8.5,5.2,0,0,0,8.0,8.75,10.0,False
37013267,7.0,6.25,5.2,8.75,8.0,8.25,0,0,0,True
37013268,6.0,7.5,4.2,7.5,7.25,6.75,0,0,0,True
37013269,8.0,6.25,6.8,7.25,6.5,7.5,0,0,0,True
37013270,5.6,6.25,5.0,0,0,0,6.75,9.25,8.75,False
37013271,7.4,8.0,7.8,0,0,0,8.25,9.0,9.25,False
37013272,7.8,7.25,5.6,7.5,7.0,6.0,0,0,0,True
37013273,7.2,8.0,4.8,0,0,0,7.0,8.25,9.0,False
37013274,6.0,6.0,5.4,5.75,5.25,6.25,0,0,0,True
37013275,6.4,7.5,6.0,0,0,0,8.0,6.5,8.75,False
37013276,7.6,7.25,8.0,5.75,5.75,7.0,0,0,0,True
37013277,5.8,7.0,4.0,5.75,6.25,6.75,0,0,0,True
37013278,6.6,7.0,4.2,5.75,7.0,5.5,0,0,0,True
37013279,5.8,7.0,4.2,0,0,0,4.5,7.0,7.5,False
37013280,6.4,8.0,6.4,0,0,0,8.5,7.75,9.25,False
37013281,6.6,8.25,6.2,0,0,0,6.5,7.75,8.5,False
37013282,6.6,8.25,5.6,0,0,0,7.0,7.75,9.25,False
37013283,7.0,7.75,4.2,0,0,0,8.75,8.75,9.25,False
37013284,7.2,8.0,6.4,0,0,0,6.75,9.0,8.25,False
37013285,8.2,8.5,6.0,6.5,5.5,7.75,0,0,0,True
37013286,8.2,8.5,8.4,8.0,6.75,8.25,0,0,0,True
37013287,4.4,7.5,3.8,0,0,0,6.0,6.0,6.5,False
37013288,4.2,8.0,4.2,0,0,0,7.25,9.0,9.25,False
37013289,7.8,7.5,6.0,6.5,7.5,7.75,0,0,0,True
37013290,6.4,6.5,4.8,0,0,0,7.0,7.5,8.0,False
37013291,7.0,6.5,6.8,0,0,0,7.0,7.5,8.75,False
37013292,7.6,8.25,5.8,8.5,7.75,7.0,0,0,0,True
37013293,6.2,7.75,4.4,0,0,0,7.25,6.75,8.5,False
37013294,2.8,6.75,5.8,0,0,0,4.75,7.0,7.5,False
37013295,7.2,6.75,6.2,7.0,7.75,6.75,0,0,0,True
37013296,7.4,7.25,5.8,7.75,6.75,6.75,0,0,0,True
37013297,6.6,8.25,4.4,0,0,0,8.0,7.0,8.5,False
37013298,6.0,8.25,5.2,5.75,4.75,6.25,0,0,0,True
37013299,3.6,6.5,2.6,0,0,0,4.0,5.25,5.75,False
37013300,6.6,8.25,5.8,0,0,0,6.25,8.0,8.5,False
37013301,5.2,7.0,6.4,0,0,0,8.0,8.0,9.0,False
37013302,7.0,7.25,5.8,7.75,4.75,6.25,0,0,0,True
37013303,5.8,8.25,5.6,0,0,0,6.5,8.0,9.5,False
37013304,8.2,8.25,5.8,0,0,0,8.75,8.75,9.0,False
37013305,6.8,7.5,5.2,0,0,0,5.25,8.0,8.75,False
37013306,8.0,8.0,6.8,7.5,6.25,8.0,0,0,0,True
37013307,7.2,7.25,5.8,0,0,0,7.5,7.0,8.0,False
37013308,6.2,8.25,8.6,0,0,0,7.0,7.5,8.75,False
37013309,6.4,8.0,4.8,0,0,0,6.0,7.75,8.25,False
37013310,8.4,7.5,7.2,7.0,7.5,7.0,0,0,0,True
37013311,5.0,6.75,4.8,0,0,0,7.25,8.25,8.75,False
37013312,5.6,5.5,2.4,0,0,0,6.25,5.5,6.0,False
37013313,8.6,7.75,8.0,9.25,9.25,6.5,0,0,0,True
37013314,7.6,8.5,6.8,4.5,8.75,8.0,0,0,0,True
37013315,4.4,7.5,6.0,0,0,0,7.0,7.5,8.5,False
37013316,6.2,8.0,5.0,0,0,0,5.25,8.5,9.5,False
37013317,7.0,7.5,7.6,0,0,0,7.5,8.25,9.0,False
37013318,6.2,6.25,4.4,0,0,0,6.25,7.25,7.5,False
37013319,7.2,6.0,4.4,0,0,0,5.5,7.0,7.0,False
37013320,5.4,8.0,5.8,0,0,0,7.0,8.25,9.0,False
37013321,7.0,7.5,5.0,0,0,0,8.25,9.25,9.5,False
37013322,7.0,7.0,6.4,6.75,6.25,7.75,0,0,0,True
37013323,7.4,6.5,5.4,0,0,0,7.0,8.5,9.25,False
37013324,7.0,7.5,5.2,5.25,7.0,6.5,0,0,0,True
37013325,7.0,7.25,5.8,0,0,0,7.75,9.25,9.25,False
37013326,6.4,6.75,4.4,7.25,5.75,5.75,0,0,0,True
37013327,6.6,6.75,4.6,0,0,0,6.75,8.25,9.75,False
37013328,6.0,6.75,4.0,0,0,0,6.5,7.5,7.75,False
37013329,6.6,6.75,8.0,7.5,6.5,7.25,0,0,0,True
37013330,5.0,6.25,3.6,0,0,0,7.5,7.5,8.0,False
37013331,6.2,7.25,4.8,0,0,0,7.0,5.5,8.5,False
37013332,6.0,7.75,3.4,0,0,0,5.5,8.0,8.75,False
37013333,8.2,8.25,7.8,7.75,6.5,7.5,0,0,0,True
37013334,8.6,8.0,7.6,8.0,7.0,8.0,0,0,0,True
37013335,7.8,8.0,7.6,8.25,6.25,7.75,0,0,0,True
37013336,6.0,8.5,5.6,5.75,6.5,5.75,0,0,0,True
37013337,6.2,7.75,6.4,0,0,0,7.75,7.5,8.25,False
37013338,5.8,7.5,4.2,0,0,0,5.0,5.5,7.75,False
37013339,6.6,8.0,6.8,7.25,7.0,8.0,0,0,0,True
37013340,7.8,8.5,6.4,6.25,5.25,6.5,0,0,0,True
37013341,8.2,7.25,8.2,9.5,8.25,8.0,0,0,0,True
37013342,8.6,8.75,9.2,8.75,5.75,6.25,0,0,0,True
37013343,6.6,7.25,7.2,6.25,6.75,7.5,0,0,0,True
37013344,6.0,8.25,6.0,0,0,0,5.75,8.5,8.0,False
37013345,5.4,7.75,6.0,0,0,0,5.75,7.5,8.5,False
37013346,6.8,7.5,6.0,0,0,0,5.25,7.5,8.5,False
37013347,8.0,8.0,7.6,8.25,5.75,6.75,0,0,0,True
37013348,8.8,7.5,6.0,7.0,7.5,6.0,0,0,0,True
37013349,6.4,7.25,5.8,0,0,0,8.25,8.25,9.0,False
37013350,7.0,7.5,6.4,8.25,7.5,7.25,0,0,0,True
37013351,8.0,7.5,6.6,7.5,4.75,7.25,0,0,0,True
37013352,8.2,5.0,7.8,7.0,7.75,8.0,0,0,0,True
37013353,8.0,8.0,8.4,0,0,0,8.0,9.25,9.0,False
37013354,7.0,8.0,5.4,6.25,5.75,6.0,0,0,0,True
37013355,6.6,7.75,5.6,7.75,4.75,5.75,0,0,0,True
37013356,4.8,7.75,3.2,0,0,0,5.75,7.25,8.75,False
37013357,6.8,7.75,5.4,0,0,0,5.5,6.5,8.0,False
37013358,6.4,7.75,4.8,0,0,0,6.0,8.5,8.75,False
37013359,6.4,7.0,6.8,7.0,6.25,3.5,0,0,0,True
37013360,6.4,6.75,5.4,0,0,0,6.5,7.5,8.5,False
37013361,6.6,6.0,6.2,0,0,0,5.0,8.25,7.5,False
37013362,5.6,8.25,8.0,0,0,0,7.75,9.0,9.25,False
37013363,7.4,8.25,8.2,7.5,6.25,7.0,0,0,0,True
37013364,6.4,7.5,4.4,7.0,7.0,6.0,0,0,0,True
37013365,7.2,5.75,6.4,0,0,0,4.25,6.75,7.0,False
37013366,6.4,7.0,6.0,4.5,5.75,5.5,0,0,0,True
37013367,6.2,7.5,4.8,0,0,0,5.5,8.5,8.75,False
37013368,7.4,7.75,6.6,0,0,0,4.25,7.5,8.5,False
37013369,8.2,0,0,7.5,5.0,0,0,0,0,True
37013370,6.0,8.25,5.6,4.0,6.5,6.5,0,0,0,True
37013371,8.2,8.75,6.8,0,0,0,6.25,8.5,8.5,False
37013372,7.2,7.0,5.0,0,0,0,6.0,7.0,9.0,False
37013373,6.6,7.75,5.6,0,0,0,7.25,8.5,9.75,False
37013374,8.4,7.5,6.6,8.5,4.75,6.5,0,0,0,True
37013375,7.2,7.25,7.8,7.25,5.25,6.75,0,0,0,True
37013376,5.8,7.0,5.2,0,0,0,5.25,7.5,8.0,False
37013377,7.8,8.5,8.2,8.75,4.75,6.75,0,0,0,True
37013378,4.8,6.25,4.8,0,0,0,7.0,8.0,8.75,False
37013379,8.0,7.5,7.2,7.75,5.75,6.75,0,0,0,True
37013380,8.6,8.25,0,6.0,9.5,9.25,0,0,0,True
37013381,7.0,6.0,3.4,0,0,0,5.25,7.75,7.0,False
37013382,7.8,6.0,5.0,6.75,8.0,7.5,0,0,0,True
37013383,6.8,7.75,4.6,0,0,0,6.5,8.5,9.0,False
37013384,8.4,6.25,4.2,8.5,8.25,8.0,0,0,0,True
37013385,8.6,6.25,4.4,8.75,7.0,6.5,0,0,0,True
37013386,5.8,6.0,4.2,0,0,0,6.0,6.75,8.0,False
37013387,4.8,6.75,6.2,0,0,0,6.0,7.25,8.75,False
37013388,8.0,9.0,7.0,0,0,0,8.75,9.5,9.75,False
37013389,6.4,6.5,6.0,0,0,0,6.25,6.5,8.25,False
37013390,6.0,8.25,4.8,0,0,0,7.0,9.0,8.5,False
37013391,6.8,8.5,6.6,5.0,6.25,7.0,0,0,0,True
37013392,7.6,8.0,3.8,0,0,0,7.0,8.25,7.75,False
37013393,6.2,7.25,4.4,0,0,0,6.5,6.75,7.0,False
37013394,7.8,5.0,5.2,8.5,7.25,5.75,0,0,0,True
37013395,6.6,7.0,5.0,0,0,0,7.0,9.0,9.25,False
37013396,5.4,7.5,3.8,0,0,0,5.75,7.75,9.0,False
37013397,8.4,7.75,7.8,7.5,6.25,6.75,0,0,0,True
37013398,7.4,6.75,5.2,7.0,6.25,8.0,0,0,0,True
37013399,5.6,7.25,7.2,0,0,0,6.5,6.75,7.0,False
37013400,6.0,7.0,5.6,0,0,0,7.25,9.0,8.0,False
37013401,4.8,7.0,4.2,5.25,5.0,5.5,0,0,0,True
37013402,6.2,8.75,8.4,0,0,0,7.75,8.5,8.25,False
37013403,7.6,8.75,7.4,0,0,0,7.25,8.5,9.5,False
37013404,7.6,8.5,7.2,6.5,7.75,7.0,0,0,0,True
37013405,7.2,7.75,5.2,0,0,0,7.0,8.5,9.25,False
37013406,7.0,6.5,4.2,7.5,7.0,6.0,0,0,0,True
37013407,8.2,7.25,7.6,6.0,8.5,8.25,0,0,0,True
37013408,7.2,8.0,6.2,0,0,0,6.0,9.0,8.5,False
37013409,5.4,8.25,5.2,0,0,0,7.25,8.5,9.0,False
37013410,7.8,8.75,7.0,0,0,0,9.5,9.25,9.5,False
37013411,6.6,6.0,6.0,7.5,5.25,7.0,0,0,0,True
37013412,8.2,7.25,6.8,7.5,7.75,7.25,0,0,0,True
37013413,8.2,8.5,8.4,9.0,7.5,7.25,0,0,0,True
37013414,8.4,7.25,6.8,8.75,6.5,6.0,0,0,0,True
37013415,4.4,7.25,6.8,0,0,0,6.0,8.0,7.75,False
37013416,7.2,6.75,6.4,0,0,0,7.25,7.5,7.5,False
37013417,7.8,7.5,8.0,8.0,8.25,8.0,0,0,0,True
37013418,4.4,5.75,4.0,0,0,0,6.75,7.0,8.25,False
37013419,7.8,6.5,4.6,6.75,7.25,7.25,0,0,0,True
37013420,6.0,6.0,4.4,2.75,4.0,4.0,0,0,0,True
37013421,7.6,7.25,5.4,7.75,7.5,5.5,0,0,0,True
37013422,6.2,8.0,7.8,0,0,0,7.25,8.75,9.75,False
37013423,8.0,7.5,5.8,7.5,7.25,6.0,0,0,0,True
37013424,6.6,6.75,5.8,0,0,0,6.75,8.75,7.75,False
37013425,6.8,7.5,4.6,6.5,7.0,6.5,0,0,0,True
37013426,6.2,7.0,4.8,5.25,6.75,5.25,0,0,0,True
37013427,7.6,8.5,6.4,0,0,0,7.25,8.25,9.25,False
37013428,8.8,6.75,4.0,8.0,8.5,7.75,0,0,0,True
37013429,4.6,5.0,5.0,0,0,0,6.25,7.5,7.5,False
37013430,7.8,6.5,6.2,5.25,6.25,7.25,0,0,0,True
37013431,6.0,6.75,5.2,0,0,0,6.5,7.75,9.25,False
37013432,6.6,7.75,6.4,0,0,0,8.0,8.0,8.5,False
37013433,6.6,6.75,5.0,6.75,6.5,7.0,0,0,0,True
37013434,6.4,7.75,5.0,5.5,6.25,7.0,0,0,0,True
37013435,8.4,8.25,7.4,8.5,6.25,7.5,0,0,0,True
37013436,8.2,7.5,7.8,0,0,0,9.25,9.0,9.25,False
37013437,7.2,8.25,5.8,0,0,0,7.25,8.25,9.5,False
37013438,9.4,8.25,9.4,9.5,6.0,8.25,0,0,0,True
37013439,8.0,8.25,7.2,8.75,5.5,8.0,0,0,0,True
37013440,6.8,6.75,4.4,0,0,0,7.25,8.25,8.25,False
37013441,8.0,6.5,6.0,0,0,0,6.25,8.25,9.25,False
37013442,5.0,6.0,6.2,0,0,0,6.75,7.5,8.0,False
37013443,7.0,8.0,5.0,5.25,6.75,6.25,0,0,0,True
37013444,6.6,7.5,5.4,5.5,7.0,7.0,0,0,0,True
37013445,4.8,7.25,6.6,0,0,0,6.75,8.0,8.5,False
37013446,4.0,6.25,3.6,0,0,0,6.5,7.25,8.5,False
37013447,4.2,6.0,4.6,0,0,0,5.75,7.0,8.25,False
37013448,7.4,6.0,7.4,0,0,0,9.5,8.75,8.5,False
37013449,8.2,7.5,8.0,4.75,8.75,7.75,0,0,0,True
37013450,6.8,8.0,8.2,5.0,5.5,6.0,0,0,0,True
37013451,7.8,8.25,7.4,7.75,5.25,6.0,0,0,0,True
37013452,6.4,6.75,4.6,0,0,0,7.0,7.75,8.25,False
37013453,7.2,8.0,4.6,0,0,0,8.0,9.0,9.0,False
37013454,6.2,6.5,2.8,0,0,0,6.75,7.5,7.5,False
37013455,5.8,7.25,4.2,5.5,6.75,4.75,0,0,0,True
37013456,5.8,6.25,4.0,0,0,0,7.5,8.5,10.0,False
37013457,6.2,6.5,5.0,0,0,0,8.75,8.75,8.5,False
37013458,4.4,6.25,5.2,0,0,0,6.5,7.25,8.75,False
37013459,8.0,8.25,5.8,0,0,0,7.25,8.5,9.0,False
37013460,6.8,7.25,4.6,5.0,5.5,6.0,0,0,0,True
37013461,6.4,7.5,5.8,0,0,0,6.5,8.0,9.5,False
37013462,6.2,7.75,5.6,0,0,0,8.0,8.5,9.0,False
37013463,6.0,6.75,5.6,0,0,0,5.75,7.5,8.0,False
37013464,7.4,7.5,4.0,7.5,7.0,5.75,0,0,0,True
37013465,4.8,6.0,3.6,0,0,0,8.25,7.25,8.75,False
37013466,6.0,8.25,4.8,0,0,0,5.75,8.0,8.75,False
37013467,5.8,7.5,5.6,0,0,0,8.0,8.0,9.0,False
37013468,5.8,6.0,4.0,0,0,0,7.5,7.0,7.75,False
37013469,7.0,7.75,3.6,5.0,5.5,5.75,0,0,0,True
37013470,8.2,5.75,6.0,8.25,8.0,6.5,0,0,0,True
37013471,7.4,7.5,6.0,0,0,0,8.25,9.0,8.75,False
37013472,8.2,5.0,4.8,4.25,9.25,8.25,0,0,0,True
37013473,8.2,6.5,4.8,8.0,8.0,5.5,0,0,0,True
37013474,6.4,4.75,5.2,0,0,0,8.25,9.0,9.0,False
37013475,6.8,7.0,4.8,0,0,0,5.25,7.0,8.5,False
37013476,5.2,6.0,3.0,0,0,0,6.25,7.25,8.25,False
37013477,6.4,7.5,5.2,0,0,0,6.5,8.0,8.5,False
37013478,5.6,6.5,5.6,0,0,0,5.0,7.0,8.0,False
37013479,4.8,6.5,5.6,0,0,0,6.5,7.75,9.0,False
37013480,7.0,7.5,5.6,0,0,0,6.25,8.0,8.0,False
37013481,7.6,7.25,4.4,6.0,8.25,6.25,0,0,0,True
37013482,8.0,6.25,4.8,8.0,7.0,6.0,0,0,0,True
37013483,6.4,7.0,5.0,0,0,0,7.0,8.75,9.25,False
37013484,7.4,7.0,5.4,0,0,0,7.75,8.5,9.25,False
37013485,7.4,6.75,5.2,0,0,0,5.0,6.75,8.0,False
37013486,6.8,8.25,7.0,7.0,6.25,7.0,0,0,0,True
37013487,5.0,7.0,4.6,0,0,0,5.75,7.25,8.0,False
37013488,6.6,7.25,5.2,6.5,5.25,5.5,0,0,0,True
37013489,7.2,7.5,4.6,0,0,0,7.5,9.25,9.0,False
37013490,7.6,7.5,8.0,0,0,0,6.25,7.75,7.75,False
37013491,7.0,8.5,4.6,0,0,0,6.5,8.0,8.5,False
37013492,6.8,8.0,6.8,0,0,0,6.5,6.75,7.75,False
37013493,7.0,7.75,7.8,0,0,0,8.75,9.25,9.75,False
37013494,6.2,8.25,6.0,0,0,0,8.25,9.0,9.5,False
37013495,6.4,7.25,4.8,0,0,0,7.75,7.25,9.0,False
37013496,6.0,8.0,4.6,0,0,0,7.75,8.0,9.25,False
37013497,6.8,7.25,4.4,0,0,0,8.0,8.75,8.75,False
37013498,7.0,5.5,4.8,6.75,8.5,7.0,0,0,0,True
37013499,6.0,6.75,5.8,5.75,6.5,7.0,0,0,0,True
37013500,8.0,7.5,7.8,8.0,5.75,7.0,0,0,0,True
37013501,7.0,6.25,4.4,0,0,0,5.75,8.0,9.0,False
37013502,6.6,7.75,3.8,0,0,0,5.75,8.25,8.25,False
37013503,6.4,6.75,3.4,3.5,5.0,5.75,0,0,0,True
37013504,8.4,7.0,3.8,7.75,6.75,5.5,0,0,0,True
37013505,5.2,6.25,6.2,5.75,6.5,5.75,0,0,0,True
37013506,7.2,6.5,5.8,5.5,6.75,7.5,0,0,0,True
37013507,8.4,7.0,5.6,8.75,8.0,6.5,0,0,0,True
37013508,5.4,5.25,4.4,0,0,0,5.5,7.75,7.5,False
37013509,8.4,8.0,4.8,8.0,7.0,6.0,0,0,0,True
37013510,7.6,7.25,4.8,0,0,0,6.5,7.5,8.5,False
37013511,6.2,7.25,5.2,0,0,0,7.25,8.0,8.5,False
37013512,8.4,8.5,9.0,7.75,7.0,7.5,0,0,0,True
37013513,6.4,7.0,3.8,6.0,5.5,6.0,0,0,0,True
37013514,6.8,7.5,5.0,0,0,0,6.5,6.0,8.5,False
37013515,7.6,8.25,7.2,6.75,8.0,6.5,0,0,0,True
37013516,5.0,7.0,3.6,0,0,0,5.75,5.25,7.75,False
37013517,5.4,5.75,5.4,0,0,0,4.5,7.25,7.75,False
37013518,7.2,7.5,5.4,0,0,0,7.25,8.25,8.75,False
37013519,7.8,7.5,6.2,6.75,8.25,7.5,0,0,0,True
37013520,6.6,7.5,5.0,0,0,0,7.5,8.0,8.75,False
37013521,5.8,6.75,2.8,0,0,0,6.25,7.25,8.0,False
37013522,4.6,7.25,4.2,0,0,0,6.0,7.75,7.75,False
37013523,8.8,8.25,8.4,8.25,8.5,8.5,0,0,0,True
37013524,6.6,7.0,4.8,6.5,7.5,5.5,0,0,0,True
37013525,7.2,7.0,5.4,7.75,7.25,6.0,0,0,0,True
37013526,8.2,8.25,9.0,6.5,5.0,7.5,0,0,0,True
37013527,7.4,7.5,4.4,5.5,7.5,8.25,0,0,0,True
37013528,5.4,5.5,3.6,0,0,0,6.0,7.25,8.25,False
37013529,6.2,7.0,4.2,0,0,0,4.5,7.0,7.0,False
37013530,6.6,7.0,5.6,0,0,0,6.25,7.0,6.75,False
37013531,8.8,8.0,6.8,7.25,8.0,7.75,0,0,0,True
37013532,8.6,8.5,8.4,8.0,8.75,9.25,0,0,0,True
37013533,4.2,7.25,4.0,0,0,0,4.5,5.5,7.75,False
37013534,6.2,6.0,5.8,0,0,0,5.25,6.5,8.25,False
37013535,3.2,7.5,2.8,0,0,0,4.25,6.25,7.5,False
37013536,5.2,6.25,4.2,3.75,5.25,6.5,0,0,0,True
37013537,7.2,8.25,5.2,6.0,6.5,8.0,0,0,0,True
37013538,6.4,7.5,4.6,0,0,0,6.0,7.5,9.25,False
37013539,8.4,8.25,7.0,0,0,0,6.5,6.25,8.25,False
37013540,8.0,7.0,6.4,5.0,9.25,8.75,0,0,0,True
37013541,3.6,5.25,3.2,0,0,0,5.5,5.75,7.25,False
37013542,6.0,7.75,5.6,0,0,0,6.25,8.25,9.25,False
37013543,4.8,6.5,5.0,0,0,0,5.0,7.0,9.25,False
37013544,8.2,7.0,6.4,7.25,8.25,8.75,0,0,0,True
37013545,8.4,8.0,8.4,8.5,7.0,6.5,0,0,0,True
37013546,8.2,7.5,6.0,7.75,7.75,7.25,0,0,0,True
37013547,8.0,7.5,6.4,8.0,5.0,6.25,0,0,0,True
37013548,7.8,7.5,6.0,6.0,5.75,6.5,0,0,0,True
37013549,7.8,6.5,4.0,7.25,7.75,6.25,0,0,0,True
37013550,6.4,7.25,5.6,0,0,0,6.5,8.75,8.5,False
37013551,6.4,7.25,6.2,4.75,6.5,6.75,0,0,0,True
37013552,8.2,8.75,8.4,5.5,6.25,7.75,0,0,0,True
37013553,8.2,8.25,7.0,4.5,4.75,7.0,0,0,0,True
37013554,7.6,6.25,5.8,5.0,6.5,7.5,0,0,0,True
37013555,8.0,7.25,5.4,8.5,8.75,8.5,0,0,0,True
37013556,5.4,6.75,3.8,0,0,0,5.25,7.25,8.75,False
37013557,3.2,6.75,5.4,0,0,0,5.0,7.25,8.25,False
37013558,5.8,6.25,4.6,0,0,0,7.5,7.0,8.75,False
37013559,7.0,7.0,4.2,0,0,0,6.25,6.75,7.25,False
37013560,7.6,7.0,5.2,8.75,8.25,6.25,0,0,0,True
37013561,8.0,7.25,7.6,8.25,8.25,7.25,0,0,0,True
37013562,5.2,6.0,4.8,0,0,0,6.0,7.0,6.5,False
37013563,8.8,7.0,6.0,8.75,7.5,7.25,0,0,0,True
37013564,8.2,7.25,5.2,7.5,7.75,5.5,0,0,0,True
37013565,9.0,7.75,7.8,7.75,4.25,8.0,0,0,0,True
37013566,7.0,7.25,8.2,3.5,4.75,4.75,0,0,0,True
37013567,5.8,7.0,3.0,0,0,0,7.0,7.75,9.75,False
37013568,6.2,6.0,3.2,0,0,0,7.5,7.5,7.5,False
37013569,6.2,7.5,3.8,4.25,4.25,5.75,0,0,0,True
37013570,4.0,5.0,2.8,0,0,0,6.25,6.75,5.75,False
37013571,6.4,7.25,5.8,0,0,0,5.75,8.0,8.75,False
37013572,7.4,6.25,3.4,6.75,7.0,5.25,0,0,0,True
37013573,6.2,6.0,6.4,0,0,0,6.5,6.0,8.0,False
37013574,7.8,6.25,5.6,7.75,4.5,6.5,0,0,0,True
37013575,8.2,8.5,8.8,8.25,6.75,8.0,0,0,0,True
37013576,6.4,7.5,6.0,5.0,5.75,7.25,0,0,0,True
37013577,7.4,8.5,5.8,6.75,7.5,7.25,0,0,0,True
37013578,4.8,5.75,3.8,3.5,6.25,3.5,0,0,0,True
37013579,7.6,7.5,6.8,6.75,7.75,8.0,0,0,0,True
37013580,6.8,7.0,4.6,0,0,0,5.5,8.0,7.5,False
37013581,8.0,7.0,5.2,0,0,0,7.75,8.0,9.5,False
37013582,6.8,7.25,5.0,4.5,6.5,6.5,0,0,0,True
37013583,7.2,7.75,6.0,5.0,7.0,7.25,0,0,0,True
37013584,6.2,7.25,5.4,5.25,4.75,8.0,0,0,0,True
37013585,7.2,8.0,6.4,0,0,0,7.25,8.75,8.75,False
37013586,8.4,8.0,6.6,7.5,7.0,7.75,0,0,0,True
37013587,8.2,7.25,6.0,0,0,0,6.5,7.5,9.0,False
37013588,6.4,8.0,4.4,0,0,0,7.5,8.25,8.75,False
37013589,4.4,7.0,6.0,0,0,0,5.75,7.5,8.5,False
37013590,5.6,7.25,4.6,0,0,0,7.0,8.25,9.25,False
37013591,7.8,6.5,6.4,7.5,5.0,8.5,0,0,0,True
37013592,7.0,7.5,6.0,0,0,0,7.25,8.0,8.25,False
37013593,7.6,7.5,6.8,0,0,0,8.75,8.0,8.75,False
37013594,5.0,7.0,5.0,0,0,0,7.75,7.75,9.0,False
37013595,6.6,8.0,6.2,0,0,0,9.0,9.0,9.25,False
37013596,7.6,7.25,8.4,7.5,6.0,8.0,0,0,0,True
37013597,7.0,7.5,7.0,0,0,0,6.75,7.75,9.0,False
37013598,7.8,5.75,7.2,7.75,4.25,8.25,0,0,0,True
37013599,7.4,5.25,3.8,8.5,5.75,5.0,0,0,0,True
37013600,6.0,5.5,5.2,0,0,0,7.25,6.75,6.5,False
37013601,6.8,6.0,7.6,8.25,5.0,6.5,0,0,0,True
37013602,6.0,5.75,6.6,0,0,0,6.25,7.5,8.0,False
37013603,6.4,7.0,5.6,0,0,0,5.25,8.75,9.25,False
37013604,7.2,7.75,5.8,0,0,0,7.25,7.75,9.0,False
37013605,6.4,7.75,6.4,0,0,0,7.0,5.75,8.0,False
37013606,6.0,6.0,4.6,5.5,7.0,6.0,0,0,0,True
37013607,6.0,7.75,7.6,0,0,0,7.25,8.25,8.75,False
37013608,7.4,7.75,5.2,4.25,6.0,7.75,0,0,0,True
37013609,8.2,9.0,6.0,0,0,0,9.75,9.5,8.75,False
37013610,6.4,7.25,5.0,0,0,0,7.25,8.25,9.25,False
37013611,7.4,7.5,6.4,0,0,0,7.5,8.0,9.0,False
37013612,6.2,7.0,6.4,5.0,6.25,7.5,0,0,0,True
37013613,6.0,7.25,4.4,0,0,0,5.25,8.0,8.25,False
37013614,6.6,7.25,5.4,6.0,6.25,5.5,0,0,0,True
37013615,5.0,5.5,4.6,0,0,0,5.5,5.75,7.25,False
37013616,6.8,8.5,6.0,0,0,0,8.0,8.5,9.5,False
37013617,5.6,8.0,5.0,0,0,0,8.75,9.5,8.75,False
37013618,8.4,8.0,7.2,8.0,6.5,6.5,0,0,0,True
37013619,7.8,6.75,6.4,0,0,0,4.75,7.5,7.75,False
37013620,6.2,7.5,4.6,3.0,6.25,6.25,0,0,0,True
37013621,8.0,7.25,4.8,6.5,7.0,7.0,0,0,0,True
37013622,7.2,7.5,5.0,0,0,0,7.0,7.25,8.75,False
37013623,7.4,7.0,7.0,7.0,3.25,6.0,0,0,0,True
37013624,8.0,7.75,5.4,7.75,8.75,5.75,0,0,0,True
37013625,6.6,7.0,6.0,0,0,0,6.0,6.5,8.0,False
37013626,7.8,6.5,4.6,7.0,5.5,6.0,0,0,0,True
37013627,5.0,8.0,5.6,0,0,0,8.0,6.75,9.0,False
37013628,7.6,7.0,5.2,5.75,6.25,6.0,0,0,0,True
37013629,6.4,7.0,3.6,5.25,5.25,5.25,0,0,0,True
37013630,7.0,5.25,4.6,6.5,6.5,4.75,0,0,0,True
37013631,7.6,6.25,5.0,6.0,3.75,6.0,0,0,0,True
37013632,7.6,5.5,2.8,4.25,6.0,6.0,0,0,0,True
37013633,5.4,7.0,4.0,0,0,0,8.25,7.5,9.25,False
37013634,6.8,4.75,6.2,7.25,6.0,6.5,0,0,0,True
37013635,7.4,6.5,5.4,0,0,0,7.25,8.0,8.0,False
37013636,5.6,6.0,4.8,5.5,7.0,6.75,0,0,0,True
37013637,7.6,7.75,7.2,8.0,5.25,6.5,0,0,0,True
37013638,5.6,7.0,6.4,0,0,0,5.75,6.25,7.5,False
37013639,6.8,7.0,5.6,8.5,7.25,7.75,0,0,0,True
37013640,5.4,6.0,4.8,0,0,0,5.75,5.75,9.25,False
37013641,6.2,7.25,5.0,6.5,7.5,5.0,0,0,0,True
37013642,6.8,7.0,4.4,5.25,7.0,7.25,0,0,0,True
37013643,8.2,6.25,4.6,6.0,5.5,6.5,0,0,0,True
37013644,6.8,6.5,6.0,4.5,8.25,6.0,0,0,0,True
37013645,8.0,8.0,6.8,8.0,8.5,7.25,0,0,0,True
37013646,5.2,7.0,3.8,0,0,0,4.75,5.5,7.5,False
37013647,7.2,7.75,4.8,0,0,0,7.75,9.25,9.5,False
37013648,7.4,6.75,7.6,0,0,0,8.25,9.25,8.75,False
37013649,5.0,6.75,5.8,0,0,0,6.5,8.75,8.5,False
37013650,7.2,7.25,5.6,4.25,6.0,6.0,0,0,0,True
37013651,5.0,6.0,4.2,0,0,0,6.5,8.25,8.25,False
37013653,5.6,7.0,4.4,0,0,0,3.5,7.75,9.0,False
37013654,8.8,7.75,7.0,7.75,8.5,6.25,0,0,0,True
37013655,8.6,8.5,6.2,7.25,8.25,8.0,0,0,0,True
37013656,6.0,7.25,5.8,2.5,7.25,6.25,0,0,0,True
37013657,7.2,7.5,5.8,7.0,7.0,7.0,0,0,0,True
37013658,6.6,7.75,5.2,4.75,8.0,8.0,0,0,0,True
37013659,6.4,8.0,4.6,0,0,0,7.25,7.0,8.25,False
37013660,6.2,7.75,4.6,0,0,0,4.5,5.25,7.5,False
37013661,4.8,7.25,5.0,0,0,0,6.75,7.0,9.25,False
37013662,6.8,8.25,6.6,0,0,0,7.75,9.0,9.25,False
37013663,6.8,7.5,6.2,0,0,0,6.25,7.0,8.25,False
37013664,8.0,8.25,8.8,0,0,0,8.75,8.25,9.0,False
37013665,7.2,6.75,4.8,0,0,0,6.75,8.0,8.25,False
37013666,3.4,4.75,4.4,0,0,0,6.0,8.0,8.5,False
37013667,6.6,7.5,5.8,0,0,0,6.5,8.25,7.25,False
37013668,5.6,6.5,4.4,0,0,0,5.0,7.25,7.5,False
37013669,7.0,7.0,5.0,6.75,7.25,7.5,0,0,0,True
37013670,6.4,6.25,4.2,5.75,6.5,6.25,0,0,0,True
37013671,7.4,8.0,5.4,8.5,7.5,7.25,0,0,0,True
37013672,7.2,7.0,5.0,8.75,8.5,6.75,0,0,0,True
37013673,2.8,6.0,4.8,0,0,0,6.75,7.75,7.0,False
37013674,8.8,7.5,5.0,8.25,8.25,7.75,0,0,0,True
37013675,5.4,8.0,5.6,0,0,0,7.25,8.75,9.25,False
37013676,7.6,7.5,4.8,0,0,0,7.0,8.0,8.75,False
37013677,3.6,5.5,5.8,0,0,0,6.5,8.25,7.0,False
37013678,5.4,7.25,5.4,0,0,0,6.75,8.5,8.75,False
37013679,6.8,7.75,5.8,0,0,0,8.25,7.25,9.25,False
37013680,7.6,7.5,8.0,8.0,4.75,7.0,0,0,0,True
37013681,6.6,7.0,4.6,0,0,0,5.5,8.0,8.5,False
37013682,7.6,8.75,7.6,7.75,5.0,6.5,0,0,0,True
37013683,5.4,6.75,5.0,0,0,0,7.0,9.25,9.25,False
37013684,7.6,7.25,5.6,0,0,0,8.0,7.75,9.25,False
37013685,4.0,6.0,2.8,0,0,0,6.5,7.5,8.0,False
37013686,7.8,7.5,7.6,0,0,0,8.5,9.25,9.25,False
37013687,7.2,5.5,6.4,4.5,7.75,7.0,0,0,0,True
37013688,8.0,8.0,8.0,5.5,4.5,6.75,0,0,0,True
37013689,8.6,8.75,8.8,5.5,8.25,7.75,0,0,0,True
37013690,6.2,7.75,5.4,0,0,0,8.25,8.75,9.0,False
37013691,4.4,6.75,4.0,0,0,0,5.5,6.25,7.5,False
37013692,7.8,7.5,5.2,7.25,7.25,6.0,0,0,0,True
37013693,8.0,7.25,7.6,0,0,0,7.25,9.25,9.0,False
37013694,5.8,8.0,4.4,0,0,0,6.5,7.75,9.0,False
37013695,6.6,8.0,4.4,7.0,5.0,6.75,0,0,0,True
37013696,6.8,8.0,5.2,0,0,0,7.0,6.75,9.0,False
37013697,5.6,8.0,3.6,0,0,0,5.5,7.5,8.5,False
37013698,5.6,7.25,5.0,0,0,0,6.5,8.0,8.75,False
37013699,4.4,7.75,5.0,0,0,0,7.75,8.25,7.5,False
37013700,5.4,7.5,3.6,0,0,0,7.75,6.5,9.0,False
37013701,7.0,7.5,5.4,0,0,0,7.5,6.25,7.0,False
37013702,4.8,6.5,5.8,0,0,0,8.0,7.0,8.5,False
37013703,7.8,7.75,6.6,0,0,0,5.25,7.5,7.75,False
37013704,3.6,5.5,3.8,0,0,0,5.75,7.5,7.75,False
37013705,8.2,6.0,3.4,5.5,7.25,7.75,0,0,0,True
37013706,5.8,7.0,4.2,4.25,4.75,5.75,0,0,0,True
37013707,8.4,7.25,7.2,8.75,8.0,7.25,0,0,0,True
37013708,8.0,7.75,6.2,8.5,8.75,7.5,0,0,0,True
37013709,6.8,7.25,5.8,0,0,0,8.25,8.25,8.75,False
37013710,8.0,6.75,5.0,0,0,0,7.5,8.75,7.5,False
37013711,3.4,7.0,5.4,0,0,0,7.75,7.75,8.0,False
37013712,7.4,6.5,4.2,5.25,7.75,6.25,0,0,0,True
37013713,6.6,7.0,3.2,0,0,0,9.0,6.75,8.25,False
37013714,5.8,6.0,4.8,0,0,0,6.0,7.5,7.5,False
37013715,8.0,9.0,7.4,6.5,8.5,6.75,0,0,0,True
37013716,5.4,7.0,6.0,0,0,0,8.0,6.25,7.75,False
37013717,8.2,7.75,9.4,8.0,4.25,7.0,0,0,0,True
37013718,4.4,7.0,5.0,0,0,0,5.75,8.0,8.0,False
37013719,3.6,5.0,3.2,0,0,0,4.75,5.0,6.75,False
37013720,7.0,5.25,3.6,5.5,6.0,6.0,0,0,0,True
37013721,8.2,7.25,5.4,4.0,6.75,6.75,0,0,0,True
37013722,8.2,7.75,6.8,8.25,7.5,7.5,0,0,0,True
37013723,7.8,7.25,5.4,0,0,0,6.5,7.75,9.5,False
37013724,9.0,8.25,8.6,0,0,0,7.5,8.75,9.25,False
37013725,6.0,6.0,4.4,0,0,0,7.0,6.5,8.75,False
37013726,7.8,7.5,5.8,8.5,8.0,6.25,0,0,0,True
37013727,5.0,7.0,4.4,0,0,0,7.75,8.0,8.0,False
37013728,7.6,8.0,5.0,6.0,6.75,8.0,0,0,0,True
37013729,7.8,7.0,4.8,7.5,7.5,7.25,0,0,0,True
37013730,6.6,7.75,3.0,5.0,7.0,7.25,0,0,0,True
37013731,4.4,7.5,3.6,0,0,0,5.25,6.75,7.25,False
37013732,7.4,7.5,4.8,0,0,0,7.25,8.25,8.0,False
37013733,7.0,7.0,3.8,0,0,0,5.75,8.5,7.75,False
37013734,7.8,7.0,3.8,7.0,7.75,7.0,0,0,0,True
37013735,7.8,7.0,4.2,5.0,6.0,6.5,0,0,0,True
37013736,6.2,7.0,4.8,0,0,0,7.25,8.0,8.25,False
37013737,6.8,7.75,6.4,0,0,0,7.25,8.25,9.5,False
37013738,5.4,6.25,5.6,0,0,0,7.25,8.75,8.5,False
37013739,7.8,8.25,5.0,4.5,8.25,7.75,0,0,0,True
37013740,8.2,6.0,5.2,7.5,8.25,6.25,0,0,0,True
37013741,7.4,6.5,3.4,0,0,0,7.25,7.5,7.75,False
37013742,7.0,6.75,3.4,6.0,7.25,7.25,0,0,0,True
37013743,6.0,6.0,2.6,0,0,0,6.0,6.5,5.25,False
37013744,7.6,8.0,4.4,5.75,7.25,8.0,0,0,0,True
37013745,5.6,6.0,2.0,0,0,0,6.0,6.0,6.0,False
37013746,4.2,6.75,3.0,0,0,0,5.5,4.5,7.0,False
37013747,4.8,8.25,4.8,0,0,0,8.0,7.0,9.0,False
37013748,6.2,6.5,2.8,3.25,6.5,6.0,0,0,0,True
37013749,4.4,7.25,3.8,0,0,0,6.5,9.25,8.5,False
37013750,4.0,6.5,3.4,0,0,0,5.75,6.75,5.75,False
37013751,6.4,7.25,6.8,0,0,0,8.0,7.5,8.0,False
37013752,5.2,7.0,4.2,0,0,0,6.0,6.75,7.5,False
37013753,5.0,7.25,3.4,0,0,0,6.0,7.0,7.25,False
37013754,4.8,7.25,3.4,0,0,0,6.25,7.0,7.5,False
37013755,4.0,6.75,3.2,0,0,0,6.0,6.5,7.5,False
37013756,9.0,8.5,6.6,0,0,0,7.5,8.75,8.75,False
37013757,7.0,8.25,4.6,7.75,5.5,7.0,0,0,0,True
37013758,7.0,6.75,4.2,0,0,0,6.25,7.5,7.5,False
37013759,8.4,5.5,5.4,6.0,6.0,4.5,0,0,0,True
37013760,8.6,7.75,8.8,8.25,6.5,7.25,0,0,0,True
37013761,3.8,8.0,5.6,0,0,0,6.0,7.5,9.5,False
37013762,4.8,7.0,5.0,0,0,0,5.25,6.5,9.0,False
37013763,8.4,6.0,5.0,8.5,8.5,8.0,0,0,0,True
37013764,7.0,5.5,3.8,0,0,0,6.25,6.75,8.25,False
37013765,8.4,6.75,3.4,7.5,6.75,7.0,0,0,0,True
37013766,8.0,7.25,4.8,5.0,8.25,7.5,0,0,0,True
37013767,8.0,7.75,6.2,0,0,0,5.5,8.0,8.75,False
37013768,8.0,8.25,5.6,8.75,8.0,7.75,0,0,0,True
37013769,5.4,8.25,4.0,0,0,0,7.5,8.0,8.75,False
37013770,5.8,8.0,4.8,0,0,0,7.25,6.25,9.0,False
37013771,6.4,8.0,4.6,0,0,0,5.5,7.25,7.25,False
37013772,4.4,8.0,4.4,0,0,0,6.25,7.25,7.5,False
37013773,5.2,7.25,5.2,0,0,0,7.25,7.0,8.5,False
37013774,6.4,8.25,4.6,0,0,0,7.75,7.0,8.75,False
37013775,7.4,8.5,5.0,0,0,0,9.5,9.75,9.75,False
37013776,6.6,7.75,6.2,0,0,0,7.25,8.75,8.5,False
37013777,6.8,8.0,5.2,0,0,0,7.75,8.5,9.0,False
37013778,7.4,8.0,5.4,0,0,0,6.75,7.75,9.0,False
37013779,5.8,9.0,5.4,0,0,0,8.0,8.0,9.0,False
37013780,6.8,8.0,4.6,0,0,0,8.5,8.25,8.0,False
37013781,5.8,6.75,5.2,0,0,0,5.5,6.75,5.75,False
37013782,4.2,7.5,5.2,0,0,0,8.75,9.0,8.5,False
37013783,6.2,7.75,3.0,0,0,0,6.25,7.0,8.5,False
37013784,3.0,6.5,5.0,0,0,0,5.5,6.5,7.75,False
37013785,5.2,7.25,5.8,0,0,0,6.0,6.5,5.75,False
37013786,8.0,8.75,7.2,0,0,0,8.0,8.75,9.0,False
37013787,8.2,8.0,6.4,6.0,6.75,7.25,0,0,0,True
37013788,6.4,8.0,6.2,0,0,0,6.75,7.5,8.25,False
37013789,6.0,6.5,5.0,0,0,0,6.25,5.5,8.25,False
37013790,6.0,7.0,4.4,0,0,0,6.5,8.5,8.5,False
37013791,3.8,4.25,2.2,0,0,0,6.25,7.0,6.5,False
37013792,8.0,7.5,5.6,0,0,0,6.75,7.5,8.75,False
37013793,8.0,7.75,5.2,7.5,6.75,8.0,0,0,0,True
37013794,7.8,7.5,5.8,0,0,0,6.75,8.5,9.0,False
37013795,5.0,6.5,3.4,0,0,0,6.0,7.0,6.25,False
37013796,6.0,5.75,5.8,5.25,6.5,7.0,0,0,0,True
37013797,5.4,6.75,5.0,0,0,0,5.0,7.75,7.75,False
37013798,6.0,7.0,4.0,0,0,0,7.0,7.75,9.0,False
37013799,7.6,8.0,5.6,0,0,0,7.0,9.0,9.25,False
37013800,4.8,5.75,2.8,0,0,0,7.5,8.0,8.5,False
37013801,6.0,7.5,4.8,0,0,0,5.5,8.5,9.5,False
37013802,3.4,7.0,4.0,0,0,0,6.25,7.5,8.25,False
37013803,5.6,7.25,3.4,0,0,0,5.5,6.0,7.0,False
37013804,7.2,7.75,3.6,6.5,6.0,8.0,0,0,0,True
37013805,4.8,7.75,3.0,0,0,0,7.5,8.0,8.0,False
37013806,7.8,8.25,3.6,7.5,8.25,7.0,0,0,0,True
37013807,5.4,6.25,4.0,0,0,0,6.0,6.5,7.25,False
37013808,7.0,7.0,5.0,0,0,0,6.25,7.0,6.75,False
37013809,7.6,8.75,6.0,6.0,9.25,8.25,0,0,0,True
37013810,5.6,7.5,4.4,0,0,0,6.25,8.5,7.25,False
37013811,7.0,8.0,5.0,3.0,5.75,6.5,0,0,0,True
37013812,7.6,8.0,5.6,0,0,0,8.0,8.25,9.25,False
37013813,8.0,7.0,4.0,0,0,0,5.5,7.0,7.25,False
37013814,8.4,8.5,4.4,8.0,8.5,7.5,0,0,0,True
37013815,4.8,7.0,4.8,0,0,0,8.25,7.25,8.25,False
37013816,7.2,7.75,4.6,0,0,0,7.5,7.75,9.25,False
37013817,6.8,7.0,5.2,0,0,0,5.75,6.25,6.5,False
37013818,7.8,7.5,3.6,7.0,7.75,6.75,0,0,0,True
37013819,8.2,9.0,7.8,0,0,0,8.0,8.25,9.0,False
37013821,6.4,7.0,3.6,5.0,6.75,6.0,0,0,0,True
37013822,5.4,7.75,4.2,0,0,0,7.0,5.5,8.0,False
37013823,4.0,6.75,4.0,0,0,0,5.75,7.0,8.25,False
37013824,8.4,8.0,3.8,6.5,8.5,7.5,0,0,0,True
37013825,6.4,7.25,3.6,6.0,6.5,5.5,0,0,0,True
37013826,7.8,7.75,7.2,4.75,5.5,6.75,0,0,0,True
37013827,5.8,7.75,5.6,0,0,0,6.75,7.75,9.0,False
37013828,5.8,8.25,4.2,0,0,0,6.5,8.25,9.0,False
37013829,6.0,8.75,5.6,0,0,0,7.75,9.25,9.25,False
37013830,6.8,7.5,4.0,0,0,0,5.75,6.5,8.0,False
37013831,6.6,7.5,3.8,0,0,0,7.0,9.0,8.5,False
37013832,5.8,6.75,2.8,0,0,0,5.25,8.25,8.75,False
37013833,6.0,7.75,3.6,0,0,0,7.25,7.75,9.0,False
37013834,7.4,7.25,4.8,4.75,7.0,6.25,0,0,0,True
37013835,5.2,7.0,3.2,0,0,0,6.0,8.25,9.25,False
37013836,5.4,7.25,3.6,0,0,0,7.0,8.25,8.0,False
37013837,7.4,8.0,5.0,0,0,0,7.75,7.75,8.25,False
37013838,7.4,8.25,5.0,6.75,7.0,6.75,0,0,0,True
37013839,7.8,8.75,4.4,0,0,0,8.0,9.0,9.5,False
37013840,7.8,8.75,5.0,0,0,0,6.0,7.75,8.25,False
37013841,5.6,8.5,5.2,0,0,0,7.0,8.0,8.75,False
37013842,8.2,8.5,5.4,0,0,0,7.25,9.0,9.75,False
37013843,5.2,7.0,4.0,0,0,0,6.0,7.25,8.0,False
37013844,7.8,8.25,4.6,3.75,7.0,6.75,0,0,0,True
37013845,6.0,7.75,3.8,0,0,0,6.0,6.25,8.0,False
37013846,3.8,7.75,5.2,0,0,0,6.25,7.0,9.0,False
37013847,6.6,7.0,6.6,0,0,0,7.5,8.5,9.0,False
37013848,8.0,8.0,4.4,7.25,8.0,6.0,0,0,0,True
37013849,8.8,7.75,6.2,7.5,6.25,7.0,0,0,0,True
37013850,7.8,7.75,4.4,3.75,6.0,6.75,0,0,0,True
37013851,6.8,7.5,3.4,6.5,6.5,6.0,0,0,0,True
37013852,8.4,7.75,5.4,9.25,8.25,7.25,0,0,0,True
37013853,5.8,6.25,4.2,0,0,0,6.25,8.5,8.75,False
37013854,3.4,7.0,3.8,0,0,0,4.0,4.75,5.5,False
37013855,4.2,7.75,5.2,0,0,0,7.25,8.5,8.25,False
37013856,5.6,7.5,5.4,0,0,0,6.25,7.75,9.0,False
37013857,6.2,7.25,6.4,4.0,5.5,8.0,0,0,0,True
37013858,8.0,7.0,8.4,0,0,0,8.0,9.25,9.25,False
37013859,5.0,7.75,5.2,0,0,0,5.5,6.5,7.0,False
37013860,5.8,8.25,5.6,0,0,0,6.25,8.5,9.0,False
37013861,4.4,8.5,4.0,0,0,0,5.5,7.75,7.75,False
37013862,4.0,5.0,3.2,0,0,0,4.25,7.0,7.0,False
37013863,5.2,8.25,4.8,0,0,0,7.0,6.5,7.0,False
37013864,5.2,7.0,4.4,6.75,7.75,6.0,0,0,0,True
37013865,8.0,6.75,4.6,8.0,8.25,5.75,0,0,0,True
37013866,8.8,7.5,6.2,8.0,8.75,6.75,0,0,0,True
37013867,7.2,7.75,5.8,0,0,0,6.75,7.5,7.5,False
37013868,7.4,7.75,4.4,5.25,6.75,7.0,0,0,0,True
37013869,4.0,7.0,4.2,0,0,0,7.25,8.25,9.0,False
37013870,7.6,7.75,5.8,0,0,0,8.0,7.75,8.5,False
37013871,5.6,6.75,4.6,0,0,0,6.75,6.75,7.5,False
37013872,5.2,6.75,6.0,0,0,0,5.5,7.5,7.5,False
37013873,8.8,8.0,7.0,9.25,9.25,7.75,0,0,0,True
37013874,6.2,8.25,4.8,0,0,0,7.75,7.5,8.5,False
37013875,7.0,7.0,3.8,0,0,0,7.0,7.25,8.5,False
37013876,8.2,7.25,3.6,6.25,7.5,5.5,0,0,0,True
37013877,6.0,7.0,4.8,0,0,0,5.75,8.0,7.0,False
37013878,6.6,7.5,4.8,6.25,7.0,6.5,0,0,0,True
37013879,8.2,8.75,9.4,0,0,0,8.75,8.25,9.0,False
37013880,5.2,7.0,7.0,0,0,0,6.0,6.0,9.0,False
37013881,8.4,8.5,8.8,5.0,9.25,6.5,0,0,0,True
37013882,5.6,7.25,5.6,0,0,0,6.75,9.25,9.25,False
37013883,8.2,6.25,4.8,7.75,6.75,7.75,0,0,0,True
37013884,8.0,7.75,5.2,5.5,8.25,8.25,0,0,0,True
37013885,6.0,6.0,4.0,0,0,0,5.5,8.0,7.75,False
37013886,8.4,7.25,2.4,4.5,6.5,8.0,0,0,0,True
37013887,6.6,5.75,4.6,0,0,0,6.0,6.75,7.75,False
37013888,5.2,5.25,3.8,0,0,0,7.5,7.0,8.0,False
37013889,6.2,5.75,3.2,5.25,7.0,8.0,0,0,0,True
37013890,3.6,5.5,3.2,0,0,0,4.75,7.25,6.5,False
37013891,6.8,7.5,5.4,0,0,0,6.25,7.75,8.25,False
37013892,3.8,7.5,4.2,0,0,0,6.5,8.75,7.75,False
37013893,6.0,6.5,3.8,0,0,0,7.25,7.5,7.5,False
37013894,8.4,6.25,3.4,8.25,7.25,6.0,0,0,0,True
37013895,6.2,7.0,5.6,0,0,0,6.0,7.0,8.0,False
37013896,7.6,8.25,5.0,7.25,7.25,6.5,0,0,0,True
37013897,3.2,6.0,5.2,0,0,0,6.75,8.25,8.0,False
37013898,5.6,6.0,4.8,0,0,0,6.25,7.75,8.25,False
37013899,7.2,6.75,6.0,6.75,7.0,7.5,0,0,0,True
37013900,8.4,6.5,7.2,5.5,7.25,7.25,0,0,0,True
37013901,5.8,7.25,5.6,6.75,7.75,7.5,0,0,0,True
37013902,6.0,7.5,4.0,4.5,6.75,5.75,0,0,0,True
37013903,8.0,7.5,4.8,8.0,7.75,7.0,0,0,0,True
37013904,8.6,6.5,4.0,6.5,7.75,7.25,0,0,0,True
37013905,2.8,5.75,2.6,0,0,0,3.25,6.75,6.0,False
37013906,4.2,7.5,3.0,0,0,0,7.0,6.75,9.0,False
37013907,5.6,8.0,3.4,0,0,0,7.0,6.75,8.5,False
37013908,6.2,8.0,5.2,0,0,0,6.75,6.75,7.5,False
37013909,6.0,7.5,5.2,0,0,0,7.0,7.5,9.25,False
37013910,6.2,7.75,6.4,5.25,7.0,7.5,0,0,0,True
37013911,5.4,7.5,5.8,0,0,0,4.5,6.25,7.5,False
37013912,8.2,6.5,5.8,7.25,6.5,7.5,0,0,0,True
37013913,7.6,7.25,5.0,5.25,5.25,7.5,0,0,0,True
37013914,8.0,8.25,4.6,5.75,7.5,8.0,0,0,0,True
37013915,5.8,7.75,3.4,4.25,7.0,8.0,0,0,0,True
37013916,5.4,7.25,4.2,0,0,0,5.0,7.0,6.75,False
37013917,6.8,8.25,5.0,0,0,0,8.0,8.75,9.25,False
37013918,5.8,7.75,5.6,0,0,0,7.5,7.75,8.75,False
37013919,7.8,8.5,7.8,0,0,0,7.0,8.25,9.5,False
37013920,3.2,7.0,3.0,0,0,0,5.75,6.75,7.0,False
37013921,7.8,6.5,5.8,7.5,7.25,7.0,0,0,0,True
37013922,6.6,6.5,4.0,0,0,0,5.75,6.25,8.25,False
37013923,5.2,6.25,4.0,0,0,0,5.5,7.0,7.25,False
37013924,7.2,8.0,6.0,7.25,6.5,7.25,0,0,0,True
37013925,6.6,6.75,4.4,5.75,7.25,6.0,0,0,0,True
37013926,7.6,7.0,5.0,5.25,4.0,7.25,0,0,0,True
37013927,7.8,7.5,6.2,0,0,0,7.5,8.0,7.75,False
37013928,6.8,7.5,4.8,0,0,0,6.75,7.5,8.5,False
37013929,5.6,6.75,4.6,0,0,0,7.75,8.25,7.25,False
37013930,7.6,7.5,4.6,0,0,0,9.0,9.25,7.75,False
37013931,8.2,6.5,4.4,7.5,7.75,7.0,0,0,0,True
37013932,6.8,4.75,4.2,0,0,0,7.75,5.75,5.75,False
37013933,6.4,6.0,4.4,0,0,0,6.0,8.0,7.0,False
37013934,7.4,7.0,5.2,7.5,7.5,5.0,0,0,0,True
37013935,7.6,7.5,5.0,0,0,0,8.0,8.75,8.5,False
37013936,4.8,7.0,6.0,0,0,0,7.0,8.5,9.25,False
37013937,7.6,7.5,7.4,0,0,0,8.5,7.75,10.0,False
37013938,5.0,7.0,5.2,0,0,0,6.5,7.25,7.5,False
37013939,6.6,7.0,4.2,0,0,0,6.0,6.5,9.25,False
37013940,6.4,6.75,6.8,0,0,0,6.5,6.75,7.75,False
37013941,9.0,7.75,6.4,8.0,7.75,7.0,0,0,0,True
37013942,6.0,8.25,3.6,5.5,4.75,6.5,0,0,0,True
37013943,6.6,7.75,4.6,0,0,0,5.75,6.5,7.5,False
37013944,6.2,7.75,4.4,0,0,0,7.25,9.0,9.5,False
37013945,8.0,8.5,6.8,0,0,0,6.5,8.25,9.5,False
37013946,8.0,9.0,6.4,0,0,0,9.0,9.0,9.0,False
37013947,7.6,7.75,5.2,7.0,7.0,6.75,0,0,0,True
37013948,6.8,6.75,5.2,0,0,0,7.25,8.25,8.0,False
37013949,6.8,6.5,5.2,0,0,0,4.5,7.25,9.25,False
37013950,5.8,7.5,4.6,0,0,0,4.75,7.75,8.75,False
37013951,7.4,8.0,5.0,7.0,7.25,6.75,0,0,0,True
37013952,7.8,6.25,4.0,7.75,7.5,6.5,0,0,0,True
37013953,5.2,6.0,4.0,0,0,0,8.0,8.0,8.5,False
37013954,5.8,6.5,4.6,0,0,0,6.25,7.0,8.5,False
37013955,5.6,6.25,4.0,0,0,0,5.5,7.25,7.0,False
37013956,8.6,7.0,7.0,0,0,0,7.75,8.75,9.25,False
37013957,6.0,7.25,6.0,0,0,0,7.75,7.5,8.75,False
37013958,6.6,7.0,5.8,0,0,0,6.75,8.0,7.5,False
37013959,8.2,8.0,8.4,0,0,0,7.75,9.5,9.5,False
37013960,4.6,7.5,4.2,0,0,0,7.25,8.0,8.75,False
37013961,5.6,4.5,2.6,3.75,5.75,4.0,0,0,0,True
37013962,5.4,7.25,3.6,0,0,0,7.75,7.75,9.0,False
37013963,8.8,7.5,5.8,3.25,4.5,7.25,0,0,0,True
37013964,5.4,7.0,6.0,0,0,0,5.25,6.75,7.0,False
37013965,6.4,7.75,5.8,0,0,0,6.75,7.5,9.0,False
37013966,6.0,7.75,5.4,0,0,0,9.0,9.0,9.0,False
37013967,6.8,6.75,6.0,0,0,0,7.25,6.0,8.0,False
37013968,7.8,7.0,7.0,4.75,8.0,6.25,0,0,0,True
37013969,6.8,8.0,6.6,5.0,6.5,7.75,0,0,0,True
37013970,8.0,7.75,5.6,8.75,9.25,7.0,0,0,0,True
37013971,4.0,6.75,4.6,0,0,0,7.25,6.25,6.0,False
37013972,5.4,6.25,4.4,0,0,0,7.25,7.75,9.0,False
37013973,3.8,8.0,4.2,0,0,0,4.75,7.25,8.5,False
37013974,2.2,5.0,4.8,0,0,0,4.25,4.75,6.5,False
37013975,6.4,5.5,5.8,3.5,4.5,4.5,0,0,0,True
37013976,8.2,6.25,6.2,8.25,9.25,6.5,0,0,0,True
37013977,7.4,7.5,6.0,3.75,7.75,5.5,0,0,0,True
37013978,5.4,6.5,3.0,0,0,0,6.25,6.5,7.5,False
37013979,5.2,7.25,6.2,0,0,0,9.5,9.0,8.5,False
37013980,6.0,8.0,4.8,4.0,6.25,5.25,0,0,0,True
37013981,4.0,6.5,4.0,0,0,0,5.75,7.0,8.25,False
37013982,6.2,7.25,4.6,0,0,0,7.75,8.25,9.0,False
37013983,6.8,6.0,4.8,3.5,5.5,7.5,0,0,0,True
37013984,6.4,6.25,4.6,0,0,0,5.0,7.25,8.25,False
37013985,6.2,5.0,4.0,0,0,0,5.75,7.25,7.0,False
37013986,7.6,7.75,4.6,8.0,7.75,6.5,0,0,0,True
37013987,5.2,6.25,3.2,0,0,0,6.0,7.25,8.0,False
37013988,5.2,7.5,3.8,0,0,0,6.25,7.75,8.75,False
37013989,4.8,7.75,4.4,0,0,0,7.25,7.5,8.75,False
37013990,3.6,6.5,2.8,0,0,0,5.0,5.0,6.75,False
37013991,5.0,6.5,4.6,0,0,0,6.75,7.5,6.5,False
37013992,6.0,5.5,4.2,0,0,0,7.25,7.5,7.25,False
37013993,8.2,6.75,4.8,0,0,0,8.25,9.0,9.25,False
37013994,6.8,5.0,3.0,0,0,0,4.75,6.5,5.75,False
37013995,5.8,6.5,3.2,5.25,6.25,7.0,0,0,0,True
37013996,6.8,6.5,4.6,0,0,0,7.75,8.5,9.25,False
37013997,8.0,6.5,5.2,8.25,8.5,7.0,0,0,0,True
37013998,5.4,7.75,7.2,0,0,0,7.75,8.5,8.75,False
37013999,6.4,7.75,6.2,0,0,0,9.0,9.5,9.25,False
37014000,5.6,7.25,7.0,0,0,0,8.5,9.0,9.25,False
37014001,5.4,7.25,7.0,4.25,3.75,6.5,0,0,0,True
37014002,5.2,6.75,4.2,0,0,0,7.25,7.25,6.75,False
37014003,4.4,4.5,1.8,0,0,0,6.5,7.0,6.25,False
37014004,7.6,6.25,5.4,7.25,7.25,5.75,0,0,0,True
37014005,7.8,7.25,5.2,0,0,0,7.75,7.75,8.0,False
37014006,4.0,7.25,4.2,0,0,0,7.75,7.75,9.25,False
37014007,5.0,6.5,4.4,0,0,0,7.75,7.75,8.0,False
37014008,5.2,5.25,3.6,0,0,0,5.5,7.5,7.5,False
37014009,3.6,6.0,3.0,0,0,0,4.75,6.25,7.25,False
37014010,6.4,6.75,4.2,0,0,0,7.5,7.25,8.75,False
37014011,5.2,7.5,3.4,0,0,0,7.5,7.75,7.25,False
37014012,7.2,7.5,4.8,4.75,6.0,6.25,0,0,0,True
37014013,5.0,6.5,2.8,0,0,0,6.5,7.0,7.0,False
37014014,5.2,7.0,3.4,0,0,0,5.75,6.5,6.25,False
37014015,3.6,6.25,4.0,0,0,0,5.75,6.75,6.5,False
37014016,4.8,6.75,5.4,0,0,0,7.0,7.75,8.5,False
37014017,6.0,7.0,4.2,0,0,0,6.5,8.0,7.75,False
37014018,7.4,7.0,5.2,5.25,6.75,7.25,0,0,0,True
37014019,8.0,8.5,7.8,0,0,0,7.75,8.5,9.5,False
37014020,8.8,8.0,6.0,0,0,0,8.25,9.25,9.25,False
37014021,6.4,7.75,3.8,0,0,0,6.25,8.25,8.0,False
37014022,5.6,8.0,4.2,4.5,6.0,6.25,0,0,0,True
37014023,8.0,8.0,6.4,0,0,0,6.0,7.75,9.0,False
37014024,6.4,8.0,4.8,0,0,0,8.0,7.5,9.0,False
37014025,4.4,6.5,4.2,0,0,0,4.75,7.5,7.75,False
37014026,5.8,7.75,5.0,0,0,0,8.5,8.25,9.5,False
37014027,8.8,7.75,6.6,8.0,8.75,8.0,0,0,0,True
37014028,7.2,7.25,4.6,0,0,0,7.25,9.25,9.5,False
37014029,8.0,7.25,4.4,3.75,6.25,6.5,0,0,0,True
37014030,6.0,6.75,6.0,0,0,0,7.5,7.0,8.75,False
37014031,7.8,9.0,6.6,0,0,0,7.75,8.75,8.75,False
37014032,8.4,7.5,5.2,7.5,8.5,6.5,0,0,0,True
37014033,8.0,7.0,4.0,7.25,6.5,5.0,0,0,0,True
37014034,5.8,5.0,4.4,0,0,0,5.5,7.75,7.5,False
37014035,5.0,7.25,3.8,0,0,0,5.5,6.75,7.75,False
37014036,6.2,7.0,5.2,0,0,0,9.0,8.5,9.75,False
37014037,8.0,7.25,4.8,6.0,6.75,5.75,0,0,0,True
37014038,7.6,7.0,5.6,5.75,7.25,6.5,0,0,0,True
37014039,7.0,7.0,7.4,0,0,0,7.0,8.5,8.25,False
37014040,7.8,7.0,5.0,5.25,5.75,7.75,0,0,0,True
37014041,5.4,8.25,6.4,0,0,0,7.0,9.25,10.0,False
37014042,5.0,6.5,3.8,0,0,0,7.25,7.0,8.0,False
37014043,6.0,7.75,3.6,0,0,0,6.25,5.75,7.25,False
37014044,5.8,8.5,5.2,0,0,0,6.25,7.5,9.0,False
37014045,8.0,7.5,5.4,4.25,3.75,6.75,0,0,0,True
37014046,4.0,5.5,4.4,3.75,3.75,7.5,0,0,0,True
37014047,3.4,6.5,3.6,0,0,0,5.5,6.25,7.0,False
37014048,6.6,8.0,8.8,0,0,0,9.5,8.25,8.75,False
37014049,6.8,7.0,5.0,5.75,6.75,8.25,0,0,0,True
37014050,7.8,7.25,6.0,7.25,8.0,7.75,0,0,0,True
37014051,7.4,7.75,5.0,0,0,0,8.75,9.75,9.0,False
37014052,8.2,8.5,6.6,5.25,7.0,6.5,0,0,0,True
37014053,7.0,7.25,5.0,6.0,5.5,6.25,0,0,0,True
37014054,4.2,7.25,3.0,0,0,0,5.0,4.5,5.5,False
37014055,3.6,7.5,4.8,0,0,0,5.5,4.75,7.5,False
37014056,6.2,8.0,6.2,0,0,0,7.75,7.75,8.0,False
37014057,4.8,5.75,4.4,0,0,0,7.25,8.25,7.75,False
37014058,4.0,6.75,5.2,0,0,0,4.25,6.75,7.75,False
37014059,5.8,8.0,5.0,0,0,0,9.25,9.0,9.75,False
37014060,4.4,6.25,4.4,0,0,0,6.5,5.25,5.25,False
37014061,6.4,7.5,5.6,0,0,0,7.0,9.0,8.25,False
37014062,7.8,6.75,4.2,6.75,7.5,6.75,0,0,0,True
37014063,3.8,7.0,5.2,0,0,0,6.75,7.5,8.25,False
37014064,4.4,6.25,4.2,0,0,0,4.5,7.75,8.25,False
37014065,9.2,6.75,4.4,8.75,8.0,6.5,0,0,0,True
37014066,4.6,6.5,4.2,0,0,0,6.0,6.5,7.5,False
37014067,5.4,5.5,4.8,0,0,0,5.5,8.0,8.0,False
37014068,8.6,7.5,4.0,8.0,8.0,7.75,0,0,0,True
37014069,5.0,6.5,4.2,0,0,0,4.25,7.5,5.75,False
37014070,7.0,7.5,5.0,7.75,6.5,5.5,0,0,0,True
37014071,7.4,8.5,6.4,0,0,0,6.5,6.75,7.25,False
37014072,7.8,7.75,8.6,9.0,7.0,7.5,0,0,0,True
37014073,4.2,5.25,3.6,0,0,0,6.25,6.5,7.0,False
37014074,8.4,7.5,4.8,8.5,9.0,8.5,0,0,0,True
37014075,4.6,7.5,3.6,0,0,0,6.75,7.5,8.5,False
37014076,4.4,7.25,3.8,0,0,0,5.0,7.25,8.5,False
37014077,4.6,7.0,4.4,0,0,0,4.75,5.5,7.75,False
37014078,4.2,5.5,4.2,0,0,0,5.25,8.0,7.75,False
37014079,7.4,7.75,5.2,6.5,6.5,7.5,0,0,0,True
37014080,6.8,6.25,6.2,3.75,5.5,7.25,0,0,0,True
37014081,5.8,7.25,4.6,0,0,0,6.0,8.0,8.75,False
37014082,5.0,6.5,4.0,0,0,0,5.25,7.5,8.0,False
37014083,5.2,6.25,4.4,0,0,0,3.75,6.5,7.25,False
37014084,6.8,8.0,4.6,0,0,0,8.75,8.25,9.75,False
37014085,5.4,6.5,4.4,0,0,0,6.0,7.0,8.5,False
37014086,6.0,7.5,3.8,0,0,0,6.75,8.0,8.5,False
37014087,4.0,6.75,4.2,0,0,0,5.5,7.75,7.5,False
37014088,4.6,7.25,3.8,0,0,0,6.75,7.25,8.5,False
37014089,4.2,6.0,3.6,0,0,0,4.5,7.0,8.25,False
37014090,2.8,7.25,2.8,0,0,0,4.25,7.5,8.0,False
37014091,5.8,5.5,2.8,0,0,0,4.75,6.25,7.0,False
37014092,2.4,6.0,2.4,0,0,0,5.75,7.5,7.0,False
37014093,3.4,6.25,2.6,0,0,0,5.5,6.5,7.75,False
37014094,5.6,7.75,3.2,0,0,0,5.0,8.0,8.5,False
37014095,8.4,7.75,6.2,8.5,7.5,7.75,0,0,0,True
37014096,8.2,8.0,8.0,0,0,0,7.5,7.5,8.25,False
37014097,9.0,8.25,9.8,0,0,0,7.25,7.5,9.25,False
37014098,5.0,7.0,4.0,0,0,0,5.0,7.5,9.5,False
37014099,6.2,7.75,5.8,7.0,5.0,7.25,0,0,0,True
37014100,3.0,5.5,4.4,0,0,0,7.25,6.25,9.0,False
37014101,6.8,7.0,5.2,0,0,0,6.75,6.75,8.75,False
37014102,5.4,8.25,6.4,0,0,0,8.25,8.75,8.5,False
37014103,4.2,7.5,4.8,5.0,5.5,7.25,0,0,0,True
37014104,6.6,8.5,5.8,0,0,0,8.75,8.5,9.0,False
37014105,4.6,7.25,5.0,0,0,0,6.25,7.75,8.5,False
37014106,5.6,8.5,6.6,0,0,0,9.75,9.25,9.5,False
37014107,8.0,8.75,8.2,0,0,0,8.25,9.25,9.25,False
37014108,7.4,6.0,8.2,7.5,4.75,4.5,0,0,0,True
37014109,6.8,7.75,6.6,6.25,4.0,7.25,0,0,0,True
37014110,5.0,7.0,5.8,0,0,0,5.75,6.0,7.75,False
37014111,6.2,5.75,7.4,0,0,0,3.75,6.0,7.75,False
37014112,7.8,8.75,7.2,0,0,0,7.75,9.0,8.75,False
37014113,7.0,7.5,7.6,0,0,0,8.5,8.25,9.75,False
37014114,8.0,8.25,7.0,0,0,0,6.75,7.25,8.0,False
37014115,8.8,6.0,8.8,9.0,8.5,7.75,0,0,0,True
37014116,6.4,5.25,7.8,0,0,0,7.5,7.0,6.75,False
37014117,5.4,5.25,8.4,0,0,0,7.25,7.75,8.25,False
37014118,3.6,5.25,6.6,0,0,0,4.75,6.25,7.25,False
37014119,3.8,5.25,6.8,0,0,0,5.0,4.75,6.75,False
37014120,4.8,7.5,3.6,0,0,0,4.0,6.25,7.75,False
37014121,5.0,7.75,6.0,0,0,0,7.25,7.0,9.0,False
37014122,5.4,6.5,5.0,0,0,0,6.25,6.25,8.0,False
37014123,4.2,6.0,7.2,0,0,0,7.5,6.25,8.25,False
37014124,8.6,7.5,7.4,8.25,7.5,5.75,0,0,0,True
37014125,6.8,6.25,7.0,0,0,0,6.25,7.0,8.75,False
37014126,8.0,5.5,5.2,6.5,6.5,5.0,0,0,0,True
37014127,6.4,5.0,6.4,0,0,0,6.75,6.0,8.5,False
37014128,7.4,4.0,6.4,0,0,0,4.0,6.5,7.25,False
37014129,5.0,7.0,5.0,0,0,0,4.5,5.0,8.0,False
37014130,8.4,7.75,7.4,7.75,9.0,7.75,0,0,0,True
37014131,6.6,4.5,5.4,0,0,0,5.0,3.25,7.25,False
37014132,6.6,7.0,8.2,0,0,0,7.25,7.5,9.0,False
37014133,6.4,5.75,7.4,7.0,3.5,4.0,0,0,0,True
37014134,6.6,5.75,7.2,3.25,4.25,3.75,0,0,0,True
37014135,6.4,2.75,6.0,0,0,0,7.25,7.5,6.75,False
37014136,6.4,6.5,6.4,0,0,0,7.0,6.75,8.0,False
37014137,6.2,6.5,4.8,0,0,0,6.0,6.5,7.75,False
37014138,6.6,7.0,6.2,6.75,5.25,6.5,0,0,0,True
37014139,6.4,7.5,6.0,0,0,0,5.75,7.0,8.25,False
37014140,6.2,6.25,4.2,0,0,0,5.0,7.0,8.0,False
37014141,7.0,5.5,4.6,0,0,0,4.5,7.25,6.75,False
37014142,7.2,6.75,8.0,0,0,0,6.0,7.5,6.75,False
37014143,6.2,7.25,5.6,0,0,0,5.25,8.0,6.0,False
37014144,7.6,7.5,7.0,0,0,0,7.5,9.0,9.25,False
37014145,7.0,6.5,6.2,0,0,0,6.5,7.5,7.75,False
37014146,6.4,4.75,6.4,0,0,0,5.25,5.75,7.25,False
37014147,6.2,7.0,6.4,0,0,0,6.75,8.25,8.0,False
37014148,6.0,6.0,8.2,0,0,0,5.25,7.75,7.5,False
37014149,5.8,6.5,5.6,0,0,0,5.75,6.5,8.5,False
37014150,7.2,6.0,6.8,0,0,0,6.5,7.5,8.25,False
37014151,7.6,8.25,8.6,0,0,0,6.5,8.25,8.5,False
37014152,6.6,5.0,6.8,0,0,0,7.0,4.75,8.25,False
37014153,5.2,6.5,7.4,0,0,0,6.75,7.0,8.0,False
37014154,7.4,6.25,7.2,0,0,0,5.75,6.5,8.75,False
37014155,8.4,8.25,9.2,7.25,6.0,6.25,0,0,0,True
37014156,4.6,6.5,3.6,0,0,0,6.5,8.0,7.0,False
37014157,6.0,7.75,5.2,0,0,0,7.75,6.25,8.0,False
37014158,5.8,8.0,5.6,0,0,0,6.0,7.75,8.75,False
37014159,4.0,7.0,4.2,0,0,0,5.25,6.0,7.25,False
37014160,6.0,6.0,4.8,0,0,0,5.25,5.5,5.5,False
37014161,6.6,6.25,5.4,0,0,0,7.0,7.5,8.75,False
37014162,6.4,7.0,4.8,0,0,0,6.5,7.5,8.5,False
37014163,5.0,6.0,4.4,0,0,0,5.75,8.75,8.0,False
37014164,4.4,5.75,4.6,0,0,0,6.75,8.0,5.75,False
37014165,5.6,7.5,4.8,0,0,0,5.5,8.5,9.5,False
37014166,5.6,9.0,4.8,0,0,0,7.75,8.5,9.25,False
37014167,7.0,6.0,4.2,0,0,0,5.75,6.5,7.5,False
37014168,7.0,6.0,5.8,0,0,0,6.5,7.0,7.0,False
37014169,7.8,7.0,5.4,8.25,7.75,7.0,0,0,0,True
37014170,8.0,8.25,5.6,0,0,0,7.75,8.75,9.25,False
37014171,6.8,7.0,4.4,0,0,0,8.0,7.0,7.25,False
37014172,8.0,7.0,6.0,8.0,7.0,6.0,0,0,0,True
37014173,5.6,5.0,4.8,0,0,0,5.5,5.5,7.25,False
37014174,7.4,6.5,5.6,0,0,0,6.75,7.25,8.75,False
37014175,5.0,4.0,5.2,0,0,0,5.5,5.75,6.25,False
37014176,7.2,7.25,4.6,7.25,7.0,4.75,0,0,0,True
37014177,6.6,6.25,4.8,7.0,6.25,6.5,0,0,0,True
37014178,7.4,5.5,5.6,8.0,6.75,7.0,0,0,0,True
37014179,8.4,7.75,4.4,0,0,0,6.75,8.0,9.25,False
37014180,5.2,6.5,5.8,0,0,0,5.75,6.0,8.75,False
37014181,8.8,7.25,5.6,8.25,6.0,7.5,0,0,0,True
37014182,5.2,7.25,5.2,0,0,0,5.25,7.25,8.5,False
37014183,4.8,5.0,4.4,0,0,0,6.5,7.25,9.0,False
37014184,5.0,8.0,4.6,0,0,0,7.0,5.75,8.0,False
37014185,3.8,6.75,4.2,0,0,0,4.5,6.0,8.25,False
37014186,6.0,8.0,4.6,0,0,0,5.0,6.75,8.5,False
37014187,5.8,8.0,6.2,0,0,0,8.25,8.25,9.25,False
37014188,5.8,6.75,2.6,0,0,0,5.0,6.0,6.0,False
37014189,7.6,6.5,3.8,8.0,6.25,8.5,0,0,0,True
37014190,6.8,6.0,3.8,0,0,0,6.25,6.5,7.25,False
37014191,6.6,6.25,4.6,0,0,0,7.25,6.5,8.0,False
37014192,7.2,5.5,5.6,7.0,6.5,5.75,0,0,0,True
37014193,7.2,6.0,6.4,0,0,0,7.0,6.75,8.75,False
37014194,7.8,6.5,6.0,0,0,0,5.25,6.75,9.25,False
37014195,8.4,6.25,5.0,7.75,9.0,5.75,0,0,0,True
37014196,8.0,7.5,6.6,0,0,0,5.0,7.0,8.5,False
37014197,8.2,7.0,4.6,7.75,4.25,6.25,0,0,0,True
37014198,8.2,6.75,7.4,0,0,0,6.0,7.0,8.0,False
37014199,7.2,4.25,6.8,0,0,0,5.0,5.75,6.25,False
37014200,7.8,8.0,8.0,8.75,6.0,6.5,0,0,0,True
37014201,7.8,6.25,6.4,8.25,5.5,5.5,0,0,0,True
37014202,8.0,6.5,5.8,6.25,7.0,6.5,0,0,0,True
37014203,8.2,5.25,5.2,7.75,8.25,7.5,0,0,0,True
37014204,3.6,5.75,5.0,0,0,0,7.0,6.0,8.25,False
37014205,7.2,4.0,4.4,0,0,0,6.5,6.0,7.0,False
37014206,7.0,5.5,4.8,0,0,0,6.5,7.5,8.75,False
37014207,6.6,7.5,4.6,0,0,0,6.5,6.0,8.5,False
37014208,6.2,6.5,5.2,0,0,0,6.0,5.75,7.75,False
37014209,6.8,6.0,5.4,0,0,0,5.75,6.5,7.0,False
37014210,6.0,7.0,4.6,0,0,0,7.0,6.75,9.5,False
37014211,7.4,6.75,6.6,0,0,0,6.5,5.75,8.5,False
37014212,7.8,7.5,6.4,6.5,6.5,6.25,0,0,0,True
37014213,8.4,7.0,6.2,7.5,6.5,5.5,0,0,0,True
37014214,7.4,8.0,6.6,0,0,0,6.25,7.0,8.75,False
37014215,6.8,6.5,5.4,0,0,0,8.0,7.25,7.5,False
37014216,6.8,7.5,6.8,7.5,6.75,7.5,0,0,0,True
37014217,5.6,7.0,6.6,0,0,0,8.0,7.25,8.5,False
37014218,5.8,5.0,6.8,0,0,0,6.75,6.75,8.25,False
37014219,8.0,7.25,7.4,0,0,0,7.75,6.5,9.25,False
37014220,8.0,8.0,7.0,0,0,0,7.75,8.25,9.75,False
37014221,7.2,6.5,7.4,0,0,0,7.25,8.0,7.75,False
37014222,7.0,6.75,7.0,0,0,0,7.75,6.75,9.0,False
37014223,6.8,5.0,6.4,0,0,0,7.0,7.5,8.5,False
37014224,7.4,7.0,7.4,6.5,5.5,6.0,0,0,0,True
37014225,7.8,6.75,5.8,6.75,6.25,6.5,0,0,0,True
37014226,7.4,6.25,6.0,0,0,0,7.25,5.5,7.75,False
37014227,7.6,6.5,5.2,0,0,0,6.5,7.75,7.25,False
37014228,8.2,6.0,5.6,7.25,7.5,5.0,0,0,0,True
37014229,6.8,7.75,7.0,8.25,6.0,6.0,0,0,0,True
37014230,4.8,5.5,4.2,0,0,0,5.5,5.5,7.25,False
37014231,6.0,5.75,6.2,0,0,0,5.5,6.5,8.75,False
37014232,8.4,6.25,7.4,8.25,7.5,6.25,0,0,0,True
37014233,6.0,7.0,5.8,0,0,0,5.5,6.25,7.5,False
37014234,7.2,7.0,4.0,7.25,8.5,6.75,0,0,0,True
37014235,6.2,7.25,2.6,0,0,0,7.5,7.0,7.75,False
37014236,3.2,5.75,4.0,0,0,0,7.25,7.25,7.75,False
37014237,7.4,8.0,6.2,0,0,0,7.75,8.25,9.0,False
37014238,5.6,8.5,5.6,0,0,0,7.0,6.75,7.75,False
37014239,5.2,5.5,5.6,0,0,0,7.0,5.75,5.5,False
37014240,6.4,5.75,4.4,0,0,0,6.5,6.0,7.25,False
37014241,7.0,7.25,4.8,0,0,0,6.0,6.5,9.25,False
37014242,5.8,6.75,4.8,0,0,0,5.75,3.25,4.75,False
37014243,5.4,6.5,5.2,0,0,0,7.5,7.75,8.5,False
37014244,5.8,7.75,6.0,0,0,0,6.75,7.5,7.75,False
37014245,5.8,7.75,5.0,0,0,0,8.0,7.5,9.25,False
37014246,7.2,8.25,6.8,8.0,8.25,4.75,0,0,0,True
37014247,6.8,6.25,5.6,5.0,4.75,7.25,0,0,0,True
37014248,8.4,7.5,6.0,7.75,6.75,6.75,0,0,0,True
37014249,7.2,7.75,5.0,0,0,0,7.0,5.5,7.75,False
37014250,6.2,7.75,5.8,0,0,0,7.75,7.75,8.75,False
37014251,6.0,6.25,4.4,0,0,0,6.0,6.75,7.5,False
37014252,4.6,6.25,3.6,0,0,0,6.75,7.5,8.25,False
37014253,8.4,5.75,6.6,8.75,8.75,6.75,0,0,0,True
37014254,5.4,6.75,4.4,0,0,0,7.0,8.0,8.5,False
37014255,7.2,7.5,9.0,8.25,6.0,7.25,0,0,0,True
37014256,7.0,7.25,6.4,0,0,0,7.0,6.0,8.5,False
37014257,5.4,8.0,7.0,0,0,0,7.5,7.25,9.0,False
37014258,8.2,8.25,8.8,8.25,7.75,8.25,0,0,0,True
37014259,6.8,8.25,7.4,0,0,0,8.25,7.5,9.25,False
37014260,8.6,7.25,7.0,8.25,9.5,7.5,0,0,0,True
37014261,6.6,6.75,5.6,0,0,0,6.75,7.25,8.25,False
37014262,7.8,6.25,4.6,0,0,0,8.0,8.25,8.25,False
37014263,4.4,5.0,4.8,0,0,0,5.75,6.5,7.25,False
37014264,6.0,7.5,7.8,0,0,0,6.75,6.5,8.75,False
37014265,4.6,6.0,6.4,0,0,0,7.0,7.0,9.0,False
37014266,7.6,7.25,7.0,0,0,0,6.75,7.5,9.5,False
37014267,8.2,7.75,6.0,7.5,7.0,6.75,0,0,0,True
37014268,3.8,5.75,4.4,0,0,0,6.75,5.25,8.25,False
37014269,1.6,4.5,4.8,0,0,0,4.75,3.25,7.25,False
37014270,4.6,4.5,6.4,0,0,0,4.25,4.5,6.0,False
37014271,8.0,8.5,7.8,8.25,7.0,7.5,0,0,0,True
37014272,6.8,7.5,5.4,0,0,0,6.0,8.25,9.0,False
37014273,7.0,7.25,6.8,7.75,5.75,6.5,0,0,0,True
37014274,7.2,7.5,5.8,0,0,0,7.0,7.0,9.25,False
37014275,5.2,7.25,5.4,0,0,0,7.0,5.25,8.0,False
37014276,6.8,8.0,7.2,7.75,6.25,6.75,0,0,0,True
37014277,7.8,7.0,6.0,0,0,0,5.25,7.25,9.25,False
37014278,7.0,7.25,6.2,0,0,0,5.0,6.0,8.75,False
37014279,7.2,6.5,5.0,0,0,0,5.25,6.75,6.25,False
37014280,7.0,5.25,5.6,0,0,0,5.25,6.0,7.5,False
37014281,7.4,6.5,7.6,0,0,0,6.75,7.0,8.5,False
37014282,6.6,5.0,5.8,0,0,0,7.5,7.0,8.75,False
37014283,7.6,6.75,6.2,0,0,0,7.25,7.25,9.0,False
37014284,6.0,5.75,5.2,0,0,0,6.0,6.75,8.5,False
37014285,7.8,8.0,6.2,7.75,6.75,7.75,0,0,0,True
37014286,7.6,7.25,7.0,8.0,4.75,5.75,0,0,0,True
37014287,6.6,6.25,5.2,0,0,0,5.75,5.75,7.25,False
37014288,6.6,7.0,5.0,0,0,0,6.5,7.75,9.0,False
37014289,5.4,7.75,5.2,0,0,0,7.5,7.75,8.25,False
37014290,6.2,6.0,7.2,0,0,0,7.0,6.25,7.75,False
37014291,6.8,7.75,7.2,0,0,0,5.75,7.0,8.75,False
37014292,7.2,8.5,8.8,6.75,5.75,6.5,0,0,0,True
37014293,6.6,7.75,7.6,0,0,0,6.25,7.0,8.0,False
37014294,7.6,6.5,4.2,7.75,6.5,6.0,0,0,0,True
37014295,8.0,6.5,6.0,0,0,0,5.75,7.0,8.75,False
37014296,7.6,7.5,6.4,0,0,0,6.5,5.75,7.75,False
37014297,8.0,8.25,8.0,8.75,6.5,6.0,0,0,0,True
37014298,7.8,4.75,5.0,0,0,0,7.0,6.5,8.0,False
37014299,6.0,7.0,6.0,0,0,0,8.25,7.0,8.25,False
37014300,6.0,6.75,5.4,0,0,0,6.5,7.25,8.75,False
37014301,5.4,7.25,6.8,0,0,0,7.25,7.75,9.25,False
37014302,4.0,5.75,5.8,0,0,0,8.0,6.75,8.0,False
37014303,5.4,7.5,7.0,0,0,0,6.75,7.75,9.75,False
37014304,5.6,6.5,6.0,0,0,0,5.75,7.25,8.25,False
37014305,7.6,8.25,6.6,8.0,8.5,8.75,0,0,0,True
37014306,6.6,5.75,7.2,0,0,0,7.0,7.25,8.0,False
37014307,7.4,7.5,7.0,0,0,0,7.5,7.0,8.75,False
37014308,5.0,8.0,6.0,0,0,0,9.0,8.25,8.75,False
37014309,4.8,5.5,5.4,0,0,0,7.5,6.25,8.0,False
37014310,6.4,7.25,5.2,0,0,0,7.0,7.0,8.75,False
37014311,4.8,6.75,4.4,0,0,0,6.25,5.25,7.75,False
37014312,2.4,7.0,4.8,0,0,0,6.0,7.5,7.25,False
37014313,5.8,7.0,5.6,0,0,0,6.5,7.75,8.0,False
37014314,7.8,6.75,5.4,8.5,7.25,6.75,0,0,0,True
37014315,3.8,5.0,5.4,0,0,0,4.5,5.5,7.25,False
37014316,5.0,6.25,5.4,0,0,0,6.5,6.5,8.25,False
37014317,8.4,6.5,8.2,8.25,6.5,5.0,0,0,0,True
37014318,6.6,7.5,7.6,0,0,0,7.0,7.75,7.5,False
37014319,8.0,6.75,7.6,8.25,7.25,6.75,0,0,0,True
37014320,7.8,7.5,5.6,8.0,8.25,6.75,0,0,0,True
37014321,5.6,5.0,4.8,0,0,0,6.25,7.0,8.25,False
37014322,7.4,7.75,4.4,0,0,0,7.0,7.0,8.5,False
37014323,7.2,6.0,4.4,0,0,0,5.75,6.0,8.75,False
37014324,5.6,6.0,5.6,4.25,2.5,3.75,0,0,0,True
37014325,6.4,7.0,5.4,0,0,0,7.25,7.5,9.0,False
37014326,4.4,5.0,0,0,0,0,6.75,6.5,0,False
37014327,5.4,4.5,2.8,0,0,0,4.5,6.75,7.25,False
37014328,8.2,7.75,4.4,7.5,7.75,6.5,0,0,0,True
37014329,7.4,8.0,6.8,5.75,6.75,5.75,0,0,0,True
37014330,6.8,5.25,4.8,0,0,0,6.0,6.25,7.5,False
37014331,6.4,4.75,4.8,0,0,0,6.5,7.0,7.5,False
37014332,6.8,5.5,5.8,6.25,5.75,5.25,0,0,0,True
37014333,6.8,5.25,4.8,3.0,3.75,3.75,0,0,0,True
37014334,8.0,6.5,7.2,8.25,4.0,5.75,0,0,0,True
37014335,7.4,5.75,6.4,6.75,6.0,7.75,0,0,0,True
37014336,7.2,7.5,5.2,0,0,0,7.5,6.75,9.25,False
37014337,6.0,6.0,4.8,0,0,0,7.25,7.25,8.25,False
37014338,7.8,6.75,7.2,7.0,5.75,5.0,0,0,0,True
37014339,5.6,7.0,4.8,0,0,0,7.0,6.0,8.5,False
37014340,5.2,5.5,6.0,0,0,0,7.0,6.5,8.5,False
37014341,8.2,8.75,8.4,0,0,0,6.25,7.75,8.75,False
37014342,7.6,7.5,4.8,7.5,6.75,7.0,0,0,0,True
37014343,6.6,6.25,4.0,0,0,0,6.5,7.25,8.75,False
37014344,6.8,5.5,0,0,0,0,5.5,6.75,0,False
37014345,4.0,5.75,3.4,0,0,0,6.0,5.25,6.5,False
37014346,5.8,6.75,3.6,0,0,0,6.25,7.0,8.0,False
37014347,7.8,7.5,7.2,8.25,3.5,6.5,0,0,0,True
37014348,8.0,4.75,7.8,7.5,5.5,5.25,0,0,0,True
37014349,5.8,7.25,4.6,0,0,0,7.25,8.0,7.0,False
37014350,7.0,7.5,5.8,0,0,0,8.0,8.0,8.75,False
37014351,7.0,8.0,7.4,0,0,0,6.75,7.25,9.0,False
37014352,5.8,7.0,5.4,0,0,0,5.25,4.5,6.75,False
37014353,4.2,7.0,4.4,0,0,0,5.0,4.0,5.75,False
37014354,6.4,6.75,5.8,0,0,0,8.25,8.0,9.5,False
37014355,7.8,7.0,6.4,5.75,6.5,6.5,0,0,0,True
37014356,7.4,4.75,5.0,4.25,2.75,6.75,0,0,0,True
37014357,7.0,7.5,6.0,0,0,0,7.75,8.5,8.5,False
37014358,4.8,6.5,0,0,0,0,7.0,6.25,0,False
37014359,7.2,6.25,5.8,5.5,5.75,6.75,0,0,0,True
37014360,7.6,4.0,5.2,6.25,6.75,7.5,0,0,0,True
37014361,5.4,6.0,4.8,0,0,0,6.75,7.0,8.75,False
37014362,3.0,5.0,0,0,0,0,4.75,7.0,0,False
37014363,4.8,6.0,0,0,0,0,6.75,5.5,0,False
37014364,7.6,4.75,6.6,0,0,0,7.0,7.5,6.5,False
37014365,6.0,6.25,0,0,0,0,7.25,8.0,0,False
37014366,5.8,6.0,4.2,0,0,0,6.75,6.0,8.0,False
37014367,7.2,6.75,6.2,0,0,0,5.5,7.0,6.75,False
37014368,6.6,7.25,5.4,0,0,0,5.5,7.0,9.0,False
37014369,5.6,6.25,4.2,0,0,0,3.75,6.5,6.75,False
37014370,6.6,6.0,6.8,0,0,0,7.0,8.25,8.75,False
37014371,7.6,6.0,6.8,5.75,8.5,7.0,0,0,0,True
37014372,6.8,8.0,8.4,7.0,7.0,7.0,0,0,0,True
37014373,7.0,8.0,6.0,0,0,0,7.75,8.75,9.0,False
37014374,4.8,3.0,0,0,0,0,6.0,6.5,0,False
37014375,7.8,7.75,6.0,7.75,6.75,5.25,0,0,0,True
37014376,6.4,7.0,5.6,7.25,6.75,5.5,0,0,0,True
37014377,6.6,5.5,4.6,6.0,6.5,7.5,0,0,0,True
37014378,6.4,7.5,4.8,0,0,0,5.0,6.75,6.5,False
37014379,5.0,5.0,3.2,0,0,0,0,6.25,0,False
37014380,6.8,6.5,4.6,0,0,0,7.5,7.75,8.5,False
37014381,7.8,7.75,6.6,8.0,8.0,5.75,0,0,0,True
37014382,7.6,6.5,6.6,0,0,0,7.0,7.75,8.0,False
37014383,7.0,6.5,6.8,0,0,0,5.5,7.25,7.5,False
37014384,7.4,5.5,5.6,7.0,7.0,5.5,0,0,0,True
37014385,3.0,5.5,4.2,0,0,0,5.0,6.0,6.25,False
37014386,6.0,7.5,5.8,0,0,0,5.25,7.75,8.25,False
37014387,5.8,5.25,5.2,6.0,6.75,6.0,0,0,0,True
37014388,6.8,7.25,6.0,7.25,4.75,5.0,0,0,0,True
37014389,7.2,7.5,6.6,0,0,0,7.5,9.5,8.5,False
37014390,5.4,4.75,7.2,0,0,0,4.5,7.5,7.25,False
37014391,4.6,5.75,0,0,0,0,4.5,7.0,0,False
37014392,6.0,7.25,5.6,0,0,0,5.25,7.75,8.25,False
37014393,6.8,6.5,5.0,7.5,3.25,5.5,0,0,0,True
37014394,7.8,6.5,4.6,8.5,8.25,5.75,0,0,0,True
37014395,6.6,6.5,5.2,5.0,7.5,6.75,0,0,0,True
37014396,6.0,6.5,5.8,8.25,7.75,6.25,0,0,0,True
37014397,6.0,6.0,8.6,0,0,0,7.0,6.5,8.0,False
37014398,4.2,5.25,6.6,0,0,0,5.25,8.75,8.0,False
37014399,7.8,7.75,7.6,8.25,8.5,6.0,0,0,0,True
37014400,3.2,5.5,5.8,0,0,0,4.25,6.25,7.75,False
37014401,3.8,3.75,0,0,0,0,4.5,6.0,0,False
37014402,4.6,5.75,6.2,0,0,0,5.75,6.0,6.75,False
37014403,5.6,7.25,5.6,0,0,0,5.75,6.75,9.0,False
37014404,5.4,5.5,8.0,0,0,0,5.75,7.5,8.5,False
37014405,5.4,5.75,4.6,0,0,0,6.0,8.25,8.5,False
37014406,5.8,6.25,3.6,5.75,6.75,6.5,0,0,0,True
37014407,5.6,6.75,5.6,0,0,0,6.25,7.25,8.75,False
37014408,6.8,6.5,3.0,0,0,0,5.5,7.5,8.75,False
37014409,6.0,7.25,4.6,0,0,0,7.0,8.0,8.0,False
37014410,5.6,6.0,5.0,3.25,2.75,4.25,0,0,0,True
37014411,5.8,5.5,6.6,0,0,0,6.25,6.25,6.75,False
37014412,7.8,5.5,8.6,6.5,4.75,6.5,0,0,0,True
37014413,7.4,6.0,7.0,0,0,0,6.5,7.0,8.5,False
37014414,4.8,6.0,4.6,0,0,0,7.0,7.25,8.5,False
37014415,4.8,4.75,4.6,0,0,0,6.25,7.75,8.25,False
37014416,7.2,5.25,8.8,7.25,4.75,4.75,0,0,0,True
37014417,7.4,6.0,4.8,6.75,4.75,6.25,0,0,0,True
37014418,5.4,5.75,5.6,0,0,0,0,0,0,False
37014419,5.2,3.25,5.2,0,0,0,6.25,8.0,6.5,False
37014420,3.6,5.0,0,0,0,0,6.25,5.5,0,False
37014421,5.6,5.0,5.4,0,0,0,6.25,5.75,8.0,False
37014422,7.2,6.5,7.0,0,0,0,6.75,8.5,8.25,False
37014423,6.2,6.75,5.6,0,0,0,7.5,7.5,8.5,False
37014424,7.6,7.25,6.2,7.5,5.0,4.0,0,0,0,True
37014425,7.2,7.25,5.2,0,0,0,6.5,6.75,8.5,False
37014426,7.4,8.0,5.6,5.0,4.75,4.0,0,0,0,True
37014427,7.4,7.25,4.8,0,0,0,7.5,8.5,8.5,False
37014428,5.4,7.0,2.4,4.75,4.75,6.0,0,0,0,True
37014429,6.2,5.75,4.8,0,0,0,8.5,6.5,9.0,False
37014430,2.6,3.0,0,0,0,0,2.5,4.25,0,False
37014431,8.4,6.5,8.8,0,0,0,6.5,7.75,8.75,False
37014432,5.8,5.75,5.8,0,0,0,7.25,6.75,9.0,False
37014433,7.2,6.25,5.2,7.75,9.0,5.0,0,0,0,True
37014434,6.6,5.5,5.6,0,0,0,6.5,5.25,7.25,False
37014435,7.2,5.0,5.0,7.25,3.25,2.75,0,0,0,True
37014436,6.8,6.5,6.0,0,0,0,6.25,6.75,7.0,False
37014437,7.6,6.0,5.4,4.0,5.75,6.0,0,0,0,True
37014438,7.8,6.75,7.8,7.0,4.5,6.25,0,0,0,True
37014439,6.4,6.75,3.8,0,0,0,6.5,7.0,8.75,False
37014440,6.6,5.0,5.4,0,0,0,8.25,8.0,8.5,False
37014441,4.0,6.0,5.0,4.75,4.0,4.5,0,0,0,True
37014442,5.4,5.0,5.4,0,0,0,8.75,7.5,9.5,False
37014443,7.0,6.5,8.2,7.0,5.25,5.75,0,0,0,True
37014444,7.4,6.25,4.6,4.75,4.25,5.75,0,0,0,True
37014445,7.2,7.0,6.4,0,0,0,7.0,8.25,8.5,False
37014446,6.2,7.75,4.0,0,0,0,7.0,8.25,9.5,False
37014447,6.4,6.0,5.0,0,0,0,6.75,6.5,8.75,False
37014448,4.6,3.5,0,0,0,0,6.25,5.0,0,False
37014449,6.0,6.0,6.0,0,0,0,5.75,6.5,7.5,False
37014450,3.0,6.5,3.6,2.75,6.0,4.0,0,0,0,True
37014451,5.6,5.25,0,0,0,0,4.5,5.75,0,False
37014452,4.2,3.75,4.6,0,0,0,3.5,6.5,7.0,False
37014453,6.0,6.25,5.4,0,0,0,6.25,7.75,8.25,False
37014454,5.2,6.25,4.0,0,0,0,5.5,6.75,7.5,False
37014455,6.2,6.5,4.2,0,0,0,6.25,7.0,8.25,False
37014456,5.6,6.5,2.6,0,0,0,7.25,6.75,6.75,False
37014457,3.8,7.0,4.8,0,0,0,4.75,6.25,5.5,False
37014458,6.2,8.0,6.0,0,0,0,8.5,7.5,8.25,False
37014459,6.8,8.5,4.8,0,0,0,7.25,8.0,9.0,False
37014460,4.4,6.5,5.4,0,0,0,4.0,6.5,8.25,False
37014461,7.8,6.75,6.4,8.25,8.25,6.5,0,0,0,True
37014462,6.6,5.0,3.8,6.25,5.5,5.0,0,0,0,True
37014463,7.4,6.0,5.2,6.5,7.5,6.25,0,0,0,True
37014464,7.6,7.5,5.4,7.25,6.0,7.5,0,0,0,True
37014465,3.6,5.5,0,0,0,0,5.25,5.25,0,False
37014466,5.6,7.5,6.6,0,0,0,7.25,7.5,7.5,False
37014467,5.8,7.0,4.0,0,0,0,8.0,7.75,9.5,False
37014468,8.0,6.5,4.4,6.0,7.25,7.5,0,0,0,True
37014469,4.0,4.5,0,0,0,0,6.75,8.25,0,False
37014470,7.8,7.0,5.2,7.5,5.5,7.5,0,0,0,True
37014471,5.2,6.0,6.4,0,0,0,5.75,6.75,7.25,False
37014472,5.4,6.75,4.4,0,0,0,6.25,7.0,6.25,False
37014473,4.4,6.0,3.8,0,0,0,6.75,6.75,7.5,False
37014474,6.4,5.0,3.8,0,0,0,6.25,7.25,7.25,False
37014475,8.4,6.75,6.4,8.5,7.75,6.75,0,0,0,True
37014476,4.6,6.0,7.6,0,0,0,7.5,7.25,8.75,False
37014477,7.2,4.75,5.8,6.5,6.25,5.75,0,0,0,True
37014478,7.4,6.25,4.6,0,0,0,8.0,8.0,9.25,False
37014479,5.2,7.25,5.0,5.75,6.25,7.0,0,0,0,True
37014480,6.4,6.25,3.8,6.0,4.0,3.0,0,0,0,True
37014481,4.4,6.25,0,0,0,0,7.5,6.5,0,False
37014482,7.0,5.5,4.6,0,0,0,6.25,6.75,8.0,False
37014483,5.2,5.0,0,0,0,0,6.25,7.0,0,False
37014484,4.8,4.5,0,0,0,0,5.75,5.75,0,False
37014485,7.0,7.0,4.6,0,0,0,6.5,7.5,8.75,False
37014486,7.4,8.25,5.8,7.25,6.75,5.25,0,0,0,True
37014487,6.8,6.25,5.8,0,0,0,5.75,5.5,8.0,False
37014488,6.4,7.5,3.8,0,0,0,6.75,7.5,7.5,False
37014489,5.4,6.5,3.8,4.75,4.0,6.5,0,0,0,True
37014490,5.2,5.75,0,0,0,0,4.5,6.5,0,False
37014491,7.4,6.75,4.8,0,0,0,4.75,5.5,6.75,False
37014492,5.4,6.25,4.8,4.25,6.5,7.5,0,0,0,True
37014493,7.2,6.75,6.2,7.75,7.5,6.0,0,0,0,True
37014494,6.4,6.25,4.2,0,0,0,6.5,6.75,7.75,False
37014495,7.2,7.0,7.0,0,0,0,7.5,7.75,7.5,False
37014496,7.0,7.25,6.4,8.25,7.5,4.5,0,0,0,True
37014497,2.8,5.5,0,0,0,0,6.0,5.5,0,False
37014498,7.0,7.5,7.2,0,0,0,7.0,7.5,7.5,False
37014499,7.4,7.5,8.2,6.25,6.25,6.0,0,0,0,True
37014500,5.0,8.0,5.8,0,0,0,7.0,7.25,8.75,False
37014501,6.2,6.25,4.4,0,0,0,4.75,6.5,8.25,False
37014502,5.6,4.5,0,0,0,0,6.5,7.75,0,False
37014503,3.8,5.25,4.4,0,0,0,6.75,5.75,7.75,False
37014504,6.2,6.0,4.8,0,0,0,5.75,7.0,8.75,False
37014505,7.2,7.0,8.0,0,0,0,7.0,7.0,7.5,False
37014506,6.6,7.25,5.0,6.25,7.0,8.0,0,0,0,True
37014507,6.6,6.75,5.4,0,0,0,6.25,7.25,8.25,False
37014508,6.2,6.75,6.2,0,0,0,7.25,7.0,9.25,False
37014509,4.8,4.75,0,0,0,0,5.5,5.0,0,False
37014510,8.6,7.75,9.0,8.25,9.5,7.0,0,0,0,True
37014511,6.4,6.25,4.6,4.0,7.5,6.0,0,0,0,True
37014512,8.0,7.75,6.0,5.75,5.75,6.25,0,0,0,True
37014513,3.8,8.5,5.4,0,0,0,6.0,7.0,7.75,False
37014514,6.4,7.75,7.6,0,0,0,7.75,6.5,6.75,False
37014515,6.0,8.0,4.6,0,0,0,5.25,6.25,6.75,False
37014516,8.4,6.0,6.2,8.0,7.25,5.5,0,0,0,True
37014517,4.6,5.0,7.0,0,0,0,7.0,5.0,7.5,False
37014518,9.0,6.25,6.0,8.75,7.25,7.0,0,0,0,True
37014519,7.0,8.5,8.8,0,0,0,6.25,7.75,9.0,False
37014520,5.2,6.0,3.6,0,0,0,6.0,6.0,7.5,False
37014521,6.8,5.25,5.8,0,0,0,6.0,6.75,7.25,False
37014522,6.0,5.5,5.0,0,0,0,6.75,7.0,7.75,False
37014523,8.6,6.0,5.8,8.25,8.25,6.5,0,0,0,True
37014524,8.0,6.5,6.8,0,0,0,7.75,7.75,8.0,False
37014525,5.4,7.0,6.8,0,0,0,7.5,6.75,8.5,False
37014526,6.4,7.0,6.2,0,0,0,7.0,7.25,8.75,False
37014527,5.4,7.25,5.4,0,0,0,6.0,6.25,8.5,False
37014528,8.2,7.0,7.4,8.75,8.0,6.25,0,0,0,True
37014529,8.6,6.75,6.0,8.75,9.25,6.0,0,0,0,True
37014530,7.4,6.0,4.4,6.5,6.0,7.0,0,0,0,True
37014531,3.8,5.25,4.0,0,0,0,5.5,6.0,6.75,False
37014532,3.6,4.25,3.0,0,0,0,5.25,5.25,7.0,False
37014533,8.0,6.0,5.0,8.25,7.5,7.5,0,0,0,True
37014534,6.8,6.75,0,0,0,0,6.0,6.0,0,False
37014535,6.8,5.5,6.6,6.25,5.5,5.25,0,0,0,True
37014536,6.8,6.0,6.2,0,0,0,7.0,7.25,8.5,False
37014537,4.8,6.0,5.6,0,0,0,6.5,6.5,8.5,False
37014538,5.6,5.5,5.2,0,0,0,7.0,6.0,8.5,False
37014539,6.4,6.75,5.0,0,0,0,6.5,7.5,8.5,False
37014540,5.2,6.25,5.8,0,0,0,6.75,7.75,8.0,False
37014541,6.8,7.0,5.2,7.5,5.5,6.25,0,0,0,True
37014542,8.6,8.0,7.2,8.5,7.25,5.75,0,0,0,True
37014543,6.6,6.25,0,0,0,0,7.5,7.5,0,False
37014544,5.8,5.0,0,0,0,0,6.25,5.75,0,False
37014545,5.0,7.0,4.0,0,0,0,5.25,5.5,6.25,False
37014546,5.8,6.0,4.4,6.75,5.75,7.0,0,0,0,True
37014547,5.6,7.25,5.6,0,0,0,6.75,7.25,7.25,False
37014548,6.8,7.0,5.8,0,0,0,6.25,7.75,9.5,False
37014549,6.2,5.75,5.8,0,0,0,6.25,6.75,8.5,False
37014550,6.6,7.75,7.2,0,0,0,8.25,8.75,9.5,False
37014551,7.4,7.75,6.2,0,0,0,6.25,8.0,9.0,False
37014552,6.6,6.0,6.4,4.25,5.0,8.25,0,0,0,True
37014553,4.4,6.25,4.2,0,0,0,6.75,8.5,8.0,False
37014554,2.6,2.5,0,0,0,0,5.75,4.75,0,False
37014555,7.8,5.25,4.4,6.5,6.25,7.75,0,0,0,True
37014556,7.6,6.25,4.2,5.5,6.5,7.75,0,0,0,True
37014557,5.8,7.0,4.8,0,0,0,6.25,7.5,8.25,False
37014558,4.6,6.25,3.8,0,0,0,6.25,6.25,7.25,False
37014559,6.0,7.0,5.2,0,0,0,7.25,7.75,8.25,False
37014561,7.8,6.75,4.4,7.25,7.5,7.25,0,0,0,True
37014562,7.4,4.75,7.0,5.75,6.0,6.25,0,0,0,True
37014563,5.6,6.25,0,0,0,0,4.5,7.0,0,False
37014564,7.6,6.5,5.2,8.5,8.25,5.25,0,0,0,True
37014565,5.8,5.75,4.2,0,0,0,6.5,7.25,7.75,False
37014566,6.4,7.0,5.4,0,0,0,7.5,9.0,7.25,False
37014567,6.8,6.25,4.6,6.5,6.0,5.75,0,0,0,True
37014568,7.4,7.0,4.4,0,0,0,5.0,6.75,6.25,False
37014569,8.8,6.0,5.2,0,0,0,6.5,6.5,7.5,False
37014570,4.8,6.75,5.0,0,0,0,5.0,6.25,6.5,False
37014571,6.0,5.0,0,0,0,0,6.75,7.5,0,False
37014572,7.2,7.5,3.6,0,0,0,5.5,7.0,7.75,False
37014573,6.4,5.75,3.8,0,0,0,6.25,5.5,7.25,False
37014574,8.4,5.0,5.0,7.75,7.75,4.25,0,0,0,True
37014575,5.8,4.5,4.0,0,0,0,4.5,6.5,6.5,False
37014576,6.8,6.5,4.8,0,0,0,6.5,7.0,7.75,False
37014577,7.6,6.0,4.2,7.75,6.0,7.0,0,0,0,True
37014578,5.8,5.75,4.0,4.0,5.0,7.0,0,0,0,True
37014579,6.2,5.75,3.8,6.75,6.75,3.25,0,0,0,True
37014580,7.2,6.25,3.6,0,0,0,6.25,7.25,7.25,False
37014581,6.0,5.0,0,0,0,0,7.0,6.75,0,False
37014582,8.4,5.25,4.8,8.25,7.75,6.0,0,0,0,True
37014583,7.2,7.25,2.2,0,0,0,5.5,7.0,6.0,False
37014584,5.0,6.0,4.8,0,0,0,5.5,5.5,6.75,False
37014585,5.4,8.25,4.0,0,0,0,6.0,6.5,6.5,False
37014586,5.0,5.0,4.8,0,0,0,8.0,7.0,9.5,False
37014587,6.4,7.25,5.2,0,0,0,7.25,6.5,7.75,False
37014588,4.6,6.0,0,0,0,0,6.25,5.75,0,False
37014589,6.2,7.0,6.6,0,0,0,6.5,7.75,8.25,False
37014590,6.4,6.75,4.2,0,0,0,8.0,8.5,9.25,False
37014591,6.2,8.0,5.0,0,0,0,6.5,6.75,8.75,False
37014592,5.8,7.0,5.2,0,0,0,6.5,8.75,7.5,False
37014593,3.6,7.5,3.6,0,0,0,7.25,6.0,8.25,False
37014594,6.6,6.75,5.6,0,0,0,7.75,6.5,7.5,False
37014595,5.2,6.5,3.8,0,0,0,4.0,6.5,6.5,False
37014596,5.0,4.5,6.0,0,0,0,7.0,6.25,7.0,False
37014597,6.8,6.5,5.6,0,0,0,7.0,7.25,9.0,False
37014598,6.0,6.0,4.4,0,0,0,6.0,6.75,7.25,False
37014599,4.0,5.75,3.4,0,0,0,6.5,6.5,7.0,False
37014600,6.2,6.0,5.4,0,0,0,6.0,6.5,7.75,False
37014601,6.6,5.25,5.2,0,0,0,6.75,7.5,8.75,False
37014602,6.0,7.0,2.8,0,0,0,5.25,6.75,8.5,False
37014603,5.4,6.0,4.4,0,0,0,5.25,7.5,8.0,False
37014604,8.4,7.5,8.4,8.75,7.5,6.25,0,0,0,True
37014605,7.8,6.75,5.0,5.0,6.25,6.25,0,0,0,True
37014606,7.4,7.75,5.4,6.5,7.5,7.5,0,0,0,True
37014607,4.4,3.75,0,0,0,0,6.0,6.0,0,False
37014608,6.4,5.75,0,0,0,0,6.0,7.0,0,False
37014609,4.4,6.0,5.8,0,0,0,6.0,7.5,6.25,False
37014610,7.2,7.25,6.6,0,0,0,8.0,8.25,8.75,False
37014611,3.8,4.5,0,0,0,0,4.75,3.75,0,False
37014612,4.6,7.0,5.2,0,0,0,7.25,9.25,9.0,False
37014613,7.6,7.0,4.8,8.5,7.25,6.0,0,0,0,True
37014614,4.2,6.75,0,0,0,0,6.5,6.25,0,False
37014615,5.2,7.5,5.6,0,0,0,7.75,7.5,8.75,False
37014616,8.8,6.5,7.2,8.25,8.75,7.75,0,0,0,True
37014617,7.0,5.75,3.4,0,0,0,8.5,9.25,9.5,False
37014618,4.4,5.75,3.6,0,0,0,5.25,5.5,7.5,False
37014619,6.0,7.25,5.0,0,0,0,5.0,6.0,7.0,False
37014620,4.6,7.0,3.0,0,0,0,6.25,6.25,8.75,False
37014621,6.4,8.0,5.4,0,0,0,6.5,7.25,7.25,False
37014622,8.2,8.0,4.8,6.5,8.25,9.25,0,0,0,True
37014623,4.6,7.25,4.4,0,0,0,5.25,5.5,7.5,False
37014624,5.2,6.0,2.8,0,0,0,6.0,6.25,6.0,False
37014625,5.6,5.75,0,0,0,0,7.25,7.0,0,False
37014626,7.8,5.75,3.6,8.0,8.5,4.25,0,0,0,True
37014627,8.8,6.5,5.6,9.0,9.0,5.75,0,0,0,True
37014628,6.8,5.75,4.4,0,0,0,7.75,8.75,8.75,False
37014629,4.6,2.0,0,0,0,0,4.0,3.75,0,False
37014630,6.4,6.75,5.4,5.0,4.5,7.25,0,0,0,True
37014631,6.2,6.0,3.8,0,0,0,4.5,4.5,7.5,False
37014632,7.8,7.25,6.6,8.0,7.5,7.5,0,0,0,True
37014633,3.6,2.75,0,0,0,0,4.5,5.75,0,False
37014634,8.0,6.0,5.6,7.25,8.75,4.5,0,0,0,True
37014635,5.8,8.0,7.8,0,0,0,5.75,5.75,8.5,False
37014636,6.0,8.0,6.0,0,0,0,5.25,7.5,9.0,False
37014637,6.0,6.0,4.4,0,0,0,6.5,5.75,6.5,False
37014638,7.0,7.5,6.4,0,0,0,4.25,7.25,8.0,False
37014639,8.0,7.25,7.2,6.5,5.75,5.75,0,0,0,True
37014640,5.0,5.25,0,0,0,0,5.0,6.0,0,False
37014641,7.2,6.0,5.0,0,0,0,6.75,7.0,7.25,False
37014642,7.4,5.25,8.0,9.0,6.25,5.75,0,0,0,True
37014643,5.0,4.0,0,0,0,0,8.0,7.5,0,False
37014644,6.0,5.75,5.8,0,0,0,7.75,7.5,9.0,False
37014645,5.2,6.75,3.4,0,0,0,7.0,7.0,8.5,False
37014646,5.4,7.0,3.6,0,0,0,4.5,4.75,7.75,False
37014647,2.8,3.0,0,0,0,0,6.0,7.5,0,False
37014648,7.4,6.5,5.0,7.5,5.0,4.75,0,0,0,True
37014649,6.0,6.5,5.0,5.75,4.75,3.75,0,0,0,True
37014650,6.2,6.5,4.4,0,0,0,6.25,6.25,7.75,False
37014651,7.4,5.25,6.0,8.25,7.0,4.75,0,0,0,True
37014652,4.0,6.25,3.2,0,0,0,5.5,7.5,6.5,False
37014653,6.2,7.75,4.2,0,0,0,6.0,8.0,7.75,False
37014654,5.6,7.5,3.4,0,0,0,6.0,8.25,8.75,False
37014655,5.4,6.0,4.0,0,0,0,5.25,7.0,7.25,False
37014656,7.6,8.25,3.8,5.75,8.0,8.25,0,0,0,True
37014657,7.4,6.75,6.6,8.25,5.0,6.5,0,0,0,True
37014658,7.4,8.25,6.0,0,0,0,8.25,9.25,8.75,False
37014659,4.8,7.25,5.0,0,0,0,8.25,9.25,7.25,False
37014660,5.8,7.25,4.6,0,0,0,7.75,7.25,7.5,False
37014661,7.4,8.0,6.2,7.75,8.25,5.5,0,0,0,True
37014662,7.6,8.25,8.4,6.5,7.0,5.5,0,0,0,True
37014663,7.2,7.5,4.8,0,0,0,7.75,8.0,8.5,False
37014664,7.4,7.0,4.2,7.25,5.0,5.75,0,0,0,True
37014665,4.4,7.25,4.8,0,0,0,5.25,6.0,7.25,False
37014666,6.0,6.75,5.0,0,0,0,4.75,7.25,6.75,False
37014667,6.6,8.0,4.6,6.0,5.5,5.75,0,0,0,True
37014668,3.2,8.25,5.0,0,0,0,7.0,8.0,7.5,False
37014669,6.0,6.25,0,0,0,0,5.75,8.5,0,False
37014670,4.8,6.5,3.2,0,0,0,5.75,6.0,8.0,False
37014671,4.4,6.25,5.8,0,0,0,4.5,7.25,7.0,False
37014672,7.0,6.25,3.6,0,0,0,6.75,7.25,8.5,False
37014673,6.0,6.5,3.6,0,0,0,5.75,6.75,8.0,False
37014674,3.6,7.75,4.2,0,0,0,7.75,6.75,8.25,False
37014675,5.8,7.25,7.0,0,0,0,8.5,7.5,8.75,False
37014676,7.6,8.0,5.6,8.25,7.75,5.25,0,0,0,True
37014677,6.6,7.0,4.6,0,0,0,6.25,7.25,8.25,False
37014678,5.2,5.5,4.8,0,0,0,7.0,7.5,7.25,False
37014679,7.2,6.0,5.0,5.5,3.5,3.5,0,0,0,True
37014680,5.6,7.25,5.6,4.5,6.5,4.75,0,0,0,True
37014681,4.8,5.75,5.0,0,0,0,6.75,7.0,7.5,False
37014682,7.4,7.5,5.8,0,0,0,6.5,8.0,8.5,False
37014683,4.6,5.75,4.8,0,0,0,5.25,6.5,7.5,False
37014684,4.6,6.25,4.8,0,0,0,5.0,7.0,8.5,False
37014685,6.0,6.75,5.6,0,0,0,5.25,7.0,7.0,False
37014686,5.4,6.0,6.0,0,0,0,5.5,7.0,8.25,False
37014687,7.2,5.75,6.0,6.75,5.0,4.5,0,0,0,True
37014688,6.6,7.25,6.4,7.5,6.75,6.25,0,0,0,True
37014689,9.0,7.5,5.8,8.0,7.25,7.75,0,0,0,True
37014690,8.8,6.75,7.4,7.25,5.75,6.25,0,0,0,True
37014691,5.8,4.25,6.0,0,0,0,6.75,7.0,9.0,False
37014692,6.6,6.5,5.8,0,0,0,7.25,8.0,7.75,False
37014693,5.0,6.75,3.8,0,0,0,6.25,7.0,8.25,False
37014694,7.6,5.75,3.8,6.0,4.25,6.0,0,0,0,True
37014695,5.2,6.0,0,0,0,0,6.25,6.0,0,False
37014696,5.8,7.75,6.2,6.5,7.0,4.75,0,0,0,True
37014697,3.2,6.0,0,0,0,0,7.0,6.75,0,False
37014698,5.8,6.5,4.8,0,0,0,8.0,6.5,9.75,False
37014699,6.2,7.75,5.4,0,0,0,8.25,7.75,9.25,False
37014700,6.4,8.0,4.6,0,0,0,6.0,7.0,7.25,False
37014701,7.4,6.25,5.6,7.5,5.75,3.75,0,0,0,True
37014702,6.2,8.25,6.8,7.25,4.75,7.0,0,0,0,True
37014703,4.6,5.5,4.0,0,0,0,7.5,5.0,7.5,False
37014704,6.6,7.25,3.2,3.5,5.0,7.25,0,0,0,True
37014705,5.4,6.0,4.2,5.25,3.5,5.25,0,0,0,True
37014706,6.0,7.25,4.8,0,0,0,6.75,7.5,7.75,False
37014707,7.4,6.75,8.6,7.0,5.5,6.25,0,0,0,True
37014708,3.8,5.25,3.8,0,0,0,4.75,5.75,6.5,False
37014710,5.2,6.0,4.4,4.5,3.0,4.5,0,0,0,True
37014711,5.6,6.5,5.2,0,0,0,5.25,7.25,9.0,False
37014712,7.2,6.25,4.8,6.5,5.75,6.0,0,0,0,True
37014713,6.0,7.75,4.2,4.75,4.75,6.0,0,0,0,True
37014714,6.6,7.5,4.0,0,0,0,7.5,7.75,8.0,False
37014715,7.6,7.25,6.6,0,0,0,8.25,8.5,8.5,False
37014716,5.2,6.25,3.6,0,0,0,6.75,8.5,7.75,False
37014717,5.6,7.5,3.2,5.75,3.75,5.5,0,0,0,True
37014718,5.6,5.0,4.0,0,0,0,5.25,5.5,4.75,False
37014719,6.0,6.75,5.0,0,0,0,7.0,7.75,8.75,False
37014720,6.6,3.75,4.8,0,0,0,5.75,4.75,4.0,False
37014721,4.4,6.0,4.6,0,0,0,6.0,6.75,7.5,False
37014722,6.2,6.0,0,0,0,0,5.5,6.5,0,False
37014723,7.4,7.5,5.8,0,0,0,7.5,7.5,9.0,False
37014724,4.6,5.75,0,0,0,0,7.25,8.0,0,False
37014725,5.0,5.5,4.4,0,0,0,6.0,5.5,8.0,False
37014726,6.6,5.75,5.4,7.0,7.0,5.0,0,0,0,True
37014727,5.8,5.25,0,0,0,0,7.5,7.0,0,False
37014728,6.2,4.5,2.8,0,0,0,6.25,7.75,7.0,False
37014729,6.8,7.5,5.6,0,0,0,8.0,9.25,9.0,False
37014730,4.8,7.25,4.6,0,0,0,6.5,7.25,8.25,False
37014731,8.0,6.75,8.4,8.75,6.25,6.5,0,0,0,True
37014732,8.0,5.25,6.2,0,0,0,6.25,7.25,6.75,False
37014733,4.6,5.0,0,0,0,0,4.75,5.5,0,False
37014734,5.0,6.5,5.2,0,0,0,5.75,7.5,8.25,False
37014735,6.6,6.0,4.8,0,0,0,4.0,6.75,7.5,False
37014736,7.0,5.5,4.8,6.25,7.0,4.75,0,0,0,True
37014737,9.0,6.5,4.4,8.5,8.0,6.0,0,0,0,True
37014738,6.8,8.25,7.6,6.75,7.25,5.75,0,0,0,True
37014739,7.0,8.0,5.6,8.0,7.5,7.5,0,0,0,True
37014740,6.6,6.5,4.4,0,0,0,5.75,6.0,7.25,False
37014741,6.8,6.5,4.0,0,0,0,4.25,6.5,8.25,False
37014742,5.6,8.0,5.0,0,0,0,5.75,7.5,8.0,False
37014743,4.0,6.0,3.4,0,0,0,4.5,6.25,6.0,False
37014744,6.2,6.25,5.0,0,0,0,5.75,7.5,7.25,False
37014745,6.4,7.25,6.4,8.0,7.0,8.0,0,0,0,True
37014746,5.4,6.25,6.4,0,0,0,3.25,6.0,6.75,False
37014747,5.4,7.75,3.4,0,0,0,7.0,8.75,8.5,False
37014748,7.8,7.0,4.0,8.25,8.25,6.75,0,0,0,True
37014749,8.0,6.0,3.4,7.5,7.5,6.5,0,0,0,True
37014750,5.8,6.75,5.6,0,0,0,6.5,7.0,6.75,False
37014751,3.6,5.0,0,0,0,0,4.0,4.0,0,False
37014752,5.8,6.0,4.4,0,0,0,6.0,6.0,7.75,False
37014753,2.8,4.0,0,0,0,0,3.25,4.25,0,False
37014754,8.0,7.0,5.8,8.25,8.5,9.0,0,0,0,True
37014755,5.2,5.0,0,0,0,0,3.75,6.0,0,False
37014756,4.2,5.25,0,0,0,0,4.5,4.25,0,False
37014757,5.2,6.0,3.6,0,0,0,6.75,7.5,8.5,False
37014758,3.0,1.75,0,0,0,0,5.75,3.0,0,False
37014759,5.2,3.5,0,0,0,0,5.0,5.75,0,False
37014760,8.2,5.25,4.0,9.5,9.0,5.25,0,0,0,True
37014761,6.2,7.25,4.8,0,0,0,7.5,7.5,9.75,False
37014762,6.6,6.75,6.2,0,0,0,5.0,5.25,7.0,False
37014763,6.0,8.0,3.2,0,0,0,5.25,4.0,5.25,False
37014764,5.0,7.0,4.0,0,0,0,6.0,6.5,6.75,False
37014765,6.0,7.75,5.4,0,0,0,6.0,7.25,9.25,False
37014766,8.4,6.0,4.4,8.75,7.75,7.0,0,0,0,True
37014767,7.6,7.5,6.8,9.0,8.75,7.25,0,0,0,True
37014768,6.8,5.75,6.6,0,0,0,5.5,8.75,7.5,False
37014769,5.8,8.0,6.4,0,0,0,6.5,5.5,7.5,False
37014770,9.4,6.5,6.0,8.5,9.0,5.5,0,0,0,True
37014771,5.0,6.5,5.0,0,0,0,6.75,7.0,7.5,False
37014772,6.4,4.75,3.6,0,0,0,7.0,7.25,8.5,False
37014773,5.4,8.0,3.2,0,0,0,6.25,7.5,8.75,False
37014774,5.0,4.0,0,0,0,0,6.0,4.75,0,False
37014775,8.4,8.25,6.8,8.5,7.0,8.25,0,0,0,True
37014776,7.2,6.0,5.0,8.0,6.75,6.25,0,0,0,True
37014777,5.4,7.5,4.4,4.75,3.75,5.25,0,0,0,True
37014778,2.8,5.75,2.0,0,0,0,6.0,5.75,6.75,False
37014779,3.4,5.0,4.0,0,0,0,5.5,4.75,6.5,False
37014780,7.8,7.5,4.2,7.75,8.5,6.5,0,0,0,True
37014781,2.6,4.75,2.4,0,0,0,5.5,6.75,6.5,False
37014782,6.2,7.0,4.6,0,0,0,6.0,7.5,9.0,False
37014783,7.0,7.5,5.4,6.25,7.5,6.0,0,0,0,True
37014784,6.8,7.25,5.2,5.0,6.75,5.5,0,0,0,True
37014785,6.8,6.5,3.0,0,0,0,5.0,7.25,8.25,False
37014786,4.8,6.75,2.4,0,0,0,4.75,5.75,6.25,False
37014787,5.4,6.5,3.6,0,0,0,6.25,5.5,7.25,False
37014788,8.0,5.75,5.0,6.0,7.0,6.75,0,0,0,True
37014789,7.6,6.75,5.2,8.0,7.5,5.75,0,0,0,True
37014790,7.2,8.0,5.6,0,0,0,5.0,6.25,9.0,False
37014791,3.8,5.0,3.0,0,0,0,4.75,5.25,7.5,False
37014792,6.8,6.0,4.8,5.25,5.75,5.75,0,0,0,True
37014793,7.2,5.5,3.4,7.25,7.25,5.5,0,0,0,True
37014794,6.8,7.5,7.8,0,0,0,7.0,8.25,8.75,False
37014795,7.2,8.25,5.6,0,0,0,7.0,7.0,9.0,False
37014796,7.0,8.25,5.0,4.75,8.75,6.5,0,0,0,True
37014797,8.0,8.5,7.4,0,0,0,6.5,7.75,9.25,False
37014798,7.0,4.75,4.0,0,0,0,7.25,8.25,8.75,False
37014799,6.8,6.25,2.0,0,0,0,6.5,8.0,8.25,False
37014800,7.6,8.75,7.8,3.75,5.5,6.5,0,0,0,True
37014801,7.2,7.5,8.4,0,0,0,7.0,6.5,7.75,False
37014802,8.0,4.5,4.2,6.0,7.25,7.0,0,0,0,True
37014803,6.8,5.0,1.6,0,0,0,4.5,5.75,8.0,False
37014804,6.0,5.25,4.0,0,0,0,5.25,6.25,8.75,False
37014805,6.6,5.25,3.0,0,0,0,7.25,6.5,8.75,False
37014806,5.4,7.25,3.6,0,0,0,3.75,6.25,8.5,False
37014807,6.4,3.5,3.4,0,0,0,5.25,8.0,8.25,False
37014808,5.2,4.25,3.0,0,0,0,2.5,4.0,6.5,False
37014809,4.4,3.0,2.8,0,0,0,4.0,5.0,7.75,False
37014810,4.0,3.75,3.4,0,0,0,3.0,3.25,6.25,False
37014811,3.6,6.0,3.8,0,0,0,5.0,7.0,8.0,False
37014812,4.4,6.5,3.4,0,0,0,5.25,6.0,8.0,False
37014813,4.6,7.5,3.8,0,0,0,7.0,7.25,8.5,False
37014814,6.4,6.25,8.6,6.0,8.0,6.5,0,0,0,True
37014815,6.0,5.25,4.2,0,0,0,5.75,6.0,8.5,False
37014816,6.4,5.5,3.2,0,0,0,5.5,6.75,8.5,False
37014817,5.8,6.25,4.8,0,0,0,4.5,5.5,8.25,False
37014818,7.0,4.0,2.6,0,0,0,5.25,7.75,8.5,False
37014819,6.2,4.0,3.6,0,0,0,5.75,3.75,8.25,False
37014820,5.6,6.75,5.6,0,0,0,6.75,8.5,9.0,False
37014821,6.6,7.0,3.8,0,0,0,8.5,9.0,8.75,False
37014822,3.8,6.75,3.6,0,0,0,6.0,7.25,9.5,False
37014823,5.2,8.25,4.2,0,0,0,6.0,7.25,8.75,False
37014824,7.2,8.0,5.2,0,0,0,7.5,7.0,8.5,False
37014825,5.0,4.5,4.0,0,0,0,4.0,8.25,7.75,False
37014826,6.4,5.5,4.0,5.0,4.75,5.0,0,0,0,True
37014827,7.0,5.75,4.6,7.0,6.5,7.0,0,0,0,True
37014828,4.2,6.0,3.2,0,0,0,6.0,9.0,8.75,False
37014829,4.8,5.25,3.6,0,0,0,5.0,6.0,6.25,False
37014830,8.4,5.75,4.0,8.0,7.5,5.0,0,0,0,True
37014831,6.4,6.0,3.6,5.75,6.25,5.75,0,0,0,True
37014832,3.8,5.25,3.0,0,0,0,5.25,5.25,7.5,False
37014833,3.0,3.5,3.2,0,0,0,3.5,4.0,6.25,False
37014834,6.4,7.5,4.4,0,0,0,6.0,7.25,8.25,False
37014835,7.0,4.25,4.4,0,0,0,5.0,7.0,7.75,False
37014836,7.4,6.75,5.2,6.25,6.5,4.5,0,0,0,True
37014837,5.8,6.5,5.6,0,0,0,6.5,7.5,8.0,False
37014838,5.0,5.5,3.0,0,0,0,3.75,7.5,7.0,False
37014839,8.6,5.75,5.8,8.25,8.25,5.5,0,0,0,True
37014840,6.4,5.5,2.8,0,0,0,6.25,7.5,8.0,False
37014841,4.4,3.75,3.8,0,0,0,6.0,5.75,8.0,False
37014842,6.4,4.5,6.0,0,0,0,5.75,7.75,10.0,False
37014843,5.0,2.75,3.0,0,0,0,3.75,5.75,7.5,False
37014844,7.0,5.5,5.4,3.25,6.5,4.25,0,0,0,True
37014845,3.4,3.25,3.0,0,0,0,4.0,4.25,6.25,False
37014846,6.8,5.5,7.4,0,0,0,7.75,8.5,8.25,False
37014847,5.4,4.75,5.6,0,0,0,6.5,6.75,7.75,False
37014848,6.2,5.5,5.6,0,0,0,7.25,7.5,8.0,False
37014849,7.0,6.5,4.4,3.75,5.75,6.75,0,0,0,True
37014850,4.6,7.5,4.6,0,0,0,6.5,7.75,7.25,False
37014851,5.6,5.5,2.6,0,0,0,4.0,6.5,7.5,False
37014852,5.0,6.0,3.0,0,0,0,4.5,5.75,6.5,False
37014853,5.6,7.0,5.0,0,0,0,7.5,7.5,9.0,False
37014854,4.2,6.0,4.4,0,0,0,5.75,7.25,7.75,False
37014855,5.4,5.25,2.8,0,0,0,6.0,7.25,9.25,False
37014856,5.6,4.25,2.4,0,0,0,5.75,6.75,6.5,False
37014857,7.4,7.25,5.2,6.75,7.25,5.25,0,0,0,True
37014858,3.6,6.5,4.8,0,0,0,6.75,7.25,7.0,False
37014859,4.6,6.75,3.8,0,0,0,4.5,6.5,8.25,False
37014860,1.4,5.0,2.2,0,0,0,4.5,4.5,6.25,False
37014861,5.8,7.75,4.4,4.0,6.25,4.75,0,0,0,True
37014862,6.2,6.0,5.0,0,0,0,6.0,7.75,9.25,False
37014863,8.0,7.0,6.6,6.25,7.5,6.75,0,0,0,True
37014864,8.2,7.75,5.4,7.75,7.0,7.25,0,0,0,True
37014865,5.0,5.25,4.8,0,0,0,4.75,5.5,8.0,False
37014866,6.8,7.0,4.2,5.25,5.25,5.25,0,0,0,True
37014867,6.2,6.5,5.6,0,0,0,6.5,6.5,8.0,False
37014869,6.4,7.5,4.0,0,0,0,6.25,7.5,8.0,False
37014870,5.2,5.5,2.4,0,0,0,4.25,5.25,7.25,False
37014871,5.2,6.5,4.0,0,0,0,4.25,6.5,8.25,False
37014872,5.4,4.75,3.0,0,0,0,5.5,6.75,8.25,False
37014873,6.2,5.75,5.8,0,0,0,7.75,7.0,9.0,False
37014874,7.2,6.0,6.4,8.0,7.0,6.25,0,0,0,True
37014875,5.2,5.75,3.0,0,0,0,4.75,6.75,8.5,False
37014876,6.8,8.0,6.2,0,0,0,8.0,7.25,9.5,False
37014877,7.4,6.25,5.4,0,0,0,6.25,6.75,7.5,False
37014878,6.6,7.0,4.8,0,0,0,5.75,5.25,7.25,False
37014879,6.6,7.25,4.4,0,0,0,6.75,6.0,8.25,False
37014880,6.6,7.25,5.2,0,0,0,8.25,8.5,9.25,False
37014881,7.2,6.5,4.6,0,0,0,6.25,7.5,9.0,False
37014882,4.2,8.0,4.2,0,0,0,5.25,6.0,8.5,False
37014883,5.4,7.0,3.8,0,0,0,5.5,6.0,8.0,False
37014884,4.2,5.75,3.2,0,0,0,6.75,6.5,6.5,False
37014885,6.0,8.25,7.2,0,0,0,8.25,7.25,9.5,False
37014886,7.0,6.75,5.2,6.5,5.25,4.0,0,0,0,True
37014887,6.4,5.5,3.2,0,0,0,7.0,7.0,7.25,False
37014888,6.6,7.5,5.0,6.0,7.0,5.75,0,0,0,True
37014889,5.4,4.0,4.4,0,0,0,4.75,6.75,7.5,False
37014890,6.2,6.75,4.6,0,0,0,6.25,6.5,8.0,False
37014891,5.2,5.0,4.2,0,0,0,6.25,7.0,8.0,False
37014892,6.0,7.25,4.6,0,0,0,6.25,8.25,8.75,False
37014893,4.4,5.25,4.4,0,0,0,8.75,7.0,9.75,False
37014894,4.4,5.0,3.6,0,0,0,7.0,4.25,7.25,False
37014895,5.4,7.25,3.6,0,0,0,8.0,8.25,8.75,False
37014896,4.6,6.75,3.2,0,0,0,5.25,6.0,7.5,False
37014897,6.0,7.25,5.4,3.75,4.5,7.5,0,0,0,True
37014898,5.2,5.5,5.2,0,0,0,6.5,6.5,8.0,False
37014899,5.6,6.75,3.6,0,0,0,6.75,6.25,8.5,False
37014900,6.6,6.25,2.8,0,0,0,3.5,5.75,6.75,False
37014901,8.4,7.0,6.2,8.0,7.0,6.0,0,0,0,True
37014902,4.4,4.25,4.8,0,0,0,3.5,5.75,6.5,False
37014903,5.2,5.0,4.2,0,0,0,4.0,4.5,8.25,False
37014904,5.2,6.75,5.2,0,0,0,5.5,6.5,7.75,False
37014905,8.2,7.75,4.8,0,0,0,7.5,8.25,9.5,False
37014906,6.8,4.5,4.8,0,0,0,7.0,7.25,9.0,False
37014907,5.0,6.0,4.4,0,0,0,5.0,6.5,7.5,False
37014908,5.8,6.5,3.0,0,0,0,6.0,7.0,8.0,False
37014909,6.8,7.5,5.2,4.0,6.5,5.5,0,0,0,True
37014910,5.8,5.0,4.0,0,0,0,5.25,6.25,8.5,False
37014911,3.4,6.75,4.6,0,0,0,4.0,4.0,5.5,False
37014912,3.0,5.0,2.8,0,0,0,4.25,7.75,6.5,False
37014913,6.4,7.0,4.0,0,0,0,6.75,7.75,8.0,False
37014914,4.0,7.25,4.0,0,0,0,6.25,6.25,8.25,False
37014915,2.8,5.25,4.0,0,0,0,4.25,5.5,6.5,False
37014916,5.6,5.0,2.6,0,0,0,7.0,6.5,7.75,False
37014917,5.8,7.75,7.0,0,0,0,5.75,7.0,9.5,False
37014918,7.6,6.0,5.6,5.75,8.75,7.75,0,0,0,True
37014919,7.0,6.75,3.2,0,0,0,7.25,7.75,9.25,False
37014920,5.4,6.25,3.2,0,0,0,5.75,8.0,8.25,False
37014921,6.6,7.75,4.8,0,0,0,7.0,7.5,8.75,False
37014922,6.2,7.0,6.4,0,0,0,8.0,6.75,9.0,False
37014923,4.2,6.25,4.4,0,0,0,6.0,8.25,8.0,False
37014924,7.8,4.25,5.4,5.75,8.0,6.25,0,0,0,True
37014925,5.6,5.0,4.0,0,0,0,6.0,7.0,7.25,False
37014926,3.8,6.0,4.6,0,0,0,6.5,6.25,6.5,False
37014927,4.8,7.5,4.6,0,0,0,7.5,6.5,7.25,False
37014928,4.0,6.75,5.6,0,0,0,5.75,7.0,9.25,False
37014929,5.4,6.25,2.6,0,0,0,5.25,5.5,8.5,False
37014930,2.4,4.25,3.2,0,0,0,3.5,4.0,5.25,False
37014931,6.0,6.75,6.2,3.25,5.75,4.25,0,0,0,True
37014932,2.8,3.75,3.0,0,0,0,4.5,5.0,6.0,False
37014933,3.8,6.0,4.4,0,0,0,3.75,5.0,5.75,False
37014934,3.2,5.5,4.4,0,0,0,3.25,2.0,6.25,False
37014935,6.2,5.75,4.8,5.5,4.5,5.5,0,0,0,True
37014936,4.6,7.25,4.6,0,0,0,7.25,6.75,8.75,False
37014937,6.6,6.0,4.6,0,0,0,5.5,6.75,7.25,False
37014938,5.0,6.75,3.6,0,0,0,6.25,7.25,7.0,False
37014939,5.8,8.0,3.6,0,0,0,7.25,6.75,8.5,False
37014940,5.6,7.25,3.6,0,0,0,5.5,6.75,7.75,False
37014941,4.6,5.0,6.0,0,0,0,5.0,6.5,7.25,False
37014942,2.6,6.0,5.6,0,0,0,4.5,6.5,7.0,False
37014943,6.6,6.0,3.4,5.75,6.75,6.5,0,0,0,True
37014944,6.8,5.75,5.2,0,0,0,6.0,8.0,8.5,False
37014945,5.4,6.75,6.4,0,0,0,5.75,7.25,8.5,False
37014946,4.0,4.75,3.2,0,0,0,5.75,5.75,6.25,False
37014947,6.0,5.75,5.6,3.5,6.5,4.25,0,0,0,True
37014948,6.6,4.0,5.6,2.0,3.75,4.75,0,0,0,True
37014949,7.0,8.25,4.8,6.25,7.0,3.5,0,0,0,True
37014950,4.2,4.5,4.6,0,0,0,5.5,5.0,6.5,False
37014951,5.6,8.75,5.4,0,0,0,9.75,9.75,8.5,False
37014952,7.0,8.0,5.0,0,0,0,6.75,6.0,7.75,False
37014953,5.0,7.0,2.8,0,0,0,7.0,8.0,8.0,False
37014954,5.2,5.75,3.0,0,0,0,3.25,2.75,6.5,False
37014955,6.4,6.0,3.2,0,0,0,4.75,7.0,7.5,False
37014956,6.0,7.5,4.0,0,0,0,6.5,6.5,9.5,False
37014957,4.4,5.5,3.8,0,0,0,5.25,6.0,8.25,False
37014958,8.0,6.5,7.0,7.25,5.25,6.0,0,0,0,True
37014959,5.4,7.0,4.8,0,0,0,3.75,6.5,7.5,False
37014960,7.0,8.0,4.4,0,0,0,6.75,8.5,9.0,False
37014961,7.4,7.25,6.0,0,0,0,6.25,7.25,8.5,False
37014962,5.0,6.5,3.8,0,0,0,4.5,6.75,7.75,False
37014963,5.6,7.25,3.2,0,0,0,7.5,8.0,8.5,False
37014964,8.0,7.0,4.6,0,0,0,6.5,6.0,8.5,False
37014965,6.6,6.25,4.4,7.75,6.25,5.0,0,0,0,True
37014966,4.4,6.25,3.0,0,0,0,4.5,6.25,6.75,False
37014967,4.0,6.25,3.4,0,0,0,4.25,5.75,6.75,False
37014968,8.2,8.0,6.8,5.75,8.5,6.25,0,0,0,True
37014969,4.6,7.75,4.6,0,0,0,6.0,7.25,8.0,False
37014970,5.8,7.0,4.8,0,0,0,6.25,9.0,8.5,False
37014971,7.2,8.25,4.8,0,0,0,7.25,8.75,9.0,False
37014972,5.6,7.5,5.8,0,0,0,7.25,7.75,9.0,False
37014973,5.6,8.0,3.6,0,0,0,6.25,7.75,9.0,False
37014974,5.4,6.5,5.4,0,0,0,5.0,6.75,9.25,False
37014975,4.6,5.5,4.0,0,0,0,4.75,6.5,7.5,False
37014976,7.4,8.75,7.0,5.5,5.5,7.0,0,0,0,True
37014977,6.2,6.25,4.4,0,0,0,6.25,6.75,9.0,False
37014978,6.4,6.0,3.6,0,0,0,6.75,6.75,7.5,False
37014979,7.2,4.0,4.8,7.0,6.0,5.0,0,0,0,True
37014980,5.8,7.75,5.2,0,0,0,8.0,9.25,9.0,False
37014981,8.2,5.75,4.0,7.0,6.75,5.75,0,0,0,True
37014982,6.8,5.75,3.8,6.75,5.75,6.5,0,0,0,True
37014983,8.6,6.75,6.2,9.0,9.0,5.0,0,0,0,True
37014984,3.0,6.5,4.4,0,0,0,4.25,5.0,7.25,False
37014985,7.0,7.5,7.2,0,0,0,6.75,6.5,8.0,False
37014986,5.0,5.5,2.8,0,0,0,3.5,4.5,8.75,False
37014987,4.6,7.5,5.4,0,0,0,5.0,7.0,9.0,False
37014988,7.4,8.25,5.2,0,0,0,9.25,8.75,9.0,False
37014989,5.8,6.5,4.4,5.25,6.25,5.25,0,0,0,True
37014990,7.0,7.0,5.2,4.75,5.75,6.25,0,0,0,True
37014991,8.0,7.75,6.2,0,0,0,8.0,6.5,9.0,False
37014992,5.8,7.75,4.6,0,0,0,7.0,8.0,9.25,False
37014993,8.4,6.0,6.0,7.0,6.5,5.75,0,0,0,True
37014994,5.2,6.75,4.6,0,0,0,5.0,6.75,8.25,False
37014995,5.4,8.0,5.0,0,0,0,8.0,8.75,8.75,False
37014996,4.6,6.25,4.6,0,0,0,6.0,8.25,8.75,False
37014997,6.4,7.0,5.0,3.75,5.0,4.75,0,0,0,True
37014998,7.2,6.0,7.8,3.5,7.0,5.75,0,0,0,True
37014999,7.4,7.0,5.2,6.5,6.5,5.75,0,0,0,True
37015000,4.0,6.0,4.6,0,0,0,5.0,6.25,7.25,False
37015001,3.2,5.0,4.4,3.0,5.5,4.75,0,0,0,True
37015002,8.0,5.75,4.6,6.25,7.5,6.25,0,0,0,True
37015003,6.6,8.5,6.6,0,0,0,6.25,6.0,8.5,False
37015004,5.0,6.0,5.8,0,0,0,6.0,6.5,7.5,False
37015005,5.0,6.25,6.8,4.0,4.25,4.75,0,0,0,True
37015006,4.2,5.0,2.2,0,0,0,4.25,4.5,5.5,False
37015007,6.4,7.75,7.2,0,0,0,6.5,5.75,8.25,False
37015008,6.2,7.25,4.8,0,0,0,8.25,8.0,8.5,False
37015009,4.4,5.5,5.8,0,0,0,6.0,7.0,8.0,False
37015010,4.4,7.0,3.8,0,0,0,5.5,6.25,8.5,False
37015011,7.0,7.0,3.2,0,0,0,7.75,7.0,9.0,False
37015012,7.4,6.75,5.0,5.75,6.0,5.0,0,0,0,True
37015013,4.2,5.5,4.0,0,0,0,6.75,7.0,8.5,False
37015014,6.8,6.0,4.4,3.75,4.75,5.25,0,0,0,True
37015015,5.0,6.5,3.4,0,0,0,5.0,5.0,7.5,False
37015016,5.2,6.0,3.2,0,0,0,5.0,7.0,6.75,False
37015017,5.2,7.0,2.8,0,0,0,6.75,8.75,8.5,False
37015018,6.4,6.5,4.8,0,0,0,6.0,6.5,8.5,False
37015019,5.4,6.75,3.6,0,0,0,4.25,7.0,7.25,False
37015020,5.6,6.0,4.4,0,0,0,6.25,8.0,8.5,False
37015021,3.0,7.0,4.0,0,0,0,5.75,7.25,8.5,False
37015022,5.8,6.0,4.0,0,0,0,7.5,7.25,9.0,False
37015023,5.4,8.0,5.4,0,0,0,6.5,7.75,8.5,False
37015024,7.0,8.5,7.0,0,0,0,8.25,9.0,9.25,False
37015025,4.2,8.0,4.6,0,0,0,5.75,7.0,8.75,False
37015026,2.8,6.75,1.6,0,0,0,3.25,6.0,5.5,False
37015027,6.2,6.75,5.2,0,0,0,6.75,7.0,7.75,False
37015028,7.2,7.0,4.6,7.5,8.25,8.25,0,0,0,True
37015029,7.4,6.25,4.4,4.0,6.25,4.5,0,0,0,True
37015030,4.2,6.75,4.0,0,0,0,5.75,8.0,8.0,False
37015031,5.2,5.5,2.8,0,0,0,4.0,6.0,7.5,False
37015032,5.2,6.75,4.8,0,0,0,8.0,6.0,9.0,False
37015033,5.6,5.5,4.4,0,0,0,5.0,3.5,6.25,False
37015034,7.6,7.25,6.0,7.75,6.75,7.25,0,0,0,True
37015035,8.2,8.0,5.8,0,0,0,7.25,7.5,8.75,False
37015036,6.2,8.5,7.0,0,0,0,8.75,9.0,9.5,False
37015037,8.2,8.0,7.4,8.0,5.25,7.25,0,0,0,True
37015038,3.8,2.75,3.8,0,0,0,7.5,4.5,6.5,False
37015039,7.0,7.5,4.0,0,0,0,6.0,6.5,8.0,False
37015040,5.6,7.5,4.8,0,0,0,7.75,7.0,9.75,False
37015041,6.4,7.25,5.4,0,0,0,8.5,7.5,9.25,False
37015042,6.4,7.75,4.6,0,0,0,8.0,6.5,8.75,False
37015043,7.4,7.0,6.4,0,0,0,6.75,7.5,9.0,False
37015044,7.8,7.25,6.4,0,0,0,7.25,7.5,9.5,False
37015045,7.6,6.75,5.2,0,0,0,8.5,8.5,9.25,False
37015046,7.2,7.25,7.8,0,0,0,8.75,8.0,9.0,False
37015047,7.4,6.75,4.8,0,0,0,7.75,6.75,7.5,False
37015048,6.4,7.0,4.2,0,0,0,7.25,6.75,9.25,False
37015049,8.2,7.25,5.2,8.5,7.5,7.75,0,0,0,True
37015050,5.2,6.5,4.0,0,0,0,7.0,7.0,8.0,False
37015051,6.0,6.25,4.0,0,0,0,5.75,6.5,7.25,False
37015052,5.0,8.0,4.6,0,0,0,6.25,7.25,8.75,False
37015053,5.0,6.0,4.8,0,0,0,6.75,5.5,7.0,False
37015054,7.4,6.5,5.0,0,0,0,8.25,6.5,8.5,False
37015055,7.8,6.5,4.8,7.5,7.25,8.75,0,0,0,True
37015056,5.6,7.25,3.8,0,0,0,9.5,8.5,9.0,False
37015057,4.8,4.5,3.6,0,0,0,6.25,5.25,8.75,False
37015058,5.0,6.75,3.4,0,0,0,4.5,5.75,9.0,False
37015059,5.0,6.25,3.0,0,0,0,7.25,7.25,9.0,False
37015060,6.0,7.5,5.6,0,0,0,7.75,6.75,8.0,False
37015061,6.6,8.0,4.4,0,0,0,8.75,6.5,8.75,False
37015062,0,2.5,2.4,0,0,0,0,4.5,0,False
37015063,6.6,6.75,3.2,0,0,0,5.75,7.25,8.0,False
37015064,7.0,7.25,5.0,0,0,0,5.0,7.25,7.75,False
37015065,4.6,5.25,3.6,0,0,0,4.25,6.5,7.25,False
37015066,6.0,6.0,5.2,0,0,0,7.75,8.25,8.75,False
37015067,4.2,6.5,2.8,0,0,0,5.75,6.25,8.25,False
37015068,6.2,7.25,6.0,0,0,0,8.75,8.5,9.5,False
37015069,7.0,5.0,4.4,0,0,0,8.0,6.5,9.0,False
37015070,8.6,5.25,6.0,0,0,0,7.75,8.75,10.0,False
37015071,5.4,4.5,3.2,0,0,0,5.0,6.5,9.0,False
37015072,6.2,6.25,5.4,0,0,0,6.75,6.0,7.75,False
37015073,6.4,6.5,5.8,0,0,0,8.25,8.0,8.25,False
37015074,6.6,7.5,6.4,0,0,0,8.25,7.0,8.75,False
37015075,6.2,7.0,5.2,0,0,0,7.5,7.5,8.5,False
37015076,7.0,6.5,6.6,7.25,6.5,7.25,0,0,0,True
37015077,4.6,6.5,5.0,0,0,0,5.25,4.25,7.0,False
37015078,7.2,7.25,5.4,0,0,0,7.0,7.75,9.25,False
37015079,6.8,7.0,5.2,0,0,0,6.5,7.0,8.75,False
37015080,5.0,5.75,4.8,0,0,0,7.5,3.75,8.75,False
37015081,7.2,5.5,6.6,0,0,0,8.5,4.5,8.0,False
37015082,6.2,7.0,6.2,0,0,0,8.0,6.75,9.5,False
37015083,6.2,5.75,6.8,0,0,0,7.75,4.25,7.25,False
37015084,8.6,5.75,6.2,0,0,0,8.5,7.0,8.75,False
37015085,8.0,8.5,7.8,0,0,0,9.0,9.0,9.5,False
37015086,6.2,6.75,4.2,0,0,0,7.0,6.75,8.5,False
37015087,6.8,7.5,6.8,0,0,0,8.0,8.75,9.5,False
37015088,6.4,7.0,5.8,0,0,0,8.0,7.25,9.0,False
37015089,7.0,6.5,6.8,0,0,0,8.0,8.25,8.5,False
37015090,5.2,5.25,4.8,0,0,0,7.0,7.0,9.0,False
37015091,7.2,5.0,6.2,0,0,0,6.75,4.5,7.75,False
37015092,7.2,7.0,6.8,6.0,6.5,7.25,0,0,0,True
37015093,6.6,7.25,5.6,0,0,0,8.25,6.25,9.0,False
37015094,6.2,6.5,3.6,0,0,0,6.5,7.5,8.75,False
37015095,6.8,7.5,5.6,0,0,0,7.5,8.0,9.5,False
37015096,6.0,7.25,5.8,5.5,3.75,5.5,0,0,0,True
37015097,7.2,6.5,5.4,0,0,0,8.0,8.25,9.5,False
37015099,8.2,7.0,6.0,0,0,0,7.0,7.75,8.75,False
37015100,6.8,7.25,5.0,0,0,0,7.0,7.5,8.0,False
37015101,7.6,5.0,3.4,0,0,0,5.0,5.25,7.0,False
37015102,8.0,6.0,5.2,0,0,0,7.25,6.25,7.25,False
37015103,7.8,6.5,5.0,0,0,0,7.75,6.25,8.25,False
37015104,8.0,4.25,4.8,8.25,9.25,7.25,0,0,0,True
37015105,7.0,5.0,5.2,0,0,0,5.5,8.0,9.25,False
37015106,6.8,7.0,5.4,0,0,0,7.25,7.5,8.25,False
37015107,7.4,7.25,4.8,0,0,0,6.75,6.25,7.75,False
37015108,7.2,5.75,4.6,0,0,0,7.25,6.25,8.0,False
37015109,4.6,5.75,5.6,0,0,0,7.25,5.25,7.75,False
37015110,5.6,5.75,5.6,0,0,0,6.0,6.5,8.5,False
37015111,6.2,8.0,5.0,0,0,0,6.5,7.0,9.25,False
37015112,7.6,7.25,4.2,0,0,0,7.0,7.75,8.0,False
37015113,7.8,8.0,6.0,8.0,7.25,7.0,0,0,0,True
37015114,8.2,4.0,3.4,0,0,0,6.75,6.0,7.5,False
37015115,4.4,5.75,5.2,0,0,0,5.0,6.75,8.0,False
37015116,6.2,8.0,5.0,0,0,0,5.75,6.0,8.75,False
37015117,5.8,5.75,3.4,0,0,0,7.0,7.25,8.25,False
37015118,7.8,8.25,4.6,0,0,0,6.75,7.5,8.75,False
37015119,8.0,5.5,4.6,9.0,7.75,7.25,0,0,0,True
37015120,4.8,4.75,4.8,0,0,0,7.0,7.25,7.75,False
37015121,4.0,6.75,4.6,0,0,0,7.0,6.0,8.25,False
37015122,8.0,6.0,4.8,0,0,0,6.5,6.0,6.75,False
37015123,5.8,6.5,5.2,0,0,0,7.25,5.0,8.0,False
37015124,7.0,7.25,5.4,0,0,0,7.0,6.75,8.0,False
37015125,7.0,6.0,5.0,0,0,0,6.5,6.5,8.5,False
37015126,3.6,5.25,4.6,0,0,0,6.0,7.5,7.75,False
37015127,7.2,4.0,5.2,0,0,0,4.5,6.0,7.75,False
37015128,5.0,5.5,3.4,0,0,0,7.0,6.5,8.75,False
37015129,3.4,4.0,3.6,0,0,0,5.0,5.0,5.75,False
37015130,7.6,8.0,6.8,0,0,0,7.0,6.75,9.25,False
37015131,6.6,6.25,3.2,0,0,0,8.25,7.5,8.0,False
37015132,7.2,7.5,5.6,5.5,6.25,7.75,0,0,0,True
37015133,5.2,6.75,3.2,0,0,0,6.0,7.5,7.75,False
37015134,7.0,7.0,4.6,0,0,0,9.0,9.0,9.75,False
37015135,5.0,7.5,4.0,0,0,0,6.75,7.0,8.25,False
37015136,6.2,6.5,5.0,0,0,0,4.75,7.25,8.75,False
37015137,6.8,3.5,2.6,0,0,0,6.5,4.5,7.25,False
37015138,8.2,5.25,4.6,7.75,7.25,6.25,0,0,0,True
37015139,5.6,6.0,4.4,0,0,0,7.25,7.5,9.25,False
37015140,5.6,5.0,3.8,0,0,0,6.5,6.75,8.5,False
37015141,6.8,7.0,5.4,6.25,4.25,6.0,0,0,0,True
37015142,6.4,6.5,4.6,0,0,0,7.5,6.25,7.75,False
37015143,7.4,7.75,4.4,0,0,0,7.5,8.5,8.5,False
37015144,8.6,6.75,5.8,8.25,8.0,7.5,0,0,0,True
37015145,8.0,8.25,4.0,0,0,0,9.25,10.0,8.75,False
37015146,5.8,7.0,5.0,0,0,0,7.5,7.0,8.75,False
37015147,6.4,6.0,3.8,0,0,0,6.0,6.25,8.75,False
37015148,6.2,6.75,5.0,0,0,0,8.0,7.75,8.25,False
37015149,4.4,3.25,4.4,0,0,0,6.25,6.0,7.25,False
37015150,7.0,7.25,4.8,0,0,0,6.75,6.0,8.75,False
37015151,6.4,7.5,5.0,0,0,0,7.0,7.25,8.5,False
37015152,4.6,8.0,4.2,0,0,0,5.75,7.25,8.0,False
37015153,6.6,8.5,6.8,0,0,0,8.25,9.5,9.25,False
37015154,3.8,5.0,2.6,0,0,0,4.5,4.5,5.5,False
37015155,8.2,7.5,8.6,8.0,7.25,7.5,0,0,0,True
37015156,7.0,8.25,6.4,0,0,0,9.5,9.75,9.5,False
37015157,5.6,7.25,6.4,0,0,0,7.0,8.25,8.75,False
37015158,7.6,7.5,5.2,0,0,0,6.25,7.5,9.25,False
37015159,5.8,7.25,6.4,0,0,0,6.75,7.25,8.75,False
37015160,6.2,8.25,4.4,0,0,0,5.75,7.5,8.5,False
37015161,5.2,7.0,4.8,0,0,0,5.25,5.75,8.5,False
37015162,7.4,4.5,4.4,0,0,0,7.25,7.25,9.25,False
37015163,7.0,8.5,5.0,8.25,6.5,5.5,0,0,0,True
37015164,5.8,8.5,5.2,0,0,0,7.75,6.5,9.0,False
37015165,8.0,8.5,6.8,8.75,7.75,6.5,0,0,0,True
37015166,7.2,8.75,6.6,0,0,0,8.75,9.0,9.0,False
37015167,6.4,6.75,4.8,0,0,0,7.0,7.0,7.25,False
37015168,3.4,7.0,4.8,0,0,0,3.75,5.25,7.75,False
37015169,7.2,8.5,6.4,0,0,0,7.25,7.0,9.0,False
37015170,6.2,7.75,5.6,0,0,0,7.5,6.25,9.0,False
37015171,7.0,8.75,5.6,0,0,0,6.75,7.5,9.0,False
37015172,6.4,7.25,5.6,0,0,0,6.75,6.25,8.75,False
37015173,6.4,6.75,3.0,0,0,0,7.25,7.5,9.0,False
37015174,7.2,6.0,5.0,0,0,0,7.75,7.5,7.0,False
37015175,7.6,6.75,3.8,0,0,0,6.25,6.75,9.0,False
37015176,7.0,7.0,6.0,0,0,0,7.0,8.0,9.5,False
37015177,6.8,7.25,5.6,0,0,0,7.25,7.25,9.25,False
37015178,4.8,5.5,4.4,0,0,0,6.0,5.5,7.25,False
37015179,3.8,6.0,2.8,0,0,0,7.0,6.75,7.25,False
37015180,6.2,8.25,4.4,0,0,0,9.25,10.0,9.0,False
37015181,5.8,8.25,3.8,0,0,0,8.5,8.25,9.25,False
37015182,7.6,8.5,4.4,0,0,0,7.75,7.5,9.5,False
37015183,5.6,7.75,4.4,0,0,0,8.0,7.0,8.5,False
37015184,7.0,7.75,5.4,0,0,0,5.0,6.75,8.75,False
37015185,6.8,6.25,6.0,0,0,0,6.0,7.25,8.0,False
37015186,6.6,5.5,5.0,0,0,0,5.5,6.0,6.25,False
37015187,7.8,7.25,7.0,8.25,6.0,6.0,0,0,0,True
37015188,8.4,8.0,5.2,8.25,6.75,8.5,0,0,0,True
37015189,7.4,8.0,5.6,0,0,0,7.25,7.5,9.25,False
37015190,6.2,7.0,4.4,0,0,0,7.25,7.25,9.0,False
37015191,7.0,7.25,4.6,0,0,0,7.0,7.25,9.75,False
37015192,6.2,7.5,4.2,0,0,0,7.25,6.5,9.5,False
37015193,5.8,7.5,3.6,0,0,0,6.5,6.0,9.0,False
37015194,6.8,7.0,4.6,0,0,0,5.5,7.0,8.5,False
37015195,7.6,7.25,4.6,0,0,0,8.25,9.25,9.5,False
37015196,7.2,6.5,5.0,0,0,0,8.75,7.5,9.75,False
37015197,7.2,7.75,5.0,0,0,0,8.25,10.0,9.5,False
37015198,6.0,7.0,5.6,0,0,0,7.0,7.0,7.5,False
37015199,6.0,3.75,4.2,0,0,0,7.25,6.25,7.25,False
37015200,6.6,6.25,6.2,0,0,0,6.0,6.0,7.75,False
37015201,6.8,8.25,7.6,0,0,0,8.0,7.75,9.5,False
37015202,6.6,7.0,7.2,0,0,0,7.5,6.5,7.75,False
37015203,7.2,7.75,6.2,0,0,0,7.5,6.75,9.0,False
37015204,7.2,7.0,7.2,0,0,0,7.75,6.5,9.5,False
37015205,6.6,7.0,5.8,0,0,0,8.25,7.0,9.25,False
37015206,8.0,6.0,5.4,0,0,0,7.5,6.25,8.0,False
37015207,7.0,8.0,4.0,0,0,0,9.75,9.0,9.5,False
37015208,6.6,6.25,5.2,0,0,0,8.5,7.25,7.75,False
37015209,7.0,7.25,5.8,0,0,0,8.0,5.0,9.5,False
37015210,6.6,5.0,9.6,5.75,5.75,7.5,0,0,0,True
37015211,8.2,7.75,6.8,0,0,0,7.0,7.0,9.0,False
37015212,6.4,7.0,4.8,0,0,0,7.0,6.5,8.75,False
37015213,6.0,8.0,4.4,0,0,0,7.0,7.5,9.5,False
37015214,7.8,8.0,4.6,6.5,9.75,8.75,0,0,0,True
37015215,6.8,8.5,4.6,0,0,0,7.75,6.25,8.75,False
37015216,7.2,7.5,4.4,0,0,0,7.75,7.0,8.5,False
37015217,7.0,8.0,6.0,0,0,0,8.0,5.75,9.0,False
37015218,6.6,8.25,6.4,0,0,0,8.0,6.5,9.25,False
37015219,7.8,7.75,4.6,0,0,0,6.25,6.25,8.25,False
37015220,6.6,6.25,6.0,0,0,0,6.25,7.25,8.75,False
37015221,6.4,7.0,5.0,0,0,0,7.25,7.5,9.5,False
37015222,7.8,6.0,5.8,0,0,0,7.25,7.25,9.25,False
37015223,6.4,6.5,8.4,0,0,0,6.25,6.75,8.25,False
37015224,6.6,5.75,4.0,0,0,0,6.5,5.5,7.5,False
37015225,7.6,6.5,4.2,0,0,0,7.0,7.75,8.5,False
37015226,7.4,6.5,5.2,0,0,0,5.5,6.75,9.25,False
37015227,6.4,6.75,5.6,0,0,0,7.5,8.0,9.75,False
37015229,4.8,5.5,5.6,0,0,0,5.75,7.0,8.0,False
37015230,6.0,7.5,5.6,0,0,0,6.75,6.75,7.75,False
37015231,7.8,8.25,5.4,0,0,0,8.25,9.5,9.0,False
37015232,8.0,7.25,4.6,0,0,0,7.0,7.0,9.0,False
37015233,6.2,7.75,5.4,0,0,0,4.5,6.5,8.25,False
37015234,5.8,5.75,5.2,0,0,0,4.75,5.25,7.0,False
37015235,4.8,5.5,6.2,0,0,0,4.25,4.0,8.5,False
37015236,7.2,8.25,7.4,6.25,8.25,8.75,0,0,0,True
37015237,8.0,8.0,6.8,0,0,0,5.0,7.25,9.25,False
37015238,5.6,6.25,4.4,0,0,0,4.25,6.0,8.25,False
37015239,5.2,6.25,4.8,0,0,0,5.25,4.5,6.5,False
37015240,6.6,7.5,5.6,0,0,0,6.0,6.25,8.75,False
37015241,7.2,6.75,4.6,0,0,0,5.75,6.75,8.0,False
37015242,6.4,6.0,5.4,0,0,0,5.5,6.25,8.5,False
37015243,5.4,6.25,4.8,0,0,0,7.5,6.25,6.0,False
37015244,7.2,6.25,5.2,0,0,0,8.0,8.25,8.25,False
37015245,6.4,6.75,5.0,0,0,0,6.5,6.25,7.5,False
37015246,5.8,6.75,6.6,0,0,0,8.25,7.0,9.0,False
37015247,6.4,8.0,0,0,0,0,6.25,5.0,8.75,False
37015248,7.6,8.0,7.4,0,0,0,6.75,6.5,8.75,False
37015249,8.6,6.5,7.0,7.25,7.75,7.5,0,0,0,True
37015250,7.2,7.25,7.0,0,0,0,8.0,7.75,9.25,False
37015251,7.2,7.75,5.8,6.25,6.5,6.25,0,0,0,True
37015252,7.8,8.5,7.4,0,0,0,8.25,7.75,9.5,False
37015253,7.8,8.0,6.6,0,0,0,7.0,8.25,9.0,False
37015254,7.8,8.5,8.0,0,0,0,9.25,7.25,9.0,False
37015255,6.8,6.5,6.0,0,0,0,8.75,6.75,9.0,False
37015256,6.8,6.5,6.6,0,0,0,7.25,4.5,8.25,False
37015257,8.6,7.75,6.4,7.5,8.5,7.0,0,0,0,True
37015258,6.2,6.5,4.8,0,0,0,5.5,5.25,7.75,False
37015259,7.8,6.75,7.0,8.0,8.25,6.5,0,0,0,True
37015260,7.0,6.75,3.8,0,0,0,8.0,6.75,9.25,False
37015261,7.2,8.5,6.2,0,0,0,8.25,7.25,9.25,False
37015262,6.6,8.0,6.2,0,0,0,7.25,6.5,9.0,False
37015263,7.0,8.25,6.6,0,0,0,9.0,8.0,9.25,False
37015264,7.2,7.5,5.6,0,0,0,6.5,4.75,8.75,False
37015265,7.0,8.5,6.8,0,0,0,8.25,8.5,9.75,False
37015266,6.4,8.25,4.6,0,0,0,6.5,8.25,8.75,False
37015267,4.2,7.5,4.8,0,0,0,8.25,6.5,9.75,False
37015268,7.4,7.0,6.4,0,0,0,5.5,6.5,9.0,False
37015269,8.4,7.25,5.4,7.5,8.25,7.25,0,0,0,True
37015270,5.2,7.25,4.2,0,0,0,5.25,6.25,8.75,False
37015271,5.6,7.25,5.4,0,0,0,5.75,6.5,7.75,False
37015272,7.8,7.5,4.8,0,0,0,7.25,5.25,9.25,False
37015273,7.2,8.0,5.8,0,0,0,7.75,7.5,9.5,False
37015274,8.4,6.0,5.6,8.5,8.5,6.5,0,0,0,True
37015275,7.8,8.0,6.0,0,0,0,6.25,7.75,9.25,False
37015276,7.0,7.5,5.8,0,0,0,7.0,6.75,8.0,False
37015277,4.6,4.25,4.2,0,0,0,6.25,3.5,7.0,False
37015278,4.2,7.0,4.2,0,0,0,8.0,8.5,9.0,False
37015279,6.2,6.5,4.4,0,0,0,6.5,7.25,8.75,False
37015280,7.2,8.0,6.4,0,0,0,7.5,8.25,9.75,False
37015281,7.4,7.5,6.0,0,0,0,8.0,8.0,9.25,False
37015282,4.8,7.0,5.0,0,0,0,5.0,6.5,8.5,False
37015283,6.8,7.5,3.8,0,0,0,5.0,6.5,9.0,False
37015284,7.0,7.75,4.6,0,0,0,6.5,7.25,9.25,False
37015285,6.4,7.5,5.6,0,0,0,6.25,7.5,8.0,False
37015286,7.2,8.0,5.0,0,0,0,7.25,8.5,9.5,False
37015287,6.0,6.25,4.4,0,0,0,6.0,6.5,9.0,False
37015288,6.2,5.25,4.0,0,0,0,5.5,5.5,6.75,False
37015289,7.2,5.0,4.2,0,0,0,5.25,7.5,8.25,False
37015290,7.4,8.0,5.0,0,0,0,8.0,6.5,8.75,False
37015291,7.4,8.5,5.6,0,0,0,6.5,7.75,9.25,False
37015292,6.2,8.25,5.8,0,0,0,6.0,6.5,8.5,False
37015293,5.4,5.75,4.2,0,0,0,5.25,6.75,8.25,False
37015294,7.0,7.5,4.4,0,0,0,7.75,8.5,9.25,False
37015295,7.4,7.5,5.4,0,0,0,9.25,8.5,9.0,False
37015296,7.0,6.25,3.8,7.25,6.25,6.0,0,0,0,True
37015297,7.8,6.75,3.8,7.5,7.25,6.75,0,0,0,True
37015298,7.0,6.0,4.6,0,0,0,6.25,6.75,8.0,False
37015299,7.2,6.25,5.0,0,0,0,7.0,8.5,8.75,False
37015300,7.0,7.75,5.2,0,0,0,8.0,8.5,9.25,False
37015301,8.0,8.25,5.4,0,0,0,8.25,7.5,9.75,False
37015302,7.0,7.5,6.8,0,0,0,7.75,8.5,8.75,False
37015303,4.8,5.75,3.6,0,0,0,6.25,5.25,8.0,False
37015304,7.4,8.0,4.8,0,0,0,6.0,8.5,9.5,False
37015305,6.6,7.5,5.4,0,0,0,7.5,6.25,8.5,False
37015306,7.2,7.75,5.6,0,0,0,8.75,8.0,9.75,False
37015307,7.0,7.25,5.8,5.75,8.5,7.75,0,0,0,True
37015308,5.8,7.0,4.2,0,0,0,4.75,6.0,8.25,False
37015309,5.4,7.0,2.6,0,0,0,6.0,7.0,8.5,False
37015310,5.4,6.75,4.6,0,0,0,6.75,5.0,7.5,False
37015311,6.0,5.5,3.2,0,0,0,7.5,5.5,8.0,False
37015312,7.8,8.0,6.0,0,0,0,7.5,7.5,9.25,False
37015313,5.6,6.5,4.8,0,0,0,7.25,6.75,8.5,False
37015314,8.0,8.0,8.4,8.0,5.5,7.25,0,0,0,True
37015315,7.8,7.25,5.0,0,0,0,6.25,6.25,8.75,False
37015316,7.0,7.0,5.0,0,0,0,6.0,6.75,8.0,False
37015317,8.2,7.75,5.8,6.25,5.75,6.75,0,0,0,True
37015318,4.6,6.5,4.6,0,0,0,4.5,5.5,7.25,False
37015319,8.0,7.25,5.0,0,0,0,6.75,7.25,9.0,False
37015320,6.6,7.5,5.0,0,0,0,6.75,7.5,8.0,False
37015321,4.4,6.5,3.0,0,0,0,5.5,6.75,8.75,False
37015322,8.4,7.75,5.4,7.75,7.0,8.5,0,0,0,True
37015323,7.0,8.0,6.2,8.0,7.25,7.0,0,0,0,True
37015324,5.8,8.0,5.0,5.75,5.75,6.75,0,0,0,True
37015325,4.8,6.25,4.2,0,0,0,6.5,6.25,7.75,False
37015326,6.0,7.75,5.0,0,0,0,5.5,6.0,8.5,False
37015327,6.6,5.25,5.2,0,0,0,5.25,7.0,9.5,False
37015328,6.0,7.75,3.8,0,0,0,5.25,6.25,8.5,False
37015329,7.0,8.0,7.8,0,0,0,6.25,8.25,8.75,False
37015330,7.4,8.5,5.2,0,0,0,7.5,7.0,9.25,False
37015331,6.8,7.0,7.2,0,0,0,8.25,7.75,8.5,False
37015332,7.4,7.75,7.6,6.25,5.0,7.0,0,0,0,True
37015333,6.6,7.0,5.8,0,0,0,7.25,7.0,8.5,False
37015334,8.2,8.0,6.0,0,0,0,7.75,8.5,9.0,False
37015335,7.8,6.75,5.2,6.0,4.0,6.5,0,0,0,True
37015336,4.8,7.75,5.0,0,0,0,7.0,5.5,8.5,False
37015337,6.2,6.0,4.8,0,0,0,7.25,7.25,9.0,False
37015338,6.4,7.5,5.2,0,0,0,6.5,6.25,7.75,False
37015339,5.0,7.75,4.6,0,0,0,6.5,6.75,8.75,False
37015340,8.6,8.25,4.8,0,0,0,7.75,8.5,8.75,False
37015341,5.0,7.0,3.6,0,0,0,6.25,6.25,8.0,False
37015342,6.8,7.5,5.0,0,0,0,7.5,7.0,8.5,False
37015343,5.8,7.25,4.6,0,0,0,6.75,6.5,8.5,False
37015344,7.0,7.5,6.4,0,0,0,7.5,7.5,8.25,False
37015345,7.2,6.25,4.8,0,0,0,6.25,7.25,7.75,False
37015346,8.6,7.0,9.2,5.0,8.5,7.5,0,0,0,True
37015347,6.8,7.25,5.8,3.5,3.0,5.25,0,0,0,True
37015348,3.6,5.0,3.2,0,0,0,3.5,6.25,7.75,False
37015349,6.8,8.25,6.4,0,0,0,6.0,6.5,8.25,False
37015350,4.8,6.0,3.6,0,0,0,6.25,5.25,8.25,False
37015351,7.6,8.0,4.6,0,0,0,8.0,6.25,8.75,False
37015352,7.2,8.5,3.4,0,0,0,8.75,9.5,9.25,False
37015353,6.8,8.25,4.6,0,0,0,9.5,9.5,8.75,False
37015354,7.4,7.5,6.0,0,0,0,7.5,7.75,9.25,False
37015355,8.8,6.25,4.8,8.75,7.25,6.25,0,0,0,True
37015356,7.8,7.0,5.4,0,0,0,7.5,7.75,9.25,False
37015357,6.2,5.0,3.8,0,0,0,5.0,5.75,8.0,False
37015358,7.8,6.5,6.0,7.75,6.75,8.75,0,0,0,True
37015359,8.2,7.5,8.2,7.0,5.0,6.75,0,0,0,True
37015360,7.6,5.5,5.4,0,0,0,6.75,6.75,9.25,False
37015361,5.0,5.0,4.4,0,0,0,6.0,6.25,7.75,False
37015362,7.8,8.0,6.0,0,0,0,9.0,9.25,8.5,False
37015363,8.2,6.5,4.8,0,0,0,9.25,6.5,9.0,False
37015364,8.2,6.5,4.6,0,0,0,8.25,7.0,8.5,False
37015365,6.4,7.0,4.0,0,0,0,7.5,6.75,7.25,False
37015366,8.2,7.75,7.2,0,0,0,7.25,8.5,9.25,False
37015367,6.4,7.25,6.0,0,0,0,6.25,6.25,8.0,False
37015368,7.4,6.0,6.0,0,0,0,5.75,7.5,9.75,False
37015369,8.0,8.0,6.2,5.5,6.0,6.25,0,0,0,True
37015370,7.2,8.25,5.2,0,0,0,9.0,7.5,9.75,False
37015371,7.2,7.0,5.4,0,0,0,6.75,7.0,9.25,False
37015372,7.0,8.0,4.4,0,0,0,6.5,7.75,9.0,False
37015373,6.6,5.75,4.4,0,0,0,6.5,6.75,8.75,False
37015374,5.6,5.0,5.8,0,0,0,6.5,6.25,7.0,False
37015375,7.6,5.75,4.6,0,0,0,6.5,6.25,8.0,False
37015376,7.2,5.5,6.2,0,0,0,7.75,9.0,10.0,False
37015377,7.4,7.0,5.4,0,0,0,7.0,7.25,8.5,False
37015378,7.4,4.5,6.0,0,0,0,7.5,7.0,7.25,False
37015379,6.6,7.0,3.6,0,0,0,5.75,6.5,8.0,False
37015380,7.8,7.75,7.6,6.0,6.5,7.0,0,0,0,True
37015381,6.6,7.0,3.8,0,0,0,5.5,6.5,8.5,False
37015382,7.2,7.5,5.2,0,0,0,7.5,7.75,9.0,False
37015383,7.0,7.0,4.4,0,0,0,6.75,7.25,8.25,False
37015384,5.2,7.25,4.8,0,0,0,6.25,5.5,7.5,False
37015385,7.0,7.75,5.0,0,0,0,7.0,7.25,7.5,False
37015386,5.8,6.25,4.2,0,0,0,7.0,6.75,7.0,False
37015387,7.6,8.25,7.0,0,0,0,7.5,7.75,8.5,False
37015388,7.0,6.75,4.8,0,0,0,8.5,7.0,9.0,False
37015389,6.2,6.75,5.4,0,0,0,7.25,7.0,8.75,False
37015390,4.8,5.75,6.0,4.75,7.25,3.75,0,0,0,True
37015391,7.0,6.75,4.0,7.25,5.25,4.25,0,0,0,True
37015392,5.8,7.0,5.2,0,0,0,9.75,9.0,8.5,False
37015393,7.2,5.25,7.4,6.75,5.5,4.75,0,0,0,True
37015394,8.2,7.0,6.6,6.25,8.75,7.75,0,0,0,True
37015395,5.0,7.0,7.4,0,0,0,6.75,6.0,9.5,False
37015396,5.0,8.5,6.6,0,0,0,6.75,6.25,9.0,False
37015397,5.8,6.75,5.8,0,0,0,4.5,7.0,8.75,False
37015398,6.0,5.0,8.4,5.5,7.25,6.25,0,0,0,True
37015399,7.8,5.25,5.8,8.0,7.75,5.75,0,0,0,True
37015400,7.4,7.0,6.2,0,0,0,6.25,6.25,8.25,False
37015401,6.8,6.5,5.2,0,0,0,6.5,6.5,7.5,False
37015402,7.2,7.25,6.2,6.0,8.25,4.5,0,0,0,True
37015403,7.8,7.75,9.0,0,0,0,8.5,9.0,9.75,False
37015404,7.6,7.5,8.8,7.75,5.5,5.75,0,0,0,True
37015405,7.6,6.75,8.2,8.0,6.5,7.0,0,0,0,True
37015406,6.8,7.25,7.2,7.75,5.5,6.75,0,0,0,True
37015407,5.2,5.5,4.4,5.75,5.25,6.0,0,0,0,True
37015408,7.6,6.25,6.2,7.5,8.5,6.5,0,0,0,True
37015409,7.8,7.0,3.6,7.75,7.25,5.75,0,0,0,True
37015410,8.2,7.0,6.2,7.25,6.75,6.75,0,0,0,True
37015411,6.8,7.25,6.4,7.25,7.5,5.75,0,0,0,True
37015412,7.4,5.25,8.2,0,0,0,7.5,6.25,7.5,False
37015413,7.6,5.0,6.4,5.5,5.5,5.75,0,0,0,True
37015414,6.0,7.0,6.8,0,0,0,8.0,7.5,8.75,False
37015415,8.6,7.25,9.2,6.75,8.25,7.5,0,0,0,True
37015416,7.4,6.75,7.2,6.0,7.0,7.0,0,0,0,True
37015417,7.8,8.25,6.0,6.0,5.75,6.0,0,0,0,True
37015418,8.2,7.75,9.6,6.25,8.75,6.25,0,0,0,True
37015419,5.2,7.25,8.8,4.75,5.25,5.5,0,0,0,True
37015420,8.0,8.25,8.4,0,0,0,7.5,7.25,9.5,False
37015421,7.6,7.75,8.8,0,0,0,8.75,5.0,9.0,False
37015422,4.0,5.0,7.2,0,0,0,8.25,6.25,8.75,False
37015423,7.6,6.25,7.0,5.0,10.0,9.0,0,0,0,True
37015424,8.4,7.25,7.4,7.25,8.5,6.0,0,0,0,True
37015425,8.0,5.25,4.6,0,0,0,6.25,5.5,7.75,False
37015426,6.6,5.25,5.0,7.5,7.0,3.5,0,0,0,True
37015427,5.8,6.25,8.2,0,0,0,5.0,6.25,8.25,False
37015428,7.8,7.25,6.2,7.25,7.25,6.25,0,0,0,True
37015429,6.6,6.0,5.0,4.75,4.25,5.25,0,0,0,True
37015430,5.0,6.5,5.6,0,0,0,5.75,5.25,7.5,False
37015431,5.2,6.25,5.0,5.25,4.5,6.25,0,0,0,True
37015432,7.2,4.75,5.0,7.5,7.5,6.0,0,0,0,True
37015433,7.4,6.0,6.2,0,0,0,6.0,7.75,9.25,False
37015434,7.2,6.5,6.4,0,0,0,7.5,7.0,9.0,False
37015435,7.8,7.5,8.4,0,0,0,7.75,7.0,9.75,False
37015436,7.6,7.0,8.2,8.5,5.5,5.75,0,0,0,True
37015437,7.2,7.5,5.2,0,0,0,8.5,7.5,9.25,False
37015438,6.6,7.25,5.2,0,0,0,6.5,6.25,9.0,False
37015439,6.4,7.0,7.4,0,0,0,8.0,6.75,8.75,False
37015440,7.4,7.75,5.6,7.0,6.25,5.5,0,0,0,True
37015441,6.6,8.0,7.2,0,0,0,8.75,6.5,9.0,False
37015442,7.2,7.0,5.6,0,0,0,7.0,7.0,9.5,False
37015443,7.6,8.0,5.2,0,0,0,9.25,8.75,9.25,False
37015444,7.8,8.25,5.6,0,0,0,8.75,8.75,9.75,False
37015445,6.0,5.25,5.8,5.5,5.75,5.0,0,0,0,True
37015446,7.0,6.0,7.0,7.0,6.0,5.0,0,0,0,True
37015447,4.8,6.5,5.0,0,0,0,6.0,5.0,8.0,False
37015448,8.4,7.5,9.2,7.0,7.25,7.75,0,0,0,True
37015449,6.4,6.25,3.4,7.25,4.5,5.75,0,0,0,True
37015450,6.6,5.75,9.4,5.25,4.0,4.5,0,0,0,True
37015451,7.4,5.75,7.8,7.5,5.0,5.25,0,0,0,True
37015452,7.6,7.0,8.0,7.25,4.5,5.75,0,0,0,True
37015453,7.4,7.75,6.8,7.75,7.0,5.75,0,0,0,True
37015454,6.2,7.0,4.4,0,0,0,6.75,4.25,7.75,False
37015455,7.4,6.75,8.0,0,0,0,6.0,6.0,7.5,False
37015456,4.4,6.25,6.6,0,0,0,5.75,6.25,8.25,False
37015457,6.6,7.75,8.8,0,0,0,6.25,6.75,9.0,False
37015458,6.4,7.0,5.2,0,0,0,5.0,7.5,8.0,False
37015459,6.8,8.5,6.6,6.0,4.75,6.5,0,0,0,True
37015460,7.6,6.0,7.4,3.75,7.25,4.75,0,0,0,True
37015461,8.4,6.25,4.4,8.25,7.75,7.75,0,0,0,True
37015462,7.4,7.0,7.0,0,0,0,5.0,6.75,8.25,False
37015463,6.4,8.0,9.4,0,0,0,8.25,7.75,9.75,False
37015464,8.2,5.75,9.4,8.75,6.5,7.25,0,0,0,True
37015465,8.0,8.25,7.0,7.5,7.75,6.75,0,0,0,True
37015466,8.2,6.0,8.0,7.25,8.25,7.25,0,0,0,True
37015467,8.2,6.5,8.0,8.75,5.5,6.25,0,0,0,True
37015468,7.8,6.0,6.4,8.25,4.0,6.75,0,0,0,True
37015469,7.6,4.5,4.8,5.25,7.5,8.5,0,0,0,True
37015470,7.4,6.5,5.4,8.0,8.75,6.5,0,0,0,True
37015471,6.6,6.75,5.0,0,0,0,7.25,6.75,8.5,False
37015472,8.4,7.0,6.0,6.25,8.25,6.75,0,0,0,True
37015473,8.0,7.75,5.4,7.0,8.0,7.0,0,0,0,True
37015474,7.6,7.0,6.6,6.75,9.25,6.25,0,0,0,True
37015475,8.0,7.25,8.4,8.25,9.75,6.75,0,0,0,True
37015476,7.6,5.25,5.6,0,0,0,7.5,8.25,8.5,False
37015477,7.6,6.0,5.8,6.75,7.25,6.0,0,0,0,True
37015478,7.8,5.0,5.6,5.25,4.75,3.0,0,0,0,True
37015479,7.2,5.75,5.6,5.75,6.0,6.25,0,0,0,True
37015480,7.6,7.0,6.4,8.25,7.5,6.25,0,0,0,True
37015481,7.0,5.0,5.8,6.5,8.0,6.75,0,0,0,True
37015482,7.4,6.25,8.4,6.75,5.5,6.5,0,0,0,True
37015483,7.8,7.0,5.0,6.5,8.0,5.5,0,0,0,True
37015484,6.8,6.75,3.4,0,0,0,7.25,8.25,9.0,False
37015485,6.6,8.5,9.0,0,0,0,8.5,7.0,9.0,False
37015486,7.4,8.0,0,7.0,8.25,8.0,0,0,0,True
37015487,5.4,8.0,7.6,0,0,0,8.5,7.0,8.5,False
37015488,5.0,6.25,3.4,0,0,0,6.0,5.5,8.25,False
37015489,4.4,6.0,6.4,0,0,0,3.75,5.5,5.5,False
37015490,6.4,8.0,9.0,0,0,0,6.75,7.75,9.75,False
37015491,6.2,7.75,4.6,0,0,0,5.75,6.0,8.5,False
37015492,8.0,7.5,6.2,0,0,0,8.25,6.75,9.25,False
37015493,7.8,7.75,6.2,7.25,6.75,7.75,0,0,0,True
37015494,4.6,7.0,4.2,6.5,6.25,5.5,0,0,0,True
37015495,5.2,5.75,4.6,4.75,5.5,4.75,0,0,0,True
37015496,6.6,5.25,8.4,5.75,4.0,5.5,0,0,0,True
37015497,7.0,6.75,6.8,5.5,6.0,6.5,0,0,0,True
37015498,8.0,6.75,6.6,8.25,9.0,7.0,0,0,0,True
37015499,8.2,7.75,7.2,8.0,8.0,7.25,0,0,0,True
37015500,3.6,6.0,8.0,0,0,0,5.25,6.0,7.25,False
37015501,8.4,8.0,9.0,0,0,0,7.25,8.0,8.5,False
37015502,6.4,6.0,2.2,5.0,6.75,5.75,0,0,0,True
37015503,7.4,8.0,7.4,0,0,0,8.5,9.0,9.0,False
37015504,8.4,6.5,7.4,0,0,0,8.25,8.5,9.5,False
37015505,7.0,6.0,8.2,8.25,4.5,5.5,0,0,0,True
37015506,7.4,6.0,5.0,8.75,6.75,7.75,0,0,0,True
37015507,7.0,6.75,3.6,0,0,0,6.25,7.0,8.75,False
37015508,6.8,7.25,6.2,0,0,0,6.25,8.75,9.0,False
37015509,4.4,7.5,5.6,0,0,0,5.75,5.75,7.5,False
37015510,6.8,8.0,6.4,0,0,0,9.0,8.25,8.75,False
37015511,6.8,7.25,7.0,8.25,6.25,7.75,0,0,0,True
37015512,8.2,6.75,6.8,6.75,8.5,8.25,0,0,0,True
37015513,7.8,8.0,9.0,0,0,0,7.75,8.25,9.75,False
37015514,8.0,7.5,8.0,5.5,8.25,8.0,0,0,0,True
37015515,7.8,8.0,7.6,7.0,6.0,6.5,0,0,0,True
37015516,6.0,7.75,6.6,5.75,3.25,7.0,0,0,0,True
37015517,8.8,7.25,7.4,8.25,4.25,6.25,0,0,0,True
37015518,7.4,6.75,6.4,0,0,0,8.25,7.5,9.25,False
37015519,6.8,8.5,5.6,0,0,0,8.5,9.25,8.25,False
37015520,8.0,6.25,9.0,7.75,8.0,7.5,0,0,0,True
37015521,7.6,7.5,7.0,0,0,0,6.5,7.0,8.75,False
37015522,7.8,7.25,5.8,8.0,8.25,8.25,0,0,0,True
37015523,7.2,5.0,5.2,5.5,9.5,9.0,0,0,0,True
37015524,7.0,5.0,5.0,0,0,0,5.75,5.5,7.0,False
37015525,6.2,6.0,4.2,0,0,0,6.75,5.75,8.0,False
37015526,4.4,5.25,5.0,0,0,0,6.25,3.75,6.5,False
37015527,8.8,5.25,7.0,9.25,9.75,8.0,0,0,0,True
37015528,7.4,8.25,7.2,8.0,5.5,6.75,0,0,0,True
37015529,8.4,6.5,8.6,7.25,5.0,6.25,0,0,0,True
37015530,6.4,6.0,4.6,0,0,0,6.0,7.25,7.5,False
37015531,7.0,5.25,4.2,5.0,4.75,5.0,0,0,0,True
37015532,5.0,5.75,5.8,0,0,0,6.25,7.0,7.5,False
37015533,8.4,7.5,8.4,6.25,9.75,8.5,0,0,0,True
37015534,7.8,6.5,5.4,8.0,6.75,5.75,0,0,0,True
37015535,8.2,6.75,7.6,7.75,6.5,5.75,0,0,0,True
37015536,6.8,6.25,6.0,0,0,0,6.5,6.75,8.5,False
37015537,7.6,5.75,7.6,7.0,6.0,4.75,0,0,0,True
37015538,8.8,7.0,6.8,8.25,6.0,5.0,0,0,0,True
37015539,7.8,5.5,8.2,7.25,4.0,5.25,0,0,0,True
37015540,8.0,7.5,6.0,7.75,7.5,6.75,0,0,0,True
37015541,7.0,6.75,5.8,3.25,4.5,5.5,0,0,0,True
37015542,3.8,4.75,9.2,3.5,4.0,4.75,0,0,0,True
37015543,3.8,7.75,3.0,0,0,0,6.0,6.5,8.0,False
37015544,8.6,6.25,7.2,8.25,9.25,5.0,0,0,0,True
37015545,6.0,7.0,4.4,5.0,5.25,5.25,0,0,0,True
37015546,8.4,6.0,7.2,8.5,6.5,5.75,0,0,0,True
37015547,7.6,5.5,7.2,6.0,7.5,5.25,0,0,0,True
37015548,7.6,7.5,6.6,0,0,0,6.25,8.25,9.5,False
37015549,7.4,7.0,7.4,7.75,3.75,3.75,0,0,0,True
37015550,8.6,8.25,9.8,8.25,8.5,8.25,0,0,0,True
37015551,8.2,6.25,8.0,8.5,5.25,6.25,0,0,0,True
37015552,7.2,7.75,6.0,0,0,0,6.75,7.25,9.25,False
37015553,8.6,7.25,7.0,7.25,4.5,6.5,0,0,0,True
37015554,5.2,5.75,6.2,6.0,6.0,5.5,0,0,0,True
37015555,7.4,7.0,8.4,7.5,6.75,6.5,0,0,0,True
37015556,7.8,8.25,7.6,7.25,9.0,8.25,0,0,0,True
37015557,8.6,7.75,6.4,8.0,7.25,7.0,0,0,0,True
37015558,7.2,6.75,5.8,6.0,7.0,6.5,0,0,0,True
37015559,7.8,6.5,4.0,8.25,7.0,7.75,0,0,0,True
37015560,7.6,6.0,8.2,6.75,9.0,6.5,0,0,0,True
37015561,5.6,7.0,5.8,0,0,0,6.25,6.75,9.0,False
37015562,9.2,6.5,7.6,8.5,9.0,8.0,0,0,0,True
37015563,6.2,6.0,4.4,4.75,8.25,5.75,0,0,0,True
37015564,6.0,6.75,5.8,6.5,6.25,3.75,0,0,0,True
37015565,5.6,7.25,5.4,0,0,0,4.0,5.25,7.5,False
37015566,4.8,7.75,7.4,0,0,0,6.0,6.0,8.0,False
37015567,5.6,7.0,4.4,5.5,6.0,6.0,0,0,0,True
37015568,7.2,7.5,7.0,3.75,8.5,7.5,0,0,0,True
37015569,6.4,7.0,4.6,0,0,0,8.0,6.25,8.75,False
37015570,8.4,5.75,5.0,6.0,9.75,8.5,0,0,0,True
37015571,6.4,6.25,7.8,0,0,0,8.0,7.25,8.75,False
37015572,8.4,6.75,8.2,8.75,9.75,7.75,0,0,0,True
37015573,7.4,7.75,9.0,8.25,6.25,7.0,0,0,0,True
37015574,8.0,8.25,9.4,8.75,6.25,8.0,0,0,0,True
37015575,7.0,8.5,9.0,0,0,0,7.0,8.25,9.25,False
37015576,9.0,7.5,5.8,8.5,8.5,5.0,0,0,0,True
37015577,8.4,6.75,8.0,7.75,4.5,5.25,0,0,0,True
37015578,7.8,6.0,7.2,8.25,7.5,5.25,0,0,0,True
37015579,8.6,5.75,7.2,4.75,6.5,7.5,0,0,0,True
37015580,8.2,6.5,5.0,6.75,3.25,2.5,0,0,0,True
37015581,8.8,6.75,6.8,4.0,9.0,8.25,0,0,0,True
37015582,5.6,8.0,5.8,6.0,6.25,5.5,0,0,0,True
37015583,7.2,8.75,8.2,0,0,0,8.5,8.5,9.5,False
37015584,6.6,6.75,4.8,0,0,0,5.75,6.5,8.5,False
37015585,7.2,8.0,8.6,6.5,6.75,5.25,0,0,0,True
37015586,6.4,7.75,7.0,0,0,0,6.75,6.5,8.5,False
37015587,4.2,6.5,5.4,0,0,0,6.0,6.0,8.25,False
37015588,7.4,8.5,8.8,8.5,7.25,7.25,0,0,0,True
37015589,7.8,7.25,3.0,0,0,0,7.75,7.75,9.5,False
37015590,7.8,7.0,7.4,6.25,4.0,6.0,0,0,0,True
37015591,5.4,6.75,5.0,0,0,0,6.5,6.75,9.0,False
37015592,7.0,6.75,6.2,0,0,0,7.75,6.5,9.0,False
37015593,7.4,7.0,6.2,0,0,0,6.5,7.0,8.75,False
37015594,6.2,7.5,4.0,0,0,0,6.25,6.0,8.5,False
37015595,7.8,8.0,8.8,3.5,4.25,6.25,0,0,0,True
37015596,7.4,6.5,7.0,0,0,0,8.5,8.5,9.25,False
37015597,8.6,6.25,9.0,7.75,5.0,6.5,0,0,0,True
37015598,5.8,7.75,4.0,2.75,4.5,5.5,0,0,0,True
37015599,6.8,8.0,9.0,7.25,7.0,8.25,0,0,0,True
37015600,5.2,8.25,7.6,0,0,0,5.5,7.75,8.75,False
37015601,7.2,8.25,6.8,0,0,0,9.75,9.75,9.5,False
37015602,7.4,8.25,6.6,0,0,0,6.25,6.75,9.5,False
37015603,7.8,8.25,9.4,7.0,6.5,7.25,0,0,0,True
37015604,5.0,8.0,6.6,0,0,0,5.5,6.75,8.5,False
37015605,7.2,5.5,6.2,8.5,4.5,6.5,0,0,0,True
37015606,8.0,7.0,5.6,8.0,5.75,6.0,0,0,0,True
37015607,8.0,7.5,6.4,7.5,6.75,7.0,0,0,0,True
37015608,7.4,7.75,6.4,7.25,5.25,6.75,0,0,0,True
37015609,5.4,5.75,6.4,0,0,0,5.75,5.5,7.25,False
37015610,6.8,5.5,3.8,0,0,0,8.25,7.0,9.25,False
37015611,8.6,6.5,7.0,8.0,6.5,6.25,0,0,0,True
37015612,8.0,7.75,8.6,0,0,0,7.0,6.75,9.0,False
37015613,8.2,6.5,8.2,7.75,7.0,6.5,0,0,0,True
37015614,8.0,6.25,5.4,8.75,8.25,7.0,0,0,0,True
37015615,7.0,8.0,5.6,7.25,6.75,6.75,0,0,0,True
37015616,7.8,8.0,9.0,7.25,5.5,6.5,0,0,0,True
37015617,7.4,6.0,5.8,6.25,6.75,6.25,0,0,0,True
37015618,4.6,7.5,5.8,2.75,3.5,6.75,0,0,0,True
37015619,7.8,8.0,7.8,0,0,0,7.5,7.0,8.75,False
37015620,8.2,7.5,6.0,8.25,5.25,6.5,0,0,0,True
37015621,7.0,7.25,6.4,7.5,8.5,7.5,0,0,0,True
37015622,6.2,6.75,4.2,0,0,0,8.5,8.75,8.25,False
37015623,5.2,7.75,7.6,0,0,0,7.25,9.75,8.0,False
37015624,8.0,6.75,4.6,6.5,6.5,7.75,0,0,0,True
37015625,8.0,8.5,7.8,7.0,6.25,6.0,0,0,0,True
37015626,6.0,7.5,4.2,0,0,0,9.0,9.25,9.5,False
37015627,6.4,7.0,4.4,0,0,0,7.5,7.5,9.0,False
37015628,8.0,8.25,6.8,7.25,7.75,7.75,0,0,0,True
37015629,5.2,7.5,5.6,0,0,0,7.0,7.75,8.25,False
37015630,6.2,7.25,7.0,0,0,0,5.25,8.25,7.5,False
37015631,7.8,5.0,4.4,4.25,6.5,5.25,0,0,0,True
37015632,7.0,5.0,5.6,5.5,5.5,5.75,0,0,0,True
37015633,7.2,7.0,7.6,6.0,8.0,8.75,0,0,0,True
37015634,8.2,6.0,5.0,0,0,0,5.5,6.5,8.0,False
37015635,6.4,7.75,5.4,0,0,0,8.0,7.75,8.75,False
37015636,7.8,8.75,6.8,0,0,0,9.5,7.0,9.5,False
37015637,7.8,7.0,7.8,6.25,6.75,5.75,0,0,0,True
37015638,7.2,8.25,5.2,0,0,0,6.25,7.75,9.5,False
37015639,4.8,6.75,2.8,2.0,3.75,4.75,0,0,0,True
37015640,7.2,7.5,4.6,0,0,0,5.0,6.75,8.5,False
37015641,8.0,7.75,8.2,8.5,6.75,7.0,0,0,0,True
37015642,7.2,7.5,8.2,0,0,0,9.0,8.0,8.5,False
37015643,8.2,8.5,9.0,8.0,8.25,6.5,0,0,0,True
37015644,7.8,7.5,7.4,7.25,7.75,7.5,0,0,0,True
37015645,7.4,7.5,7.4,6.5,7.25,7.0,0,0,0,True
37015646,5.0,5.5,4.2,0,0,0,4.25,4.5,7.5,False
37015647,6.2,7.0,7.0,0,0,0,6.5,7.25,9.25,False
37015648,8.0,8.25,8.0,6.5,7.5,6.5,0,0,0,True
37015649,8.2,6.5,8.0,5.25,8.0,7.0,0,0,0,True
37015650,8.4,6.25,8.6,8.0,6.25,8.0,0,0,0,True
37015651,7.8,7.25,8.0,8.75,9.0,8.5,0,0,0,True
37015652,6.0,6.0,3.8,4.5,3.75,5.5,0,0,0,True
37015653,6.6,7.75,5.8,0,0,0,7.25,8.25,8.25,False
37015654,8.0,6.25,6.0,7.75,9.5,8.0,0,0,0,True
37015655,7.8,7.75,6.2,7.5,7.5,7.25,0,0,0,True
37015656,6.2,7.75,7.2,0,0,0,6.25,6.75,9.0,False
37015657,8.4,6.25,6.8,5.0,3.5,5.75,0,0,0,True
37015658,8.0,7.5,9.4,8.25,8.75,7.25,0,0,0,True
37015659,5.4,7.25,5.0,0,0,0,7.0,7.25,9.25,False
37015660,7.4,7.5,7.0,0,0,0,8.0,8.75,9.0,False
37015661,5.8,7.0,5.4,0,0,0,7.0,9.25,8.75,False
37015662,5.8,7.0,4.6,0,0,0,5.75,5.75,8.75,False
37015663,8.4,7.5,6.8,7.75,5.5,6.25,0,0,0,True
37015664,6.8,8.0,8.4,0,0,0,8.0,7.75,9.75,False
37015665,2.8,6.75,6.4,0,0,0,7.25,6.5,9.0,False
37015666,8.6,7.25,7.8,8.0,7.75,7.0,0,0,0,True
37015667,5.4,7.75,7.0,0,0,0,6.75,6.25,9.25,False
37015668,5.0,6.0,3.6,0,0,0,5.75,6.75,9.0,False
37015669,7.4,6.5,8.2,7.0,6.75,5.75,0,0,0,True
37015670,6.0,8.5,7.6,0,0,0,7.25,6.75,9.75,False
37015671,3.6,7.5,6.2,0,0,0,5.25,7.25,8.25,False
37015672,7.0,8.0,7.4,0,0,0,7.25,7.0,9.0,False
37015673,8.2,7.5,8.6,8.0,7.5,7.0,0,0,0,True
37015674,6.2,8.0,5.4,0,0,0,8.0,7.0,9.0,False
37015675,6.6,7.5,5.8,0,0,0,7.0,6.75,9.0,False
37015676,8.6,9.0,9.0,0,0,0,7.5,9.0,9.25,False
37015677,7.8,6.75,8.4,7.0,7.25,7.5,0,0,0,True
37015678,8.0,8.0,9.4,8.0,6.5,7.0,0,0,0,True
37015679,7.2,7.0,5.8,5.25,8.0,7.5,0,0,0,True
37015680,8.2,6.25,6.0,5.25,5.25,5.75,0,0,0,True
37015681,4.2,7.5,4.0,0,0,0,5.5,6.0,8.25,False
37015682,5.6,7.5,4.6,0,0,0,6.25,6.75,9.0,False
37015683,6.0,8.25,7.0,0,0,0,7.5,7.75,9.25,False
37015684,7.8,7.0,8.0,7.5,7.5,5.75,0,0,0,True
37015685,7.0,6.0,5.2,7.0,5.5,6.25,0,0,0,True
37015686,5.8,7.5,5.8,0,0,0,6.75,7.0,9.0,False
37015687,6.0,7.75,8.2,0,0,0,7.5,7.0,7.75,False
37015688,7.8,8.75,7.6,0,0,0,8.25,8.25,9.5,False
37015689,9.0,6.75,8.4,8.75,9.0,7.75,0,0,0,True
37015690,5.4,7.5,5.2,0,0,0,6.5,6.75,8.5,False
37015691,7.6,6.75,9.8,7.25,5.25,6.5,0,0,0,True
37015692,6.4,8.0,4.6,0,0,0,8.0,6.75,9.25,False
37015693,7.4,7.75,6.0,0,0,0,8.25,8.0,9.5,False
37015694,7.8,7.25,7.4,6.75,5.25,5.5,0,0,0,True
37015695,4.0,7.25,6.4,0,0,0,6.25,7.5,9.0,False
37015696,8.0,6.25,5.4,8.0,6.25,6.0,0,0,0,True
37015697,8.4,7.25,6.0,6.25,8.25,6.0,0,0,0,True
37015698,6.8,6.5,7.0,0,0,0,7.0,8.25,9.25,False
37015699,8.4,7.0,4.8,8.25,9.0,7.5,0,0,0,True
37015700,5.4,5.5,5.6,0,0,0,6.5,6.25,8.25,False
37015701,5.8,7.0,4.8,0,0,0,6.0,5.5,8.75,False
37015702,4.2,7.0,4.4,0,0,0,5.25,7.5,8.25,False
37015703,7.4,6.75,7.4,6.5,6.0,4.25,0,0,0,True
37015704,7.2,4.25,5.4,0,0,0,6.0,7.25,7.75,False
37015705,7.4,7.5,7.0,0,0,0,5.0,8.0,8.5,False
37015706,7.4,8.0,6.6,0,0,0,7.5,6.75,10.0,False
37015707,8.6,8.75,8.6,8.25,6.25,7.25,0,0,0,True
37015708,5.8,6.0,4.4,0,0,0,7.25,6.75,8.0,False
37015709,7.2,6.25,5.8,0,0,0,5.25,6.25,8.25,False
37015710,8.6,6.0,8.4,8.5,6.75,8.5,0,0,0,True
37015711,8.0,7.25,6.8,9.0,8.0,7.5,0,0,0,True
37015712,6.2,6.0,5.8,5.0,5.0,6.75,0,0,0,True
37015713,6.8,6.75,5.0,6.5,4.75,5.75,0,0,0,True
37015714,3.8,8.0,9.0,0,0,0,9.75,9.0,8.75,False
37015715,7.0,7.0,4.8,0,0,0,7.0,7.0,9.25,False
37015716,8.2,7.0,9.2,7.25,7.0,7.25,0,0,0,True
37015717,7.8,7.75,9.6,8.25,6.75,6.5,0,0,0,True
37015718,7.6,8.0,4.0,0,0,0,6.5,7.0,8.75,False
37015719,8.4,7.0,8.0,6.75,8.75,7.25,0,0,0,True
37015720,5.8,6.75,6.4,0,0,0,5.75,7.5,9.0,False
37015721,6.4,7.75,6.0,0,0,0,7.75,6.25,9.25,False
37015722,4.4,7.25,4.8,0,0,0,7.25,8.5,9.0,False
37015723,7.6,7.5,4.0,3.75,3.25,5.0,0,0,0,True
37015724,6.6,8.5,6.8,0,0,0,5.75,4.5,8.0,False
37015725,5.4,6.25,5.2,0,0,0,5.5,7.25,9.0,False
37015726,8.2,8.25,4.0,8.25,8.0,7.5,0,0,0,True
37015727,6.4,8.0,6.2,0,0,0,8.25,9.5,8.5,False
37015728,6.8,7.5,5.8,0,0,0,7.5,8.25,8.75,False
37015729,7.6,8.0,8.0,0,0,0,5.75,7.0,8.25,False
37015730,8.6,7.5,6.8,0,0,0,7.0,7.5,9.25,False
37015731,8.0,8.5,9.0,7.25,5.5,7.25,0,0,0,True
37015732,6.8,7.0,6.4,5.0,4.75,4.5,0,0,0,True
37015733,3.6,7.5,8.6,5.25,3.25,5.75,0,0,0,True
37015734,7.2,8.5,7.8,0,0,0,7.5,8.75,9.0,False
37015735,7.4,6.75,4.0,5.0,7.0,7.5,0,0,0,True
37015736,6.6,8.0,8.6,0,0,0,5.5,8.0,9.0,False
37015737,6.8,8.0,4.8,0,0,0,7.5,8.5,9.5,False
37015738,7.8,5.0,9.0,4.25,8.75,4.0,0,0,0,True
37015739,7.0,6.5,5.2,7.5,7.0,5.25,0,0,0,True
37015740,8.0,6.0,6.0,8.5,8.25,6.0,0,0,0,True
37015741,7.4,6.75,6.8,0,0,0,7.5,7.5,8.75,False
37015742,8.0,7.25,6.6,6.25,8.25,9.0,0,0,0,True
37015743,8.6,6.5,4.8,8.75,8.75,6.5,0,0,0,True
37015744,6.2,7.75,5.4,0,0,0,5.0,6.75,9.5,False
37015745,7.4,7.5,5.4,0,0,0,8.75,8.25,8.75,False
37015746,5.4,7.75,8.4,0,0,0,7.25,6.75,8.75,False
37015747,7.4,6.0,5.6,0,0,0,6.5,6.75,9.25,False
37015748,7.4,6.5,5.2,6.75,6.75,5.5,0,0,0,True
37015750,3.6,4.0,5.4,0,0,0,5.75,6.5,8.0,False
37015751,8.2,6.5,9.6,8.75,5.75,7.0,0,0,0,True
37015752,6.8,6.25,7.4,0,0,0,3.0,5.75,7.5,False
37015753,7.8,7.5,7.4,7.75,7.25,7.0,0,0,0,True
37015754,6.6,6.5,7.4,0,0,0,5.5,7.5,8.75,False
37015755,4.0,6.75,7.6,0,0,0,6.25,6.75,8.75,False
37015756,6.0,6.5,3.0,0,0,0,6.0,6.75,8.5,False
37015757,7.4,6.25,5.4,6.25,6.25,6.25,0,0,0,True
37015758,4.8,6.0,5.8,0,0,0,6.5,7.75,8.5,False
37015759,5.2,5.75,5.2,0,0,0,7.5,5.5,7.0,False
37015760,8.0,7.0,9.0,6.25,5.5,6.0,0,0,0,True
37015761,8.0,7.75,8.8,8.5,7.75,8.0,0,0,0,True
37015762,5.8,8.5,7.8,0,0,0,9.25,9.5,8.5,False
37015763,6.0,7.0,5.2,0,0,0,8.0,6.25,8.0,False
37015764,6.4,7.0,4.0,5.25,4.5,5.25,0,0,0,True
37015765,6.4,6.75,4.0,7.25,5.5,6.0,0,0,0,True
37015766,8.0,8.0,7.4,0,0,0,7.75,7.25,9.5,False
37015767,8.6,7.0,7.8,6.25,7.25,6.0,0,0,0,True
37015768,8.6,7.25,9.0,9.0,8.0,5.0,0,0,0,True
37015769,3.6,7.25,7.8,0,0,0,6.5,6.0,7.5,False
37015770,7.0,7.25,6.8,5.75,6.5,6.75,0,0,0,True
37015771,5.8,7.0,6.0,0,0,0,7.0,8.5,9.25,False
37015772,4.8,6.0,4.4,0,0,0,5.0,5.0,7.75,False
37015773,8.0,8.0,7.6,0,0,0,6.0,7.75,9.25,False
37015774,7.4,8.0,9.2,5.0,8.0,7.0,0,0,0,True
37015775,7.6,6.0,6.8,8.0,6.0,7.25,0,0,0,True
37015776,7.6,5.0,5.4,5.0,8.5,7.5,0,0,0,True
37015777,6.8,5.0,4.4,7.5,5.5,5.0,0,0,0,True
37015778,8.0,6.75,9.4,6.75,6.25,7.75,0,0,0,True
37015779,6.4,6.0,8.8,6.5,3.5,5.0,0,0,0,True
37015780,8.0,6.5,6.8,8.5,6.0,5.5,0,0,0,True
37015781,8.6,7.25,5.2,8.25,6.75,4.75,0,0,0,True
37015782,7.8,6.5,7.4,8.25,8.0,6.25,0,0,0,True
37015783,8.0,7.5,6.6,9.25,8.75,7.0,0,0,0,True
37015784,5.4,5.75,3.6,0,0,0,6.0,6.5,8.75,False
37015785,8.0,7.0,6.4,7.75,7.75,5.75,0,0,0,True
37015786,8.4,7.0,7.0,7.25,7.0,5.75,0,0,0,True
37015787,4.4,7.25,6.0,0,0,0,5.5,7.75,8.25,False
37015788,6.6,7.25,6.4,0,0,0,5.75,6.5,9.25,False
37015789,7.8,6.0,5.6,7.0,6.0,4.5,0,0,0,True
37015790,6.6,7.75,8.6,0,0,0,6.0,7.0,8.0,False
37015791,6.0,7.75,9.0,0,0,0,8.25,7.75,9.0,False
37015792,7.8,7.0,7.6,0,0,0,6.25,7.25,9.0,False
37015793,5.4,7.5,5.2,0,0,0,7.75,7.75,9.0,False
37015794,7.6,6.75,9.0,7.75,7.0,6.5,0,0,0,True
37015795,8.6,7.0,7.4,0,0,0,7.5,6.75,8.0,False
37015796,7.2,5.25,6.4,8.25,8.25,6.75,0,0,0,True
37015797,7.2,7.5,8.4,7.5,4.75,6.75,0,0,0,True
37015798,6.4,7.0,5.6,0,0,0,7.0,8.5,8.75,False
37015799,6.8,8.0,7.8,0,0,0,7.0,8.25,9.0,False
37015800,7.6,7.25,6.8,7.25,9.5,8.5,0,0,0,True
37015801,9.0,7.75,3.8,8.0,7.25,5.5,0,0,0,True
37015802,6.8,7.0,8.2,5.0,6.5,6.75,0,0,0,True
37015803,9.2,7.5,7.0,8.75,9.0,7.75,0,0,0,True
37015804,7.2,7.25,6.8,6.75,5.0,5.0,0,0,0,True
37015805,8.4,7.75,8.2,4.75,7.75,8.75,0,0,0,True
37015806,5.6,7.75,6.8,0,0,0,9.0,9.25,8.5,False
37015807,6.0,8.0,8.4,0,0,0,8.75,8.0,9.5,False
37015808,8.0,5.5,8.0,8.25,8.5,7.25,0,0,0,True
37015809,6.2,6.75,6.4,7.5,6.5,6.25,0,0,0,True
37015810,7.8,7.75,7.2,8.0,7.5,6.75,0,0,0,True
37015811,7.6,6.25,7.2,8.25,8.5,4.25,0,0,0,True
37015812,7.4,6.0,7.2,7.0,7.75,8.75,0,0,0,True
37015813,7.6,7.5,5.4,0,0,0,7.75,9.0,8.5,False
37015814,5.8,7.0,6.2,0,0,0,8.25,7.75,9.75,False
37015815,5.8,7.5,6.6,0,0,0,6.75,7.0,9.0,False
37015816,6.6,6.75,6.2,7.5,6.5,7.5,0,0,0,True
37015817,6.2,0,7.0,6.0,4.75,4.25,0,0,0,True
37015818,5.2,6.0,5.2,5.75,5.75,5.0,0,0,0,True
37015819,8.4,7.5,8.6,8.5,9.5,8.25,0,0,0,True
37015820,8.2,6.25,6.0,7.75,7.25,5.25,0,0,0,True
37015821,7.0,8.0,9.0,0,0,0,7.0,8.0,9.75,False
37015822,7.0,6.5,5.4,4.0,5.75,4.25,0,0,0,True
37015823,8.0,6.75,7.8,7.0,6.0,5.5,0,0,0,True
37015824,6.4,6.5,5.2,5.75,5.5,4.75,0,0,0,True
37015825,7.6,7.5,7.8,7.75,7.25,5.25,0,0,0,True
37015826,4.6,6.25,3.6,0,0,0,6.75,7.5,8.25,False
37015827,7.6,7.0,8.4,8.25,5.25,5.0,0,0,0,True
37015828,7.2,8.0,8.8,7.5,7.75,8.25,0,0,0,True
37015829,5.2,7.0,7.0,0,0,0,7.25,8.25,9.25,False
37015830,7.6,7.25,7.2,0,0,0,6.5,6.0,8.25,False
37015831,5.0,7.25,5.4,0,0,0,6.75,7.5,10.0,False
37015832,8.2,7.75,8.4,0,0,0,9.25,9.0,10.0,False
37015833,7.4,6.5,7.8,7.0,4.5,4.5,0,0,0,True
37015834,7.0,6.0,5.6,7.0,5.5,4.0,0,0,0,True
37015835,7.4,7.5,5.2,7.75,7.0,5.25,0,0,0,True
37015836,8.2,8.25,7.2,6.75,6.5,6.5,0,0,0,True
37015837,6.4,7.25,6.0,0,0,0,7.25,7.75,8.0,False
37015838,7.0,7.75,6.2,7.0,7.0,5.5,0,0,0,True
37015839,8.8,6.25,7.8,0,0,0,6.75,6.5,9.0,False
37015840,8.0,7.0,7.4,6.0,7.0,6.75,0,0,0,True
37015841,8.0,8.0,8.0,0,0,0,8.25,9.75,10.0,False
37015842,7.4,6.25,7.2,3.75,8.25,4.0,0,0,0,True
37015843,6.0,6.5,4.0,0,0,0,7.75,7.75,8.75,False
37015844,9.0,5.75,6.0,6.25,7.75,6.25,0,0,0,True
37015845,7.8,6.0,8.8,7.5,8.5,8.25,0,0,0,True
37015846,6.4,6.5,6.2,0,0,0,8.5,9.25,9.5,False
37015847,8.2,6.25,6.8,7.75,7.75,7.25,0,0,0,True
37015848,4.8,7.0,4.4,0,0,0,7.25,6.25,9.0,False
37015849,6.2,5.5,6.2,0,0,0,6.0,7.5,7.25,False
37015850,7.6,8.25,6.6,7.5,7.5,6.75,0,0,0,True
37015851,7.2,7.25,5.8,6.75,7.25,8.0,0,0,0,True
37015852,8.0,5.75,6.0,7.5,7.0,4.25,0,0,0,True
37015853,8.8,7.0,8.2,8.25,7.25,6.75,0,0,0,True
37015854,8.4,7.5,7.6,7.0,4.25,6.0,0,0,0,True
37015855,8.0,6.0,7.4,8.0,7.0,7.5,0,0,0,True
37015856,7.0,7.75,4.8,0,0,0,3.75,5.25,7.75,False
37015857,8.8,7.5,9.2,8.5,5.75,6.5,0,0,0,True
37015858,6.4,7.25,5.2,0,0,0,5.75,7.25,8.25,False
37015859,7.0,7.0,9.0,7.0,6.25,7.0,0,0,0,True
37015860,3.6,6.25,5.4,0,0,0,5.75,5.25,8.75,False
37015861,7.0,6.5,3.8,3.75,4.25,5.0,0,0,0,True
37015862,7.2,7.0,6.6,6.75,4.75,5.75,0,0,0,True
37015863,8.6,7.75,8.8,8.5,7.5,7.5,0,0,0,True
37015864,6.6,8.0,8.6,0,0,0,6.5,6.25,7.5,False
37015865,6.2,8.0,7.2,0,0,0,5.25,5.75,5.5,False
37015866,6.6,5.5,8.4,7.0,4.5,5.75,0,0,0,True
37015867,2.8,5.25,6.2,0,0,0,5.5,5.75,7.5,False
37015868,7.8,6.5,7.6,0,0,0,7.25,6.5,8.75,False
37015869,6.6,6.5,5.0,0,0,0,6.75,7.5,8.25,False
37015870,7.2,7.25,6.6,7.5,6.25,6.25,0,0,0,True
37015871,8.0,8.25,7.8,7.25,7.0,7.0,0,0,0,True
37015872,6.0,6.5,4.4,4.75,4.5,3.5,0,0,0,True
37015873,7.4,6.75,7.8,6.5,7.75,7.75,0,0,0,True
37015874,7.2,7.25,6.6,0,0,0,5.5,7.0,9.25,False
37015875,8.4,7.0,8.0,6.25,5.25,8.25,0,0,0,True
37015876,6.0,7.25,6.4,0,0,0,6.5,7.75,9.25,False
37015877,6.4,8.0,5.8,0,0,0,6.25,8.0,8.5,False
37015878,7.2,7.25,4.4,0,0,0,5.75,7.0,9.0,False
37015879,7.2,6.5,7.2,6.75,4.0,5.75,0,0,0,True
37015880,7.4,8.0,8.4,6.0,7.25,8.5,0,0,0,True
37015881,5.6,8.25,6.6,0,0,0,6.25,6.5,8.5,False
37015882,7.4,8.0,7.2,0,0,0,7.25,8.5,9.75,False
37015883,4.8,7.5,5.2,0,0,0,6.25,6.75,9.0,False
37015884,8.2,8.0,8.0,0,0,0,7.25,7.25,9.0,False
37015885,6.4,8.0,5.6,0,0,0,7.5,7.25,8.75,False
37015886,8.0,7.75,7.6,0,0,0,6.5,7.0,7.5,False
37015887,7.4,7.75,5.6,7.25,7.25,6.25,0,0,0,True
37015888,7.0,6.5,5.0,0,0,0,7.5,7.5,7.75,False
37015889,7.6,8.25,6.6,0,0,0,8.75,8.5,9.5,False
37015890,7.4,6.0,5.0,6.5,6.5,6.0,0,0,0,True
37015891,6.2,7.25,7.0,0,0,0,7.5,7.75,9.0,False
37015892,8.0,7.75,8.6,7.75,5.5,7.25,0,0,0,True
37015893,6.6,7.5,7.2,5.25,3.75,4.75,0,0,0,True
37015894,7.8,5.75,4.4,6.25,7.5,4.5,0,0,0,True
37015895,5.2,7.5,2.6,0,0,0,5.75,7.0,7.75,False
37015896,7.0,6.5,5.0,5.5,4.5,7.0,0,0,0,True
37015897,8.0,7.25,6.8,8.0,9.5,7.75,0,0,0,True
37015898,8.0,5.75,8.2,7.75,6.0,7.25,0,0,0,True
37015899,8.2,6.75,6.0,8.0,8.0,6.75,0,0,0,True
37015900,7.4,6.5,4.6,5.25,7.0,5.0,0,0,0,True
37015901,7.6,7.5,5.6,7.5,8.0,5.75,0,0,0,True
37015902,8.2,7.5,8.4,5.25,8.75,7.5,0,0,0,True
37015903,6.2,8.25,4.6,7.5,6.25,6.75,0,0,0,True
37015904,8.8,7.25,5.0,8.0,8.0,6.0,0,0,0,True
37015905,7.0,6.5,8.8,5.5,5.75,4.75,0,0,0,True
37015906,7.4,6.0,6.4,5.0,6.75,7.75,0,0,0,True
37015907,7.0,5.5,6.0,0,0,0,4.0,5.5,9.0,False
37015908,7.6,7.25,6.0,6.75,7.5,6.5,0,0,0,True
37015909,7.6,8.25,6.0,5.75,6.5,8.25,0,0,0,True
37015910,6.8,6.25,3.0,0,0,0,5.5,6.5,7.75,False
37015911,7.0,8.5,5.6,0,0,0,9.0,9.0,9.0,False
37015912,4.2,8.5,5.0,0,0,0,9.25,9.0,9.0,False
37015913,5.4,6.5,5.4,0,0,0,4.0,7.75,7.75,False
37015914,6.2,7.0,5.2,0,0,0,3.0,5.25,7.25,False
37015915,7.0,8.0,6.6,7.25,8.25,7.5,0,0,0,True
37015916,6.6,7.75,5.2,0,0,0,5.0,7.5,8.5,False
37015917,7.8,8.25,7.2,7.0,7.0,6.75,0,0,0,True
37015918,5.4,7.75,4.4,0,0,0,7.25,6.75,8.5,False
37015919,6.4,9.0,7.8,0,0,0,6.5,6.25,8.75,False
37015920,7.2,6.25,3.6,5.5,3.25,5.5,0,0,0,True
37015921,8.6,8.25,7.8,7.0,5.5,6.75,0,0,0,True
37015922,7.4,7.75,7.6,5.0,5.25,5.25,0,0,0,True
37015923,7.2,7.25,5.0,5.75,5.5,6.25,0,0,0,True
37015924,7.8,8.5,6.4,0,0,0,6.25,8.0,9.0,False
37015925,8.8,7.5,7.2,7.75,4.75,6.5,0,0,0,True
37015926,8.2,8.25,6.4,7.25,5.25,5.0,0,0,0,True
37015927,8.4,8.5,7.4,0,0,0,9.75,7.75,10.0,False
37015928,7.6,7.75,6.0,6.75,5.5,4.0,0,0,0,True
37015929,3.0,4.75,4.2,0,0,0,5.75,6.5,8.5,False
37015930,8.2,6.75,5.6,0,0,0,7.25,7.5,9.0,False
37015931,8.2,8.0,6.6,8.75,8.75,8.0,0,0,0,True
37015932,6.2,7.0,5.4,0,0,0,6.0,6.25,8.5,False
37015933,6.8,6.75,7.2,5.75,5.5,6.0,0,0,0,True
37015934,6.4,7.25,5.6,0,0,0,6.75,7.75,9.0,False
37015935,7.6,7.75,6.8,5.75,6.5,5.5,0,0,0,True
37015936,8.0,7.0,6.8,5.5,6.0,6.0,0,0,0,True
37015937,6.6,8.5,4.0,0,0,0,7.75,6.25,8.5,False
37015938,8.4,7.75,5.6,8.75,9.75,5.5,0,0,0,True
37015939,6.0,7.75,4.2,0,0,0,9.0,9.5,8.5,False
37015940,6.6,7.75,8.6,0,0,0,7.25,6.5,8.5,False
37015941,5.4,7.25,4.8,0,0,0,6.5,7.25,9.0,False
37015942,8.0,7.5,6.4,8.0,6.5,8.25,0,0,0,True
37015943,7.6,8.0,7.8,7.25,7.5,7.75,0,0,0,True
37015944,6.8,8.25,4.4,0,0,0,6.5,7.75,9.0,False
37015945,8.0,7.0,4.2,7.25,7.5,7.75,0,0,0,True
37015946,8.4,6.0,7.6,7.25,7.75,8.0,0,0,0,True
37015947,8.6,6.75,6.4,5.25,8.75,8.75,0,0,0,True
37015948,7.6,5.75,7.0,8.25,5.75,6.5,0,0,0,True
37015949,8.0,7.25,5.0,6.5,7.75,7.25,0,0,0,True
37015950,8.0,7.0,5.6,7.25,6.75,6.25,0,0,0,True
37015951,7.6,8.0,6.8,7.5,8.25,7.75,0,0,0,True
37015952,8.0,7.75,6.6,6.25,8.75,9.0,0,0,0,True
37015953,7.0,8.25,6.6,4.0,6.0,4.5,0,0,0,True
37015954,6.8,5.75,8.0,6.0,6.0,7.5,0,0,0,True
37015955,7.6,8.25,8.2,0,0,0,7.5,8.0,9.75,False
37015956,8.6,5.5,7.4,8.5,8.0,7.25,0,0,0,True
37015957,7.0,6.25,6.8,7.0,7.75,8.0,0,0,0,True
37015958,6.6,5.0,8.4,4.5,4.25,5.75,0,0,0,True
37015959,7.6,5.75,6.2,5.75,7.25,7.5,0,0,0,True
37015960,8.8,6.25,8.4,7.75,5.25,5.75,0,0,0,True
37015961,8.0,6.75,6.8,6.75,7.75,5.75,0,0,0,True
37015962,7.2,8.0,6.0,0,0,0,5.75,6.5,9.0,False
37015963,5.8,5.0,5.4,0,0,0,7.0,6.5,7.5,False
37015964,6.4,6.75,9.0,0,0,0,8.25,8.25,10.0,False
37015965,4.4,7.25,7.6,0,0,0,8.5,8.25,8.5,False
37015966,6.8,7.25,8.8,7.75,6.0,7.25,0,0,0,True
37015967,8.2,7.25,8.2,8.75,7.75,7.75,0,0,0,True
37015968,8.2,7.0,7.0,6.25,6.25,6.0,0,0,0,True
37015969,8.6,7.5,9.4,8.0,6.25,7.75,0,0,0,True
37015970,7.0,7.5,4.8,0,0,0,6.75,7.25,7.75,False
37015971,8.2,9.0,7.8,0,0,0,8.25,8.0,9.75,False
37015972,5.2,6.75,5.0,0,0,0,5.25,6.5,8.75,False
37015973,6.4,8.5,6.8,0,0,0,7.0,7.5,8.75,False
37015974,8.4,8.75,9.4,7.25,8.25,7.5,0,0,0,True
37015975,7.6,7.5,9.8,7.5,5.25,6.75,0,0,0,True
37015976,8.2,8.0,5.2,0,0,0,9.75,9.5,9.75,False
37015977,8.0,8.75,9.4,7.75,7.5,8.5,0,0,0,True
37015978,8.4,8.75,8.6,0,0,0,6.0,7.5,9.25,False
37015979,7.8,8.25,6.4,0,0,0,8.25,7.75,9.5,False
37015980,5.2,6.5,5.4,0,0,0,5.5,6.0,9.0,False
37015981,7.8,8.0,7.0,7.25,6.5,8.0,0,0,0,True
37015982,7.4,8.0,5.0,7.0,7.5,5.25,0,0,0,True
37015983,8.2,6.0,6.8,8.5,8.0,7.0,0,0,0,True
37015984,7.6,8.25,9.6,6.75,6.0,7.75,0,0,0,True
37015985,7.4,8.0,6.0,8.0,5.75,5.25,0,0,0,True
37015986,5.8,5.5,4.0,0,0,0,7.75,7.5,8.5,False
37015987,7.8,7.0,8.6,8.0,5.5,7.25,0,0,0,True
37015988,6.6,6.5,7.2,0,0,0,7.5,6.75,8.0,False
37015989,5.0,7.0,6.2,5.5,6.75,8.75,0,0,0,True
37015990,8.0,6.25,5.6,8.75,6.5,5.5,0,0,0,True
37015991,8.4,8.75,6.0,0,0,0,8.25,8.25,10.0,False
37015992,8.0,7.5,8.6,6.5,8.0,7.75,0,0,0,True
37015993,5.2,7.0,6.0,0,0,0,5.0,7.75,6.75,False
37015994,8.0,6.25,5.2,7.75,7.0,6.75,0,0,0,True
37015995,6.8,6.25,8.4,8.0,6.25,7.0,0,0,0,True
37015996,8.0,7.5,7.6,8.25,9.25,7.25,0,0,0,True
37015997,8.4,8.25,8.0,0,0,0,6.5,7.0,9.5,False
37015998,4.8,6.5,4.6,0,0,0,6.25,6.25,7.75,False
37015999,6.0,7.5,4.4,0,0,0,4.75,7.25,8.75,False
37016000,7.4,8.5,7.8,6.75,5.75,5.5,0,0,0,True
37016001,6.4,7.75,7.4,5.75,6.75,6.75,0,0,0,True
37016002,6.0,7.25,5.6,6.0,4.25,3.5,0,0,0,True
37016003,6.2,8.5,5.0,0,0,0,9.25,8.5,9.0,False
37016004,5.4,8.0,6.0,0,0,0,7.0,6.5,8.5,False
37016005,4.6,7.25,6.6,0,0,0,6.0,7.75,8.75,False
37016006,8.2,8.75,8.2,0,0,0,7.0,6.75,9.75,False
37016007,7.2,7.0,4.6,0,0,0,6.25,7.25,8.0,False
37016008,6.4,8.25,5.2,0,0,0,7.25,8.0,8.5,False
37016009,7.8,7.0,7.4,7.0,5.25,7.0,0,0,0,True
37016010,4.6,6.25,5.6,0,0,0,6.75,7.25,8.5,False
37016011,7.8,5.75,8.6,5.5,7.25,5.5,0,0,0,True
37016012,6.4,6.75,4.6,0,0,0,6.5,7.0,7.5,False
37016013,7.8,7.25,6.4,0,0,0,5.5,7.25,8.0,False
37016014,6.0,7.0,6.2,0,0,0,6.25,7.0,8.75,False
37016015,8.4,7.0,8.4,8.5,6.75,6.0,0,0,0,True
37016016,7.6,7.25,7.2,8.0,5.5,6.5,0,0,0,True
37016017,7.6,7.75,6.8,0,0,0,7.25,7.75,9.5,False
37016018,6.6,7.25,7.4,8.0,5.75,6.5,0,0,0,True
37016019,7.8,7.0,7.4,8.5,5.5,6.5,0,0,0,True
37016020,6.8,9.25,7.0,0,0,0,5.75,7.25,9.75,False
37016021,4.0,6.0,5.0,0,0,0,4.5,5.75,8.0,False
37016022,7.2,7.0,4.6,0,0,0,7.0,7.25,7.75,False
37016023,5.4,7.75,5.0,0,0,0,5.75,7.25,8.25,False
37016024,7.4,7.5,6.4,8.5,6.0,8.25,0,0,0,True
37016025,6.2,7.25,5.2,0,0,0,7.25,7.25,8.75,False
37016026,4.8,6.25,4.0,0,0,0,5.0,7.25,8.0,False
37016027,6.0,4.5,5.4,0,0,0,6.25,5.75,6.5,False
37016028,6.8,7.0,4.8,0,0,0,7.75,8.5,8.75,False
37016029,7.0,5.0,3.0,0,0,0,5.75,7.25,8.75,False
37016030,6.8,5.75,6.0,0,0,0,5.25,7.75,7.75,False
37016031,5.2,7.0,0,0,0,0,5.25,6.25,0,False
37016032,6.6,5.5,4.2,0,0,0,5.75,6.25,7.25,False
37016033,6.6,6.5,5.2,0,0,0,6.75,7.5,9.0,False
37016034,8.0,5.0,4.4,0,0,0,4.25,7.25,7.0,False
37016035,7.0,5.75,4.6,0,0,0,4.0,7.0,8.0,False
37016036,5.4,6.5,4.2,0,0,0,6.5,5.0,8.0,False
37016037,6.0,6.0,4.6,0,0,0,4.75,7.0,6.5,False
37016038,4.4,3.5,4.0,0,0,0,3.75,5.75,6.5,False
37016039,4.8,7.0,0,0,0,0,7.25,5.5,0,False
37016040,7.0,7.0,5.4,0,0,0,6.5,6.25,7.0,False
37016041,5.0,3.75,3.4,0,0,0,7.0,6.75,9.0,False
37016042,5.0,6.25,3.6,0,0,0,5.75,7.25,8.75,False
37016043,4.8,6.5,0,0,0,0,5.25,5.25,0,False
37016044,5.8,7.0,4.0,0,0,0,4.5,7.25,8.0,False
37016045,2.2,3.75,4.2,0,0,0,2.75,3.75,4.0,False
37016046,4.2,5.75,4.2,0,0,0,5.75,7.25,7.5,False
37016047,6.0,6.25,5.6,0,0,0,5.75,7.0,8.75,False
37016048,6.0,5.0,3.0,0,0,0,5.0,7.0,7.25,False
37016049,4.6,6.0,4.0,0,0,0,4.5,6.5,7.75,False
37016050,6.4,7.0,5.0,0,0,0,5.75,7.0,8.5,False
37016051,5.2,7.25,5.4,0,0,0,8.75,8.0,9.75,False
37016052,5.8,6.5,4.6,0,0,0,7.0,6.25,7.75,False
37016053,2.6,4.5,0,0,0,0,4.5,5.0,0,False
37016054,6.2,6.0,4.8,0,0,0,5.0,7.5,7.0,False
37016055,6.0,6.25,4.6,0,0,0,5.5,5.5,7.0,False
37016056,7.0,5.5,5.4,0,0,0,4.5,5.75,8.5,False
37016057,6.6,7.25,5.0,0,0,0,4.5,7.75,7.75,False
37016058,6.2,5.0,5.6,0,0,0,6.0,6.25,7.75,False
37016059,7.2,7.75,5.0,0,0,0,6.25,8.25,8.25,False
37016060,5.8,6.5,6.4,0,0,0,7.0,7.5,9.25,False
37016061,4.8,5.5,3.8,0,0,0,5.75,6.5,8.0,False
37016062,5.6,7.0,4.6,0,0,0,8.0,7.75,8.0,False
37016063,6.0,6.5,4.4,0,0,0,5.75,7.5,6.5,False
37016064,4.0,6.75,4.4,0,0,0,4.25,5.75,7.75,False
37016065,6.6,7.5,3.8,0,0,0,5.25,8.0,7.5,False
37016066,4.2,6.5,0,0,0,0,7.0,7.25,0,False
37016067,6.6,6.0,0,0,0,0,4.75,6.5,0,False
37016068,3.2,5.5,3.8,0,0,0,4.25,6.5,6.25,False
37016069,5.4,6.75,3.6,0,0,0,6.25,7.5,8.25,False
37016070,5.8,5.0,3.0,0,0,0,5.5,6.25,7.25,False
37016071,4.2,6.0,3.8,0,0,0,5.25,6.25,8.0,False
37016072,5.2,4.0,0,0,0,0,6.75,7.5,0,False
37016073,6.0,7.25,5.0,0,0,0,6.5,7.25,9.0,False
37016074,3.2,5.0,0,0,0,0,5.0,5.75,0,False
37016075,3.0,6.0,0,0,0,0,5.75,6.25,0,False
37016076,7.0,7.5,5.4,0,0,0,7.25,7.25,8.25,False
37016077,3.0,5.25,4.4,0,0,0,4.25,5.0,6.5,False
37016078,4.4,7.25,5.0,0,0,0,8.5,7.75,8.25,False
37016079,6.8,7.25,4.8,0,0,0,6.5,7.0,8.0,False
37016080,8.6,8.25,6.4,0,0,0,9.5,9.75,9.25,False
37016081,3.8,5.0,4.6,0,0,0,6.5,5.0,7.25,False
37016082,3.2,5.0,0,0,0,0,7.0,4.75,0,False
37016083,5.4,3.5,5.4,0,0,0,7.5,7.75,8.0,False
37016084,4.8,6.25,0,0,0,0,6.5,5.0,0,False
37016085,5.6,5.25,4.2,0,0,0,5.25,6.75,8.5,False
37016086,6.8,6.25,4.8,0,0,0,7.25,8.5,8.25,False
37016087,4.2,4.5,4.6,0,0,0,5.0,5.25,6.75,False
37016088,5.6,4.5,2.4,0,0,0,5.75,9.0,9.0,False
37016089,6.8,7.25,4.0,0,0,0,7.75,8.0,9.25,False
37016090,5.4,5.25,5.4,0,0,0,5.5,5.75,7.5,False
37016091,6.6,5.75,4.6,0,0,0,5.75,7.75,8.5,False
37016092,6.8,5.5,5.0,0,0,0,5.25,7.25,8.0,False
37016093,7.8,7.25,4.4,0,0,0,7.75,8.0,9.5,False
37016094,5.8,5.25,6.0,0,0,0,8.5,7.5,8.75,False
37016095,6.6,7.5,5.2,0,0,0,5.25,8.0,7.5,False
37016096,5.4,5.75,5.4,0,0,0,7.75,7.0,7.75,False
37016097,5.6,7.5,5.2,0,0,0,5.75,8.5,8.25,False
37016098,5.8,6.25,4.2,0,0,0,4.75,6.75,7.0,False
37016099,5.6,6.25,4.6,0,0,0,6.5,7.25,8.0,False
37016100,5.2,7.5,3.2,0,0,0,6.0,6.75,8.0,False
37016101,6.2,5.0,3.2,0,0,0,6.5,7.25,8.0,False
37016102,5.6,7.25,4.0,0,0,0,4.5,6.5,5.5,False
37016103,8.0,6.5,4.2,0,0,0,6.5,8.75,9.25,False
37016104,6.2,7.75,4.6,0,0,0,7.75,7.5,9.0,False
37016105,6.4,6.75,5.6,0,0,0,7.0,7.75,9.0,False
37016106,5.6,6.25,3.6,0,0,0,7.0,8.0,8.0,False
37016107,6.8,6.75,3.8,0,0,0,8.75,8.5,9.25,False
37016108,6.6,6.25,5.2,0,0,0,6.0,8.25,7.25,False
37016109,4.4,6.5,4.8,0,0,0,5.25,5.5,7.0,False
37016110,6.4,6.75,4.4,0,0,0,5.5,6.75,7.75,False
37016111,6.2,5.0,5.8,0,0,0,5.0,6.75,8.0,False
37016112,5.6,5.75,5.2,0,0,0,6.25,5.25,7.5,False
37016113,3.0,3.0,6.2,0,0,0,4.0,4.75,4.25,False
37016114,6.8,4.0,5.6,0,0,0,6.25,6.75,9.0,False
37016115,6.4,5.0,4.4,0,0,0,7.75,7.25,7.0,False
37016116,3.4,6.5,4.8,0,0,0,6.75,6.75,9.0,False
37016117,7.6,5.5,7.2,0,0,0,8.5,8.5,9.5,False
37016118,7.6,4.75,6.0,0,0,0,6.5,7.5,8.25,False
37016119,5.2,5.5,0,0,0,0,6.75,7.5,0,False
37016120,6.8,6.5,6.0,0,0,0,7.25,8.75,9.0,False
37016121,5.0,5.0,5.8,0,0,0,4.5,6.0,4.5,False
37016122,6.4,6.75,6.4,0,0,0,7.25,8.75,9.0,False
37016123,4.4,5.5,0,0,0,0,3.5,6.25,0,False
37016124,4.4,5.0,6.4,0,0,0,4.25,5.25,5.75,False
37016125,4.6,6.5,0,0,0,0,5.0,7.5,0,False
37016126,3.6,4.25,0,0,0,0,6.0,6.75,0,False
37016127,6.8,7.25,6.0,0,0,0,6.0,7.0,8.75,False
37016128,5.4,6.25,0,0,0,0,6.0,6.75,0,False
37016129,5.0,5.75,5.0,0,0,0,4.25,7.0,6.5,False
37016130,5.6,6.25,4.0,0,0,0,5.0,7.25,8.5,False
37016131,7.8,7.25,5.4,0,0,0,5.25,5.5,7.75,False
37016132,6.2,7.0,4.6,0,0,0,6.0,7.0,8.25,False
37016133,4.8,6.0,0,0,0,0,4.75,5.75,0,False
37016134,3.0,3.75,0,0,0,0,3.75,4.75,0,False
37016135,5.6,4.0,7.4,0,0,0,5.75,6.25,8.0,False
37016136,6.4,6.5,6.0,0,0,0,5.75,6.0,8.5,False
37016137,5.4,4.5,5.6,0,0,0,4.5,4.5,6.75,False
37016138,7.0,6.25,5.4,0,0,0,6.5,7.0,8.5,False
37016139,6.0,5.5,5.4,0,0,0,6.5,6.75,8.0,False
37016140,4.2,6.0,0,0,0,0,4.25,6.25,0,False
37016141,6.4,6.0,5.8,0,0,0,6.75,6.5,8.5,False
37016142,5.8,5.5,3.8,0,0,0,4.25,6.25,7.25,False
37016143,6.8,5.25,5.4,0,0,0,6.25,7.5,9.75,False
37016144,7.0,6.25,4.8,0,0,0,7.0,7.75,8.25,False
37016145,6.0,4.0,4.0,0,0,0,3.25,6.0,6.5,False
37016146,4.8,7.0,4.4,0,0,0,6.75,4.75,7.75,False
37016147,5.6,5.0,3.6,0,0,0,5.5,7.5,8.0,False
37016148,4.6,4.25,4.2,0,0,0,6.75,7.0,8.0,False
37016149,4.0,5.75,3.8,0,0,0,5.0,6.0,7.25,False
37016150,4.6,4.75,0,0,0,0,5.75,7.25,0,False
37016151,8.2,6.5,4.2,0,0,0,6.25,8.25,8.0,False
37016152,5.8,7.25,4.8,0,0,0,6.25,8.0,8.0,False
37016153,5.8,7.25,4.4,0,0,0,7.0,8.0,8.75,False
37016154,6.0,6.25,4.4,0,0,0,8.25,7.5,7.5,False
37016155,5.4,4.5,4.2,0,0,0,6.5,8.0,8.75,False
37016156,5.2,5.75,3.8,0,0,0,7.5,7.75,7.25,False
37016157,4.8,5.25,0,0,0,0,7.0,5.5,0,False
37016158,6.0,6.75,3.6,0,0,0,5.0,7.25,7.5,False
37016159,4.4,5.25,3.0,0,0,0,5.5,6.0,6.75,False
37016160,5.0,5.0,4.0,0,0,0,5.5,6.5,8.0,False
37016161,5.6,4.25,4.6,0,0,0,5.75,8.75,7.75,False
37016162,6.4,5.75,5.6,0,0,0,6.0,8.0,8.5,False
37016163,5.4,7.25,5.0,0,0,0,5.75,5.75,6.5,False
37016164,6.0,4.0,4.0,0,0,0,6.25,7.0,7.25,False
37016165,7.0,6.25,4.8,0,0,0,4.75,7.0,6.75,False
37016166,4.6,5.75,4.6,0,0,0,6.25,6.75,7.0,False
37016167,6.8,6.5,4.0,0,0,0,6.25,5.5,7.75,False
37016168,5.4,7.5,5.6,0,0,0,4.75,6.25,6.5,False
37016169,5.8,5.0,5.8,0,0,0,5.75,7.5,5.75,False
37016170,5.4,8.0,6.4,0,0,0,6.5,7.75,9.0,False
37016171,4.0,5.25,5.4,0,0,0,4.5,5.25,7.0,False
37016172,3.8,4.25,5.2,0,0,0,6.75,7.75,9.25,False
37016173,6.0,7.25,5.6,0,0,0,6.75,7.5,8.75,False
37016174,6.6,4.75,7.2,0,0,0,5.25,6.75,7.25,False
37016175,6.6,6.75,7.6,0,0,0,5.0,6.5,7.75,False
37016176,6.6,6.0,7.4,0,0,0,5.75,7.0,7.5,False
37016177,7.2,6.5,6.6,0,0,0,7.75,8.0,8.75,False
37016178,6.2,6.25,6.4,0,0,0,5.75,7.0,9.25,False
37016179,6.4,7.0,5.6,0,0,0,6.75,7.25,7.25,False
37016180,4.8,5.5,0,0,0,0,6.25,5.75,0,False
37016181,7.6,7.0,5.8,0,0,0,6.75,8.25,8.75,False
37016182,7.0,8.0,4.2,0,0,0,6.0,7.25,8.75,False
37016183,6.8,5.0,5.0,0,0,0,7.5,7.5,8.5,False
37016184,5.6,6.75,6.0,0,0,0,6.5,7.5,7.5,False
37016185,5.4,7.0,5.4,0,0,0,6.5,8.0,8.75,False
37016186,4.6,6.75,5.0,0,0,0,8.0,7.5,8.0,False
37016187,5.4,4.5,5.2,0,0,0,5.25,6.0,7.5,False
37016188,5.4,7.0,5.8,0,0,0,5.75,6.75,8.5,False
37016189,5.0,6.75,5.2,0,0,0,6.5,7.25,8.25,False
37016190,6.0,6.25,5.0,0,0,0,5.5,7.5,6.75,False
37016191,6.0,7.0,5.8,0,0,0,4.75,5.25,7.75,False
37016192,2.6,6.25,0,0,0,0,3.75,5.75,0,False
37016193,4.0,7.0,0,0,0,0,6.25,5.75,0,False
37016194,3.0,5.5,0,0,0,0,4.0,4.5,0,False
37016195,4.6,7.0,5.0,0,0,0,7.0,7.0,8.75,False
37016196,6.2,5.0,4.8,0,0,0,3.25,5.75,7.0,False
37016197,6.6,5.75,4.2,0,0,0,6.5,8.25,8.75,False
37016198,7.0,6.75,5.6,0,0,0,7.5,8.0,8.0,False
37016199,7.4,6.0,5.6,0,0,0,6.0,7.5,7.75,False
37016200,4.8,4.75,0,0,0,0,6.5,6.75,0,False
37016201,4.2,4.5,4.8,0,0,0,6.25,5.0,6.5,False
37016202,2.4,3.75,0,0,0,0,6.0,4.75,0,False
37016203,5.2,6.0,5.2,0,0,0,6.25,6.75,8.0,False
37016204,6.2,6.5,4.4,0,0,0,6.25,6.0,9.0,False
37016205,7.2,6.5,5.2,0,0,0,4.25,6.75,8.75,False
37016206,6.4,6.75,4.6,0,0,0,5.5,8.0,8.25,False
37016207,5.4,6.5,5.8,0,0,0,6.5,8.25,8.0,False
37016208,5.6,6.0,4.6,0,0,0,7.25,7.75,7.75,False
37016209,6.6,7.5,5.2,0,0,0,8.25,7.75,9.0,False
37016210,5.8,6.75,5.6,0,0,0,7.0,7.75,8.0,False
37016211,6.0,8.0,6.0,0,0,0,5.75,7.5,8.75,False
37016212,5.0,6.5,6.0,0,0,0,6.0,6.0,8.25,False
37016213,3.0,4.25,4.4,0,0,0,5.0,7.25,8.5,False
37016214,6.2,6.5,3.2,0,0,0,6.0,7.75,8.75,False
37016215,7.2,6.5,5.0,0,0,0,6.5,7.0,8.0,False
37016216,7.0,7.25,6.0,0,0,0,8.0,9.0,9.25,False
37016217,3.4,5.0,4.0,0,0,0,6.5,4.75,7.25,False
37016218,6.0,7.25,4.0,0,0,0,4.75,5.5,9.0,False
37016219,5.6,7.0,6.4,0,0,0,6.0,8.25,9.0,False
37016220,4.6,3.75,0,0,0,0,4.75,6.0,0,False
37016221,3.2,6.0,4.0,0,0,0,5.5,5.75,7.5,False
37016222,4.0,7.0,4.2,0,0,0,3.5,5.75,6.75,False
37016223,3.8,6.0,0,0,0,0,4.5,5.75,0,False
37016224,4.6,6.25,0,0,0,0,5.25,6.75,0,False
37016225,6.8,5.0,4.0,0,0,0,7.0,8.25,8.75,False
37016226,6.4,7.25,5.0,0,0,0,7.0,9.5,8.75,False
37016227,6.4,6.5,5.6,0,0,0,8.25,8.5,9.25,False
37016228,5.8,4.75,3.2,0,0,0,6.75,7.25,7.25,False
37016229,7.0,5.75,6.8,0,0,0,8.5,8.75,8.75,False
37016230,6.6,6.75,5.8,0,0,0,7.0,8.5,8.5,False
37016231,6.2,5.25,3.0,0,0,0,6.5,6.5,7.75,False
37016232,4.8,5.75,0,0,0,0,5.25,5.75,0,False
37016233,6.4,5.5,4.4,0,0,0,6.0,6.75,6.75,False
37016234,2.8,5.5,0,0,0,0,5.5,6.5,0,False
37016235,4.4,4.5,0,0,0,0,4.5,4.5,0,False
37016236,4.0,5.0,3.2,0,0,0,4.75,5.5,5.5,False
37016237,6.8,6.75,3.8,0,0,0,6.75,8.75,9.5,False
37016238,5.8,6.75,3.6,0,0,0,5.5,7.0,8.25,False
37016239,4.8,6.75,5.0,0,0,0,5.0,6.0,7.75,False
37016240,6.0,7.25,6.2,0,0,0,7.0,7.25,9.25,False
37016241,5.2,5.75,4.6,0,0,0,5.25,5.75,6.0,False
37016242,4.6,6.25,3.0,0,0,0,3.75,4.5,6.0,False
37016243,5.8,6.75,3.2,0,0,0,6.0,6.75,6.5,False
37016244,5.8,6.0,2.8,0,0,0,4.0,4.5,7.75,False
37016245,5.4,7.75,3.6,0,0,0,7.75,7.5,8.25,False
37016246,6.6,7.0,4.2,0,0,0,6.5,5.75,7.75,False
37016247,5.2,6.5,4.4,0,0,0,4.75,5.75,7.75,False
37016248,3.2,5.5,0,0,0,0,5.0,5.5,0,False
37016249,5.6,6.5,0,0,0,0,7.0,7.75,0,False
37016250,3.0,5.0,4.0,0,0,0,4.5,4.75,6.75,False
37016251,5.0,5.5,3.4,0,0,0,5.0,7.25,7.0,False
37016252,6.2,4.25,5.4,0,0,0,4.5,8.0,7.5,False
37016253,5.6,5.75,3.8,0,0,0,5.25,6.5,7.5,False
37016254,6.4,5.75,5.0,0,0,0,6.5,6.5,7.0,False
37016255,7.2,6.5,4.6,0,0,0,6.0,8.0,8.25,False
37016256,6.6,5.0,4.4,0,0,0,6.25,6.5,8.0,False
37016257,5.6,6.75,3.4,0,0,0,7.25,8.75,9.25,False
37016258,7.0,6.25,5.8,0,0,0,7.0,8.25,8.25,False
37016259,6.6,4.75,0,0,0,0,5.75,5.75,0,False
37016260,4.4,5.5,4.0,0,0,0,5.75,7.75,7.0,False
37016261,7.4,6.25,5.2,0,0,0,7.0,8.0,8.75,False
37016262,7.6,7.0,5.2,0,0,0,6.25,8.5,7.5,False
37016263,5.2,7.0,5.4,0,0,0,5.25,5.75,8.0,False
37016264,6.6,6.0,0,0,0,0,5.5,5.0,0,False
37016265,8.0,7.0,5.0,0,0,0,7.0,8.0,7.75,False
37016266,5.6,6.5,4.6,0,0,0,5.0,7.0,7.5,False
37016267,3.0,5.75,1.8,0,0,0,5.5,4.5,7.0,False
37016268,5.8,7.5,4.0,0,0,0,8.25,9.5,8.5,False
37016269,5.8,6.0,6.4,0,0,0,6.0,8.5,7.25,False
37016270,6.0,8.0,5.4,0,0,0,5.75,7.75,7.25,False
37016271,5.6,5.5,6.4,0,0,0,5.0,8.0,6.75,False
37016272,5.2,6.25,4.8,0,0,0,6.0,6.0,6.25,False
37016273,5.2,5.5,0,0,0,0,6.5,5.5,0,False
37016274,6.0,5.0,4.2,0,0,0,5.5,7.5,7.0,False
37016275,6.0,6.5,4.6,0,0,0,8.0,6.75,9.0,False
37016276,2.6,5.5,0,0,0,0,6.25,6.5,0,False
37016277,6.4,6.5,4.4,0,0,0,6.5,7.5,8.0,False
37016278,5.8,4.5,5.4,0,0,0,7.25,6.5,7.5,False
37016279,4.8,7.25,5.0,0,0,0,7.75,6.75,7.25,False
37016280,4.0,6.75,5.2,3.75,4.5,3.0,0,0,0,True
37016281,4.6,5.25,4.6,0,0,0,6.5,6.75,7.0,False
37016282,4.8,5.75,0,0,0,0,6.75,6.5,0,False
37016283,2.6,4.0,0,0,0,0,7.5,5.25,0,False
37016284,7.2,6.25,4.8,0,0,0,3.0,6.0,7.75,False
37016285,5.4,6.0,4.8,0,0,0,4.75,5.5,8.0,False
37016286,4.6,5.75,4.6,0,0,0,4.5,6.25,7.0,False
37016287,6.2,7.0,4.0,0,0,0,5.0,7.5,6.5,False
37016288,5.8,4.75,3.2,0,0,0,6.0,6.75,7.75,False
37016289,3.8,4.25,3.0,0,0,0,4.25,4.5,5.0,False
37016290,3.8,6.5,3.0,0,0,0,3.25,6.5,6.5,False
37016291,6.6,6.75,5.0,0,0,0,6.0,6.5,8.0,False
37016292,5.2,5.5,0,0,0,0,5.0,6.0,0,False
37016293,6.2,5.0,4.4,0,0,0,6.5,7.25,8.25,False
37016294,5.0,6.0,3.4,0,0,0,7.25,5.75,9.25,False
37016295,4.6,6.0,0,0,0,0,5.75,6.75,0,False
37016296,4.8,6.75,4.0,0,0,0,6.5,6.25,6.25,False
37016297,5.6,3.0,3.4,0,0,0,7.75,7.0,8.25,False
37016298,6.4,6.5,3.4,0,0,0,7.5,8.25,8.5,False
37016299,6.8,6.25,3.8,0,0,0,6.0,7.75,8.75,False
37016300,7.4,5.0,4.2,0,0,0,7.0,7.0,7.5,False
37016301,7.0,5.75,6.2,0,0,0,7.0,8.5,8.5,False
37016302,3.2,5.5,0,0,0,0,4.75,5.0,0,False
37016303,7.2,5.75,5.4,0,0,0,7.0,8.25,8.75,False
37016304,6.6,5.5,5.4,0,0,0,5.75,6.25,7.5,False
37016305,3.4,3.25,2.6,0,0,0,5.25,3.75,7.0,False
37016306,5.4,4.5,4.6,0,0,0,5.5,6.0,8.25,False
37016307,3.6,4.5,2.8,0,0,0,6.75,7.0,7.5,False
37016308,4.6,4.75,4.2,0,0,0,6.25,6.75,7.25,False
37016309,6.0,5.75,4.8,0,0,0,5.5,6.5,8.0,False
37016310,6.6,7.25,3.2,0,0,0,7.0,7.5,9.0,False
37016311,5.2,5.5,3.8,0,0,0,4.75,4.5,6.5,False
37016312,3.4,5.0,3.2,0,0,0,6.75,5.75,7.25,False
37016313,5.4,5.25,0,0,0,0,6.5,7.0,0,False
37016314,4.8,6.0,0,0,0,0,5.0,6.25,0,False
37016315,3.8,5.25,4.2,0,0,0,6.0,6.0,6.25,False
37016316,7.4,6.0,3.8,0,0,0,6.0,7.0,7.75,False
37016317,5.4,5.0,3.6,0,0,0,5.25,4.5,6.25,False
37016318,6.4,6.75,3.6,0,0,0,7.25,7.5,8.0,False
37016319,7.2,7.75,6.2,0,0,0,5.25,6.75,8.0,False
37016320,7.6,5.75,3.6,0,0,0,6.0,6.25,7.5,False
37016321,3.4,5.75,3.8,0,0,0,6.0,5.75,7.75,False
37016322,4.4,4.25,0,0,0,0,5.0,7.0,0,False
37016323,4.8,6.75,4.4,0,0,0,7.0,8.0,9.75,False
37016324,6.4,5.5,4.0,0,0,0,6.5,8.0,6.5,False
37016325,6.6,7.0,5.8,0,0,0,4.0,6.75,7.5,False
37016326,4.8,5.0,4.4,0,0,0,6.0,8.0,7.0,False
37016327,4.2,6.75,0,0,0,0,6.25,6.75,0,False
37016328,3.4,4.75,2.8,0,0,0,4.25,5.25,5.75,False
37016329,4.8,4.0,3.0,0,0,0,5.25,4.75,6.0,False
37016330,7.0,7.0,3.6,0,0,0,7.75,8.5,8.75,False
37016331,6.0,6.5,4.0,0,0,0,6.5,6.75,9.0,False
37016332,3.4,2.25,0,0,0,0,3.75,5.5,0,False
37016333,3.6,6.25,0,0,0,0,6.0,6.75,0,False
37016334,3.2,6.25,0,0,0,0,8.0,5.0,0,False
37016335,4.2,6.5,0,0,0,0,8.25,7.0,0,False
37016336,6.6,5.25,4.4,0,0,0,4.0,6.75,6.25,False
37016337,4.6,5.75,0,0,0,0,4.25,3.75,0,False
37016338,5.2,6.5,3.8,0,0,0,5.25,7.5,7.0,False
37016339,4.4,6.0,3.0,0,0,0,5.25,7.0,7.75,False
37016340,5.4,7.0,3.6,0,0,0,5.25,7.25,7.75,False
37016341,6.4,7.0,5.6,0,0,0,5.75,7.25,8.75,False
37016342,6.6,7.0,4.8,0,0,0,4.5,7.0,8.0,False
37016343,6.0,4.75,4.6,0,0,0,6.75,6.5,7.5,False
37016344,6.0,8.0,4.0,0,0,0,7.75,8.0,8.75,False
37016345,4.8,2.75,4.0,0,0,0,3.75,6.25,7.0,False
37016346,4.2,6.0,3.4,0,0,0,4.75,6.75,7.5,False
37016347,5.6,5.0,4.6,0,0,0,5.75,6.0,7.5,False
37016348,5.2,7.0,0,0,0,0,6.0,7.25,0,False
37016349,4.6,6.5,4.0,0,0,0,5.25,7.25,6.5,False
37016350,4.4,5.5,0,0,0,0,5.25,5.75,0,False
37016351,5.6,4.75,0,0,0,0,5.5,6.0,0,False
37016352,4.6,4.75,3.2,0,0,0,3.5,6.75,6.5,False
37016353,5.2,6.5,3.4,0,0,0,4.25,6.75,7.25,False
37016354,6.4,5.0,4.4,0,0,0,6.0,7.5,8.0,False
37016355,6.2,6.0,3.6,0,0,0,5.0,7.25,6.5,False
37016356,5.8,6.75,0,0,0,0,6.25,7.25,0,False
37016357,5.4,6.5,3.4,0,0,0,4.25,8.0,7.25,False
37016358,4.0,3.0,0,0,0,0,4.5,5.0,0,False
37016359,3.6,2.25,0,0,0,0,2.25,4.25,0,False
37016360,7.6,7.75,6.8,0,0,0,7.25,7.5,8.75,False
37016361,6.4,6.75,5.4,0,0,0,6.5,6.75,6.5,False
37016362,6.4,7.0,4.6,0,0,0,5.75,6.5,6.0,False
37016363,6.4,6.0,5.4,0,0,0,6.5,7.5,9.25,False
37016364,6.2,5.75,4.8,0,0,0,4.5,6.25,8.0,False
37016365,5.0,5.0,4.2,0,0,0,4.75,6.0,7.25,False
37016366,5.4,6.25,4.8,0,0,0,6.0,6.75,8.0,False
37016367,5.6,6.75,5.2,0,0,0,5.75,6.5,7.25,False
37016368,5.8,7.0,4.8,0,0,0,7.25,7.75,9.0,False
37016369,4.8,7.5,5.4,0,0,0,5.75,5.75,8.0,False
37016370,6.6,7.25,0,0,0,0,8.75,9.0,0,False
37016371,5.6,6.5,4.2,0,0,0,5.5,7.25,6.25,False
37016372,4.8,5.5,0,0,0,0,7.25,5.75,0,False
37016373,3.2,6.0,5.2,0,0,0,6.25,5.75,5.75,False
37016374,5.0,7.0,0,0,0,0,5.25,8.0,0,False
37016375,6.2,7.25,5.4,0,0,0,5.5,6.75,8.5,False
37016376,5.0,8.0,4.6,0,0,0,5.5,5.25,8.0,False
37016377,6.0,8.5,5.6,0,0,0,6.0,7.75,7.75,False
37016378,7.8,6.75,5.0,7.25,3.5,4.25,0,0,0,True
37016379,5.6,3.0,0,0,0,0,7.25,8.0,0,False
37016380,4.4,6.5,3.0,0,0,0,5.5,7.5,8.0,False
37016381,6.6,7.5,4.6,0,0,0,6.0,6.75,7.75,False
37016382,7.2,6.25,4.4,0,0,0,7.25,6.75,8.75,False
37016383,7.4,6.75,4.8,0,0,0,6.0,8.5,9.5,False
37016384,6.0,5.5,4.8,0,0,0,4.5,6.75,7.5,False
37016385,6.8,5.75,3.4,0,0,0,4.5,6.0,7.25,False
37016386,6.2,4.0,0,0,0,0,5.5,6.75,0,False
37016387,6.0,6.75,3.2,0,0,0,6.5,8.0,8.25,False
37016388,3.6,5.75,4.2,0,0,0,5.25,7.0,7.0,False
37016389,8.0,5.25,4.0,7.75,6.75,6.5,0,0,0,True
37016390,6.2,6.25,5.6,0,0,0,7.5,8.25,9.0,False
37016391,2.8,4.5,0,0,0,0,3.75,5.5,0,False
37016392,3.8,7.0,5.4,0,0,0,7.0,7.5,8.5,False
37016393,2.8,7.0,0,0,0,0,5.25,5.0,0,False
37016394,6.6,6.75,5.2,0,0,0,5.25,6.5,8.0,False
37016395,7.8,7.0,6.4,0,0,0,5.5,7.75,8.75,False
37016396,7.2,5.25,5.4,0,0,0,5.5,6.5,6.5,False
37016397,4.6,7.25,5.2,0,0,0,5.75,7.25,7.0,False
37016398,6.6,7.5,5.2,0,0,0,7.0,7.25,9.25,False
37016399,3.4,3.75,0,0,0,0,2.75,6.5,0,False
37016400,6.2,7.5,3.8,0,0,0,5.5,7.75,8.5,False
37016401,5.8,7.5,3.8,0,0,0,5.5,7.5,8.0,False
37016402,3.6,6.25,0,0,0,0,6.5,6.0,0,False
37016403,2.4,4.0,0,0,0,0,5.0,5.0,0,False
37016404,5.2,6.5,4.0,0,0,0,6.5,7.0,6.75,False
37016405,5.2,4.25,3.4,0,0,0,5.5,6.75,7.75,False
37016406,4.6,6.0,3.6,0,0,0,3.75,6.5,7.25,False
37016407,5.8,6.0,4.0,0,0,0,5.75,6.5,7.0,False
37016408,6.4,7.25,2.6,0,0,0,6.0,6.5,7.5,False
37016409,5.2,7.25,4.4,0,0,0,6.5,7.75,6.75,False
37016410,5.8,5.0,4.8,0,0,0,3.75,5.5,5.5,False
37016411,5.4,6.5,5.2,0,0,0,5.5,7.0,8.5,False
37016412,6.4,5.75,5.2,0,0,0,6.0,7.5,8.0,False
37016413,5.2,5.5,0,0,0,0,6.75,7.75,0,False
37016414,6.0,7.0,6.2,0,0,0,5.5,7.5,9.0,False
37016415,7.0,6.5,4.8,0,0,0,6.25,8.5,9.0,False
37016416,5.4,5.25,3.2,0,0,0,5.0,6.25,7.5,False
37016417,4.6,5.0,2.8,0,0,0,4.75,5.5,6.5,False
37016418,4.6,5.25,3.2,0,0,0,4.75,5.5,6.75,False
37016419,6.6,5.25,4.8,0,0,0,6.25,7.5,8.25,False
37016420,6.6,5.25,4.4,0,0,0,5.5,7.5,7.25,False
37016421,6.0,5.25,0,0,0,0,6.25,6.75,0,False
37016422,5.4,5.5,2.2,0,0,0,8.0,7.0,8.5,False
37016423,4.8,6.75,2.6,0,0,0,5.25,6.25,7.5,False
37016424,4.6,5.25,3.2,0,0,0,3.75,5.75,5.5,False
37016425,4.6,5.25,5.2,0,0,0,7.75,8.25,8.5,False
37016426,3.2,5.0,0,0,0,0,5.5,7.75,0,False
37016427,5.0,6.75,4.2,0,0,0,5.0,6.0,8.25,False
37016428,5.8,7.0,4.2,0,0,0,7.25,8.25,9.25,False
37016429,3.6,5.75,0,0,0,0,5.75,5.75,0,False
37016430,5.8,6.0,3.6,0,0,0,5.75,6.5,7.5,False
37016431,4.4,2.25,0,0,0,0,4.75,4.25,0,False
37016432,5.0,5.25,0,0,0,0,6.0,6.25,0,False
37016433,5.0,6.0,5.2,0,0,0,5.25,7.75,8.0,False
37016434,5.0,6.25,5.4,0,0,0,5.5,6.5,8.75,False
37016435,6.8,6.75,5.2,0,0,0,5.0,6.75,8.75,False
37016436,4.6,3.25,0,0,0,0,3.75,6.0,0,False
37016437,7.8,6.25,6.0,0,0,0,6.0,8.25,9.25,False
37016438,6.2,6.25,4.6,0,0,0,3.0,6.5,7.0,False
37016439,6.4,7.5,4.8,0,0,0,7.5,8.0,8.25,False
37016440,6.0,6.75,4.2,0,0,0,6.25,7.5,8.25,False
37016441,5.0,7.25,4.4,0,0,0,6.0,6.5,7.75,False
37016442,3.2,5.75,4.0,0,0,0,4.0,5.5,7.75,False
37016443,3.6,5.5,0,0,0,0,6.0,6.0,0,False
37016444,3.6,5.0,0,0,0,0,7.5,6.75,0,False
37016445,3.8,6.25,4.2,0,0,0,4.0,6.75,7.25,False
37016446,6.6,7.0,4.6,0,0,0,7.75,8.0,9.25,False
37016447,6.0,6.5,0,0,0,0,6.0,6.75,0,False
37016448,4.2,6.25,0,0,0,0,6.25,6.75,0,False
37016449,8.4,7.75,6.4,6.0,5.75,7.0,0,0,0,True
37016450,8.2,8.0,7.4,6.25,8.75,8.5,0,0,0,True
37016451,9.2,8.5,8.8,9.5,9.75,8.75,0,0,0,True
37016452,7.4,8.0,7.0,0,0,0,7.25,8.0,8.75,False
37016453,5.6,5.75,5.2,3.0,4.0,4.75,0,0,0,True
37016454,7.8,7.0,8.4,7.25,5.0,5.5,0,0,0,True
37016455,7.2,6.75,5.4,4.0,7.75,5.0,0,0,0,True
37016456,7.4,8.0,7.8,0,0,0,7.5,7.75,9.0,False
37016457,8.0,6.25,5.2,6.75,6.75,5.75,0,0,0,True
37016458,7.0,8.0,5.0,5.0,3.5,4.75,0,0,0,True
37016459,8.2,7.5,9.0,7.5,4.75,7.0,0,0,0,True
37016460,3.0,7.75,0,0,0,0,4.25,7.5,0,False
37016461,8.8,5.5,6.8,6.75,3.0,6.0,0,0,0,True
37016462,8.8,8.0,7.6,9.0,8.5,8.5,0,0,0,True
37016463,4.0,6.75,0,0,0,0,4.5,5.25,0,False
37016464,8.0,7.25,5.6,7.25,4.0,6.0,0,0,0,True
37016465,6.6,5.75,6.4,0,0,0,7.25,7.5,7.25,False
37016466,8.0,9.0,7.8,0,0,0,7.0,7.5,8.5,False
37016467,7.2,7.75,8.2,0,0,0,8.0,8.75,9.25,False
37016468,7.4,8.75,7.2,0,0,0,7.5,8.25,9.0,False
37016469,7.8,5.75,5.0,8.0,6.75,6.5,0,0,0,True
37016470,2.8,6.5,0,0,0,0,7.25,7.25,0,False
37016471,7.4,8.0,4.8,0,0,0,4.5,7.0,7.5,False
37016472,7.0,5.25,0,0,0,0,7.0,7.0,0,False
37016473,3.8,6.0,0,0,0,0,6.75,6.25,0,False
37016474,4.8,4.0,0,0,0,0,6.75,7.5,0,False
37016475,7.2,8.0,7.2,0,0,0,7.5,7.5,8.25,False
37016476,6.4,8.0,7.2,7.25,4.5,6.5,0,0,0,True
37016477,8.0,9.0,7.4,0,0,0,6.5,8.0,8.5,False
37016478,6.4,7.75,5.6,0,0,0,6.0,8.0,7.0,False
37016479,7.6,8.0,8.8,0,0,0,7.25,6.75,8.25,False
37016480,8.2,6.0,7.2,2.75,7.75,7.75,0,0,0,True
37016481,6.8,7.5,6.4,5.0,7.0,7.5,0,0,0,True
37016482,7.2,8.25,7.8,0,0,0,7.0,8.75,8.0,False
37016483,6.8,8.0,5.8,0,0,0,6.5,8.0,7.5,False
37016484,3.2,4.25,0,0,0,0,3.75,5.75,0,False
37016485,7.4,7.0,7.4,4.0,4.25,5.0,0,0,0,True
37016486,3.2,4.25,0,0,0,0,4.5,6.5,0,False
37016487,4.2,5.5,0,0,0,0,7.5,6.5,0,False
37016488,6.8,5.5,3.8,6.75,6.5,5.25,0,0,0,True
37016489,7.6,6.5,5.6,7.5,8.0,6.0,0,0,0,True
37016490,6.4,8.0,5.6,0,0,0,5.75,7.0,8.0,False
37016491,6.6,6.25,0,0,0,0,6.0,8.25,0,False
37016492,5.4,7.0,0,0,0,0,6.5,6.75,0,False
37016493,7.2,7.5,5.8,0,0,0,7.25,6.0,8.25,False
37016494,4.0,5.5,0,0,0,0,7.25,8.0,0,False
37016495,7.4,7.0,7.0,6.0,5.0,6.0,0,0,0,True
37016496,7.0,7.5,5.0,0,0,0,6.75,7.25,8.5,False
37016497,7.2,7.75,6.2,0,0,0,8.25,8.75,8.75,False
37016498,6.0,8.0,6.4,0,0,0,9.0,8.5,8.0,False
37016499,7.4,7.5,6.2,0,0,0,7.0,8.0,7.25,False
37016500,7.8,8.0,6.6,0,0,0,7.75,7.5,9.25,False
37016501,8.0,7.5,7.6,7.75,5.75,8.0,0,0,0,True
37016502,4.8,5.25,0,0,0,0,4.0,5.75,0,False
37016503,3.8,6.5,0,0,0,0,7.0,7.75,0,False
37016504,3.0,5.0,0,0,0,0,4.5,5.75,0,False
37016505,8.0,6.25,7.2,8.25,4.25,6.5,0,0,0,True
37016506,5.8,8.75,7.8,0,0,0,7.0,7.75,9.0,False
37016507,8.6,8.0,8.2,4.5,5.0,7.25,0,0,0,True
37016508,7.6,8.0,7.4,0,0,0,8.0,7.5,8.5,False
37016509,3.6,7.0,0,0,0,0,4.0,6.0,0,False
37016510,7.6,7.5,6.6,0,0,0,6.75,7.25,7.75,False
37016511,8.0,8.0,7.4,0,0,0,7.75,6.5,8.0,False
37016512,8.0,8.5,6.4,0,0,0,6.75,6.25,8.5,False
37016513,4.2,7.5,0,0,0,0,5.75,7.5,0,False
37016514,6.8,8.0,6.2,6.25,5.25,6.5,0,0,0,True
37016515,2.2,6.0,0,0,0,0,4.5,4.75,0,False
37016516,4.8,7.25,0,0,0,0,7.25,8.5,0,False
37016517,2.6,2.5,0,0,0,0,5.0,5.5,0,False
37016518,4.4,5.75,0,0,0,0,5.25,6.75,0,False
37016519,8.4,7.25,5.4,6.75,4.0,5.75,0,0,0,True
37016520,7.2,6.0,5.4,6.75,2.75,5.25,0,0,0,True
37016521,7.0,7.0,5.2,7.5,6.5,4.75,0,0,0,True
37016522,7.4,7.0,5.6,7.0,8.25,5.75,0,0,0,True
37016523,5.0,5.25,0,0,0,0,5.75,7.0,0,False
37016524,4.6,8.25,4.8,0,0,0,7.25,8.25,8.0,False
37016525,6.4,6.0,5.0,0,0,0,7.5,8.25,8.0,False
37016526,8.4,8.0,6.2,6.75,7.75,5.75,0,0,0,True
37016527,7.8,7.0,5.8,6.75,7.75,5.0,0,0,0,True
37016528,8.0,7.5,7.8,8.25,5.25,7.0,0,0,0,True
37016529,8.0,5.25,4.8,5.25,5.5,7.5,0,0,0,True
37016530,5.2,7.0,0,0,0,0,7.0,7.75,0,False
37016531,8.2,8.0,8.6,8.5,7.5,8.75,0,0,0,True
37016532,7.0,6.5,0,0,0,0,9.0,8.25,0,False
37016533,3.2,5.5,0,0,0,0,4.75,5.0,0,False
37016534,8.6,8.0,9.0,8.75,8.25,8.0,0,0,0,True
37016535,6.8,7.75,6.8,0,0,0,8.75,8.5,8.75,False
37016536,5.8,5.75,5.8,3.5,3.75,5.75,0,0,0,True
37016537,8.4,8.0,7.4,0,0,0,7.0,7.75,8.25,False
37016538,7.4,9.0,7.2,0,0,0,7.5,7.25,8.5,False
37016539,3.6,5.0,0,0,0,0,4.5,4.25,0,False
37016540,5.2,7.25,5.0,0,0,0,7.75,7.5,8.75,False
37016541,6.8,8.0,6.4,6.0,7.0,6.25,0,0,0,True
37016542,2.0,6.0,0,0,0,0,3.5,5.25,0,False
37016543,8.0,8.25,8.4,0,0,0,7.25,8.0,9.0,False
37016544,8.2,7.75,6.8,9.0,8.25,6.5,0,0,0,True
37016545,8.0,8.25,8.0,4.75,3.5,5.75,0,0,0,True
37016546,8.0,8.0,9.8,6.5,6.5,6.5,0,0,0,True
37016547,8.6,6.5,6.4,5.5,8.75,8.0,0,0,0,True
37016548,7.2,7.5,8.0,0,0,0,7.75,7.75,8.75,False
37016549,8.4,7.25,5.8,7.75,2.75,5.25,0,0,0,True
37016550,6.0,7.25,5.6,0,0,0,6.25,7.5,7.75,False
37016551,5.6,7.25,6.4,0,0,0,8.0,8.75,9.0,False
37016552,5.2,6.0,6.8,0,0,0,6.5,6.5,7.0,False
37016553,6.2,8.0,0,0,0,0,7.5,9.0,0,False
37016554,4.6,5.5,3.4,0,0,0,7.5,6.25,7.25,False
37016555,8.8,7.5,9.4,8.5,9.5,8.5,0,0,0,True
37016556,7.4,8.0,7.2,7.75,4.25,4.0,0,0,0,True
37016557,7.4,8.5,7.4,0,0,0,6.0,7.5,8.5,False
37016558,7.6,8.25,8.2,0,0,0,7.0,7.75,9.0,False
37016559,8.2,8.75,8.2,6.25,5.75,6.0,0,0,0,True
37016560,7.8,7.75,8.2,8.25,7.75,7.25,0,0,0,True
37016561,7.2,7.5,7.6,7.75,7.25,7.25,0,0,0,True
37016562,6.8,8.5,8.0,0,0,0,5.25,7.5,8.5,False
37016563,5.0,6.5,0,0,0,0,5.75,8.25,0,False
37016564,5.2,8.5,8.2,0,0,0,6.25,7.25,8.5,False
37016565,5.8,6.0,6.2,4.25,3.5,4.5,0,0,0,True
37016566,8.4,7.75,7.0,0,0,0,7.0,5.5,7.75,False
37016567,7.6,8.0,7.6,0,0,0,8.5,7.75,9.0,False
37016568,6.0,5.0,0,0,0,0,6.5,7.75,0,False
37016569,8.6,7.75,7.4,0,0,0,7.5,7.5,8.0,False
37016570,4.8,6.25,0,0,0,0,5.75,6.75,0,False
37016571,7.8,8.25,8.4,8.25,5.5,5.5,0,0,0,True
37016572,8.4,8.25,7.8,7.25,5.75,5.5,0,0,0,True
37016573,7.6,8.25,8.2,0,0,0,7.25,6.5,8.75,False
37016574,4.2,6.0,0,0,0,0,7.0,6.75,0,False
37016575,6.8,7.75,6.4,0,0,0,4.75,6.0,6.5,False
37016576,6.2,7.0,6.2,0,0,0,5.5,7.0,8.0,False
37016577,6.0,7.5,5.2,0,0,0,7.5,7.5,8.5,False
37016578,7.2,8.25,7.6,0,0,0,7.25,7.5,8.5,False
37016579,7.8,7.25,6.4,5.0,8.25,7.75,0,0,0,True
37016580,7.6,7.75,6.4,4.5,2.0,4.75,0,0,0,True
37016581,8.0,6.0,7.0,8.25,8.25,6.25,0,0,0,True
37016582,2.0,4.5,0,0,0,0,4.25,4.5,0,False
37016583,7.2,7.0,5.8,3.5,3.75,6.0,0,0,0,True
37016584,3.0,5.0,0,0,0,0,6.0,6.5,0,False
37016585,4.4,5.25,5.6,0,0,0,5.0,6.75,6.25,False
37016586,5.0,7.0,4.6,5.75,5.0,3.75,0,0,0,True
37016587,3.6,5.0,0,0,0,0,5.0,6.5,0,False
37016588,8.8,6.25,5.8,6.75,7.0,5.5,0,0,0,True
37016589,7.0,6.75,7.6,7.5,5.5,5.5,0,0,0,True
37016590,5.8,2.5,0,0,0,0,3.5,6.75,0,False
37016591,6.6,5.75,5.0,0,0,0,7.25,6.5,8.0,False
37016592,7.2,5.0,7.0,7.75,7.25,7.75,0,0,0,True
37016593,7.4,6.75,8.2,0,0,0,8.0,7.25,8.25,False
37016594,7.0,7.0,7.0,7.25,4.5,7.0,0,0,0,True
37016595,5.8,6.75,7.8,0,0,0,9.0,9.5,8.5,False
37016596,8.6,6.5,5.2,8.0,7.25,6.0,0,0,0,True
37016597,7.0,7.5,6.4,0,0,0,7.75,7.5,8.5,False
37016598,8.2,7.0,5.6,7.75,7.25,5.5,0,0,0,True
37016599,4.4,4.5,0,0,0,0,5.25,6.75,0,False
37016600,5.2,6.0,5.0,0,0,0,7.25,7.25,7.75,False
37016601,7.4,6.25,7.4,5.5,5.5,6.0,0,0,0,True
37016602,7.0,6.5,5.8,0,0,0,5.75,7.75,6.75,False
37016603,3.2,5.25,0,0,0,0,6.0,4.5,0,False
37016604,5.4,6.5,0,0,0,0,8.25,7.5,0,False
37016605,3.0,5.25,0,0,0,0,5.0,6.25,0,False
37016606,4.4,5.0,0,0,0,0,5.5,5.5,0,False
37016607,7.2,7.0,4.8,7.0,8.5,5.75,0,0,0,True
37016608,8.4,7.75,4.8,7.75,8.25,5.5,0,0,0,True
37016609,6.2,5.75,0,0,0,0,6.5,6.5,0,False
37016610,6.2,6.75,5.0,0,0,0,6.75,8.25,9.0,False
37016611,3.8,5.75,0,0,0,0,6.5,7.25,0,False
37016612,5.6,3.75,0,0,0,0,5.75,6.5,0,False
37016613,5.8,7.0,0,0,0,0,6.25,6.75,0,False
37016614,7.8,7.0,7.6,0,0,0,7.75,8.0,7.75,False
37016615,4.6,6.0,0,0,0,0,5.5,7.0,0,False
37016616,8.2,5.5,5.8,4.75,7.25,8.0,0,0,0,True
37016617,6.4,7.0,0,0,0,0,7.0,7.0,0,False
37016618,5.2,7.5,7.6,0,0,0,7.75,8.5,7.25,False
37016619,5.0,6.0,0,0,0,0,6.0,6.5,0,False
37016620,4.0,5.0,0,0,0,0,5.5,4.5,0,False
37016621,7.4,6.75,6.6,0,0,0,6.25,7.0,7.25,False
37016622,8.8,7.75,7.4,6.75,9.5,8.75,0,0,0,True
37016623,6.2,6.75,7.2,0,0,0,5.75,7.75,8.25,False
37016624,6.8,8.25,8.8,0,0,0,6.75,7.0,8.0,False
37016625,3.8,6.25,3.8,0,0,0,5.25,7.0,7.0,False
37016626,8.4,6.75,6.4,9.0,9.0,6.75,0,0,0,True
37016627,7.8,7.25,8.6,7.25,5.0,6.0,0,0,0,True
37016628,8.0,6.5,7.6,6.75,8.75,8.0,0,0,0,True
37016629,3.2,5.25,0,0,0,0,3.75,5.75,0,False
37016630,7.0,5.75,4.8,7.75,7.75,6.25,0,0,0,True
37016631,6.8,8.5,7.0,0,0,0,7.5,7.75,9.25,False
37016632,7.6,6.75,6.2,4.75,6.75,8.25,0,0,0,True
37016633,4.2,5.0,0,0,0,0,3.75,4.5,0,False
37016634,8.8,9.0,8.6,7.5,7.25,7.0,0,0,0,True
37016635,7.2,7.5,6.2,0,0,0,7.0,6.75,8.5,False
37016636,8.0,9.0,8.2,0,0,0,5.75,7.0,8.75,False
37016637,9.0,7.25,7.2,8.5,9.75,8.25,0,0,0,True
37016638,6.6,6.0,6.4,7.75,5.0,4.25,0,0,0,True
37016639,7.6,7.75,6.6,7.5,7.75,6.0,0,0,0,True
37016640,7.8,6.0,6.4,6.25,6.5,6.0,0,0,0,True
37016641,6.8,5.25,9.6,6.0,2.75,4.25,0,0,0,True
37016642,7.6,7.5,8.0,7.5,5.0,5.0,0,0,0,True
37016643,4.6,4.75,0,0,0,0,6.0,7.0,0,False
37016644,6.4,5.75,5.0,0,0,0,7.25,8.5,9.0,False
37016645,5.0,4.75,0,0,0,0,5.75,6.5,0,False
37016646,5.0,5.75,0,0,0,0,5.5,6.0,0,False
37016647,7.0,5.75,6.4,5.25,5.75,5.75,0,0,0,True
37016648,4.6,5.5,4.8,0,0,0,8.0,8.0,8.25,False
37016649,7.6,6.0,7.2,7.0,3.25,6.75,0,0,0,True
37016650,8.4,6.0,3.2,8.5,9.25,5.5,0,0,0,True
37016651,5.4,4.5,0,0,0,0,6.0,7.5,0,False
37016652,5.4,4.0,0,0,0,0,6.5,7.75,0,False
37016653,6.8,6.75,5.2,3.0,4.25,4.5,0,0,0,True
37016654,7.2,7.5,6.4,0,0,0,6.5,7.75,7.75,False
37016655,7.4,7.25,0,0,0,0,7.5,7.75,0,False
37016656,4.8,6.0,0,0,0,0,6.5,6.5,0,False
37016657,8.4,8.0,6.4,8.0,6.75,7.5,0,0,0,True
37016658,8.6,7.75,7.4,8.25,8.25,8.75,0,0,0,True
37016659,7.0,6.75,6.6,5.75,5.25,6.0,0,0,0,True
37016660,8.0,6.25,8.6,7.5,3.75,5.5,0,0,0,True
37016661,8.2,7.25,7.2,6.75,6.5,5.25,0,0,0,True
37016662,5.2,6.0,3.6,4.75,3.25,5.75,0,0,0,True
37016663,3.4,5.25,0,0,0,0,3.75,5.75,0,False
37016664,4.8,6.75,5.8,0,0,0,6.5,7.25,7.25,False
37016665,7.2,5.5,0,0,0,0,6.0,7.75,0,False
37016666,8.4,9.25,8.6,7.5,5.25,7.25,0,0,0,True
37016667,8.0,8.75,9.6,0,0,0,7.5,8.75,9.25,False
37016668,7.8,6.25,6.8,6.75,3.5,4.0,0,0,0,True
37016669,7.4,8.5,6.6,0,0,0,5.75,7.75,8.0,False
37016670,8.0,7.0,6.8,0,0,0,6.0,6.5,7.5,False
37016671,8.4,7.0,8.4,7.75,4.0,6.25,0,0,0,True
37016672,6.0,6.5,0,0,0,0,7.25,9.0,0,False
37016673,8.2,8.0,8.4,8.25,4.0,6.25,0,0,0,True
37016674,8.4,7.5,7.0,8.75,7.75,5.25,0,0,0,True
37016675,6.8,8.0,7.0,0,0,0,6.25,6.25,8.25,False
37016676,3.4,5.25,0,0,0,0,5.0,6.25,0,False
37016677,7.4,7.5,5.4,7.5,7.0,6.0,0,0,0,True
37016678,6.2,7.5,8.2,0,0,0,7.5,7.0,8.75,False
37016679,6.8,7.0,5.8,0,0,0,7.5,8.25,8.0,False
37016680,5.0,6.75,0,0,0,0,7.5,7.75,0,False
37016681,8.4,7.5,4.8,6.5,8.25,5.75,0,0,0,True
37016682,7.0,7.25,3.8,0,0,0,6.0,6.75,8.5,False
37016683,6.6,6.75,5.4,0,0,0,6.25,6.5,7.75,False
37016684,3.4,5.25,0,0,0,0,6.25,6.75,0,False
37016685,3.4,5.0,0,0,0,0,3.25,5.75,0,False
37016686,6.4,8.25,8.0,0,0,0,6.25,6.5,9.5,False
37016687,7.4,6.75,7.6,0,0,0,7.25,9.25,9.25,False
37016688,7.8,8.75,8.0,0,0,0,7.75,8.25,9.5,False
37016689,7.6,7.0,8.0,0,0,0,7.25,6.5,8.0,False
37016690,9.6,8.75,8.0,9.25,5.75,7.75,0,0,0,True
37016691,3.8,6.0,0,0,0,0,4.75,7.25,0,False
37016692,6.6,5.25,7.0,0,0,0,6.0,7.25,8.75,False
37016693,6.4,6.5,6.6,0,0,0,5.75,6.25,6.75,False
37016694,7.4,8.0,7.8,5.5,4.5,7.75,0,0,0,True
37016695,8.2,7.75,8.0,0,0,0,6.75,6.75,8.75,False
37016696,6.8,5.0,7.6,7.0,4.75,4.75,0,0,0,True
37016697,8.0,6.5,7.2,8.0,8.5,7.25,0,0,0,True
37016698,8.4,7.25,6.6,8.25,8.5,5.5,0,0,0,True
37016699,6.0,8.25,6.2,0,0,0,9.5,9.5,8.0,False
37016700,7.6,8.25,8.0,0,0,0,6.75,7.5,8.75,False
37016701,4.8,6.25,0,0,0,0,6.75,8.0,0,False
37016702,7.0,8.25,6.6,0,0,0,7.25,7.75,8.0,False
37016703,7.6,7.25,6.0,6.0,7.5,5.25,0,0,0,True
37016704,8.0,6.0,6.2,5.25,6.5,8.0,0,0,0,True
37016705,9.0,6.5,8.2,9.5,9.5,7.75,0,0,0,True
37016706,6.2,6.5,5.6,0,0,0,6.5,7.0,8.25,False
37016707,8.0,8.25,7.0,0,0,0,8.0,8.25,8.25,False
37016708,6.4,7.75,5.8,0,0,0,9.75,9.5,9.5,False
37016709,7.4,7.25,5.6,0,0,0,6.5,7.0,9.0,False
37016710,6.0,5.75,6.4,0,0,0,6.75,5.5,8.0,False
37016711,6.8,8.25,7.4,0,0,0,6.25,7.75,8.75,False
37016712,8.2,9.0,8.4,6.0,4.0,4.5,0,0,0,True
37016713,7.4,8.0,6.4,6.0,3.25,5.0,0,0,0,True
37016714,8.8,7.0,7.8,8.0,4.5,6.25,0,0,0,True
37016715,8.6,7.75,5.4,8.25,8.5,6.0,0,0,0,True
37016716,8.0,7.25,8.2,0,0,0,7.25,6.25,9.0,False
37016717,8.2,8.25,9.0,7.5,6.5,6.75,0,0,0,True
37016718,8.4,7.25,9.2,8.0,5.75,7.25,0,0,0,True
37016719,7.0,8.25,8.4,0,0,0,5.75,5.5,7.0,False
37016720,8.0,6.75,9.2,8.25,5.5,5.5,0,0,0,True
37016721,2.8,5.5,0,0,0,0,5.75,6.5,0,False
37016722,8.6,7.5,7.6,9.25,10.0,7.25,0,0,0,True
37016723,7.0,8.0,7.8,7.25,5.5,6.75,0,0,0,True
37016724,8.2,8.25,5.4,7.0,7.25,4.25,0,0,0,True
37016725,2.4,6.25,0,0,0,0,5.5,7.25,0,False
37016726,7.8,8.0,8.4,0,0,0,6.25,7.0,8.0,False
37016727,8.4,7.75,6.4,7.5,7.75,7.0,0,0,0,True
37016728,7.0,7.75,6.2,0,0,0,4.0,7.5,7.5,False
37016729,8.4,8.75,8.8,7.25,6.0,7.5,0,0,0,True
37016730,8.0,7.75,5.4,8.25,7.75,8.5,0,0,0,True
37016731,8.4,7.5,6.6,3.25,7.75,7.5,0,0,0,True
37016732,8.0,8.0,6.2,0,0,0,6.25,7.75,9.0,False
37016733,7.8,7.0,5.8,8.25,8.0,7.0,0,0,0,True
37016734,7.6,8.5,6.8,0,0,0,6.0,6.75,7.5,False
37016735,6.8,7.75,6.2,0,0,0,6.25,6.75,8.25,False
37016736,8.0,8.0,8.0,8.75,5.25,7.5,0,0,0,True
37016737,7.4,8.75,8.2,6.75,4.25,7.25,0,0,0,True
37016738,8.0,8.0,7.8,8.0,9.0,8.0,0,0,0,True
37016739,5.2,8.0,5.4,0,0,0,5.75,7.0,8.25,False
37016740,8.4,8.5,9.2,8.5,4.5,7.0,0,0,0,True
37016741,8.0,6.0,7.8,8.0,6.75,7.25,0,0,0,True
37016742,8.0,7.5,8.0,7.0,5.75,6.0,0,0,0,True
37016743,2.6,5.5,0,0,0,0,6.0,5.0,0,False
37016744,6.8,7.75,6.8,8.0,4.0,4.5,0,0,0,True
37016745,5.2,7.0,0,0,0,0,8.0,7.5,0,False
37016746,7.6,8.25,4.8,0,0,0,6.0,7.25,7.25,False
37016747,6.6,8.25,5.0,0,0,0,5.0,6.5,7.5,False
37016748,8.2,8.25,6.8,8.25,7.75,5.75,0,0,0,True
37016749,7.6,6.75,7.2,7.5,6.0,6.75,0,0,0,True
37016750,7.6,8.25,9.2,8.75,7.5,7.75,0,0,0,True
37016751,7.4,7.5,6.4,0,0,0,9.75,7.75,8.25,False
37016752,2.2,5.5,0,0,0,0,5.5,4.75,0,False
37016753,8.0,7.75,5.8,0,0,0,7.0,6.75,7.5,False
37016754,8.2,8.25,8.8,8.0,5.0,7.75,0,0,0,True
37016755,3.6,6.5,0,0,0,0,7.5,7.0,0,False
37016756,8.0,7.75,8.0,7.5,5.0,5.75,0,0,0,True
37016757,8.4,8.75,8.2,0,0,0,8.25,7.75,9.0,False
37016758,8.8,6.5,8.0,9.0,8.5,4.0,0,0,0,True
37016759,2.8,4.25,0,0,0,0,3.75,6.5,0,False
37016760,6.2,6.25,0,0,0,0,6.0,6.25,0,False
37016761,3.0,4.0,0,0,0,0,2.5,5.5,0,False
37016762,3.8,5.0,0,0,0,0,7.0,7.25,0,False
37016763,4.8,5.0,0,0,0,0,6.25,6.5,0,False
37016764,8.8,6.0,8.0,7.5,4.25,5.0,0,0,0,True
37016765,7.4,6.5,5.2,8.5,7.75,6.0,0,0,0,True
37016766,6.6,8.25,7.8,0,0,0,6.75,7.0,7.5,False
37016767,7.2,8.75,9.2,5.0,5.75,8.0,0,0,0,True
37016768,6.6,6.25,5.2,0,0,0,6.0,6.25,7.25,False
37016769,7.6,7.5,6.0,7.25,8.0,8.0,0,0,0,True
37016770,6.8,6.5,5.2,0,0,0,6.0,5.5,6.5,False
37016771,4.8,4.75,0,0,0,0,6.25,6.25,0,False
37016772,3.2,5.25,0,0,0,0,5.0,5.0,0,False
37016773,5.2,6.75,7.2,0,0,0,7.75,8.25,8.5,False
37016774,8.2,8.25,6.8,6.75,7.75,6.5,0,0,0,True
37016775,8.6,6.5,6.6,5.0,8.0,7.0,0,0,0,True
37016776,6.8,6.5,5.4,4.25,5.75,6.0,0,0,0,True
37016777,7.0,5.0,4.2,3.75,7.5,6.75,0,0,0,True
37016778,6.8,6.5,0,0,0,0,7.75,6.25,0,False
37016779,3.6,6.75,0,0,0,0,6.0,7.75,0,False
37016780,8.0,7.5,8.6,0,0,0,8.5,9.25,8.75,False
37016781,8.0,7.5,8.0,0,0,0,6.75,7.25,8.5,False
37016782,5.6,6.0,6.6,0,0,0,6.75,6.5,8.0,False
37016783,7.8,7.75,7.4,0,0,0,5.0,7.0,8.5,False
37016784,7.4,6.75,8.2,7.0,4.75,6.75,0,0,0,True
37016785,7.2,8.0,6.4,0,0,0,7.5,8.0,8.75,False
37016786,7.4,7.0,4.6,6.5,6.5,6.0,0,0,0,True
37016787,3.2,6.5,0,0,0,0,5.5,6.5,0,False
37016788,7.8,7.5,7.4,0,0,0,6.75,7.25,7.0,False
37016789,6.4,7.25,7.0,0,0,0,6.75,5.75,7.0,False
37016790,6.6,8.25,6.2,0,0,0,7.75,7.25,9.0,False
37016791,9.0,8.0,8.6,7.25,8.5,9.0,0,0,0,True
37016792,7.2,8.25,6.6,0,0,0,7.5,6.5,7.75,False
37016793,8.6,7.5,8.2,9.25,7.0,7.5,0,0,0,True
37016794,4.4,6.0,0,0,0,0,6.25,6.25,7.0,False
37016795,8.6,8.25,7.8,8.25,5.5,7.75,0,0,0,True
37016796,8.0,6.75,6.6,0,0,0,5.75,8.0,8.25,False
37016797,7.2,8.25,7.2,5.0,5.75,6.5,0,0,0,True
37016798,7.6,7.25,6.4,5.0,3.0,7.0,0,0,0,True
37016799,8.0,7.25,7.4,7.75,6.25,7.0,0,0,0,True
37016800,7.6,7.25,7.4,5.0,5.25,6.75,0,0,0,True
37016801,7.8,8.25,6.6,0,0,0,6.5,7.25,8.25,False
37016802,6.8,7.25,6.4,0,0,0,6.5,6.0,8.5,False
37016803,8.4,7.5,6.2,7.5,8.0,6.75,0,0,0,True
37016804,7.8,8.0,7.2,8.0,5.75,6.75,0,0,0,True
37016805,8.6,8.0,8.2,7.5,5.0,7.5,0,0,0,True
37016806,6.2,5.25,0,0,0,0,5.75,7.75,0,False
37016807,8.0,6.5,7.8,7.75,4.5,5.75,0,0,0,True
37016808,8.8,6.5,9.0,6.75,9.25,8.25,0,0,0,True
37016809,7.6,6.0,6.0,6.0,6.5,6.5,0,0,0,True
37016810,7.4,7.25,5.4,7.75,9.0,7.0,0,0,0,True
37016811,6.4,7.0,0,0,0,0,7.75,9.25,0,False
37016812,6.0,5.5,0,0,0,0,7.75,8.5,0,False
37016813,6.6,6.25,5.8,0,0,0,5.25,6.5,6.75,False
37016814,8.0,6.75,6.4,7.75,7.75,6.5,0,0,0,True
37016815,6.6,5.75,4.4,0,0,0,5.5,7.0,7.25,False
37016816,4.6,6.75,0,0,0,0,4.75,7.5,0,False
37016817,5.2,6.75,0,0,0,0,7.75,6.75,0,False
37016818,2.4,5.0,0,0,0,0,3.75,4.0,0,False
37016819,8.2,5.75,5.6,5.75,10.0,8.25,0,0,0,True
37016820,6.4,6.5,5.4,3.5,6.75,5.25,0,0,0,True
37016821,3.4,6.5,0,0,0,0,4.5,4.75,0,False
37016822,5.2,7.0,0,0,0,0,7.0,7.25,0,False
37016823,7.6,6.0,4.2,7.75,7.25,5.75,0,0,0,True
37016824,6.6,3.25,6.2,4.5,5.0,5.25,0,0,0,True
37016825,6.4,5.0,0,5.75,3.75,6.25,0,0,0,True
37016826,8.0,8.0,5.4,8.75,9.0,7.25,0,0,0,True
37016827,7.8,8.25,4.8,0,0,0,9.0,7.25,8.0,False
37016828,5.6,7.0,6.4,0,0,0,5.5,7.0,8.25,False
37016829,7.8,8.0,7.2,8.25,6.25,7.0,0,0,0,True
37016830,3.2,6.25,0,0,0,0,3.75,2.0,0,False
37016831,7.4,5.5,6.8,5.75,5.25,6.5,0,0,0,True
37016832,7.6,7.5,5.4,7.0,5.75,6.5,0,0,0,True
37016833,8.0,6.25,5.0,7.25,7.5,5.75,0,0,0,True
37016834,8.4,7.0,8.8,8.75,6.75,7.0,0,0,0,True
37016835,6.2,7.25,5.6,0,0,0,7.75,8.25,8.75,False
37016836,6.4,7.25,4.6,5.75,6.5,5.0,0,0,0,True
37016837,9.0,7.5,8.4,8.0,6.75,6.25,0,0,0,True
37016838,5.8,5.25,0,0,0,0,6.75,8.5,0,False
37016839,2.4,4.5,0,0,0,0,4.0,6.5,0,False
37016840,2.2,4.75,0,0,0,0,3.75,7.25,0,False
37016841,7.4,7.0,7.8,6.75,6.0,6.75,0,0,0,True
37016842,8.6,7.25,5.8,8.5,8.5,7.0,0,0,0,True
37016843,2.4,6.0,0,0,0,0,5.5,6.25,0,False
37016844,4.8,6.5,0,0,0,0,6.75,8.5,0,False
37016845,7.6,6.5,4.4,6.75,5.5,5.25,0,0,0,True
37016846,5.0,7.75,3.6,0,0,0,9.5,9.0,8.25,False
37016847,2.6,6.25,0,0,0,0,6.75,6.75,0,False
37016848,2.2,5.0,0,0,0,0,2.25,6.0,0,False
37016849,6.2,8.0,5.6,0,0,0,7.25,7.0,9.25,False
37016850,6.8,6.5,8.2,7.5,4.5,4.25,0,0,0,True
37016851,8.8,7.5,8.8,8.0,4.5,6.5,0,0,0,True
37016852,5.8,7.75,7.2,0,0,0,7.5,5.5,9.0,False
37016853,8.0,7.75,8.8,0,0,0,6.5,7.25,8.5,False
37016854,4.4,6.75,0,0,0,0,5.0,5.75,0,False
37016855,7.8,5.25,8.0,6.75,5.25,7.5,0,0,0,True
37016856,7.2,8.0,8.0,3.75,7.5,6.0,0,0,0,True
37016857,7.0,8.0,6.4,0,0,0,6.75,7.5,7.25,False
37016858,6.8,7.5,5.6,0,0,0,7.5,8.25,7.0,False
37016859,7.6,7.25,6.8,5.25,5.25,5.75,0,0,0,True
37016860,8.8,8.0,8.6,8.75,8.0,6.5,0,0,0,True
37016861,3.2,6.0,0,0,0,0,6.5,4.75,0,False
37016862,4.4,5.5,0,0,0,0,5.5,7.5,0,False
37016863,6.2,6.25,0,0,0,0,8.0,6.25,0,False
37016864,8.0,7.0,7.0,8.25,4.5,6.0,0,0,0,True
37016865,7.0,7.0,0,0,0,0,8.75,8.0,0,False
37016866,7.6,6.0,5.6,6.75,4.75,5.75,0,0,0,True
37016867,8.6,5.5,7.2,8.25,8.0,7.25,0,0,0,True
37016868,7.8,7.75,9.2,5.25,5.5,5.75,0,0,0,True
37016869,6.8,6.25,4.8,2.0,4.75,8.0,0,0,0,True
37016870,7.4,7.25,0,0,0,0,7.25,7.5,0,False
37016871,5.4,6.0,7.0,0,0,0,7.0,8.25,9.0,False
37016872,4.2,6.75,0,0,0,0,5.0,6.75,0,False
37016873,7.0,6.75,5.8,5.25,6.0,5.75,0,0,0,True
37016874,6.6,4.75,6.6,7.5,4.25,4.5,0,0,0,True
37016875,8.6,8.75,9.0,0,0,0,8.75,7.25,8.0,False
37016876,6.2,5.25,0,0,0,0,6.5,7.0,0,False
37016877,4.2,5.75,0,0,0,0,6.25,7.0,0,False
37016878,4.4,5.5,0,0,0,0,5.5,5.0,0,False
37016879,7.6,7.25,5.2,4.0,9.0,7.75,0,0,0,True
37016880,5.4,6.75,0,0,0,0,7.0,5.75,0,False
37016881,4.2,5.75,0,0,0,0,6.0,7.5,0,False
37016882,3.2,5.5,0,0,0,0,5.5,4.75,0,False
37016883,6.6,7.5,5.4,4.5,7.25,4.75,0,0,0,True
37016884,3.8,4.5,0,0,0,0,6.75,6.5,0,False
37016885,5.4,5.5,4.6,3.75,6.25,3.5,0,0,0,True
37016886,6.2,5.5,5.0,0,0,0,7.25,7.5,8.25,False
37016887,4.8,5.25,0,0,0,0,6.75,6.0,0,False
37016888,4.6,7.0,0,0,0,0,6.5,7.5,0,False
37016889,6.2,5.0,0,0,0,0,7.25,7.75,0,False
37016890,7.6,7.75,5.0,0,0,0,6.75,7.25,9.0,False
37016891,8.4,5.75,7.2,6.25,4.75,4.5,0,0,0,True
37016892,7.8,7.5,6.8,0,0,0,6.75,8.5,8.5,False
37016893,5.0,7.5,8.4,0,0,0,7.75,8.0,7.25,False
37016894,6.6,6.25,0,0,0,0,6.75,7.0,0,False
37016895,8.0,7.0,5.6,4.5,6.25,5.75,0,0,0,True
37016896,8.0,8.25,8.0,0,0,0,9.0,9.0,8.75,False
37016897,6.2,7.5,5.8,0,0,0,8.5,7.75,7.0,False
37016898,5.4,4.0,0,0,0,0,4.75,5.75,0,False
37016899,6.6,5.0,0,0,0,0,6.5,8.0,0,False
37016900,7.6,6.75,6.8,0,0,0,8.0,8.25,8.0,False
37016901,4.2,6.75,0,0,0,0,5.25,7.0,0,False
37016902,7.4,7.25,6.6,0,0,0,4.75,7.0,8.5,False
37016903,8.2,7.25,7.0,5.0,8.25,6.5,0,0,0,True
37016904,5.0,6.75,0,0,0,0,6.25,7.5,0,False
37016905,8.2,6.25,6.2,8.75,7.75,6.0,0,0,0,True
37016906,4.8,7.5,5.0,0,0,0,6.75,8.75,8.75,False
37016907,7.0,7.0,6.6,4.0,6.0,5.5,0,0,0,True
37016908,4.8,5.5,0,0,0,0,5.75,7.5,0,False
37016909,6.2,6.25,6.0,5.25,3.5,5.25,0,0,0,True
37016910,5.4,4.5,0,0,0,0,7.75,7.0,0,False
37016911,8.0,6.0,6.8,6.75,3.0,5.75,0,0,0,True
37016912,5.2,7.5,8.8,0,0,0,9.25,10.0,9.5,False
37016913,3.2,6.25,0,0,0,0,5.75,5.5,0,False
37016914,8.2,6.5,8.8,8.5,5.5,6.75,0,0,0,True
37016915,4.2,5.5,0,0,0,0,8.25,7.0,0,False
37016916,8.4,7.5,8.8,7.25,5.0,5.75,0,0,0,True
37016917,5.4,6.5,0,0,0,0,7.25,8.25,0,False
37016918,6.2,7.75,8.2,0,0,0,4.75,6.75,6.75,False
37016919,7.2,4.75,0,4.5,8.25,7.75,0,0,0,True
37016920,7.4,6.5,6.6,0,0,0,7.75,7.25,8.75,False
37016921,7.4,7.0,8.0,7.0,5.25,7.0,0,0,0,True
37016922,5.8,7.0,7.4,0,0,0,6.0,8.0,8.25,False
37016923,7.4,7.75,8.2,0,0,0,7.25,6.0,7.75,False
37016924,7.6,7.25,6.8,0,0,0,8.5,9.25,9.25,False
37016925,8.2,8.25,8.8,7.75,5.75,7.25,0,0,0,True
37016926,5.6,8.5,7.4,0,0,0,8.0,7.75,8.0,False
37016927,7.8,8.0,8.6,0,0,0,7.5,7.0,8.5,False
37016928,8.6,8.75,8.6,0,0,0,8.75,7.25,9.0,False
37016929,7.4,6.5,5.8,5.75,7.25,3.75,0,0,0,True
37016930,7.2,7.0,6.2,0,0,0,7.25,6.5,7.5,False
37016931,8.4,8.0,8.2,8.25,5.0,6.5,0,0,0,True
37016932,5.0,6.0,6.4,0,0,0,6.75,7.0,8.0,False
37016933,5.0,6.25,0,0,0,0,6.75,6.75,0,False
37016934,7.4,8.25,7.6,0,0,0,5.5,6.25,7.75,False
37016935,8.4,7.25,7.4,7.25,5.5,5.75,0,0,0,True
37016936,8.0,8.5,8.8,0,0,0,8.75,7.0,9.5,False
37016937,7.8,7.25,4.8,5.0,6.5,5.5,0,0,0,True
37016938,7.0,7.0,6.2,0,0,0,7.75,7.75,9.0,False
37016939,8.0,8.25,6.4,5.25,3.25,3.75,0,0,0,True
37016940,8.0,7.0,6.2,4.25,8.0,8.0,0,0,0,True
37016941,8.0,6.75,7.8,5.5,8.0,5.25,0,0,0,True
37016942,6.8,7.5,5.6,0,0,0,7.5,7.25,7.5,False
37016943,7.2,8.5,6.4,0,0,0,8.75,9.25,9.0,False
37016944,7.6,8.0,6.8,0,0,0,7.25,7.5,9.0,False
37016945,8.4,8.0,7.4,0,0,0,5.75,8.25,8.25,False
37016946,7.8,7.25,9.8,0,0,0,7.25,7.75,9.25,False
37016947,7.8,7.75,6.6,0,0,0,5.75,7.0,8.5,False
37016948,4.6,4.75,0,0,0,0,4.5,6.25,0,False
37016949,7.2,7.5,6.0,0,0,0,6.5,7.5,8.75,False
37016950,7.8,8.0,6.8,0,0,0,6.5,7.75,7.25,False
37016951,7.6,6.25,6.2,5.0,4.5,4.75,0,0,0,True
37016952,4.6,5.25,0,0,0,0,6.25,8.0,0,False
37016953,6.8,7.0,6.8,0,0,0,7.25,8.5,8.0,False
37016954,3.4,6.0,0,0,0,0,7.5,7.75,0,False
37016955,7.4,6.25,4.2,5.5,5.0,5.0,0,0,0,True
37016956,5.6,6.25,3.2,0,0,0,6.75,8.0,8.0,False
37016957,7.8,6.25,5.4,7.25,5.5,5.5,0,0,0,True
37016958,4.0,7.0,0,0,0,0,6.75,7.75,0,False
37016959,2.8,5.0,0,0,0,0,4.0,6.75,0,False
37016960,8.0,8.75,8.0,0,0,0,8.5,7.0,8.75,False
37016961,7.6,6.5,6.8,4.25,6.0,6.0,0,0,0,True
37016962,3.4,7.25,0,0,0,0,3.5,6.5,0,False
37016963,8.4,7.5,7.6,0,0,0,5.0,7.25,7.5,False
37016964,7.8,7.5,7.4,0,0,0,8.75,9.25,8.5,False
37016965,3.8,6.5,4.2,0,0,0,6.25,6.5,8.25,False
37016966,3.0,5.5,0,0,0,0,4.5,6.0,0,False
37016967,8.2,6.0,7.8,6.25,4.25,7.25,0,0,0,True
37016968,6.8,6.75,5.2,0,0,0,5.5,7.25,8.5,False
37016969,6.8,7.5,6.8,2.75,2.5,6.5,0,0,0,True
37016970,6.4,8.0,8.8,0,0,0,6.75,8.0,9.0,False
37016971,3.4,7.0,0,0,0,0,6.0,4.25,0,False
37016972,7.6,8.25,8.8,0,0,0,7.75,7.75,9.0,False
37016973,7.6,8.25,7.6,7.0,5.25,6.5,0,0,0,True
37016974,8.2,8.0,8.4,6.75,5.5,7.5,0,0,0,True
37016975,7.4,6.5,5.0,0,0,0,7.5,8.25,8.75,False
37016976,6.6,6.0,4.0,3.25,8.25,8.25,0,0,0,True
37016977,7.4,7.75,7.4,6.5,4.5,5.75,0,0,0,True
37016978,7.0,7.5,6.8,7.5,6.5,7.0,0,0,0,True
37016979,4.6,5.5,0,0,0,0,4.75,6.0,0,False
37016980,6.8,7.0,8.2,8.0,6.0,6.75,0,0,0,True
37016981,8.2,6.25,8.0,7.75,6.75,6.75,0,0,0,True
37016982,4.8,6.0,0,0,0,0,5.25,6.5,0,False
37016983,7.4,6.5,5.6,0,0,0,6.75,6.75,8.25,False
37016984,5.6,6.75,6.0,0,0,0,7.5,6.25,7.5,False
37016985,7.0,8.0,7.8,6.25,7.25,6.5,0,0,0,True
37016986,8.4,8.0,8.0,6.75,7.5,6.0,0,0,0,True
37016987,7.8,9.0,7.4,0,0,0,8.25,7.0,9.0,False
37016988,7.6,7.5,5.4,0,0,0,7.5,6.25,7.0,False
37016989,8.2,7.75,6.6,8.25,7.5,6.75,0,0,0,True
37016990,7.8,8.25,8.6,0,0,0,7.75,7.0,9.0,False
37016991,8.2,6.75,4.2,7.75,7.5,5.0,0,0,0,True
37016992,8.8,8.0,7.8,7.25,6.0,4.25,0,0,0,True
37016993,7.6,9.0,5.8,0,0,0,7.75,7.25,8.5,False
37016994,6.8,7.5,6.2,0,0,0,5.75,5.5,7.25,False
37016995,9.0,7.25,7.6,8.25,8.25,7.25,0,0,0,True
37016996,7.8,7.5,5.6,0,0,0,5.25,6.5,8.0,False
37016997,7.0,7.25,6.8,4.5,5.25,5.75,0,0,0,True
37016998,2.2,5.25,0,0,0,0,4.75,5.0,0,False
37016999,7.8,7.0,6.8,7.0,4.75,4.75,0,0,0,True
37017000,8.0,6.25,7.2,8.0,5.0,6.5,0,0,0,True
37017001,3.4,6.5,0,0,0,0,3.75,4.5,0,False
37017002,7.8,7.25,0,0,0,0,6.5,7.0,0,False
37017003,7.8,8.0,8.0,0,0,0,7.75,8.0,7.75,False
37017004,5.8,7.5,0,0,0,0,7.75,8.0,0,False
37017005,4.4,7.25,0,0,0,0,7.0,8.25,0,False
37017006,8.4,7.75,6.8,7.0,9.75,8.75,0,0,0,True
37017007,3.0,5.75,0,0,0,0,6.0,6.0,0,False
37017008,7.4,6.25,8.0,6.0,4.25,5.25,0,0,0,True
37017009,2.2,5.0,0,0,0,0,5.5,7.0,0,False
37017010,8.0,7.0,7.8,5.0,6.5,6.75,0,0,0,True
37017011,7.8,7.5,7.0,0,0,0,4.75,7.0,7.75,False
37017012,5.8,6.5,0,0,0,0,7.75,7.5,0,False
37017013,7.4,6.25,8.0,5.75,6.25,5.75,0,0,0,True
37017014,8.0,6.5,9.2,5.75,5.0,7.0,0,0,0,True
37017015,2.4,5.0,0,0,0,0,4.0,4.25,0,False
37017016,8.0,6.25,6.8,7.25,6.75,7.0,0,0,0,True
37017017,4.6,5.75,0,0,0,0,6.25,8.0,0,False
37017018,5.8,6.75,0,0,0,0,6.75,8.0,0,False
37017019,8.6,6.0,7.6,9.0,5.75,7.0,0,0,0,True
37017020,8.2,6.25,6.4,8.0,7.75,6.75,0,0,0,True
37017021,7.4,7.75,6.2,0,0,0,9.25,8.0,8.75,False
37017022,6.4,6.75,8.2,0,0,0,7.0,8.25,8.75,False
37017023,3.0,5.0,0,0,0,0,3.5,4.25,0,False
37017024,3.0,5.75,0,0,0,0,5.25,6.0,0,False
37017025,9.0,8.25,9.2,8.75,6.0,6.25,0,0,0,True
37017026,6.6,8.0,6.4,0,0,0,9.25,9.5,9.5,False
37017027,3.6,6.5,0,0,0,0,6.0,7.5,0,False
37017028,3.8,6.0,0,0,0,0,6.5,7.25,0,False
37017029,7.2,8.25,7.8,0,0,0,6.25,7.75,7.25,False
37017030,7.0,7.5,7.4,0,0,0,7.5,7.75,9.25,False
37017031,8.4,8.25,8.0,0,0,0,7.5,7.5,7.75,False
37017032,8.4,7.75,6.4,6.75,5.0,6.25,0,0,0,True
37017033,4.8,6.5,6.6,0,0,0,7.25,7.25,8.5,False
37017034,8.8,7.75,8.6,0,0,0,6.5,7.75,8.75,False
37017035,7.4,8.5,8.2,0,0,0,6.75,8.75,9.25,False
37017036,7.8,7.75,6.6,7.25,5.25,5.5,0,0,0,True
37017037,8.2,7.5,6.2,9.0,8.0,6.0,0,0,0,True
37017038,6.0,5.5,0,0,0,0,6.75,7.0,0,False
37017039,5.0,3.75,0,0,0,0,6.0,6.5,0,False
37017040,5.4,7.25,0,0,0,0,5.5,8.25,0,False
37017041,3.6,6.0,0,0,0,0,6.0,6.0,0,False
37017042,3.4,4.5,0,0,0,0,6.0,6.0,0,False
37017043,8.0,6.5,7.8,8.5,3.25,6.0,0,0,0,True
37017044,8.2,6.75,5.8,5.5,4.25,6.5,0,0,0,True
37017045,5.6,7.25,0,0,0,0,7.5,7.0,0,False
37017046,4.8,6.25,0,0,0,0,4.5,6.0,0,False
37017047,7.0,7.5,4.4,4.75,5.25,6.25,0,0,0,True
37017048,5.2,5.0,0,0,0,0,6.25,6.75,0,False
37017049,6.8,5.75,7.8,4.75,3.25,6.0,0,0,0,True
37017050,8.4,7.5,6.8,0,0,0,7.25,8.25,8.25,False
37017051,3.8,4.5,0,0,0,0,3.25,6.5,0,False
37017052,6.4,6.0,0,0,0,0,8.25,8.0,0,False
37017053,7.8,7.0,6.8,6.75,7.75,6.25,0,0,0,True
37017054,6.2,7.25,6.4,0,0,0,6.75,7.25,7.75,False
37017055,8.2,8.0,8.8,0,0,0,6.0,7.5,8.0,False
37017056,8.2,7.0,8.4,8.0,3.75,7.25,0,0,0,True
37017057,8.2,7.25,8.6,8.25,5.0,6.25,0,0,0,True
37017058,5.4,7.25,4.2,0,0,0,5.25,6.5,8.25,False
37017059,6.6,8.0,8.4,0,0,0,7.25,7.25,8.5,False
37017060,7.2,8.5,6.6,0,0,0,4.25,5.5,8.0,False
37017061,7.8,7.75,4.4,0,0,0,6.75,7.25,8.0,False
37017062,7.6,7.75,4.6,0,0,0,6.25,6.75,8.25,False
37017063,7.6,7.5,5.8,4.75,7.25,7.25,0,0,0,True
37017064,7.2,6.75,5.2,5.5,6.25,6.75,0,0,0,True
37017065,8.4,7.5,5.2,7.75,3.25,5.25,0,0,0,True
37017066,7.2,6.0,7.8,7.5,5.25,6.75,0,0,0,True
37017067,6.8,7.75,5.6,0,0,0,6.0,7.5,7.25,False
37017068,8.2,7.5,8.0,8.75,5.75,6.75,0,0,0,True
37017069,3.4,6.25,0,0,0,0,5.5,6.0,0,False
37017070,4.2,3.0,0,0,0,0,6.0,5.5,0,False
37017071,8.0,6.5,5.8,0,0,0,6.75,6.75,9.0,False
37017072,8.0,7.5,6.6,3.5,9.25,8.0,0,0,0,True
37017073,6.6,8.25,5.0,0,0,0,6.5,6.25,8.75,False
37017074,7.6,4.5,5.6,6.5,6.5,5.25,0,0,0,True
37017075,5.8,7.5,5.8,0,0,0,5.25,6.75,7.75,False
37017076,7.2,7.75,5.6,7.0,8.25,6.0,0,0,0,True
37017077,7.6,7.75,6.4,0,0,0,7.0,7.0,8.0,False
37017078,8.2,6.25,5.6,6.0,3.75,6.75,0,0,0,True
37017079,5.6,5.0,0,0,0,0,5.0,6.5,0,False
37017080,7.0,7.5,5.8,0,0,0,8.25,8.25,8.75,False
37017081,6.0,6.0,3.6,5.5,5.0,6.75,0,0,0,True
37017082,6.0,6.0,3.4,4.75,5.75,7.5,0,0,0,True
37017083,6.2,7.0,5.6,0,0,0,5.75,8.5,8.75,False
37017084,6.6,5.5,4.4,0,0,0,7.0,7.75,6.25,False
37017085,4.6,7.5,2.6,0,0,0,6.75,7.5,8.0,False
37017086,6.8,6.5,4.8,6.75,5.5,6.75,0,0,0,True
37017087,6.6,6.25,5.4,0,0,0,8.0,8.5,9.25,False
37017088,5.0,6.75,3.0,0,0,0,7.25,8.25,9.25,False
37017089,5.4,7.75,4.6,0,0,0,5.5,5.25,7.75,False
37017090,6.6,6.5,5.0,6.75,5.25,6.0,0,0,0,True
37017091,5.2,6.25,3.6,0,0,0,7.0,7.75,8.25,False
37017092,6.0,6.25,2.6,0,0,0,5.5,7.5,7.25,False
37017093,6.8,6.25,4.0,0,0,0,7.5,8.75,7.75,False
37017094,6.6,6.75,5.0,0,0,0,7.75,8.75,9.0,False
37017095,7.2,7.25,5.8,0,0,0,8.5,7.5,9.25,False
37017096,5.6,7.5,4.4,0,0,0,5.75,6.25,8.25,False
37017097,7.0,7.75,6.0,0,0,0,7.5,8.75,9.0,False
37017098,6.8,8.0,5.2,0,0,0,8.0,8.0,9.0,False
37017099,5.4,8.5,5.4,0,0,0,6.0,8.0,8.0,False
37017100,6.8,7.5,5.8,0,0,0,6.75,8.0,9.25,False
37017101,7.4,8.0,5.8,0,0,0,8.0,8.75,9.5,False
37017102,6.8,7.0,6.4,8.0,7.5,8.5,0,0,0,True
37017103,5.6,7.0,5.0,0,0,0,7.5,8.5,7.0,False
37017104,5.6,7.25,4.8,0,0,0,7.5,8.75,8.5,False
37017105,8.2,6.75,4.2,7.5,6.5,7.25,0,0,0,True
37017106,6.2,6.5,3.8,0,0,0,7.25,7.25,8.25,False
37017107,6.4,6.75,4.6,0,0,0,7.0,6.75,9.0,False
37017108,7.0,6.5,5.0,0,0,0,8.5,8.0,9.25,False
37017109,6.4,8.0,4.6,0,0,0,6.25,7.75,8.25,False
37017110,6.6,6.75,6.2,0,0,0,6.0,8.5,8.25,False
37017111,5.4,6.25,5.6,0,0,0,6.75,6.75,6.5,False
37017112,7.4,8.25,7.2,8.25,7.0,8.75,0,0,0,True
37017113,6.4,6.25,5.4,0,0,0,8.5,9.75,9.5,False
37017114,6.0,7.0,5.4,0,0,0,7.75,8.75,7.75,False
37017115,5.8,6.75,4.0,0,0,0,5.5,8.5,7.0,False
37017116,6.4,6.75,5.8,6.0,4.75,6.25,0,0,0,True
37017117,6.8,7.25,4.6,0,0,0,6.75,7.75,7.25,False
37017118,4.8,7.0,4.6,0,0,0,6.75,7.0,7.5,False
37017119,6.6,7.0,5.6,7.75,6.25,4.75,0,0,0,True
37017120,5.2,5.75,5.0,0,0,0,5.0,7.0,8.25,False
37017121,6.6,8.75,5.0,0,0,0,7.75,8.5,8.75,False
37017122,7.2,7.75,6.0,0,0,0,8.25,8.25,8.25,False
37017123,4.8,6.75,3.2,0,0,0,4.25,6.25,7.0,False
37017124,6.6,7.5,4.8,0,0,0,6.25,7.5,6.25,False
37017125,7.0,7.0,5.0,0,0,0,6.75,8.5,9.0,False
37017126,5.8,7.0,4.8,0,0,0,8.25,7.5,7.0,False
37017127,5.4,7.0,5.0,0,0,0,6.75,8.25,8.5,False
37017128,7.8,8.5,6.0,0,0,0,9.0,9.0,9.25,False
37017129,5.6,7.0,5.4,0,0,0,7.5,7.5,6.5,False
37017130,6.6,7.25,5.6,0,0,0,7.25,8.5,8.25,False
37017131,6.4,7.25,4.0,0,0,0,8.5,8.75,9.0,False
37017132,6.8,7.25,4.6,0,0,0,6.0,8.0,7.75,False
37017133,6.2,7.25,3.4,0,0,0,5.5,7.0,7.5,False
37017134,5.6,8.0,4.8,0,0,0,7.75,8.5,8.5,False
37017135,6.8,7.0,4.2,6.25,6.25,8.0,0,0,0,True
37017136,6.0,8.0,5.0,0,0,0,8.0,8.5,8.25,False
37017137,6.6,7.5,6.0,0,0,0,7.25,8.25,8.25,False
37017138,7.8,7.75,4.8,0,0,0,6.75,7.25,8.25,False
37017139,7.6,7.5,5.2,7.75,5.5,7.25,0,0,0,True
37017140,7.4,8.0,5.4,0,0,0,6.5,8.0,8.25,False
37017141,5.6,7.75,5.6,0,0,0,7.5,8.75,7.75,False
37017142,6.0,8.5,7.4,0,0,0,8.75,7.75,9.25,False
37017143,7.2,6.75,6.8,0,0,0,8.0,7.25,8.5,False
37017144,7.0,8.0,7.0,0,0,0,7.5,8.75,9.25,False
37017145,5.8,7.5,4.8,0,0,0,7.75,8.0,9.0,False
37017146,7.6,6.5,4.8,5.5,5.75,7.5,0,0,0,True
37017147,7.4,8.25,5.8,0,0,0,8.0,8.5,8.25,False
37017148,6.4,7.25,6.2,0,0,0,7.75,8.25,9.0,False
37017149,7.4,7.5,5.4,0,0,0,6.0,6.0,7.5,False
37017150,6.2,6.0,5.2,0,0,0,5.75,7.75,7.0,False
37017151,7.6,7.5,4.6,0,0,0,6.25,7.5,9.0,False
37017152,5.6,6.75,4.4,0,0,0,7.0,5.75,7.75,False
37017153,6.8,7.75,3.6,0,0,0,7.5,9.0,9.0,False
37017154,6.2,7.75,4.6,0,0,0,7.75,8.0,9.0,False
37017155,5.6,8.0,4.2,0,0,0,6.75,6.75,6.5,False
37017156,7.8,8.75,5.8,0,0,0,8.5,8.5,8.25,False
37017157,6.4,7.75,5.4,0,0,0,5.5,7.75,9.0,False
37017158,5.6,8.25,4.6,0,0,0,7.5,7.5,6.75,False
37017159,6.8,6.5,6.0,0,0,0,7.0,8.5,8.75,False
37017160,6.4,8.5,6.8,0,0,0,8.25,8.25,8.25,False
37017161,5.8,7.5,4.4,0,0,0,6.5,7.75,8.0,False
37017162,6.8,7.25,5.0,0,0,0,5.5,7.75,8.0,False
37017163,6.8,8.0,5.0,7.0,7.25,7.75,0,0,0,True
37017164,6.6,7.75,5.2,0,0,0,6.75,7.75,6.75,False
37017165,6.2,7.0,4.2,0,0,0,6.25,6.75,9.0,False
37017166,7.0,7.5,4.6,5.5,6.25,8.0,0,0,0,True
37017167,5.0,7.0,4.6,0,0,0,8.75,6.25,8.25,False
37017168,6.2,6.5,4.2,0,0,0,6.0,7.5,8.5,False
37017169,5.8,7.5,4.8,0,0,0,7.75,8.0,8.75,False
37017170,5.6,8.0,4.4,0,0,0,6.75,7.5,8.75,False
37017171,6.6,7.75,5.6,0,0,0,7.0,8.5,9.0,False
37017172,6.6,7.75,7.0,6.5,6.25,7.25,0,0,0,True
37017173,6.4,7.25,6.0,0,0,0,9.5,9.0,9.75,False
37017174,6.2,6.0,4.6,0,0,0,8.25,8.0,9.0,False
37017175,6.2,8.5,5.4,0,0,0,6.25,8.25,9.0,False
37017176,4.6,7.25,2.6,0,0,0,5.75,7.25,6.25,False
37017177,6.4,8.0,6.4,0,0,0,9.0,8.25,8.5,False
37017178,6.6,7.25,6.0,0,0,0,7.5,7.0,7.0,False
37017179,6.4,8.0,6.4,0,0,0,8.0,8.5,9.0,False
37017180,7.2,7.75,7.6,7.75,7.25,8.5,0,0,0,True
37017181,6.0,7.25,5.6,0,0,0,6.5,8.25,7.0,False
37017182,6.2,7.25,5.6,0,0,0,6.75,7.75,8.25,False
37017183,5.6,7.5,5.4,0,0,0,5.75,7.75,7.25,False
37017184,6.6,8.0,3.8,5.5,6.5,7.75,0,0,0,True
37017185,6.4,7.5,4.4,0,0,0,7.0,8.5,7.5,False
37017186,6.8,7.75,5.0,6.0,5.75,7.75,0,0,0,True
37017187,7.8,7.5,4.8,0,0,0,6.0,8.75,8.0,False
37017188,6.8,8.5,5.4,0,0,0,8.5,9.0,8.75,False
37017189,6.0,8.25,4.8,0,0,0,7.0,7.0,6.75,False
37017190,7.8,8.5,6.0,0,0,0,7.75,8.75,9.25,False
37017191,7.2,7.75,4.2,0,0,0,7.75,8.0,7.75,False
37017192,6.6,6.75,4.4,0,0,0,7.0,7.25,7.75,False
37017193,7.2,7.5,5.0,0,0,0,7.25,8.0,8.0,False
37017194,6.8,7.5,5.8,7.5,6.75,8.25,0,0,0,True
37017195,7.4,7.5,7.0,8.75,7.25,8.0,0,0,0,True
37017196,6.4,7.75,6.0,0,0,0,6.75,8.75,6.5,False
37017197,5.8,7.25,5.6,0,0,0,7.25,7.0,8.5,False
37017198,6.8,6.25,5.2,0,0,0,4.75,6.25,6.0,False
37017199,6.6,8.25,5.2,0,0,0,7.0,7.0,7.75,False
37017200,7.0,8.0,5.4,0,0,0,7.0,8.0,7.5,False
37017201,6.0,7.5,5.8,0,0,0,6.5,8.25,8.5,False
37017202,5.0,7.5,5.0,0,0,0,7.75,8.0,7.25,False
37017203,6.6,6.75,4.4,0,0,0,9.5,8.5,8.0,False
37017204,5.2,7.0,4.6,0,0,0,7.25,8.75,8.0,False
37017205,3.6,5.5,3.0,0,0,0,6.0,6.5,7.25,False
37017206,6.2,6.75,3.0,0,0,0,6.0,8.5,8.0,False
37017207,7.2,6.75,3.6,0,0,0,5.75,7.75,7.25,False
37017208,7.4,7.5,4.4,8.5,7.5,7.75,0,0,0,True
37017209,7.2,6.75,4.6,0,0,0,6.0,7.5,8.0,False
37017210,8.0,8.5,6.6,7.5,7.25,8.5,0,0,0,True
37017211,7.2,6.25,6.4,0,0,0,6.5,7.75,7.75,False
37017212,6.0,7.25,5.0,0,0,0,7.25,7.0,7.5,False
37017213,6.0,6.25,4.4,0,0,0,7.25,6.25,7.25,False
37017214,6.4,7.0,3.8,0,0,0,6.75,8.0,8.5,False
37017215,7.6,8.0,6.2,0,0,0,5.25,9.25,9.25,False
37017216,7.8,8.75,7.8,0,0,0,7.0,8.25,9.0,False
37017217,6.6,7.25,2.8,0,0,0,6.25,7.75,7.5,False
37017218,7.2,8.0,6.2,7.5,6.75,8.25,0,0,0,True
37017219,7.2,8.25,6.6,0,0,0,8.0,9.25,9.5,False
37017220,6.2,7.25,3.8,0,0,0,7.75,8.75,8.75,False
37017221,7.6,7.75,4.6,0,0,0,5.5,9.5,8.5,False
37017222,8.0,7.25,4.4,0,0,0,7.25,8.25,7.75,False
37017223,7.4,7.75,5.0,6.25,6.5,7.0,0,0,0,True
37017224,6.4,6.75,4.6,0,0,0,7.0,7.75,6.75,False
37017225,6.6,7.5,4.6,0,0,0,7.75,8.0,8.25,False
37017226,7.8,7.0,5.4,4.75,6.5,7.5,0,0,0,True
37017227,6.6,7.0,5.4,0,0,0,6.5,7.75,7.0,False
37017228,7.8,8.75,6.2,0,0,0,7.25,8.5,9.25,False
37017229,6.6,7.0,5.8,0,0,0,6.5,7.0,7.5,False
37017230,6.6,7.25,4.4,0,0,0,9.0,9.75,9.0,False
37017231,6.2,7.75,4.2,0,0,0,9.25,8.5,7.0,False
37017232,6.2,7.25,4.8,7.5,6.5,6.5,0,0,0,True
37017233,6.6,7.75,6.2,0,0,0,8.5,8.5,9.0,False
37017234,6.6,6.75,4.6,7.0,7.0,8.0,0,0,0,True
37017235,7.4,8.25,4.6,0,0,0,8.0,9.0,9.75,False
37017236,6.6,7.5,4.8,0,0,0,8.0,8.0,8.5,False
37017237,7.4,7.25,7.4,7.75,8.25,9.0,0,0,0,True
37017238,7.4,7.5,6.0,0,0,0,6.25,7.75,8.5,False
37017239,7.0,7.75,4.6,0,0,0,6.0,7.75,9.75,False
37017240,7.2,7.75,4.4,7.0,6.75,8.0,0,0,0,True
37017241,6.0,7.0,4.0,0,0,0,5.0,7.25,8.0,False
37017242,6.2,8.25,5.0,0,0,0,6.75,8.25,8.75,False
37017243,6.2,7.5,4.8,0,0,0,4.5,8.0,8.25,False
37017244,8.2,7.75,5.4,0,0,0,7.25,9.0,9.25,False
37017245,7.6,7.75,5.0,0,0,0,6.75,8.25,8.5,False
37017246,5.6,7.75,4.8,0,0,0,4.25,7.75,8.0,False
37017247,4.8,7.0,4.2,0,0,0,5.25,7.75,7.5,False
37017248,6.4,7.25,3.6,0,0,0,6.5,8.5,9.25,False
37017249,7.6,6.75,5.8,0,0,0,8.25,9.5,8.5,False
37017250,6.8,7.25,5.2,0,0,0,7.0,8.75,8.25,False
37017251,5.2,6.75,3.8,0,0,0,5.25,7.25,7.25,False
37017252,6.4,5.5,5.0,0,0,0,6.0,7.5,7.5,False
37017253,5.2,8.0,6.0,0,0,0,8.75,8.75,8.75,False
37017254,6.6,6.75,5.4,6.5,7.25,8.5,0,0,0,True
37017255,5.8,7.5,5.6,0,0,0,6.75,9.0,8.25,False
37017256,6.0,7.5,4.6,0,0,0,8.0,8.5,8.0,False
37017257,5.6,5.0,4.2,0,0,0,3.25,5.75,5.5,False
37017258,6.6,7.0,5.4,0,0,0,5.25,7.5,6.5,False
37017259,6.2,7.0,5.0,0,0,0,6.25,7.25,8.0,False
37017260,7.2,8.0,4.6,0,0,0,6.5,8.0,8.25,False
37017261,6.2,6.5,4.4,0,0,0,5.0,7.25,7.5,False
37017262,7.0,8.0,5.2,0,0,0,7.75,9.25,9.25,False
37017263,5.2,8.25,6.2,0,0,0,7.5,8.5,7.5,False
37017264,5.4,7.25,5.8,0,0,0,6.0,7.75,8.75,False
37017265,6.4,7.25,4.6,0,0,0,6.75,7.0,6.25,False
37017266,7.2,7.25,4.6,0,0,0,7.75,7.25,7.5,False
37017267,7.6,7.75,5.6,0,0,0,9.25,8.75,9.25,False
37017268,6.8,7.25,5.2,0,0,0,8.25,9.25,9.75,False
37017269,6.8,7.0,5.4,0,0,0,8.25,7.75,8.0,False
37017270,5.0,5.5,4.4,0,0,0,6.75,7.25,8.5,False
37017271,8.0,6.5,4.4,7.0,6.25,7.5,0,0,0,True
37017272,5.8,7.75,3.6,0,0,0,6.0,7.75,7.75,False
37017273,6.0,7.5,4.0,0,0,0,8.5,9.5,8.5,False
37017274,6.4,7.75,4.6,8.0,5.0,6.25,0,0,0,True
37017275,7.4,7.75,4.2,0,0,0,4.75,7.0,6.25,False
37017276,4.4,8.0,2.6,0,0,0,6.5,8.25,8.5,False
37017277,6.0,7.25,7.2,7.25,5.5,7.25,0,0,0,True
37017278,3.4,8.0,6.6,0,0,0,5.75,7.75,8.25,False
37017279,6.2,7.5,6.0,0,0,0,6.5,6.5,6.75,False
37017280,5.4,7.0,4.6,0,0,0,5.25,6.25,7.25,False
37017281,6.0,8.0,4.2,0,0,0,6.0,8.0,7.25,False
37017282,5.0,7.25,4.8,0,0,0,7.25,7.75,8.25,False
37017283,4.4,7.0,5.0,0,0,0,7.25,8.5,7.75,False
37017284,3.8,7.25,5.0,0,0,0,5.25,7.25,7.5,False
37017285,3.6,6.75,4.2,0,0,0,4.75,7.75,8.25,False
37017286,6.4,7.0,6.2,0,0,0,8.25,9.25,9.0,False
37017287,5.0,5.5,3.0,0,0,0,4.0,5.75,8.5,False
37017288,7.0,7.25,4.8,5.5,6.25,7.75,0,0,0,True
37017289,7.4,7.5,5.0,0,0,0,5.75,8.25,7.5,False
37017290,7.0,7.75,6.2,0,0,0,5.75,9.25,8.25,False
37017291,7.6,6.75,5.6,0,0,0,6.75,8.25,6.75,False
37017292,5.6,7.5,6.0,0,0,0,5.0,6.5,5.25,False
37017293,5.8,7.75,6.0,0,0,0,6.75,7.25,7.75,False
37017294,5.8,8.0,3.6,0,0,0,4.0,7.25,4.75,False
37017295,6.0,7.25,4.2,0,0,0,6.5,7.5,7.5,False
37017296,3.0,7.5,4.6,0,0,0,6.25,5.5,7.0,False
37017297,6.2,7.0,6.8,0,0,0,6.25,8.25,8.5,False
37017298,7.6,7.0,6.0,6.75,6.0,7.5,0,0,0,True
37017299,7.2,7.75,3.4,0,0,0,6.0,6.25,7.5,False
37017300,6.6,8.0,4.4,0,0,0,5.5,6.5,7.75,False
37017301,5.6,8.0,3.0,0,0,0,7.0,8.0,9.25,False
37017302,4.8,4.0,3.4,0,0,0,6.0,7.5,9.0,False
37017303,4.8,7.5,4.6,0,0,0,6.75,7.75,7.5,False
37017304,6.2,6.0,5.4,0,0,0,8.75,6.75,8.25,False
37017305,5.4,6.5,6.4,0,0,0,6.0,8.25,8.5,False
37017306,4.6,6.0,5.4,0,0,0,6.5,8.0,6.75,False
37017307,5.4,6.0,5.8,0,0,0,7.25,8.0,8.25,False
37017308,4.4,6.75,4.6,0,0,0,7.25,7.25,6.0,False
37017309,6.0,7.0,4.0,0,0,0,6.0,8.25,7.5,False
37017310,6.8,7.75,3.8,0,0,0,7.75,8.0,8.75,False
37017311,5.6,6.75,5.6,0,0,0,8.25,8.75,8.5,False
37017312,6.4,6.75,3.4,3.5,4.25,7.25,0,0,0,True
37017313,5.6,6.5,5.0,0,0,0,8.5,9.0,8.25,False
37017314,6.6,7.75,4.8,0,0,0,6.75,7.5,8.5,False
37017315,4.8,6.75,4.4,0,0,0,5.25,6.5,7.5,False
37017316,7.0,6.5,4.6,6.5,6.25,8.0,0,0,0,True
37017317,6.4,7.0,5.4,6.5,6.0,8.0,0,0,0,True
37017318,6.8,8.0,6.2,7.0,6.5,7.75,0,0,0,True
37017319,6.0,8.0,4.0,0,0,0,7.0,8.0,7.0,False
37017320,8.0,9.0,6.4,8.5,7.75,7.5,0,0,0,True
37017321,7.0,7.25,6.6,0,0,0,6.5,8.75,8.0,False
37017322,6.4,8.0,6.8,0,0,0,7.5,8.5,6.25,False
37017323,7.4,7.75,5.4,0,0,0,8.75,9.0,9.5,False
37017324,6.2,6.5,4.6,0,0,0,5.25,6.5,6.25,False
37017325,3.8,6.0,4.0,0,0,0,3.0,7.75,8.5,False
37017326,7.8,8.0,7.4,0,0,0,6.75,8.5,9.5,False
37017327,5.4,7.75,6.0,0,0,0,6.25,7.75,8.25,False
37017328,6.0,7.5,4.2,0,0,0,6.5,8.75,7.5,False
37017329,5.2,8.0,3.8,0,0,0,6.0,7.0,6.25,False
37017330,5.4,7.5,3.6,0,0,0,5.25,7.25,7.5,False
37017331,7.8,7.25,4.0,0,0,0,6.75,7.25,8.0,False
37017332,6.4,7.75,4.0,0,0,0,5.75,7.25,7.75,False
37017333,5.4,7.5,4.4,0,0,0,7.0,8.25,8.25,False
37017334,6.0,7.0,3.6,0,0,0,6.75,7.75,7.5,False
37017335,5.6,8.0,4.4,0,0,0,7.0,7.75,8.25,False
37017336,1.8,6.75,2.8,0,0,0,4.75,7.75,8.5,False
37017337,4.6,7.0,3.8,0,0,0,7.0,8.75,8.0,False
37017338,6.2,8.5,5.6,0,0,0,6.5,7.75,7.25,False
37017339,5.6,7.25,5.0,0,0,0,7.0,6.5,8.25,False
37017340,6.6,8.0,5.0,0,0,0,8.0,9.75,8.25,False
37017341,5.6,8.0,4.0,0,0,0,6.25,8.0,8.75,False
37017342,5.2,7.75,4.0,0,0,0,7.25,7.5,8.25,False
37017343,7.4,8.25,3.8,7.25,7.0,7.75,0,0,0,True
37017344,7.0,6.25,5.0,0,0,0,6.25,8.5,7.5,False
37017345,5.6,8.25,5.0,0,0,0,6.25,7.75,9.5,False
37017346,7.4,8.25,5.0,0,0,0,8.5,9.5,8.5,False
37017347,6.0,7.0,5.0,0,0,0,8.75,9.0,9.25,False
37017348,6.4,7.0,6.0,0,0,0,7.0,9.25,8.75,False
37017349,5.6,6.5,4.0,0,0,0,6.75,8.0,7.5,False
37017350,5.6,6.5,5.8,0,0,0,5.75,8.5,7.0,False
37017351,6.8,7.5,6.6,0,0,0,7.5,9.0,8.75,False
37017352,4.8,7.0,5.6,0,0,0,5.5,9.25,8.75,False
37017353,4.8,7.25,6.2,0,0,0,4.75,8.0,8.25,False
37017354,5.6,7.5,5.2,0,0,0,6.25,7.25,6.75,False
37017355,6.8,8.25,5.0,0,0,0,7.5,8.75,8.5,False
37017356,6.8,7.0,4.2,0,0,0,8.25,7.5,8.25,False
37017357,8.4,7.25,6.2,8.0,7.5,8.5,0,0,0,True
37017358,7.2,8.0,6.2,0,0,0,8.25,9.25,8.25,False
37017359,6.6,8.0,6.6,6.5,5.25,6.5,0,0,0,True
37017360,5.6,6.75,5.4,0,0,0,6.5,8.25,8.75,False
37017361,7.4,7.5,5.6,8.0,7.0,7.75,0,0,0,True
37017362,7.4,7.75,8.0,7.0,7.25,8.25,0,0,0,True
37017363,5.4,6.75,6.6,0,0,0,6.5,7.5,8.0,False
37017364,7.2,7.0,6.0,0,0,0,8.0,8.0,8.75,False
37017365,5.6,6.75,5.0,0,0,0,4.5,5.75,6.25,False
37017366,4.4,7.5,5.4,0,0,0,4.5,7.25,7.0,False
37017367,7.0,8.0,6.2,0,0,0,7.5,8.0,9.0,False
37017368,5.2,7.25,5.4,0,0,0,6.75,7.25,7.25,False
37017369,7.6,7.0,5.0,0,0,0,6.5,6.25,8.0,False
37017370,6.6,7.25,5.8,0,0,0,6.5,8.25,7.0,False
37017371,5.6,7.5,5.4,0,0,0,7.25,7.5,9.0,False
37017372,5.8,7.0,5.2,0,0,0,5.25,7.75,6.5,False
37017373,6.0,7.0,5.2,0,0,0,5.75,8.0,8.75,False
37017374,7.2,6.25,4.8,0,0,0,7.25,8.25,8.75,False
37017375,7.0,7.75,6.8,0,0,0,8.0,8.75,8.5,False
37017376,6.8,8.25,7.6,0,0,0,8.75,8.5,9.5,False
37017377,6.6,7.5,4.4,0,0,0,7.0,8.5,7.75,False
37017378,6.2,7.0,4.2,0,0,0,7.25,8.0,9.0,False
37017379,5.6,7.0,4.8,6.0,5.0,7.25,0,0,0,True
37017380,6.6,8.0,4.2,0,0,0,7.75,7.75,7.75,False
37017381,6.0,7.75,4.2,0,0,0,8.0,8.0,9.5,False
37017382,7.2,8.25,6.0,0,0,0,6.0,7.25,7.5,False
37017383,6.4,6.25,6.2,6.0,7.0,8.25,0,0,0,True
37017384,6.8,7.0,5.2,0,0,0,6.5,7.5,7.25,False
37017385,7.2,7.75,5.6,0,0,0,9.25,8.75,8.5,False
37017386,6.2,7.5,5.6,0,0,0,6.0,8.5,8.0,False
37017387,7.2,7.0,6.2,7.5,5.0,7.5,0,0,0,True
37017388,7.2,8.0,7.4,0,0,0,7.0,8.0,9.0,False
37017389,7.6,7.5,5.6,6.5,5.75,5.75,0,0,0,True
37017390,7.0,6.75,4.2,0,0,0,6.25,7.0,7.75,False
37017391,5.6,6.0,3.8,0,0,0,6.75,6.5,7.5,False
37017392,6.6,7.25,4.6,0,0,0,7.0,8.25,8.25,False
37017393,7.0,8.0,4.0,0,0,0,6.5,6.75,7.5,False
37017394,6.2,8.25,6.2,7.0,6.0,5.0,0,0,0,True
37017395,7.8,8.5,4.4,0,0,0,5.75,7.75,7.0,False
37017396,5.6,7.25,3.8,0,0,0,4.25,7.5,8.25,False
37017397,6.6,7.75,5.8,0,0,0,7.25,8.25,8.5,False
37017398,6.8,7.0,5.2,0,0,0,6.5,9.0,9.0,False
37017399,6.2,7.0,4.6,0,0,0,5.5,6.5,8.0,False
37017400,6.2,7.75,6.2,0,0,0,7.5,8.5,9.0,False
37017401,6.2,6.5,5.0,6.0,5.25,6.0,0,0,0,True
37017402,5.6,6.25,4.8,0,0,0,5.75,6.75,7.5,False
37017403,5.6,8.25,5.4,0,0,0,6.25,8.0,9.25,False
37017404,6.0,5.5,4.8,0,0,0,5.25,7.75,8.0,False
37017405,7.0,7.0,6.2,7.0,5.25,5.0,0,0,0,True
37017406,6.8,6.75,6.8,0,0,0,7.5,8.0,8.5,False
37017407,6.8,7.0,2.8,0,0,0,7.0,7.75,9.0,False
37017408,5.8,6.25,4.8,0,0,0,5.25,7.25,6.0,False
37017409,7.0,8.0,6.0,0,0,0,6.75,7.75,8.75,False
37017410,5.8,6.5,5.8,0,0,0,6.0,7.5,8.75,False
37017411,7.2,7.0,5.2,6.25,4.0,6.5,0,0,0,True
37017412,6.4,8.0,6.4,0,0,0,8.25,8.0,9.0,False
37017413,6.2,7.5,6.6,0,0,0,8.25,8.0,9.0,False
37017414,6.6,7.25,6.4,4.75,5.25,5.75,0,0,0,True
37017415,7.8,7.75,5.2,7.0,6.0,6.25,0,0,0,True
37017416,5.6,7.5,3.4,0,0,0,6.5,8.5,8.75,False
37017417,6.2,7.75,5.4,0,0,0,6.75,7.5,7.75,False
37017418,7.2,6.25,4.6,0,0,0,6.75,7.5,8.75,False
37017419,5.8,6.0,3.6,0,0,0,6.75,8.0,7.25,False
37017420,6.0,7.0,3.8,0,0,0,6.25,8.0,8.25,False
37017421,6.6,7.75,4.6,5.75,5.25,7.0,0,0,0,True
37017422,6.8,7.0,4.4,0,0,0,8.75,7.5,8.5,False
37017423,5.8,7.75,4.2,0,0,0,7.0,8.5,9.0,False
37017424,6.0,6.75,5.6,0,0,0,3.75,6.75,8.0,False
37017425,6.6,7.25,6.4,0,0,0,8.25,8.25,9.25,False
37017426,5.4,6.25,5.0,0,0,0,8.0,9.0,8.25,False
37017427,7.0,8.0,4.6,0,0,0,7.25,8.25,8.75,False
37017428,5.4,7.0,4.0,0,0,0,6.75,8.5,8.5,False
37017429,5.6,8.0,5.2,0,0,0,8.0,9.0,9.5,False
37017430,5.8,8.0,5.0,0,0,0,7.75,6.75,7.25,False
37017431,6.0,7.0,4.2,0,0,0,6.75,7.5,8.5,False
37017432,6.2,6.25,4.4,0,0,0,8.25,8.5,7.75,False
37017433,6.2,8.25,5.0,0,0,0,7.5,8.25,9.75,False
37017434,6.6,8.25,6.8,0,0,0,8.25,9.25,9.25,False
37017435,7.6,6.0,6.4,7.5,7.5,7.5,0,0,0,True
37017436,6.4,7.0,0,0,0,0,7.25,7.25,7.75,False
37017437,6.6,8.75,5.2,0,0,0,7.5,8.5,8.5,False
37017438,7.0,7.75,6.4,0,0,0,8.0,8.5,9.0,False
37017439,5.6,6.75,4.2,0,0,0,5.25,7.5,7.25,False
37017440,6.4,7.5,4.6,0,0,0,8.0,7.75,7.5,False
37017441,8.2,7.5,6.0,0,0,0,9.0,8.0,8.75,False
37017442,7.2,7.75,4.8,0,0,0,7.0,8.25,9.25,False
37017443,6.4,6.0,5.0,0,0,0,8.5,8.0,8.75,False
37017444,6.8,7.25,3.8,0,0,0,7.5,8.0,7.75,False
37017445,7.2,7.0,4.0,6.75,7.75,6.0,0,0,0,True
37017446,7.4,7.5,3.8,0,0,0,8.0,9.25,8.75,False
37017447,6.8,7.25,6.0,7.5,6.75,6.5,0,0,0,True
37017448,8.4,6.75,5.6,5.5,6.0,7.25,0,0,0,True
37017449,6.6,7.5,3.8,0,0,0,7.25,9.0,9.0,False
37017450,6.4,7.0,4.8,0,0,0,7.75,8.25,8.75,False
37017451,6.0,7.0,5.6,0,0,0,6.0,7.5,7.5,False
37017452,4.0,7.25,4.8,0,0,0,7.0,6.75,8.25,False
37017453,7.0,7.5,5.4,0,0,0,7.5,8.25,9.0,False
37017454,5.0,7.25,4.8,0,0,0,6.75,6.5,8.5,False
37017455,8.0,9.0,7.0,0,0,0,7.75,8.25,8.0,False
37017456,7.2,7.75,6.0,7.25,6.5,7.0,0,0,0,True
37017457,6.4,7.25,6.0,0,0,0,6.0,8.0,7.25,False
37017458,7.0,7.25,6.4,6.75,6.25,4.75,0,0,0,True
37017459,6.8,6.0,5.0,0,0,0,7.0,8.0,8.25,False
37017460,6.6,6.0,4.2,0,0,0,5.75,6.0,7.75,False
37017461,6.6,7.0,4.2,0,0,0,5.75,7.25,7.5,False
37017462,6.8,8.0,4.4,0,0,0,7.75,8.25,8.5,False
37017463,5.8,8.25,4.6,0,0,0,6.5,7.5,7.25,False
37017464,6.0,7.0,4.2,0,0,0,5.5,7.5,6.75,False
37017465,7.2,7.25,5.0,0,0,0,7.25,7.75,8.5,False
37017466,6.6,6.25,6.4,0,0,0,7.0,5.75,8.75,False
37017467,6.8,7.25,4.6,0,0,0,7.75,8.25,8.5,False
37017468,5.6,6.0,5.8,0,0,0,6.25,4.0,6.25,False
37017469,8.8,6.75,6.8,6.75,6.5,4.5,0,0,0,True
37017470,7.6,8.25,7.2,5.5,5.5,5.75,0,0,0,True
37017471,8.0,8.75,8.8,7.5,7.25,7.75,0,0,0,True
37017472,8.2,6.0,7.4,7.75,6.5,5.75,0,0,0,True
37017473,8.4,8.75,9.2,4.75,5.5,7.25,0,0,0,True
37017474,7.0,8.25,6.4,0,0,0,7.25,8.0,9.0,False
37017475,6.6,7.25,6.0,0,0,0,7.0,7.75,8.0,False
37017476,7.6,6.75,7.2,0,0,0,7.25,8.25,9.0,False
37017477,7.2,7.0,6.0,0,0,0,7.75,8.5,8.75,False
37017478,5.8,6.25,4.4,0,0,0,5.75,5.25,8.0,False
37017479,4.8,5.25,3.6,0,0,0,5.25,4.25,5.0,False
37017480,7.2,7.5,5.0,0,0,0,7.75,8.25,8.25,False
37017481,6.4,6.25,5.2,0,0,0,7.5,7.0,8.5,False
37017482,5.8,6.5,6.0,0,0,0,7.5,6.75,7.5,False
37017483,7.0,8.0,7.0,0,0,0,7.75,8.75,8.0,False
37017484,8.0,7.75,7.4,7.5,8.0,7.0,0,0,0,True
37017485,8.4,8.0,5.6,8.25,8.75,6.25,0,0,0,True
37017486,7.6,7.25,6.2,7.25,7.5,5.25,0,0,0,True
37017487,6.8,8.25,6.6,6.75,6.0,7.0,0,0,0,True
37017488,5.4,8.5,4.2,0,0,0,6.0,7.25,8.0,False
37017489,9.0,7.75,8.2,8.25,9.25,8.25,0,0,0,True
37017490,8.4,6.75,7.0,7.25,8.75,8.25,0,0,0,True
37017491,5.8,5.25,4.8,0,0,0,6.5,8.0,8.0,False
37017492,8.6,7.5,8.4,8.5,6.5,8.0,0,0,0,True
37017493,7.4,8.25,6.8,7.5,6.75,7.5,0,0,0,True
37017494,7.2,7.25,5.6,0,0,0,8.0,8.0,8.5,False
37017495,8.0,8.5,8.2,8.25,8.5,8.25,0,0,0,True
37017496,6.4,6.75,6.8,3.75,4.75,5.75,0,0,0,True
37017497,8.8,8.25,9.0,8.75,7.5,7.0,0,0,0,True
37017498,8.4,8.5,9.0,7.0,6.75,7.0,0,0,0,True
37017499,6.2,7.25,7.2,5.25,5.75,7.0,0,0,0,True
37017500,7.4,8.5,6.6,4.75,7.5,7.25,0,0,0,True
37017501,7.8,7.75,6.2,5.25,7.25,7.25,0,0,0,True
37017502,6.6,6.75,6.2,0,0,0,8.25,7.5,8.25,False
37017503,5.8,6.75,5.4,0,0,0,5.75,4.75,6.75,False
37017504,8.0,7.75,8.8,8.5,8.5,8.0,0,0,0,True
37017505,7.2,7.75,7.8,8.25,7.5,6.5,0,0,0,True
37017506,7.6,7.0,7.2,7.0,7.0,5.75,0,0,0,True
37017507,8.8,8.75,8.8,6.25,6.5,7.0,0,0,0,True
37017508,6.6,7.25,6.8,4.75,5.0,5.0,0,0,0,True
37017509,6.8,8.25,5.6,5.5,5.0,5.5,0,0,0,True
37017510,7.8,8.0,7.6,8.25,7.25,7.25,0,0,0,True
37017511,8.8,7.5,6.4,5.75,9.0,8.0,0,0,0,True
37017512,7.0,6.5,7.6,0,0,0,7.5,6.5,9.25,False
37017513,6.6,7.75,6.2,0,0,0,7.25,8.25,9.0,False
37017514,6.2,7.5,3.8,0,0,0,7.5,7.0,7.5,False
37017515,7.4,7.0,7.4,9.0,9.25,7.0,0,0,0,True
37017516,8.2,6.75,7.4,8.0,8.0,7.5,0,0,0,True
37017517,8.2,7.5,3.6,0,0,0,7.5,8.0,8.75,False
37017518,8.0,8.25,7.0,9.25,5.75,5.75,0,0,0,True
37017519,8.2,8.25,5.6,3.25,6.25,5.75,0,0,0,True
37017520,7.6,8.0,5.6,6.5,6.5,6.75,0,0,0,True
37017521,6.8,7.5,5.8,7.75,7.0,6.25,0,0,0,True
37017522,8.4,8.0,6.8,7.75,7.5,7.0,0,0,0,True
37017523,8.0,7.75,4.6,0,0,0,7.0,7.5,8.5,False
37017524,8.0,7.25,6.4,0,0,0,7.5,8.5,8.25,False
37017525,5.2,7.75,4.4,0,0,0,6.25,7.25,8.0,False
37017526,6.4,5.25,5.2,0,0,0,6.5,6.0,8.25,False
37017527,7.8,7.25,6.6,7.75,9.25,6.5,0,0,0,True
37017528,6.0,7.25,5.0,0,0,0,9.25,8.25,8.25,False
37017529,8.6,7.75,8.4,7.75,7.25,7.75,0,0,0,True
37017530,6.0,7.0,5.6,0,0,0,8.0,7.75,7.5,False
37017531,7.4,8.0,8.2,8.25,7.25,7.5,0,0,0,True
37017532,8.0,8.5,7.2,7.75,8.0,5.5,0,0,0,True
37017533,7.0,7.75,6.4,6.75,8.25,5.0,0,0,0,True
37017534,8.0,8.0,4.8,0,0,0,8.5,6.75,8.25,False
37017535,7.6,7.75,6.0,5.0,6.75,4.0,0,0,0,True
37017536,6.4,6.75,5.0,0,0,0,7.75,7.5,8.0,False
37017537,7.8,7.5,6.0,7.25,7.75,5.75,0,0,0,True
37017538,8.2,7.0,7.8,8.25,7.0,7.5,0,0,0,True
37017539,6.8,7.5,4.4,0,0,0,6.5,7.0,8.5,False
37017540,8.6,7.75,6.4,8.0,8.25,6.25,0,0,0,True
37017541,7.6,7.0,5.0,0,0,0,5.5,6.25,8.5,False
37017542,7.8,7.25,5.0,0,0,0,7.0,7.75,9.75,False
37017543,5.8,6.0,4.4,0,0,0,6.25,5.5,8.0,False
37017544,6.2,7.25,7.4,7.0,7.75,5.75,0,0,0,True
37017545,8.6,8.5,8.6,6.75,7.75,7.5,0,0,0,True
37017546,9.0,7.75,9.0,7.75,8.75,8.0,0,0,0,True
37017547,8.6,8.5,6.8,7.5,7.75,5.5,0,0,0,True
37017548,6.6,6.5,4.0,0,0,0,7.25,5.75,9.25,False
37017549,8.0,7.0,5.2,7.75,6.75,7.0,0,0,0,True
37017550,6.8,6.25,5.0,0,0,0,8.0,6.25,8.5,False
37017551,5.4,8.25,5.6,0,0,0,8.0,7.25,8.0,False
37017552,6.2,8.25,5.0,0,0,0,8.75,9.25,9.5,False
37017553,8.6,5.75,7.4,8.0,8.5,8.75,0,0,0,True
37017554,8.6,6.25,6.2,6.0,8.25,5.25,0,0,0,True
37017555,8.2,6.75,8.2,8.5,9.0,6.75,0,0,0,True
37017556,6.6,5.75,4.2,3.5,7.25,5.75,0,0,0,True
37017557,6.2,7.25,6.2,0,0,0,7.5,7.75,7.5,False
37017558,7.0,5.75,4.6,0,0,0,6.25,7.75,8.5,False
37017559,6.6,6.0,3.8,5.5,8.0,5.25,0,0,0,True
37017560,7.2,8.0,5.2,0,0,0,7.5,8.0,9.0,False
37017561,8.6,8.0,7.2,6.0,8.25,8.0,0,0,0,True
37017563,6.2,7.25,4.0,0,0,0,6.75,7.0,8.25,False
37017564,7.2,6.5,6.6,0,0,0,8.25,8.5,9.0,False
37017565,9.0,7.75,7.4,8.25,8.5,7.0,0,0,0,True
37017566,6.6,7.5,7.0,0,0,0,7.75,8.25,9.0,False
37017567,8.2,6.75,5.8,8.0,5.25,7.75,0,0,0,True
37017568,6.6,7.0,4.8,0,0,0,5.75,7.25,8.25,False
37017569,9.0,7.25,8.0,8.0,7.5,6.75,0,0,0,True
37017570,6.8,6.75,4.6,3.75,7.0,4.5,0,0,0,True
37017571,6.8,7.25,6.4,0,0,0,5.75,8.25,7.0,False
37017572,7.4,7.75,5.4,8.0,7.75,5.75,0,0,0,True
37017573,6.6,5.0,4.2,0,0,0,5.5,6.5,7.0,False
37017574,6.8,7.5,5.2,0,0,0,7.5,8.0,7.75,False
37017575,8.0,6.5,5.6,6.75,8.75,6.25,0,0,0,True
37017576,6.4,6.25,5.8,0,0,0,6.75,8.25,8.5,False
37017577,5.8,6.75,6.4,0,0,0,5.5,6.75,8.0,False
37017578,6.2,7.5,5.6,4.5,5.0,5.5,0,0,0,True
37017579,4.4,7.0,5.6,0,0,0,4.75,6.25,7.0,False
37017580,6.0,7.0,6.0,0,0,0,5.25,7.5,7.5,False
37017581,7.8,6.75,6.8,6.0,6.25,5.5,0,0,0,True
37017582,6.8,7.5,5.0,0,0,0,5.25,7.25,8.25,False
37017583,8.0,8.5,8.8,6.0,8.0,8.75,0,0,0,True
37017584,8.4,8.25,8.6,7.0,7.25,7.0,0,0,0,True
37017585,5.0,6.25,5.4,0,0,0,6.75,7.25,7.25,False
37017586,7.0,7.5,6.4,7.5,6.75,6.5,0,0,0,True
37017587,7.6,9.0,7.0,6.5,4.5,4.25,0,0,0,True
37017588,7.8,6.5,5.0,0,0,0,6.75,6.0,7.75,False
37017589,8.8,7.25,5.0,7.5,7.0,5.25,0,0,0,True
37017590,8.8,7.0,5.4,6.5,5.0,6.25,0,0,0,True
37017591,7.4,7.75,4.4,0,0,0,6.0,8.5,8.0,False
37017592,8.0,8.25,7.4,7.25,6.0,6.25,0,0,0,True
37017593,7.4,7.75,7.6,4.5,5.0,5.25,0,0,0,True
37017594,8.0,7.25,7.8,8.0,9.0,5.5,0,0,0,True
37017595,8.2,7.75,8.0,7.75,6.25,5.75,0,0,0,True
37017596,5.8,7.0,5.6,0,0,0,8.0,9.5,9.0,False
37017597,5.6,7.25,6.6,0,0,0,4.75,6.0,6.5,False
37017598,8.2,8.5,7.6,5.75,6.75,6.75,0,0,0,True
37017599,6.2,7.25,3.8,0,0,0,5.25,6.75,8.0,False
37017600,8.6,8.5,8.0,8.5,5.25,5.25,0,0,0,True
37017601,7.4,8.25,6.4,7.0,7.0,5.25,0,0,0,True
37017602,7.2,7.5,4.4,0,0,0,6.5,7.0,6.75,False
37017603,5.8,8.5,4.2,0,0,0,6.0,6.75,8.0,False
37017604,6.6,8.5,6.8,5.0,6.0,5.0,0,0,0,True
37017605,8.6,7.75,5.2,8.25,8.25,6.5,0,0,0,True
37017606,6.2,7.5,5.6,0,0,0,6.75,5.75,7.25,False
37017607,5.6,7.5,4.6,0,0,0,5.5,6.5,7.75,False
37017608,7.8,8.75,7.6,8.5,7.25,6.5,0,0,0,True
37017609,5.8,6.0,4.4,0,0,0,4.5,6.75,7.5,False
37017610,7.6,8.25,6.2,3.0,7.5,7.75,0,0,0,True
37017611,4.4,7.0,3.2,0,0,0,5.25,7.5,8.0,False
37017612,6.6,7.25,4.4,0,0,0,8.5,6.25,8.25,False
37017613,7.4,9.0,7.2,7.0,6.25,6.5,0,0,0,True
37017614,8.2,8.25,7.8,6.75,7.75,8.0,0,0,0,True
37017615,7.2,7.5,4.2,0,0,0,6.75,7.75,8.0,False
37017616,8.2,9.0,6.0,6.25,6.25,6.5,0,0,0,True
37017617,6.0,7.25,4.2,0,0,0,6.25,6.0,6.75,False
37017618,7.4,8.75,6.8,4.75,6.5,7.75,0,0,0,True
37017619,6.6,8.5,5.6,0,0,0,7.5,8.75,9.5,False
37017620,5.6,7.75,4.6,0,0,0,5.25,6.25,7.5,False
37017621,6.4,8.25,3.4,0,0,0,6.0,7.75,8.75,False
37017622,5.2,7.75,5.0,0,0,0,4.75,7.25,9.0,False
37017623,6.6,7.0,8.0,6.0,6.0,6.75,0,0,0,True
37017624,8.4,7.75,8.0,8.25,8.75,7.25,0,0,0,True
37017625,8.8,9.0,8.8,5.5,6.5,6.5,0,0,0,True
37017626,7.0,8.5,4.4,5.75,5.5,7.0,0,0,0,True
37017627,8.4,8.5,7.6,5.25,4.75,7.0,0,0,0,True
37017628,8.4,8.5,8.2,8.5,7.75,6.5,0,0,0,True
37017629,5.2,8.25,5.2,0,0,0,5.5,6.75,6.5,False
37017630,8.0,8.0,6.4,7.75,7.25,7.0,0,0,0,True
37017631,7.4,8.5,7.4,3.75,5.0,6.5,0,0,0,True
37017632,6.8,7.75,5.8,0,0,0,7.0,7.25,8.5,False
37017633,6.8,7.5,4.8,0,0,0,9.0,7.75,9.25,False
37017634,8.6,8.25,6.8,0,0,0,8.25,9.25,8.25,False
37017635,6.0,8.25,6.2,0,0,0,7.25,7.75,9.25,False
37017636,7.0,7.5,6.4,0,0,0,5.5,6.0,7.0,False
37017637,6.2,7.5,4.4,0,0,0,4.5,7.0,6.25,False
37017638,5.0,5.0,4.2,0,0,0,7.5,7.25,8.25,False
37017639,5.8,7.0,6.8,0,0,0,6.75,7.5,8.25,False
37017640,7.8,8.75,8.4,5.0,6.0,6.75,0,0,0,True
37017641,7.0,7.25,5.4,0,0,0,7.75,7.0,9.0,False
37017642,8.0,7.5,6.2,5.0,6.75,7.0,0,0,0,True
37017643,5.2,6.0,6.0,0,0,0,7.75,6.75,7.75,False
37017644,7.8,8.75,8.6,5.75,8.0,5.0,0,0,0,True
37017645,5.6,7.5,5.2,0,0,0,8.5,7.0,8.25,False
37017646,5.4,7.75,5.8,0,0,0,5.75,7.5,8.25,False
37017647,8.0,7.5,8.0,7.5,7.25,5.5,0,0,0,True
37017648,6.4,7.75,6.4,4.5,3.75,4.5,0,0,0,True
37017649,5.8,7.25,4.8,0,0,0,6.25,6.0,8.0,False
37017650,5.6,6.75,4.4,0,0,0,4.25,6.0,7.5,False
37017651,7.4,7.75,5.0,7.25,7.0,6.75,0,0,0,True
37017652,7.6,9.25,8.6,6.25,7.25,6.0,0,0,0,True
37017653,8.0,7.5,8.4,5.75,8.25,8.5,0,0,0,True
37017654,7.2,8.0,6.0,3.5,5.5,5.5,0,0,0,True
37017655,8.0,7.75,5.8,4.0,3.75,5.0,0,0,0,True
37017656,8.4,8.25,8.6,7.5,6.75,6.5,0,0,0,True
37017657,7.2,7.5,6.8,8.25,7.25,7.0,0,0,0,True
37017658,8.6,7.75,8.4,9.25,6.0,7.5,0,0,0,True
37017659,8.2,9.25,8.8,6.75,6.0,7.75,0,0,0,True
37017660,5.4,7.25,4.8,0,0,0,7.5,8.0,8.75,False
37017661,8.4,8.5,8.2,8.5,9.25,6.5,0,0,0,True
37017662,8.6,8.25,9.2,7.75,8.75,8.0,0,0,0,True
37017663,6.0,8.0,6.2,0,0,0,8.0,7.75,9.25,False
37017664,5.4,6.25,4.6,0,0,0,5.75,7.5,8.0,False
37017665,6.6,7.75,7.8,0,0,0,6.75,7.25,7.75,False
37017666,6.2,8.0,5.4,0,0,0,7.25,5.75,8.25,False
37017667,7.6,7.75,7.0,6.0,5.75,7.0,0,0,0,True
37017668,6.6,8.0,4.8,0,0,0,6.25,7.5,9.75,False
37017669,7.8,7.75,6.2,7.25,6.0,5.5,0,0,0,True
37017670,4.4,7.0,4.2,0,0,0,7.0,8.5,8.25,False
37017671,7.6,8.25,7.4,5.75,5.25,7.25,0,0,0,True
37017672,8.0,7.5,6.4,6.5,6.25,6.25,0,0,0,True
37017673,8.2,7.25,7.0,7.5,8.75,6.75,0,0,0,True
37017674,5.4,7.0,3.8,0,0,0,8.5,8.0,8.75,False
37017675,6.0,7.0,4.8,0,0,0,6.75,7.75,7.75,False
37017676,8.0,8.5,8.8,5.25,5.0,7.25,0,0,0,True
37017677,7.0,7.5,5.0,0,0,0,6.25,7.25,7.0,False
37017678,8.4,8.75,8.6,8.0,8.25,8.0,0,0,0,True
37017679,7.0,7.5,7.4,6.75,6.5,7.0,0,0,0,True
37017680,8.6,8.5,8.0,7.5,9.0,9.0,0,0,0,True
37017681,8.0,7.0,4.2,7.5,5.5,4.25,0,0,0,True
37017682,7.6,7.5,6.0,0,0,0,7.0,8.5,8.5,False
37017683,8.2,8.25,6.2,4.75,5.25,5.0,0,0,0,True
37017684,6.2,6.75,5.8,0,0,0,5.25,6.25,6.5,False
37017685,7.6,8.25,7.4,3.25,4.25,5.25,0,0,0,True
37017686,5.4,7.0,5.8,0,0,0,7.5,7.0,7.5,False
37017687,8.2,8.5,6.6,5.75,5.75,6.5,0,0,0,True
37017688,8.6,8.5,7.6,8.25,8.0,6.5,0,0,0,True
37017689,5.0,8.0,5.2,0,0,0,7.0,9.0,8.75,False
37017690,7.0,7.75,5.4,0,0,0,7.25,7.25,8.75,False
37017691,6.8,8.75,6.4,4.0,5.75,5.25,0,0,0,True
37017692,8.0,7.5,5.4,8.75,7.5,5.0,0,0,0,True
37017693,8.0,7.5,5.8,7.5,7.0,5.0,0,0,0,True
37017694,5.4,7.0,4.0,0,0,0,4.0,5.75,7.0,False
37017695,7.0,7.5,7.2,0,0,0,7.25,7.25,8.75,False
37017696,7.6,8.25,6.2,0,0,0,8.75,8.75,8.75,False
37017697,7.4,6.75,4.4,0,0,0,6.0,6.75,8.25,False
37017698,8.0,7.5,5.4,7.0,8.25,5.25,0,0,0,True
37017699,6.2,7.25,5.0,0,0,0,7.0,6.25,8.5,False
37017700,6.8,7.5,7.0,0,0,0,8.5,7.5,8.75,False
37017701,6.4,8.5,6.2,5.75,7.0,6.0,0,0,0,True
37017702,8.0,6.5,5.4,5.25,8.0,4.5,0,0,0,True
37017703,7.6,8.75,8.6,6.0,6.25,7.0,0,0,0,True
37017704,6.0,7.25,4.0,0,0,0,7.25,7.5,8.75,False
37017705,6.6,8.25,6.8,0,0,0,7.5,7.75,9.25,False
37017706,6.0,6.5,5.2,6.0,4.25,6.5,0,0,0,True
37017707,5.6,7.5,4.6,0,0,0,5.5,8.0,7.5,False
37017708,3.8,7.0,7.0,0,0,0,8.25,7.0,9.25,False
37017709,6.4,7.25,5.4,0,0,0,5.5,7.0,8.5,False
37017710,7.6,7.0,4.2,0,0,0,7.5,6.75,7.75,False
37017711,8.4,7.75,7.8,8.25,8.0,7.0,0,0,0,True
37017712,6.8,7.5,6.2,0,0,0,8.25,7.0,9.0,False
37017713,7.0,6.5,5.2,0,0,0,8.75,6.0,7.75,False
37017714,7.8,7.0,8.0,6.25,8.0,7.0,0,0,0,True
37017715,8.0,7.75,7.4,7.0,6.75,6.75,0,0,0,True
37017716,5.4,7.5,4.8,0,0,0,6.75,6.5,8.25,False
37017717,5.8,6.75,5.0,0,0,0,7.25,6.5,8.25,False
37017718,6.0,7.25,4.4,5.5,7.75,4.5,0,0,0,True
37017719,4.8,8.5,5.0,0,0,0,6.75,6.75,8.75,False
37017720,8.4,7.5,6.8,9.25,9.75,5.75,0,0,0,True
37017721,7.2,8.0,4.8,0,0,0,7.25,8.75,9.0,False
37017722,6.6,7.0,5.4,0,0,0,8.25,7.75,8.5,False
37017723,7.8,7.75,7.8,4.5,6.75,6.25,0,0,0,True
37017724,8.6,8.0,8.4,8.75,6.5,7.25,0,0,0,True
37017725,5.8,6.25,5.2,0,0,0,4.75,6.5,6.75,False
37017726,7.2,7.25,6.4,0,0,0,6.0,6.0,7.5,False
37017727,7.2,8.25,7.6,7.0,7.5,7.25,0,0,0,True
37017728,5.4,7.75,5.8,0,0,0,5.75,7.25,7.0,False
37017729,6.8,7.5,6.8,8.25,8.5,4.75,0,0,0,True
37017730,6.6,6.0,3.4,0,0,0,5.75,8.25,8.75,False
37017731,6.6,7.25,6.2,0,0,0,8.0,7.75,9.0,False
37017732,7.0,7.25,5.4,0,0,0,5.75,6.75,8.5,False
37017733,8.0,8.5,7.4,5.5,4.5,5.25,0,0,0,True
37017734,7.6,8.0,5.8,0,0,0,7.75,8.75,9.75,False
37017735,7.2,8.25,5.4,0,0,0,7.0,9.0,9.0,False
37017736,7.8,8.25,7.0,7.5,6.0,5.75,0,0,0,True
37017737,8.6,7.5,6.8,7.75,8.0,6.5,0,0,0,True
37017738,5.8,6.0,4.8,0,0,0,5.25,7.0,8.25,False
37017739,7.8,7.5,5.6,8.25,8.25,6.25,0,0,0,True
37017740,8.2,7.75,6.6,8.5,7.0,5.75,0,0,0,True
37017741,8.0,7.75,4.2,8.5,7.0,5.5,0,0,0,True
37017742,2.6,7.0,4.2,0,0,0,3.75,5.25,7.5,False
37017743,7.0,8.25,6.8,8.25,7.5,7.25,0,0,0,True
37017744,7.2,6.5,4.4,3.5,7.0,5.0,0,0,0,True
37017745,7.2,8.5,5.6,0,0,0,6.75,7.25,9.25,False
37017746,7.4,7.75,6.8,0,0,0,8.5,8.0,9.0,False
37017747,7.4,8.0,6.4,0,0,0,7.5,8.0,8.5,False
37017748,8.0,7.5,4.6,8.25,8.25,6.0,0,0,0,True
37017749,7.4,8.5,6.6,7.75,8.5,5.75,0,0,0,True
37017750,5.8,7.25,3.4,0,0,0,5.25,8.0,7.75,False
37017751,8.2,7.75,7.0,6.0,6.0,5.25,0,0,0,True
37017752,8.6,8.75,9.0,6.0,7.0,7.5,0,0,0,True
37017753,6.6,8.5,7.6,0,0,0,7.5,7.75,9.5,False
37017754,9.0,8.0,8.4,5.25,7.0,7.5,0,0,0,True
37017755,4.2,7.0,3.6,0,0,0,5.0,6.0,6.25,False
37017756,7.6,8.5,6.0,0,0,0,7.25,7.25,9.0,False
37017757,8.0,7.5,6.4,7.75,6.75,7.0,0,0,0,True
37017758,6.2,5.0,4.4,0,0,0,6.0,6.5,6.75,False
37017759,8.2,7.0,6.0,8.75,6.5,6.0,0,0,0,True
37017760,8.2,7.0,6.2,7.75,8.0,6.0,0,0,0,True
37017761,6.2,7.25,3.2,0,0,0,6.0,7.25,7.0,False
37017762,4.6,6.0,3.8,0,0,0,4.75,6.25,8.5,False
37017763,8.0,8.75,7.2,4.75,7.0,6.5,0,0,0,True
37017764,7.2,7.75,6.4,6.75,6.25,6.5,0,0,0,True
37017765,7.8,8.25,8.2,6.5,7.5,6.25,0,0,0,True
37017766,6.0,6.25,5.4,0,0,0,7.5,7.0,7.75,False
37017767,6.0,7.0,4.8,0,0,0,4.75,7.75,7.0,False
37017768,7.6,7.5,5.4,7.5,6.75,7.75,0,0,0,True
37017769,5.8,7.25,3.0,0,0,0,5.75,7.0,8.0,False
37017770,6.4,7.75,4.4,0,0,0,6.5,8.25,8.0,False
37017771,8.4,7.25,6.0,7.75,6.5,6.0,0,0,0,True
37017772,7.2,8.0,4.8,0,0,0,7.0,8.25,9.0,False
37017773,3.6,7.5,6.2,0,0,0,8.0,7.5,7.5,False
37017774,8.2,9.0,8.2,5.25,8.0,7.0,0,0,0,True
37017775,5.2,7.75,4.8,0,0,0,6.5,6.75,6.75,False
37017776,7.6,8.0,7.0,6.5,6.0,5.75,0,0,0,True
37017777,6.0,7.25,5.2,0,0,0,5.25,6.25,6.5,False
37017778,6.4,7.0,4.8,0,0,0,5.5,6.5,8.5,False
37017779,8.2,7.5,7.6,0,0,0,7.75,7.5,7.75,False
37017780,8.2,8.25,5.8,0,0,0,8.25,8.0,7.75,False
37017781,7.0,8.25,5.4,0,0,0,7.5,7.75,7.75,False
37017782,8.4,7.5,7.0,7.75,7.25,7.5,0,0,0,True
37017783,5.4,7.25,6.2,0,0,0,6.5,7.75,8.0,False
37017784,8.6,8.25,5.6,7.0,6.75,6.25,0,0,0,True
37017785,7.6,7.75,8.0,6.25,6.0,7.0,0,0,0,True
37017786,8.0,8.0,7.0,7.75,7.5,7.5,0,0,0,True
37017787,6.8,8.0,5.2,0,0,0,5.75,7.0,8.25,False
37017788,6.2,7.0,5.0,0,0,0,8.0,8.75,8.25,False
37017789,7.0,8.25,5.0,6.5,6.75,5.0,0,0,0,True
37017790,7.8,7.25,6.2,4.5,4.5,5.5,0,0,0,True
37017791,7.6,8.0,5.0,7.25,7.25,5.25,0,0,0,True
37017792,8.2,8.0,7.2,7.75,8.75,4.0,0,0,0,True
37017793,5.8,7.0,6.2,0,0,0,6.75,8.25,6.75,False
37017794,7.0,7.0,6.2,0,0,0,7.75,7.75,9.25,False
37017795,8.2,7.75,7.6,8.75,6.25,7.0,0,0,0,True
37017796,8.2,6.25,5.4,8.0,6.5,6.0,0,0,0,True
37017797,4.4,7.75,5.4,4.5,5.25,5.5,0,0,0,True
37017798,7.4,7.25,6.8,8.0,6.25,6.25,0,0,0,True
37017799,8.0,8.25,5.2,7.0,7.0,7.25,0,0,0,True
37017800,8.8,7.5,7.4,8.75,8.75,6.5,0,0,0,True
37017801,8.4,7.75,4.0,8.75,9.0,5.25,0,0,0,True
37017802,6.8,9.25,6.2,0,0,0,7.75,7.75,7.25,False
37017803,7.0,7.0,3.4,0,0,0,8.0,5.75,7.0,False
37017804,3.6,7.75,4.2,0,0,0,6.25,6.0,7.0,False
37017805,7.8,8.0,6.0,0,0,0,7.25,7.75,9.0,False
37017806,6.8,7.75,6.4,0,0,0,8.25,7.0,8.75,False
37017807,7.8,9.0,8.8,8.25,9.25,7.25,0,0,0,True
37017808,5.8,7.75,3.8,0,0,0,6.5,6.75,7.25,False
37017809,7.4,7.25,6.4,0,0,0,7.25,7.25,8.5,False
37017810,7.2,8.0,7.8,6.25,6.0,6.25,0,0,0,True
37017811,7.8,7.25,6.0,6.5,6.75,6.5,0,0,0,True
37017812,5.6,7.5,4.0,0,0,0,6.25,6.25,7.25,False
37017813,7.8,8.25,7.0,7.5,8.0,7.75,0,0,0,True
37017814,6.2,8.0,6.4,7.25,8.25,6.0,0,0,0,True
37017815,7.6,7.5,4.0,8.5,7.5,5.75,0,0,0,True
37017816,5.6,7.0,5.6,0,0,0,7.75,6.25,6.5,False
37017817,7.8,8.0,8.6,8.25,9.75,7.5,0,0,0,True
37017818,8.0,7.5,6.2,0,0,0,6.5,6.5,8.25,False
37017819,2.8,5.5,2.6,0,0,0,5.5,7.25,6.0,False
37017820,8.4,8.75,7.8,6.5,7.75,7.0,0,0,0,True
37017821,7.6,8.5,8.0,6.75,8.0,5.75,0,0,0,True
37017822,6.6,8.5,6.4,0,0,0,9.0,8.0,9.25,False
37017823,8.0,7.25,8.6,7.75,8.75,6.75,0,0,0,True
37017824,7.0,6.75,6.8,5.75,5.75,6.5,0,0,0,True
37017825,6.6,7.75,6.4,0,0,0,8.0,7.75,8.5,False
37017826,6.6,8.25,4.6,0,0,0,6.75,8.25,8.25,False
37017827,6.4,8.25,6.8,0,0,0,8.25,8.5,8.5,False
37017828,6.8,9.0,8.2,0,0,0,7.0,7.5,9.0,False
37017829,6.4,7.75,6.6,0,0,0,7.75,5.5,8.75,False
37017830,6.2,8.0,5.2,0,0,0,6.0,7.25,8.5,False
37017831,7.4,7.25,5.8,0,0,0,7.5,7.75,9.0,False
37017832,6.2,8.0,6.0,5.5,5.25,5.5,0,0,0,True
37017833,7.6,6.75,5.6,0,0,0,6.5,6.25,7.25,False
37017834,7.2,7.5,6.4,7.75,6.5,6.25,0,0,0,True
37017835,7.8,7.75,5.8,8.0,8.25,7.75,0,0,0,True
37017836,7.4,8.0,5.8,8.5,8.25,7.0,0,0,0,True
37017837,7.4,7.5,6.2,0,0,0,7.75,8.0,7.5,False
37017838,7.6,8.25,6.6,5.0,5.0,5.5,0,0,0,True
37017839,6.8,6.5,4.8,0,0,0,6.0,8.25,7.5,False
37017840,6.8,7.5,5.0,0,0,0,7.25,8.0,7.5,False
37017841,7.8,7.0,5.4,5.0,7.5,5.75,0,0,0,True
37017842,6.4,7.75,6.6,0,0,0,7.25,7.0,9.0,False
37017843,7.0,7.25,5.4,0,0,0,7.25,7.5,6.25,False
37017844,7.2,7.25,7.4,7.5,8.5,7.5,0,0,0,True
37017845,7.8,6.5,6.0,7.5,7.5,6.75,0,0,0,True
37017846,8.0,7.75,7.8,5.25,5.25,7.0,0,0,0,True
37017847,6.4,7.5,7.0,0,0,0,8.5,7.75,9.25,False
37017848,7.2,7.5,5.8,0,0,0,8.75,8.5,8.25,False
37017849,6.4,7.75,5.6,0,0,0,8.25,8.0,8.25,False
37017850,4.8,5.25,4.8,0,0,0,6.5,6.75,6.75,False
37017851,6.2,8.0,7.2,0,0,0,5.75,5.75,7.25,False
37017852,7.0,8.0,7.8,6.0,6.0,6.5,0,0,0,True
37017853,7.6,8.25,4.8,7.25,7.5,7.5,0,0,0,True
37017854,8.2,7.5,6.0,7.0,7.5,6.5,0,0,0,True
37017855,7.8,7.5,8.6,7.75,4.5,4.25,0,0,0,True
37017856,7.6,7.5,6.4,7.5,8.75,6.25,0,0,0,True
37017857,7.2,8.0,8.2,5.0,6.75,7.0,0,0,0,True
37017858,8.0,8.25,6.6,8.75,7.25,6.75,0,0,0,True
37017859,8.2,8.0,8.8,8.5,8.25,7.25,0,0,0,True
37017860,8.4,8.0,9.2,5.75,7.0,7.0,0,0,0,True
37017861,6.2,6.75,5.0,0,0,0,7.25,6.0,6.25,False
37017862,3.4,6.0,5.0,0,0,0,6.0,5.75,8.75,False
37017863,7.8,9.0,8.2,5.5,7.0,6.25,0,0,0,True
37017864,7.8,7.5,7.8,7.25,7.0,6.0,0,0,0,True
37017865,8.2,8.5,6.0,6.0,6.5,6.5,0,0,0,True
37017866,6.8,7.75,4.8,0,0,0,6.25,7.25,7.75,False
37017867,6.6,7.5,4.0,0,0,0,5.5,8.75,8.0,False
37017868,5.0,7.5,5.4,0,0,0,5.75,5.0,7.5,False
37017869,6.6,8.5,5.8,0,0,0,7.75,8.5,8.0,False
37017870,8.4,8.25,6.8,8.75,7.5,7.0,0,0,0,True
37017871,6.8,7.5,4.6,0,0,0,7.0,8.5,9.75,False
37017872,7.4,8.25,5.2,0,0,0,6.75,8.5,8.5,False
37017873,8.2,7.0,7.0,0,0,0,6.25,7.75,8.0,False
37017874,7.0,7.75,5.8,8.25,5.75,6.5,0,0,0,True
37017875,8.0,6.25,6.6,7.75,8.5,6.5,0,0,0,True
37017876,7.8,7.0,8.4,6.5,6.0,5.25,0,0,0,True
37017877,7.2,7.25,5.8,6.5,5.75,6.5,0,0,0,True
37017878,8.0,7.25,5.2,8.0,8.25,6.75,0,0,0,True
37017879,8.2,7.75,6.4,8.75,5.25,5.75,0,0,0,True
37017880,3.6,7.5,5.2,0,0,0,6.25,5.25,6.75,False
37017881,6.0,7.75,4.6,0,0,0,6.5,7.25,8.25,False
37017882,6.0,8.0,5.2,0,0,0,6.75,7.25,7.25,False
37017883,7.6,8.25,5.0,7.75,7.5,5.75,0,0,0,True
37017884,7.0,7.75,4.8,0,0,0,7.25,6.75,7.25,False
37017885,7.0,8.25,5.8,7.5,6.0,5.75,0,0,0,True
37017886,7.8,7.0,6.4,0,0,0,6.0,7.0,8.5,False
37017887,6.6,7.25,4.4,0,0,0,6.25,7.5,7.5,False
37017888,5.6,7.25,5.0,0,0,0,5.25,6.25,7.0,False
37017889,6.2,7.75,6.0,0,0,0,6.25,6.25,8.75,False
37017890,7.4,8.0,5.8,8.0,7.25,4.75,0,0,0,True
37017891,7.4,7.75,5.8,0,0,0,7.75,9.0,9.25,False
37017892,7.4,8.25,6.0,4.25,6.5,6.75,0,0,0,True
37017893,6.2,8.25,5.0,0,0,0,7.0,7.75,8.75,False
37017894,6.0,7.25,5.2,0,0,0,6.25,5.75,6.5,False
37017895,7.6,6.5,5.2,0,0,0,7.25,6.75,7.5,False
37017897,7.2,7.0,5.8,8.0,7.25,5.75,0,0,0,True
37017898,7.8,7.75,6.6,7.5,8.0,5.75,0,0,0,True
37017899,8.6,8.0,6.6,7.25,8.5,8.75,0,0,0,True
37017900,6.2,7.75,6.0,0,0,0,7.5,7.0,9.25,False
37017901,5.4,8.0,4.6,0,0,0,5.0,7.0,8.75,False
37017902,7.8,8.25,5.0,0,0,0,7.5,8.0,9.25,False
37017903,7.0,8.0,5.4,0,0,0,9.0,9.5,9.5,False
37017904,6.6,7.75,6.0,0,0,0,7.25,7.25,8.75,False
37017905,7.8,7.0,4.2,5.25,6.25,5.75,0,0,0,True
37017906,7.2,6.75,3.8,7.75,7.0,7.0,0,0,0,True
37017907,7.6,6.5,4.2,6.0,6.25,4.75,0,0,0,True
37017908,7.0,6.5,4.0,5.5,5.5,6.0,0,0,0,True
37017909,8.2,5.25,4.8,0,0,0,7.25,7.25,8.75,False
37017910,4.4,5.25,3.8,0,0,0,7.0,6.0,7.0,False
37017911,9.0,6.5,6.0,8.5,8.0,7.5,0,0,0,True
37017912,7.6,6.75,4.4,5.0,5.75,6.5,0,0,0,True
37017913,5.2,7.0,5.2,0,0,0,7.5,7.5,7.75,False
37017914,7.0,6.75,5.2,6.75,6.0,7.5,0,0,0,True
37017915,7.6,6.25,5.2,4.0,6.0,4.25,0,0,0,True
37017916,8.4,7.25,6.4,8.5,8.0,7.5,0,0,0,True
37017917,5.6,7.5,5.0,4.25,6.0,4.75,0,0,0,True
37017918,6.0,6.5,5.8,0,0,0,7.75,6.75,8.5,False
37017919,3.8,6.5,4.4,0,0,0,5.75,5.75,8.5,False
37017920,7.8,6.75,5.6,7.5,7.0,6.5,0,0,0,True
37017921,7.6,7.0,5.6,0,0,0,7.5,8.5,9.5,False
37017922,7.8,7.25,7.6,0,0,0,7.0,6.25,9.25,False
37017923,5.6,7.0,4.8,0,0,0,6.25,5.25,9.0,False
37017924,4.6,6.5,3.8,0,0,0,7.25,3.75,9.0,False
37017925,5.6,5.5,4.0,0,0,0,6.0,4.25,7.0,False
37017926,7.4,6.75,4.4,6.5,6.75,5.5,0,0,0,True
37017927,7.2,8.25,6.2,5.25,6.5,8.0,0,0,0,True
37017928,8.4,7.5,7.4,7.75,6.0,6.75,0,0,0,True
37017929,8.4,7.25,9.0,8.5,5.25,7.25,0,0,0,True
37017930,5.6,6.0,6.8,0,0,0,7.25,5.75,8.0,False
37017931,5.6,6.75,5.8,0,0,0,6.0,6.25,8.0,False
37017932,7.6,8.25,7.4,0,0,0,8.25,7.0,9.0,False
37017933,6.4,6.5,5.4,0,0,0,5.5,6.75,9.0,False
37017934,7.4,7.75,6.4,5.5,7.0,7.25,0,0,0,True
37017935,8.6,8.5,8.2,0,0,0,8.5,7.5,9.5,False
37017936,8.2,8.0,7.6,0,0,0,7.5,5.75,8.0,False
37017937,8.0,6.5,5.6,4.5,5.25,4.25,0,0,0,True
37017938,7.8,7.75,7.6,0,0,0,7.25,7.25,9.75,False
37017939,6.4,7.0,4.6,0,0,0,6.75,6.0,8.5,False
37017940,5.0,6.5,5.0,0,0,0,5.75,8.5,8.25,False
37017941,8.2,7.75,5.0,0,0,0,7.5,8.25,9.0,False
37017942,8.2,5.75,8.0,6.75,7.25,5.75,0,0,0,True
37017943,7.8,7.5,7.4,8.0,7.0,6.5,0,0,0,True
37017944,8.6,6.5,7.4,8.5,9.0,8.0,0,0,0,True
37017945,7.4,6.75,4.8,0,0,0,6.5,7.75,8.75,False
37017946,3.8,6.25,3.2,0,0,0,6.75,6.0,5.25,False
37017947,5.2,7.75,4.2,0,0,0,7.0,7.25,8.25,False
37017948,7.2,6.75,7.2,3.5,6.0,6.5,0,0,0,True
37017949,7.4,7.25,6.6,0,0,0,7.25,8.75,9.5,False
37017950,5.4,7.0,4.4,0,0,0,4.5,7.75,9.0,False
37017951,7.8,8.0,7.8,0,0,0,8.25,9.25,8.5,False
37017952,6.4,6.5,4.2,0,0,0,6.5,8.75,7.75,False
37017953,6.2,7.5,4.4,0,0,0,8.0,6.75,8.75,False
37017954,5.4,6.75,5.4,0,0,0,5.5,6.25,8.75,False
37017955,8.2,7.75,6.8,8.0,8.0,7.25,0,0,0,True
37017956,7.0,8.0,3.6,7.0,6.75,7.5,0,0,0,True
37017957,6.8,6.75,6.6,0,0,0,6.0,6.5,7.25,False
37017958,5.2,6.25,3.6,0,0,0,4.0,3.0,5.75,False
37017959,5.2,6.0,5.0,0,0,0,7.25,7.0,8.25,False
37017960,7.4,6.25,5.4,9.25,7.0,5.0,0,0,0,True
37017961,6.8,7.25,5.4,0,0,0,7.5,8.5,9.5,False
37017962,6.0,6.75,5.0,0,0,0,6.25,9.0,9.25,False
37017963,7.2,6.0,4.6,7.75,3.75,5.0,0,0,0,True
37017964,7.4,7.0,4.4,9.0,7.75,5.75,0,0,0,True
37017965,7.2,6.5,3.6,0,0,0,7.0,8.5,8.75,False
37017966,7.2,8.0,5.2,0,0,0,7.25,7.25,9.0,False
37017967,8.0,6.75,5.2,6.0,6.25,6.0,0,0,0,True
37017968,7.4,6.5,5.0,7.0,6.5,6.25,0,0,0,True
37017969,4.2,6.75,8.6,0,0,0,8.5,7.75,9.75,False
37017970,2.2,5.5,4.0,0,0,0,6.0,5.0,7.5,False
37017971,8.4,7.25,4.8,9.0,7.75,5.75,0,0,0,True
37017972,5.6,5.25,4.6,0,0,0,8.0,6.0,9.25,False
37017973,6.4,7.25,5.6,0,0,0,6.25,6.0,6.5,False
37017974,6.0,6.25,4.6,0,0,0,7.0,5.75,7.0,False
37017975,5.2,5.5,5.2,5.0,6.75,6.0,0,0,0,True
37017976,5.4,5.75,3.8,0,0,0,6.0,5.75,7.5,False
37017977,6.8,7.0,6.6,0,0,0,8.0,7.25,8.75,False
37017978,5.4,7.5,5.0,0,0,0,6.0,6.25,7.75,False
37017979,6.4,6.75,5.2,0,0,0,7.0,6.0,8.75,False
37017980,7.6,6.0,5.2,8.25,8.75,6.25,0,0,0,True
37017981,5.2,6.25,4.8,0,0,0,6.5,6.5,8.75,False
37017982,5.8,7.0,5.2,4.75,6.25,6.25,0,0,0,True
37017983,5.0,6.25,4.2,0,0,0,6.25,6.5,7.25,False
37017984,5.8,6.75,4.6,0,0,0,5.25,7.0,8.0,False
37017985,6.8,6.25,4.8,0,0,0,6.0,7.5,8.5,False
37017986,5.8,7.0,2.8,0,0,0,6.5,6.5,8.25,False
37017987,7.0,8.0,6.4,0,0,0,6.25,8.0,8.75,False
37017988,7.8,7.0,8.2,8.25,6.25,6.0,0,0,0,True
37017989,6.4,7.25,4.4,0,0,0,7.25,6.5,7.75,False
37017990,5.0,8.25,4.8,0,0,0,7.5,8.0,9.5,False
37017991,6.4,7.25,7.0,0,0,0,8.25,9.0,9.5,False
37017992,5.4,8.0,3.4,0,0,0,6.75,6.5,9.25,False
37017993,3.0,7.0,4.0,0,0,0,7.5,8.0,8.25,False
37017994,7.8,8.25,6.2,0,0,0,6.75,8.25,9.0,False
37017995,6.6,7.5,6.0,0,0,0,6.75,8.0,9.0,False
37017996,7.8,8.25,6.4,0,0,0,6.0,7.5,9.0,False
37017997,5.2,7.75,5.8,0,0,0,7.0,6.25,8.25,False
37017998,3.8,6.25,5.4,0,0,0,6.25,7.0,7.75,False
37017999,7.2,7.75,5.8,0,0,0,9.0,8.5,9.25,False
37018000,8.0,6.25,6.2,0,0,0,8.25,7.5,8.5,False
37018001,8.2,7.25,6.0,0,0,0,8.25,8.5,9.5,False
37018002,5.2,7.75,3.8,0,0,0,5.75,7.0,7.25,False
37018003,5.0,5.5,5.6,0,0,0,6.5,7.0,8.25,False
37018004,7.2,6.0,5.6,0,0,0,5.5,7.25,9.25,False
37018005,6.6,6.0,4.8,0,0,0,5.0,6.75,7.0,False
37018006,8.2,6.5,5.6,6.75,5.75,5.25,0,0,0,True
37018007,7.4,7.25,3.4,5.75,4.5,4.75,0,0,0,True
37018008,8.0,7.0,6.8,7.5,9.0,8.25,0,0,0,True
37018009,4.4,6.5,4.4,0,0,0,6.5,6.0,8.25,False
37018010,6.6,8.25,6.2,5.75,6.5,6.0,0,0,0,True
37018011,3.4,8.0,5.4,0,0,0,6.75,4.5,8.0,False
37018012,8.2,8.25,9.0,9.0,7.0,7.75,0,0,0,True
37018013,7.8,6.75,5.2,8.5,7.0,6.75,0,0,0,True
37018014,8.0,5.75,6.2,0,0,0,6.75,7.75,8.0,False
37018015,6.6,7.5,6.4,0,0,0,8.5,7.75,9.0,False
37018016,7.8,5.0,7.0,0,0,0,6.5,4.75,8.5,False
37018017,8.4,6.25,6.2,7.0,7.75,4.5,0,0,0,True
37018018,7.8,5.25,5.0,5.5,7.25,8.25,0,0,0,True
37018019,8.2,6.75,7.2,6.0,6.0,5.5,0,0,0,True
37018020,6.8,6.25,5.4,0,0,0,7.25,7.5,7.75,False
37018021,8.4,8.0,9.0,9.25,7.0,8.75,0,0,0,True
37018022,7.2,7.25,5.0,0,0,0,7.0,5.25,8.0,False
37018023,6.8,6.0,5.8,0,0,0,7.75,8.5,8.25,False
37018024,7.2,6.5,4.6,6.75,7.75,6.5,0,0,0,True
37018025,7.4,6.0,6.4,0,0,0,7.5,5.5,8.25,False
37018026,8.0,5.25,8.0,8.25,5.5,6.0,0,0,0,True
37018027,4.0,5.5,6.2,0,0,0,6.25,6.5,8.5,False
37018028,8.4,5.0,5.2,8.0,8.5,7.0,0,0,0,True
37018029,8.4,6.25,6.4,8.5,9.5,7.0,0,0,0,True
37018030,4.8,5.75,6.8,0,0,0,7.25,6.5,7.75,False
37018031,7.4,5.75,6.2,0,0,0,5.75,6.0,8.5,False
37018032,6.8,6.25,6.6,6.25,7.25,6.25,0,0,0,True
37018033,7.6,7.75,6.0,8.5,7.25,7.25,0,0,0,True
37018034,8.2,7.75,6.6,7.75,7.0,5.0,0,0,0,True
37018035,5.6,8.25,5.0,0,0,0,7.0,7.0,8.25,False
37018036,6.6,7.5,6.0,0,0,0,8.0,7.5,8.5,False
37018037,6.8,7.75,5.2,0,0,0,7.25,7.0,9.5,False
37018038,4.2,8.0,3.6,0,0,0,6.0,6.75,8.75,False
37018039,5.6,8.5,5.6,0,0,0,6.75,7.0,9.75,False
37018040,6.2,7.5,5.2,0,0,0,7.75,8.25,9.25,False
37018041,7.0,6.25,5.2,4.75,7.25,7.75,0,0,0,True
37018042,5.2,7.0,3.8,0,0,0,6.75,7.5,8.0,False
37018043,6.6,5.75,5.4,6.0,6.5,6.75,0,0,0,True
37018044,7.6,7.5,5.0,8.25,7.75,5.75,0,0,0,True
37018045,7.2,6.75,5.4,0,0,0,6.5,6.5,8.5,False
37018046,7.4,7.25,6.2,0,0,0,6.5,6.75,7.5,False
37018047,8.0,7.0,6.8,8.75,7.25,6.5,0,0,0,True
37018048,4.8,7.25,4.6,0,0,0,5.25,6.75,8.5,False
37018049,7.4,5.25,7.6,7.5,5.0,5.25,0,0,0,True
37018050,6.0,6.75,3.6,0,0,0,5.75,7.0,8.5,False
37018051,5.2,7.0,5.0,0,0,0,6.0,7.0,8.5,False
37018052,7.6,8.5,6.6,0,0,0,6.25,7.5,8.5,False
37018053,6.8,7.0,6.0,0,0,0,6.5,6.75,9.25,False
37018054,4.0,5.25,5.2,0,0,0,5.0,7.0,7.25,False
37018055,5.0,6.25,5.6,0,0,0,8.75,7.75,9.5,False
37018056,5.8,5.0,4.2,0,0,0,5.5,7.0,7.5,False
37018057,6.4,5.75,5.0,0,0,0,8.0,8.5,9.25,False
37018058,5.4,7.5,3.2,0,0,0,6.5,7.75,7.5,False
37018059,6.4,8.5,4.6,0,0,0,6.25,6.5,7.75,False
37018060,7.0,5.5,6.0,0,0,0,7.75,6.0,8.75,False
37018061,5.4,5.0,3.0,0,0,0,6.5,7.75,8.5,False
37018062,7.6,6.25,4.4,5.5,6.0,6.0,0,0,0,True
37018063,9.2,5.5,7.2,7.5,8.25,6.75,0,0,0,True
37018064,8.0,6.5,5.6,7.0,6.75,5.5,0,0,0,True
37018065,8.2,5.25,4.0,0,0,0,8.75,9.25,8.5,False
37018066,6.8,6.75,5.0,0,0,0,7.0,7.75,9.25,False
37018067,2.6,5.5,5.0,0,0,0,7.25,5.25,8.25,False
37018068,7.4,7.25,5.6,0,0,0,7.0,7.5,9.5,False
37018069,5.6,7.0,5.0,0,0,0,6.0,6.0,8.5,False
37018070,5.2,6.25,4.6,0,0,0,6.75,6.75,8.5,False
37018071,7.4,7.75,6.2,6.75,7.25,6.25,0,0,0,True
37018072,5.8,6.5,5.8,0,0,0,7.0,7.75,9.25,False
37018073,5.4,7.25,5.8,0,0,0,5.5,6.5,8.75,False
37018074,4.2,6.75,3.0,0,0,0,6.25,7.0,8.5,False
37018075,8.6,7.25,4.4,6.75,8.0,8.0,0,0,0,True
37018076,3.8,5.0,3.8,0,0,0,6.25,7.5,6.75,False
37018077,5.0,6.25,3.8,0,0,0,4.25,6.25,8.5,False
37018078,8.0,6.0,4.4,6.0,6.25,6.75,0,0,0,True
37018079,8.2,7.5,8.2,0,0,0,6.5,7.75,8.75,False
37018080,8.2,6.75,6.4,6.25,6.25,7.0,0,0,0,True
37018081,8.4,6.5,5.6,7.0,8.25,5.25,0,0,0,True
37018082,5.2,6.75,5.4,0,0,0,6.5,7.0,7.75,False
37018083,7.8,7.0,5.8,0,0,0,7.0,8.25,8.25,False
37018084,6.0,6.75,6.4,0,0,0,7.0,7.0,8.5,False
37018085,4.6,7.0,9.2,0,0,0,7.5,7.0,9.25,False
37018086,3.2,6.5,6.0,0,0,0,6.0,7.25,7.75,False
37018087,6.4,6.5,4.8,0,0,0,5.75,6.0,8.25,False
37018088,7.2,6.0,6.8,0,0,0,5.5,7.0,8.75,False
37018089,5.2,6.75,5.8,0,0,0,6.25,5.5,7.5,False
37018090,6.2,6.0,5.2,0,0,0,5.5,6.25,7.75,False
37018091,7.0,7.25,7.8,6.0,7.25,6.5,0,0,0,True
37018092,5.4,7.25,4.4,3.5,3.25,4.75,0,0,0,True
37018093,5.6,5.75,6.0,0,0,0,6.5,6.25,8.75,False
37018094,6.4,7.5,8.2,0,0,0,7.5,9.0,9.5,False
37018095,7.8,7.0,3.8,7.0,6.75,5.5,0,0,0,True
37018096,5.4,7.5,5.0,0,0,0,6.0,6.25,9.75,False
37018097,4.6,5.75,4.2,0,0,0,6.0,5.5,8.0,False
37018098,6.0,6.0,3.4,0,0,0,7.5,5.0,7.75,False
37018099,7.0,7.5,8.0,0,0,0,6.75,7.75,9.0,False
37018100,6.8,8.75,5.4,0,0,0,8.0,7.75,9.75,False
37018101,8.0,8.25,8.2,7.5,5.25,6.25,0,0,0,True
37018102,5.8,7.25,4.8,0,0,0,7.25,7.0,8.5,False
37018103,7.4,6.75,7.8,7.0,7.75,6.75,0,0,0,True
37018104,4.8,6.75,4.6,0,0,0,6.0,4.75,8.0,False
37018105,6.0,6.75,5.6,0,0,0,6.5,8.0,8.5,False
37018106,8.2,7.5,5.4,8.5,7.5,6.25,0,0,0,True
37018107,6.4,8.0,7.8,0,0,0,7.5,8.75,9.75,False
37018108,7.2,8.5,8.4,0,0,0,6.5,7.5,9.5,False
37018109,7.4,7.5,4.8,0,0,0,7.75,8.75,8.75,False
37018110,4.6,7.75,6.2,0,0,0,5.75,8.0,8.5,False
37018111,7.4,7.75,6.0,5.75,6.0,7.25,0,0,0,True
37018112,7.2,8.5,5.2,0,0,0,7.5,8.5,9.25,False
37018113,5.6,6.75,6.2,0,0,0,6.5,6.25,8.0,False
37018114,7.0,7.0,6.6,0,0,0,8.25,8.25,9.25,False
37018115,2.4,5.75,4.8,0,0,0,5.5,6.75,8.5,False
37018116,6.2,7.25,8.8,0,0,0,7.25,7.0,9.5,False
37018117,6.4,7.75,6.6,0,0,0,7.0,8.25,9.0,False
37018118,7.4,7.75,6.8,7.0,7.25,6.5,0,0,0,True
37018119,7.4,6.75,5.6,6.75,5.25,6.25,0,0,0,True
37018120,8.4,4.5,6.2,5.5,4.75,4.0,0,0,0,True
37018121,7.2,7.25,4.2,6.75,6.0,6.5,0,0,0,True
37018122,5.2,8.0,3.4,2.5,3.5,5.25,0,0,0,True
37018123,7.6,7.25,7.0,0,0,0,7.75,8.5,9.0,False
37018124,7.6,7.25,7.2,0,0,0,8.75,9.0,9.25,False
37018125,8.2,8.0,6.8,0,0,0,7.5,8.5,9.75,False
37018126,6.4,7.25,8.2,0,0,0,7.0,8.0,8.5,False
37018127,4.8,7.25,3.2,0,0,0,5.25,4.75,7.75,False
37018128,7.4,7.75,5.6,0,0,0,7.75,7.5,9.75,False
37018129,8.2,7.75,8.6,0,0,0,7.25,7.5,9.5,False
37018130,7.0,8.0,8.6,0,0,0,8.25,8.75,9.0,False
37018131,6.2,7.5,6.4,0,0,0,7.0,6.75,8.75,False
37018132,7.6,8.25,8.4,0,0,0,7.75,8.5,9.75,False
37018133,6.4,7.25,4.4,0,0,0,6.75,6.75,8.5,False
37018134,5.6,7.5,8.0,0,0,0,6.75,7.25,8.5,False
37018135,6.2,7.25,5.2,0,0,0,5.5,6.5,8.75,False
37018136,5.6,7.75,6.4,0,0,0,7.0,7.75,9.0,False
37018137,6.4,7.75,6.2,5.75,6.5,6.75,0,0,0,True
37018138,6.2,5.5,6.0,6.25,6.5,7.0,0,0,0,True
37018139,8.6,6.25,5.0,5.75,8.25,8.5,0,0,0,True
37018140,6.4,6.25,5.0,0,0,0,7.75,7.5,9.0,False
37018141,5.0,6.75,4.6,0,0,0,5.75,6.75,8.25,False
37018142,5.6,7.75,5.0,0,0,0,6.5,7.75,8.25,False
37018143,5.6,7.5,5.0,0,0,0,5.0,6.5,8.25,False
37018144,5.8,7.5,4.8,0,0,0,6.75,7.5,8.25,False
37018145,6.4,7.0,6.6,0,0,0,3.75,6.25,7.75,False
37018146,7.2,7.5,5.8,0,0,0,8.5,8.5,8.75,False
37018147,4.2,5.5,4.0,0,0,0,6.25,5.25,5.5,False
37018148,3.6,7.25,5.8,0,0,0,6.0,4.0,7.75,False
37018149,3.6,6.25,5.4,0,0,0,5.25,7.5,7.75,False
37018150,8.0,7.5,4.8,0,0,0,6.75,7.5,8.25,False
37018151,8.6,7.75,8.8,0,0,0,8.0,8.5,8.5,False
37018152,4.8,6.75,8.0,7.5,7.0,5.75,0,0,0,True
37018153,4.8,7.25,4.0,0,0,0,6.5,5.75,8.5,False
37018154,5.4,7.5,6.4,0,0,0,8.25,7.5,9.75,False
37018155,5.8,7.75,5.8,0,0,0,7.25,6.5,9.0,False
37018156,7.0,7.75,5.8,4.75,6.5,7.75,0,0,0,True
37018157,7.0,6.5,6.4,7.0,5.0,6.0,0,0,0,True
37018158,8.4,6.5,6.0,8.0,8.0,7.0,0,0,0,True
37018159,7.0,7.75,7.8,6.75,7.0,7.0,0,0,0,True
37018160,6.6,6.25,4.6,0,0,0,7.25,7.5,9.5,False
37018161,7.4,5.25,4.4,0,0,0,6.75,8.25,8.5,False
37018162,7.2,7.25,5.8,0,0,0,7.75,8.75,9.0,False
37018163,7.6,6.25,4.4,0,0,0,7.5,8.25,8.75,False
37018164,8.0,7.0,5.8,0,0,0,8.0,8.0,9.5,False
37018165,7.2,6.0,5.4,0,0,0,5.75,7.25,8.75,False
37018166,7.6,7.25,5.2,8.0,8.0,6.75,0,0,0,True
37018167,7.2,7.0,5.8,6.0,5.5,7.25,0,0,0,True
37018168,7.6,6.75,4.6,0,0,0,8.0,8.0,8.0,False
37018169,7.4,7.25,4.2,0,0,0,6.5,7.0,8.5,False
37018170,7.8,7.25,7.0,0,0,0,6.0,8.75,10.0,False
37018171,8.6,7.75,7.4,9.25,8.0,6.0,0,0,0,True
37018172,6.8,7.75,5.0,0,0,0,7.0,7.5,8.75,False
37018173,4.8,6.5,4.8,0,0,0,5.75,6.25,8.0,False
37018174,7.8,5.75,5.6,7.75,6.75,6.0,0,0,0,True
37018175,6.6,8.0,5.0,0,0,0,6.75,7.25,8.25,False
37018176,8.0,7.0,7.8,0,0,0,6.75,8.25,9.25,False
37018177,6.8,8.0,5.2,0,0,0,7.25,5.5,8.25,False
37018178,7.0,6.25,6.8,7.75,7.0,7.0,0,0,0,True
37018179,3.2,5.5,5.6,0,0,0,6.25,6.0,6.25,False
37018180,5.4,4.75,4.4,0,0,0,7.25,7.25,8.5,False
37018181,7.6,6.75,6.2,8.75,8.0,7.25,0,0,0,True
37018182,7.8,6.25,7.8,5.5,8.0,5.5,0,0,0,True
37018183,6.6,5.5,4.0,4.75,4.5,5.75,0,0,0,True
37018184,7.8,8.0,5.8,0,0,0,7.75,8.5,9.25,False
37018185,7.8,7.25,6.6,7.75,7.75,5.25,0,0,0,True
37018186,7.8,6.5,5.2,4.0,5.75,6.5,0,0,0,True
37018187,6.0,8.25,5.2,0,0,0,6.75,7.25,9.0,False
37018188,5.6,7.5,7.2,3.5,3.75,5.75,0,0,0,True
37018189,5.0,7.25,4.2,0,0,0,7.25,7.75,7.5,False
37018190,6.8,8.25,6.6,0,0,0,7.0,6.25,9.25,False
37018191,8.0,7.75,7.4,0,0,0,7.5,7.75,9.0,False
37018192,8.2,7.5,5.8,8.25,8.0,7.75,0,0,0,True
37018193,8.0,7.25,4.4,0,0,0,6.0,7.75,9.0,False
37018194,7.6,5.75,5.8,7.25,7.25,5.5,0,0,0,True
37018195,5.4,7.25,5.6,0,0,0,6.5,8.25,6.75,False
37018196,6.6,6.5,3.8,0,0,0,7.0,6.25,8.5,False
37018197,6.4,6.25,6.2,0,0,0,5.75,6.25,9.0,False
37018198,6.8,7.75,5.6,6.0,8.5,6.0,0,0,0,True
37018199,5.6,6.25,5.6,0,0,0,6.75,7.0,9.0,False
37018200,7.8,6.0,6.0,5.75,7.0,8.5,0,0,0,True
37018201,8.0,6.5,4.6,8.25,7.75,7.0,0,0,0,True
37018202,6.4,5.0,5.2,4.5,4.75,7.0,0,0,0,True
37018203,7.8,6.5,5.4,7.75,8.25,7.25,0,0,0,True
37018204,4.4,6.5,5.8,0,0,0,6.0,7.0,8.25,False
37018205,4.8,5.25,4.0,0,0,0,6.0,6.5,8.0,False
37018206,6.4,7.25,6.4,0,0,0,8.0,8.0,8.25,False
37018207,8.0,6.5,4.4,6.5,5.75,5.5,0,0,0,True
37018208,6.4,7.75,5.2,0,0,0,7.75,8.5,9.0,False
37018209,5.8,6.5,5.2,0,0,0,6.75,5.5,8.5,False
37018210,8.2,6.5,3.6,8.25,7.75,6.0,0,0,0,True
37018211,7.2,7.5,5.2,9.0,7.5,8.25,0,0,0,True
37018212,7.4,8.0,4.4,5.75,6.25,4.75,0,0,0,True
37018213,7.4,8.0,5.8,6.25,7.0,5.75,0,0,0,True
37018214,6.0,7.0,5.2,0,0,0,6.75,7.75,9.0,False
37018215,7.4,7.0,6.0,8.0,7.75,6.0,0,0,0,True
37018216,4.4,6.5,5.2,0,0,0,7.0,8.0,8.25,False
37018217,7.8,8.0,5.4,7.5,7.75,7.0,0,0,0,True
37018218,7.8,8.25,5.6,0,0,0,7.0,8.25,8.75,False
37018219,7.0,6.75,6.4,0,0,0,6.0,6.25,8.75,False
37018220,5.4,7.0,6.2,0,0,0,7.0,8.5,7.75,False
37018221,2.4,4.0,4.2,0,0,0,4.0,5.75,7.25,False
37018222,6.8,6.5,6.4,0,0,0,8.0,8.5,9.0,False
37018223,3.8,5.5,3.0,0,0,0,4.5,6.75,7.25,False
37018224,6.8,7.75,4.8,8.0,7.25,7.25,0,0,0,True
37018225,5.0,8.25,6.2,0,0,0,8.0,9.0,9.25,False
37018226,8.4,9.0,9.2,0,0,0,7.5,7.5,8.75,False
37018227,4.0,6.25,5.0,0,0,0,7.5,7.25,8.0,False
37018228,6.6,8.0,5.0,0,0,0,7.25,7.5,8.5,False
37018229,3.8,4.5,4.8,0,0,0,7.0,5.25,8.5,False
37018230,8.4,7.0,5.6,5.75,5.5,7.25,0,0,0,True
37018231,7.6,8.0,4.8,4.75,7.5,7.25,0,0,0,True
37018232,7.4,7.5,6.8,0,0,0,7.0,6.5,8.75,False
37018233,7.6,7.5,4.8,0,0,0,9.25,7.5,8.75,False
37018234,6.4,7.5,5.2,0,0,0,7.5,8.5,8.25,False
37018235,6.8,6.25,5.0,0,0,0,5.25,6.5,9.0,False
37018236,7.0,6.0,4.8,0,0,0,8.25,7.5,9.5,False
37018237,6.4,6.25,4.8,0,0,0,5.75,7.0,9.0,False
37018238,5.6,5.0,4.0,0,0,0,6.5,7.0,8.75,False
37018239,6.2,8.0,3.2,0,0,0,6.75,6.25,9.5,False
37018240,8.6,7.25,4.6,8.25,8.0,6.75,0,0,0,True
37018241,7.8,6.25,5.0,4.25,4.5,6.5,0,0,0,True
37018242,5.8,6.75,6.2,0,0,0,6.75,7.75,8.25,False
37018243,7.8,6.25,4.6,5.0,6.0,6.25,0,0,0,True
37018244,6.8,7.0,6.0,0,0,0,6.25,5.25,8.0,False
37018245,7.2,6.75,4.4,0,0,0,5.75,6.75,8.25,False
37018246,7.0,7.0,6.2,5.0,6.75,6.75,0,0,0,True
37018247,7.2,7.25,4.4,0,0,0,6.0,4.75,8.5,False
37018248,6.0,7.5,7.2,0,0,0,7.0,6.25,8.5,False
37018249,6.6,7.5,4.4,0,0,0,6.25,7.5,9.0,False
37018250,5.0,6.25,5.2,0,0,0,6.75,6.5,8.25,False
37018251,5.2,6.75,5.2,0,0,0,6.5,5.5,5.75,False
37018252,7.2,7.0,5.0,0,0,0,7.5,9.0,9.5,False
37018253,8.2,6.0,4.6,6.5,7.0,6.0,0,0,0,True
37018254,7.4,6.75,5.8,0,0,0,8.25,8.25,9.5,False
37018255,5.0,8.0,4.4,0,0,0,9.0,9.0,7.75,False
37018256,6.2,8.0,5.8,0,0,0,7.25,7.5,9.0,False
37018257,7.8,6.75,5.4,0,0,0,8.0,9.25,9.75,False
37018258,6.2,5.75,6.2,1.5,3.25,4.75,0,0,0,True
37018259,8.0,6.5,5.4,8.25,8.5,7.25,0,0,0,True
37018260,7.6,7.5,6.0,0,0,0,8.25,8.5,9.25,False
37018261,8.4,8.0,7.6,0,0,0,8.5,8.0,8.75,False
37018262,8.2,6.5,7.4,7.75,7.75,8.25,0,0,0,True
37018263,7.0,7.0,6.4,0,0,0,7.75,6.75,9.5,False
37018264,7.0,5.0,6.4,0,0,0,6.25,6.75,8.0,False
37018265,7.2,5.5,5.4,7.0,7.25,6.25,0,0,0,True
37018266,4.8,6.0,5.6,0,0,0,6.25,5.75,8.0,False
37018267,5.8,6.0,6.0,0,0,0,6.5,8.0,8.5,False
37018268,7.6,6.75,7.8,8.0,7.75,8.0,0,0,0,True
37018269,8.4,7.75,6.0,6.75,6.75,6.5,0,0,0,True
37018270,8.4,8.0,8.0,0,0,0,7.75,8.75,9.25,False
37018271,7.6,6.5,5.4,7.0,6.5,7.75,0,0,0,True
37018272,2.8,4.0,3.6,0,0,0,7.5,5.5,8.0,False
37018273,6.2,7.0,5.6,0,0,0,6.25,7.0,8.5,False
37018274,8.2,5.5,7.6,8.75,8.75,6.75,0,0,0,True
37018275,5.8,6.75,5.0,0,0,0,6.75,6.75,7.75,False
37018276,6.4,6.25,5.2,0,0,0,7.5,7.5,8.25,False
37018277,6.4,7.0,4.4,5.75,5.75,6.5,0,0,0,True
37018278,3.2,5.25,4.2,0,0,0,6.75,6.75,8.0,False
37018279,6.8,7.0,5.2,0,0,0,6.75,8.25,9.25,False
37018280,6.8,5.0,4.4,4.5,4.75,6.25,0,0,0,True
37018281,6.8,7.5,5.2,0,0,0,7.0,6.75,8.75,False
37018282,5.8,6.25,5.2,0,0,0,5.75,7.0,9.0,False
37018283,6.6,6.0,5.0,0,0,0,7.75,8.25,8.75,False
37018284,8.0,6.75,6.2,6.25,7.25,5.25,0,0,0,True
37018285,6.0,7.5,5.0,0,0,0,6.5,7.75,9.0,False
37018286,5.8,8.0,4.2,0,0,0,7.5,7.75,9.25,False
37018287,5.2,8.0,3.4,0,0,0,5.25,7.5,8.25,False
37018288,5.0,7.75,7.2,0,0,0,7.75,7.25,8.75,False
37018289,3.4,8.0,4.8,0,0,0,9.0,8.75,8.75,False
37018290,5.4,7.75,5.0,0,0,0,6.75,6.25,8.25,False
37018291,5.4,7.75,4.4,0,0,0,6.25,7.25,9.0,False
37018292,6.2,7.0,4.2,0,0,0,6.0,7.5,7.75,False
37018293,7.6,7.5,4.2,0,0,0,6.5,8.75,9.5,False
37018294,2.6,5.25,2.6,0,0,0,5.25,6.5,6.5,False
37018295,8.6,7.25,5.2,8.25,7.0,6.75,0,0,0,True
37018296,3.2,6.25,4.6,0,0,0,5.5,6.5,7.25,False
37018297,8.4,7.25,8.0,8.25,7.25,6.25,0,0,0,True
37018298,6.2,7.75,5.6,0,0,0,7.5,7.75,8.25,False
37018299,8.4,7.25,4.8,5.75,7.5,6.25,0,0,0,True
37018300,4.4,5.75,3.2,0,0,0,7.5,7.0,8.5,False
37018301,8.4,6.75,5.0,7.25,8.25,4.75,0,0,0,True
37018302,8.0,5.0,6.8,8.25,4.5,5.0,0,0,0,True
37018303,6.8,7.25,6.2,0,0,0,8.0,7.0,8.25,False
37018304,6.0,7.25,4.4,0,0,0,6.5,7.0,8.5,False
37018305,8.2,6.5,7.6,0,0,0,8.5,8.75,9.75,False
37018306,6.0,6.75,3.0,0,0,0,6.75,9.0,8.75,False
37018307,6.2,7.0,4.0,0,0,0,7.0,8.0,8.75,False
37018308,8.0,7.5,6.4,0,0,0,8.5,8.25,9.75,False
37018309,5.6,7.0,5.0,0,0,0,6.25,7.25,8.0,False
37018310,6.6,8.0,6.8,0,0,0,8.25,8.75,9.75,False
37018311,7.0,7.25,5.2,0,0,0,7.75,8.5,8.5,False
37018312,5.8,6.5,3.8,0,0,0,7.75,5.25,8.0,False
37018313,6.6,8.0,7.0,0,0,0,7.5,9.0,9.5,False
37018314,6.0,8.0,4.8,0,0,0,6.75,6.5,7.75,False
37018315,6.6,7.25,4.0,0,0,0,7.75,6.75,8.5,False
37018316,6.8,8.0,4.8,7.75,7.5,6.0,0,0,0,True
37018317,6.2,7.0,4.0,0,0,0,6.75,5.75,9.0,False
37018318,7.4,8.25,6.6,0,0,0,5.75,6.25,8.5,False
37018319,8.8,7.5,6.6,0,0,0,8.0,7.0,9.25,False
37018320,5.6,7.5,5.2,0,0,0,6.25,6.5,8.0,False
37018321,6.2,8.0,4.4,0,0,0,7.25,7.5,9.25,False
37018322,5.8,7.5,5.2,0,0,0,7.5,8.0,8.25,False
37018323,4.6,6.0,5.8,0,0,0,5.75,7.25,8.0,False
37018324,7.4,7.75,6.6,0,0,0,8.0,7.75,9.0,False
37018325,4.8,6.5,4.6,0,0,0,6.5,7.5,8.75,False
37018326,6.2,7.75,5.0,0,0,0,5.75,6.5,8.25,False
37018327,6.6,8.25,4.4,0,0,0,7.25,7.25,9.0,False
37018328,6.6,7.75,5.0,3.75,4.0,5.75,0,0,0,True
37018329,7.6,7.0,5.8,6.0,7.0,5.25,0,0,0,True
37018330,6.2,6.75,5.4,0,0,0,6.5,6.5,8.5,False
37018331,4.6,7.0,4.4,0,0,0,5.5,6.25,9.0,False
37018332,6.2,7.0,4.8,0,0,0,6.5,6.5,8.5,False
37018333,4.0,6.25,6.2,0,0,0,4.75,7.0,8.0,False
37018334,6.2,7.0,5.2,0,0,0,6.5,7.25,9.25,False
37018335,6.6,7.0,4.6,0,0,0,6.75,7.5,8.0,False
37018336,7.4,8.25,8.8,0,0,0,7.5,8.25,9.25,False
37018337,6.0,7.5,4.2,0,0,0,6.75,6.0,7.5,False
37018338,5.0,7.0,4.8,0,0,0,7.25,8.0,7.75,False
37018339,7.8,8.25,5.2,7.0,7.75,6.5,0,0,0,True
37018340,4.0,7.75,4.4,0,0,0,4.5,4.75,6.75,False
37018341,6.0,7.25,3.8,0,0,0,6.75,6.25,8.25,False
37018342,4.0,7.0,4.2,0,0,0,5.5,7.0,9.25,False
37018343,5.6,7.5,4.4,0,0,0,4.5,5.5,8.25,False
37018344,6.0,7.25,5.4,0,0,0,6.75,7.25,7.75,False
37018345,6.8,7.5,4.8,0,0,0,7.0,6.5,8.5,False
37018346,7.4,7.0,8.0,7.5,7.5,6.5,0,0,0,True
37018347,8.0,7.75,8.8,0,0,0,8.25,8.0,9.25,False
37018348,4.8,5.75,4.6,0,0,0,5.5,6.75,7.0,False
37018349,6.4,7.25,5.2,0,0,0,7.75,7.5,8.5,False
37018350,7.8,7.0,4.4,6.25,7.0,6.75,0,0,0,True
37018351,6.2,5.25,3.0,0,0,0,8.0,7.5,8.5,False
37018352,4.6,5.75,5.4,5.0,3.0,5.5,0,0,0,True
37018353,4.4,7.25,4.8,0,0,0,7.25,6.0,8.25,False
37018354,8.4,6.75,5.6,8.5,7.0,7.0,0,0,0,True
37018355,6.2,6.5,5.6,5.5,3.5,4.0,0,0,0,True
37018356,6.6,8.0,7.8,0,0,0,6.5,7.0,8.75,False
37018357,7.8,8.25,7.6,0,0,0,7.0,6.5,9.75,False
37018358,6.8,8.0,6.8,0,0,0,7.5,7.75,8.5,False
37018359,7.6,8.5,7.4,0,0,0,6.75,7.5,8.75,False
37018360,6.4,7.5,3.6,0,0,0,6.25,6.5,8.25,False
37018361,6.2,6.5,5.8,0,0,0,6.75,6.75,9.0,False
37018362,8.2,7.0,5.6,7.5,7.0,5.25,0,0,0,True
37018363,8.2,7.0,7.2,8.0,7.5,6.0,0,0,0,True
37018364,6.6,6.5,5.6,0,0,0,5.5,7.5,8.75,False
37018365,5.6,5.75,4.2,0,0,0,6.5,5.25,8.25,False
37018366,7.8,7.25,7.2,8.0,7.25,7.0,0,0,0,True
37018367,8.6,6.5,5.2,7.5,7.5,6.25,0,0,0,True
37018368,6.2,7.0,4.6,0,0,0,6.75,7.75,9.5,False
37018369,6.6,6.0,5.6,4.75,6.0,3.25,0,0,0,True
37018370,6.8,7.5,6.2,0,0,0,7.25,7.25,8.75,False
37018371,7.4,6.75,7.0,0,0,0,8.75,8.5,9.5,False
37018372,7.2,5.75,4.6,0,0,0,7.0,8.25,8.5,False
37018373,4.0,6.75,4.4,0,0,0,7.0,6.75,8.25,False
37018374,6.2,6.5,4.8,0,0,0,6.5,6.75,7.75,False
37018375,6.2,6.25,5.6,0,0,0,7.5,7.25,9.5,False
37018376,4.6,6.0,5.2,0,0,0,6.5,7.0,8.75,False
37018377,5.0,5.75,5.4,0,0,0,6.5,6.0,8.5,False
37018378,2.6,4.25,5.2,0,0,0,7.0,6.75,8.0,False
37018379,7.8,7.5,7.4,6.25,5.75,6.25,0,0,0,True
37018380,5.8,6.25,6.6,0,0,0,7.0,7.5,8.5,False
37018381,7.2,7.0,5.8,6.5,7.0,8.25,0,0,0,True
37018382,3.4,7.25,6.4,0,0,0,6.5,5.75,8.75,False
37018383,7.8,8.75,8.4,0,0,0,8.0,8.25,9.0,False
37018384,4.4,7.75,6.0,0,0,0,7.25,7.75,8.5,False
37018385,8.0,8.25,8.0,7.0,6.25,6.0,0,0,0,True
37018386,7.6,7.75,4.6,5.5,6.5,6.5,0,0,0,True
37018387,6.6,4.5,5.6,4.75,4.75,5.75,0,0,0,True
37018388,5.6,7.75,6.6,0,0,0,7.0,7.75,8.75,False
37018389,7.0,8.5,7.0,0,0,0,9.0,8.5,9.25,False
37018390,6.4,7.0,4.2,0,0,0,6.5,5.5,8.0,False
37018391,6.4,7.0,7.0,0,0,0,7.5,6.25,8.25,False
37018392,7.0,7.0,6.0,0,0,0,5.75,8.5,9.5,False
37018393,8.2,7.0,8.2,4.25,3.75,6.0,0,0,0,True
37018394,5.6,6.5,7.2,0,0,0,7.0,6.25,7.75,False
37018395,8.0,8.0,8.4,8.0,7.75,6.25,0,0,0,True
37018396,6.4,8.0,6.2,0,0,0,6.25,8.5,9.25,False
37018397,5.8,7.0,5.4,0,0,0,4.75,7.5,7.75,False
37018398,5.6,6.75,5.8,0,0,0,6.75,7.0,8.5,False
37018399,8.0,7.0,4.6,8.5,7.5,6.25,0,0,0,True
37018400,2.8,5.75,4.6,0,0,0,4.25,6.5,8.75,False
37018401,5.8,6.5,6.0,0,0,0,6.5,5.5,8.0,False
37018402,7.8,6.5,5.0,5.5,6.0,4.75,0,0,0,True
37018403,5.8,7.5,4.0,0,0,0,7.25,6.0,8.5,False
37018404,7.0,8.25,6.0,0,0,0,7.0,6.5,10.0,False
37018405,5.6,5.0,4.8,0,0,0,7.0,7.25,9.0,False
37018406,8.2,6.75,5.2,6.75,7.5,6.5,0,0,0,True
37018407,8.2,7.5,6.6,5.0,6.0,6.0,0,0,0,True
37018408,8.2,8.25,7.0,0,0,0,7.25,7.0,9.5,False
37018409,7.6,7.5,5.4,0,0,0,6.75,6.5,8.75,False
37018410,7.6,9.0,7.2,0,0,0,7.0,7.25,9.0,False
37018411,6.2,7.25,5.8,3.5,4.5,7.0,0,0,0,True
37018412,6.6,7.5,6.2,0,0,0,7.5,7.25,9.5,False
37018413,6.8,7.25,5.0,0,0,0,5.75,7.5,9.0,False
37018414,6.8,7.25,7.0,0,0,0,6.0,6.25,8.75,False
37018415,6.4,7.5,6.0,0,0,0,6.0,6.5,9.0,False
37018416,5.2,7.75,5.6,0,0,0,6.75,7.25,8.0,False
37018417,8.4,8.5,7.4,0,0,0,7.75,9.0,9.25,False
37018418,6.2,7.5,6.6,0,0,0,8.0,8.5,9.0,False
37018419,7.4,7.0,5.2,0,0,0,5.75,8.0,9.0,False
37018420,6.2,7.0,3.8,0,0,0,5.5,7.0,8.0,False
37018421,3.4,7.0,5.4,0,0,0,6.75,6.0,7.25,False
37018422,7.8,7.5,6.6,0,0,0,6.75,5.25,8.25,False
37018423,8.2,8.5,7.8,0,0,0,9.0,8.75,9.25,False
37018424,5.4,7.0,5.0,0,0,0,6.75,7.5,8.25,False
37018425,8.2,8.5,8.0,0,0,0,8.0,8.5,9.75,False
37018426,5.4,6.5,4.8,0,0,0,6.25,7.75,8.25,False
37018427,5.4,8.0,4.6,0,0,0,5.0,7.25,9.25,False
37018428,6.2,7.75,5.0,0,0,0,6.0,9.0,9.75,False
37018429,5.2,6.5,4.0,0,0,0,6.0,6.5,8.75,False
37018430,7.0,5.75,4.4,0,0,0,6.25,8.0,9.25,False
37018431,8.2,7.5,8.2,7.5,5.0,5.25,0,0,0,True
37018432,5.4,7.0,4.4,0,0,0,7.0,7.5,8.5,False
37018433,8.0,7.25,5.0,0,0,0,6.5,7.0,8.75,False
37018434,7.0,6.5,5.6,0,0,0,6.75,6.25,8.5,False
37018435,6.2,7.75,4.4,0,0,0,7.0,7.25,9.5,False
37018436,8.0,8.5,7.8,0,0,0,7.5,8.75,9.25,False
37018437,7.6,8.0,4.8,4.75,3.5,7.0,0,0,0,True
37018438,6.4,7.25,5.2,0,0,0,7.5,8.0,9.5,False
37018439,8.6,7.5,7.0,7.75,6.75,6.5,0,0,0,True
37018440,6.0,6.5,3.0,0,0,0,8.25,6.75,9.25,False
37018441,5.2,6.0,3.4,0,0,0,7.0,5.5,8.0,False
37018442,5.0,3.0,4.4,0,0,0,5.25,5.0,7.25,False
37018443,6.2,6.0,4.8,0,0,0,6.25,6.25,9.5,False
37018444,6.2,6.0,7.4,0,0,0,7.0,8.25,9.25,False
37018445,6.0,7.0,4.2,0,0,0,7.5,8.25,8.75,False
37018446,6.0,5.25,2.8,0,0,0,7.5,6.0,7.75,False
37018447,6.6,7.0,4.4,0,0,0,7.5,7.75,9.0,False
37018448,4.8,5.25,2.6,0,0,0,7.0,5.0,8.5,False
37018449,5.6,7.0,3.4,0,0,0,7.25,5.75,8.0,False
37018450,7.0,8.0,4.6,0,0,0,9.75,9.25,9.0,False
37018451,1.8,5.0,2.6,0,0,0,2.25,2.5,5.25,False
37018452,4.8,7.5,2.6,0,0,0,6.75,7.5,9.0,False
37018453,4.2,5.25,3.6,0,0,0,5.5,5.5,6.25,False
37018454,6.8,7.0,6.4,0,0,0,7.0,8.25,9.0,False
37018455,6.4,5.0,4.8,0,0,0,7.5,6.75,8.5,False
37018456,7.2,7.0,4.6,0,0,0,8.0,7.5,9.5,False
37018457,7.8,7.0,5.6,7.75,8.0,7.0,0,0,0,True
37018458,3.8,4.75,2.6,0,0,0,7.0,6.5,8.0,False
37018459,6.2,4.0,3.0,0,0,0,5.75,6.5,6.25,False
37018460,7.4,6.0,3.0,0,0,0,4.75,4.75,5.25,False
37018461,7.0,5.25,3.4,0,0,0,5.75,6.75,7.25,False
37018462,7.6,7.25,4.8,7.75,7.25,5.25,0,0,0,True
37018463,6.8,6.25,3.6,0,0,0,6.75,7.0,7.75,False
37018464,4.8,5.75,5.2,0,0,0,6.25,4.75,8.25,False
37018465,4.6,6.75,3.6,0,0,0,5.75,7.0,8.25,False
37018466,5.2,3.75,4.0,0,0,0,4.75,6.0,7.0,False
37018468,6.6,4.25,3.6,0,0,0,7.5,5.5,7.0,False
37018469,6.4,8.0,5.2,0,0,0,8.25,9.0,8.5,False
37018470,6.0,4.0,4.2,0,0,0,7.5,5.25,7.0,False
37018471,8.0,7.75,6.0,8.0,9.0,5.75,0,0,0,True
37018472,7.0,6.25,6.0,0,0,0,6.75,7.75,9.5,False
37018473,7.6,7.0,6.4,7.5,8.25,6.25,0,0,0,True
37018474,6.2,6.25,0,0,0,0,6.5,6.25,7.5,False
37018475,6.0,7.0,3.8,0,0,0,8.0,7.0,8.25,False
37018477,7.0,6.25,7.2,0,0,0,8.0,7.5,9.0,False
37018478,4.8,6.25,3.8,0,0,0,5.25,6.25,7.25,False
37018479,7.2,5.5,6.0,8.75,7.5,6.5,0,0,0,True
37018480,5.6,6.5,4.4,0,0,0,6.25,7.25,7.0,False
37018481,5.0,3.5,5.4,0,0,0,5.75,4.25,7.0,False
37018482,4.6,5.75,6.8,0,0,0,5.75,6.75,8.25,False
37018483,2.8,6.75,2.6,0,0,0,6.25,5.5,7.5,False
37018484,4.2,5.5,2.2,0,0,0,7.25,7.0,9.25,False
37018485,4.2,5.25,4.2,0,0,0,2.75,6.0,7.75,False
37018486,4.8,6.25,5.0,0,0,0,5.75,7.75,8.75,False
37018487,6.2,5.25,4.2,0,0,0,6.0,5.5,9.25,False
37018488,2.8,4.5,3.6,0,0,0,4.25,3.25,5.75,False
37018489,3.0,5.75,3.4,0,0,0,5.5,5.25,4.75,False
37018490,5.4,5.25,7.0,0,0,0,7.0,5.5,7.25,False
37018491,2.4,6.25,5.0,0,0,0,7.0,7.25,7.25,False
37018492,2.4,3.5,3.8,0,0,0,3.25,3.75,5.0,False
37018493,8.2,7.5,8.6,0,0,0,7.25,8.25,8.0,False
37018494,3.0,2.75,2.8,0,0,0,3.75,4.5,5.5,False
37018495,5.4,6.25,4.8,0,0,0,4.0,4.75,7.25,False
37018496,7.8,7.25,5.6,8.25,8.5,7.0,0,0,0,True
37018497,8.6,7.75,8.0,8.5,8.5,8.0,0,0,0,True
37018498,6.4,5.75,7.2,0,0,0,4.75,5.75,7.0,False
37018499,5.8,6.75,3.6,0,0,0,8.0,9.25,8.75,False
37018500,4.8,5.5,2.8,0,0,0,6.75,6.75,7.5,False
37018501,2.6,3.75,5.4,0,0,0,4.25,3.25,5.5,False
37018502,8.4,6.5,5.4,8.75,9.0,9.0,0,0,0,True
37018503,4.6,5.5,4.4,0,0,0,5.5,4.75,5.25,False
37018504,6.6,6.75,4.0,0,0,0,6.75,6.0,8.25,False
37018505,4.0,6.0,4.4,0,0,0,5.5,4.75,8.0,False
37018506,7.4,5.5,4.8,0,0,0,6.5,6.5,8.25,False
37018507,7.2,6.5,2.2,0,0,0,6.0,7.75,8.0,False
37018508,7.6,5.25,5.6,7.0,7.25,5.0,0,0,0,True
37018509,5.8,5.5,2.6,0,0,0,6.25,6.5,8.75,False
37018510,5.4,4.5,2.2,0,0,0,4.25,3.0,4.25,False
37018511,3.6,5.0,3.6,0,0,0,4.0,4.5,7.0,False
37018512,7.6,6.25,4.6,7.75,8.0,6.5,0,0,0,True
37018513,7.2,3.75,3.6,0,0,0,5.25,5.5,6.75,False
37018514,7.4,4.75,4.6,0,0,0,5.25,8.0,7.5,False
37018515,4.6,5.0,4.2,0,0,0,3.5,4.5,5.25,False
37018516,3.2,4.25,2.2,0,0,0,4.25,4.0,4.0,False
37018517,3.8,4.5,3.4,0,0,0,5.0,6.0,7.25,False
37018518,6.6,5.75,3.2,0,0,0,6.5,8.25,8.5,False
37018519,6.4,3.5,3.4,0,0,0,5.25,5.5,7.25,False
37018520,3.6,5.0,4.2,0,0,0,4.25,4.75,4.0,False
37018521,4.8,4.5,2.6,0,0,0,5.5,5.25,6.5,False
37018522,3.4,4.0,3.4,0,0,0,5.75,6.75,5.75,False
37018523,7.4,5.75,4.8,7.75,7.25,5.5,0,0,0,True
37018524,8.8,6.5,3.0,8.0,8.5,5.5,0,0,0,True
37018525,5.4,4.0,5.4,0,0,0,4.75,5.25,8.25,False
37018526,3.8,3.25,2.0,0,0,0,3.25,3.25,7.75,False
37018527,8.4,7.0,8.6,8.5,8.5,5.25,0,0,0,True
37018528,7.6,6.25,6.4,0,0,0,5.75,4.25,8.0,False
37018529,3.0,3.0,2.8,0,0,0,6.25,6.5,6.5,False
37018530,7.0,5.0,5.6,0,0,0,6.0,5.0,7.75,False
37018531,5.0,5.75,3.6,0,0,0,7.25,7.5,7.5,False
37018532,8.2,6.75,4.6,7.5,8.75,8.5,0,0,0,True
37018533,5.4,4.0,5.6,0,0,0,5.25,6.0,6.5,False
37018534,4.6,6.75,5.8,0,0,0,6.5,8.0,7.75,False
37018535,3.0,5.0,5.0,0,0,0,6.0,5.0,5.5,False
37018536,6.2,7.0,5.2,0,0,0,7.5,7.75,8.25,False
37018537,6.2,7.25,5.4,0,0,0,7.25,8.25,8.5,False
37018538,6.4,3.75,3.8,0,0,0,6.25,7.0,8.25,False
37018539,7.0,5.75,5.8,0,0,0,6.0,8.25,8.25,False
37018540,8.4,6.75,7.4,7.75,8.5,8.25,0,0,0,True
37018541,7.0,7.75,5.6,0,0,0,4.75,7.5,8.0,False
37018542,3.2,2.5,2.0,0,0,0,6.0,7.5,8.25,False
37018543,5.6,4.0,4.4,0,0,0,6.75,7.75,7.5,False
37018544,4.2,4.75,3.2,0,0,0,6.75,4.75,7.0,False
37018545,4.4,5.5,2.6,0,0,0,6.0,6.75,5.75,False
37018546,7.4,6.0,5.8,7.25,7.75,7.0,0,0,0,True
37018547,6.8,4.25,5.6,0,0,0,6.5,6.5,7.5,False
37018548,7.6,6.5,8.2,0,0,0,6.5,7.5,8.0,False
37018549,4.8,3.5,3.4,0,0,0,7.25,8.25,6.5,False
37018550,4.2,4.25,3.2,0,0,0,5.0,4.5,6.5,False
37018551,7.8,5.25,6.8,7.0,8.25,5.75,0,0,0,True
37018552,8.4,8.25,8.0,7.0,8.75,7.25,0,0,0,True
37018553,8.6,7.5,6.8,7.5,8.0,6.25,0,0,0,True
37018554,4.2,6.25,3.0,0,0,0,4.0,6.25,8.0,False
37018555,4.2,5.0,4.0,0,0,0,5.0,6.25,7.0,False
37018556,4.2,5.0,2.8,0,0,0,5.75,6.25,8.75,False
37018557,3.4,5.25,2.4,0,0,0,5.25,4.25,5.0,False
37018558,6.0,6.0,5.2,0,0,0,6.75,6.75,8.5,False
37018559,4.0,5.0,2.4,0,0,0,5.25,2.25,5.25,False
37018560,7.2,7.5,5.8,0,0,0,9.75,9.75,8.75,False
37018561,7.4,4.5,5.0,0,0,0,8.5,9.5,7.5,False
37018562,5.8,4.25,3.8,0,0,0,5.75,5.5,6.25,False
37018563,7.0,6.5,4.0,0,0,0,7.0,6.5,8.5,False
37018564,6.0,5.75,4.2,0,0,0,9.0,7.5,9.0,False
37018565,6.0,6.0,5.2,0,0,0,7.25,6.25,9.0,False
37018566,6.8,6.5,5.0,7.0,9.25,8.0,0,0,0,True
37018567,4.4,6.0,4.0,0,0,0,6.0,6.75,6.25,False
37018568,6.6,4.25,5.0,0,0,0,7.25,5.25,9.0,False
37018569,5.8,6.0,4.0,0,0,0,7.0,6.5,8.25,False
37018570,5.4,3.5,5.4,0,0,0,6.5,7.0,7.75,False
37018571,5.4,5.5,5.2,0,0,0,6.5,5.75,8.25,False
37018572,7.6,6.75,7.0,8.0,9.0,7.0,0,0,0,True
37018573,7.8,5.75,2.6,0,0,0,6.0,6.75,8.0,False
37018574,6.8,7.5,7.2,5.0,6.5,5.75,0,0,0,True
37018575,7.8,5.5,4.4,7.75,7.25,7.0,0,0,0,True
37018576,7.6,5.0,4.4,0,0,0,6.25,5.75,7.5,False
37018577,6.8,4.5,5.2,0,0,0,7.25,7.25,7.75,False
37018578,6.4,3.5,1.8,0,0,0,7.25,7.5,8.75,False
37018579,7.4,6.75,6.4,5.5,7.0,4.75,0,0,0,True
37018580,7.0,4.25,4.0,0,0,0,7.75,5.0,7.0,False
37018581,6.8,5.75,3.0,0,0,0,8.0,7.5,8.0,False
37018582,6.8,6.5,4.0,0,0,0,8.5,7.5,9.0,False
37018583,6.6,4.0,4.6,0,0,0,8.0,8.5,7.75,False
37018584,5.6,5.25,5.2,0,0,0,7.75,8.0,8.25,False
37018585,7.0,3.75,4.4,0,0,0,6.25,5.5,8.75,False
37018586,7.2,6.25,2.2,8.0,6.5,5.0,0,0,0,True
37018587,7.2,3.5,2.4,0,0,0,7.0,5.5,8.75,False
37018588,6.4,5.0,3.2,0,0,0,6.75,4.5,6.0,False
37018589,4.8,4.5,4.8,0,0,0,8.25,5.75,9.0,False
37018590,5.8,6.75,4.8,0,0,0,7.5,7.25,9.0,False
37018591,7.4,7.0,4.2,0,0,0,8.5,8.0,8.75,False
37018592,6.0,3.5,4.8,0,0,0,5.75,3.75,4.5,False
37018593,7.2,6.25,4.4,0,0,0,7.0,7.75,8.25,False
37018594,7.0,8.5,5.8,0,0,0,7.25,8.0,7.25,False
37018595,5.2,5.5,2.6,0,0,0,5.25,5.75,6.75,False
37018596,5.6,4.5,2.4,0,0,0,6.5,6.5,8.0,False
37018597,7.4,5.75,5.6,5.25,7.0,6.0,0,0,0,True
37018598,8.2,8.0,6.8,0,0,0,9.0,8.0,9.25,False
37018599,8.4,7.75,5.6,7.75,8.75,6.25,0,0,0,True
37018600,5.4,7.75,3.0,0,0,0,6.0,7.0,8.25,False
37018601,6.8,5.75,5.0,0,0,0,6.25,6.0,7.0,False
37018602,6.8,5.75,3.8,0,0,0,4.5,6.5,8.5,False
37018603,7.8,6.25,4.2,0,0,0,5.5,8.25,7.5,False
37018604,6.0,4.75,3.8,0,0,0,5.75,7.75,7.75,False
37018605,7.2,3.75,4.6,0,0,0,4.75,7.0,7.75,False
37018606,7.0,7.25,8.2,7.0,5.75,5.0,0,0,0,True
37018607,5.0,2.25,5.8,0,0,0,4.25,4.75,3.25,False
37018608,3.6,3.0,3.8,0,0,0,4.75,4.5,4.25,False
37018609,6.6,5.5,3.2,6.0,5.25,4.5,0,0,0,True
37018610,6.6,5.5,3.0,0,0,0,6.0,7.25,8.0,False
37018611,6.8,6.0,3.0,7.25,7.0,5.0,0,0,0,True
37018612,4.6,4.75,3.4,0,0,0,4.0,5.75,6.25,False
37018613,6.0,5.0,4.6,0,0,0,5.0,6.75,8.5,False
37018614,4.6,6.0,3.8,0,0,0,5.75,6.75,7.25,False
37018615,6.8,6.5,3.2,6.0,7.5,5.0,0,0,0,True
37018616,2.8,5.75,3.0,0,0,0,6.0,7.25,8.25,False
37018617,4.4,8.0,4.8,0,0,0,9.0,9.25,8.0,False
37018618,7.8,8.0,3.6,0,0,0,8.5,8.75,9.5,False
37018619,6.8,6.0,3.4,0,0,0,7.5,7.75,8.25,False
37018620,7.4,5.0,4.6,7.0,7.0,6.25,0,0,0,True
37018621,6.4,7.25,4.8,0,0,0,8.5,7.0,9.25,False
37018622,5.0,4.75,4.8,0,0,0,8.0,5.0,7.75,False
37018623,2.8,3.0,2.4,0,0,0,4.5,5.75,4.75,False
37018624,3.0,2.75,3.6,0,0,0,4.75,4.75,4.5,False
37018625,1.8,4.0,2.6,0,0,0,3.25,2.75,4.0,False
37018626,6.0,6.75,5.2,0,0,0,7.25,6.5,8.5,False
37018627,6.0,4.25,3.4,0,0,0,7.25,7.0,7.75,False
37018628,3.4,5.5,3.6,0,0,0,5.5,6.5,8.0,False
37018629,5.0,5.5,5.0,0,0,0,6.75,7.5,9.5,False
37018630,6.0,6.75,4.4,0,0,0,7.75,7.5,8.25,False
37018631,5.6,3.5,3.8,0,0,0,7.25,6.0,7.75,False
37018632,6.8,5.5,3.0,0,0,0,6.0,5.75,7.25,False
37018633,7.0,6.0,5.4,0,0,0,7.25,7.5,8.5,False
37018634,7.4,6.0,6.6,0,0,0,6.75,6.25,8.25,False
37018635,6.8,6.75,5.6,0,0,0,6.0,7.5,9.0,False
37018636,6.0,3.75,4.2,0,0,0,5.25,7.75,6.75,False
37018637,6.4,3.75,6.6,0,0,0,5.5,5.5,5.75,False
37018638,5.6,3.75,4.4,0,0,0,6.0,5.5,7.25,False
37018639,6.8,5.25,4.6,0,0,0,5.75,4.0,6.5,False
37018640,7.0,7.75,5.8,0,0,0,7.0,6.75,8.75,False
37018641,6.0,5.0,5.0,0,0,0,7.5,5.75,7.75,False
37018642,8.2,6.5,7.4,7.75,7.75,6.0,0,0,0,True
37018643,5.0,7.0,4.0,0,0,0,8.25,8.5,8.5,False
37018644,5.6,5.0,5.2,0,0,0,6.75,6.0,7.0,False
37018645,6.8,7.25,5.6,0,0,0,6.25,7.75,8.5,False
37018646,7.4,7.75,5.6,7.0,8.0,6.75,0,0,0,True
37018647,5.0,5.25,4.4,0,0,0,5.75,7.0,7.75,False
37018648,6.0,5.5,6.0,0,0,0,5.5,7.0,7.75,False
37018649,5.8,7.5,4.2,0,0,0,7.0,7.0,7.5,False
37018650,5.4,6.5,4.4,0,0,0,7.0,6.5,8.0,False
37018651,3.4,5.5,4.4,0,0,0,6.25,5.75,4.75,False
37018652,6.6,7.25,5.0,0,0,0,7.75,6.75,7.75,False
37018653,6.0,5.5,4.6,0,0,0,7.25,6.75,7.75,False
37018654,7.8,6.75,5.0,0,0,0,7.75,6.75,8.0,False
37018655,6.4,7.0,5.4,0,0,0,6.5,8.0,9.25,False
37018656,7.6,7.0,5.6,4.5,7.25,6.25,0,0,0,True
37018657,7.2,6.0,3.2,0,0,0,6.0,6.25,8.25,False
37018658,7.8,7.25,6.8,8.0,7.0,6.5,0,0,0,True
37018659,5.8,6.25,5.4,0,0,0,5.75,7.75,9.0,False
37018660,4.8,5.0,3.6,0,0,0,6.75,6.5,7.5,False
37018661,5.2,4.5,5.4,0,0,0,7.25,8.25,8.75,False
37018662,5.6,3.0,3.6,0,0,0,7.25,5.5,7.25,False
37018663,6.0,5.25,4.4,0,0,0,8.25,7.0,8.5,False
37018664,7.4,6.0,7.4,0,0,0,9.25,8.5,9.0,False
37018665,6.6,6.0,4.4,0,0,0,6.75,6.25,8.75,False
37018666,4.2,4.5,5.6,0,0,0,6.75,6.25,7.5,False
37018667,3.8,4.5,4.2,0,0,0,6.5,6.0,7.75,False
37018668,8.4,6.25,9.0,8.25,7.0,7.5,0,0,0,True
37018669,7.6,7.25,5.0,0,0,0,6.25,8.0,9.25,False
37018670,6.2,6.0,5.0,0,0,0,6.0,5.0,7.25,False
37018671,7.6,8.25,8.8,0,0,0,8.25,9.0,9.0,False
37018672,7.0,8.25,7.0,0,0,0,9.25,10.0,8.25,False
37018673,8.2,7.75,8.2,8.0,8.25,6.25,0,0,0,True
37018674,1.8,3.0,3.6,0,0,0,2.75,5.25,6.25,False
37018675,5.0,5.75,4.4,0,0,0,3.0,6.25,8.0,False
37018676,3.8,4.5,3.2,0,0,0,4.0,4.5,7.0,False
37018677,5.0,5.0,3.6,0,0,0,6.5,6.75,8.75,False
37018678,5.4,4.75,4.8,0,0,0,6.25,5.75,6.25,False
37018679,5.2,3.0,3.2,0,0,0,5.5,3.5,7.75,False
37018680,6.6,3.75,5.4,0,0,0,5.75,6.75,8.25,False
37018681,6.4,3.25,4.4,0,0,0,5.5,7.0,8.0,False
37018682,7.6,5.0,3.4,8.5,7.5,4.75,0,0,0,True
37018683,7.8,5.0,3.2,8.5,8.5,4.0,0,0,0,True
37018684,4.0,5.0,3.0,0,0,0,6.25,5.5,8.5,False
37018685,6.6,6.5,4.6,0,0,0,6.25,4.75,8.5,False
37018686,6.0,6.5,4.0,0,0,0,6.5,6.25,9.5,False
37018687,6.6,5.0,4.6,0,0,0,6.5,6.25,9.25,False
37018688,5.4,6.0,5.8,0,0,0,7.0,4.75,9.0,False
37018689,7.4,6.0,5.6,0,0,0,5.75,7.75,8.75,False
37018690,3.0,4.25,4.0,0,0,0,4.75,4.25,5.75,False
37018691,6.4,5.0,3.2,0,0,0,7.0,7.0,9.0,False
37018692,4.8,4.0,2.6,0,0,0,4.5,6.0,7.0,False
37018693,6.4,5.25,5.2,0,0,0,5.25,4.75,8.0,False
37018694,5.6,4.25,5.2,0,0,0,6.0,6.0,7.75,False
37018695,6.0,6.5,5.8,0,0,0,6.75,6.5,8.75,False
37018696,6.6,5.5,6.2,0,0,0,7.25,6.75,9.0,False
37018697,7.6,8.0,7.6,0,0,0,6.25,5.75,7.25,False
37018698,6.0,7.75,4.6,0,0,0,5.25,4.5,8.25,False
37018699,7.0,3.75,4.6,0,0,0,4.25,6.0,4.5,False
37018700,7.0,6.0,7.4,6.25,5.25,5.25,0,0,0,True
37018701,2.8,2.25,3.2,0,0,0,5.5,4.0,4.25,False
37018702,5.2,5.0,4.8,0,0,0,5.75,6.25,7.75,False
37018703,5.0,3.5,5.2,0,0,0,5.25,6.0,8.75,False
37018704,6.0,5.5,4.6,0,0,0,6.25,6.0,7.75,False
37018705,7.0,5.75,4.6,0,0,0,6.5,7.25,8.25,False
37018706,5.8,4.25,5.0,0,0,0,6.0,5.25,7.75,False
37018707,7.0,4.75,6.0,0,0,0,6.25,7.0,9.5,False
37018708,6.6,6.5,5.6,0,0,0,5.5,5.75,8.0,False
37018709,5.2,2.5,4.0,0,0,0,5.5,5.25,4.75,False
37018710,8.2,6.75,6.0,7.75,9.0,5.75,0,0,0,True
37018711,5.8,4.0,4.6,0,0,0,2.5,6.5,9.75,False
37018712,4.0,4.0,3.0,0,0,0,4.25,5.0,6.25,False
37018713,5.4,4.0,2.6,0,0,0,4.75,5.25,4.75,False
37018714,6.2,4.25,3.8,0,0,0,4.0,6.75,7.5,False
37018715,7.2,6.25,2.6,6.25,6.0,6.5,0,0,0,True
37018716,5.6,3.5,4.2,0,0,0,3.75,4.5,6.0,False
37018717,4.6,6.5,3.8,0,0,0,6.5,6.75,8.0,False
37018718,3.4,5.75,3.8,0,0,0,5.0,5.75,7.25,False
37018719,4.4,2.0,3.6,0,0,0,5.25,6.25,5.75,False
37018720,5.4,1.75,4.4,0,0,0,4.5,4.0,4.5,False
37018721,7.2,3.75,3.2,0,0,0,5.25,6.75,6.5,False
37018722,4.2,6.0,3.8,0,0,0,6.5,7.0,8.5,False
37018723,3.4,6.75,3.4,0,0,0,7.0,6.75,6.25,False
37018724,4.2,4.75,5.4,0,0,0,7.25,3.75,6.75,False
37018725,5.2,4.25,3.4,0,0,0,6.25,6.0,6.75,False
37018726,5.0,2.5,6.4,0,0,0,5.5,4.5,8.25,False
37018727,4.4,2.0,3.4,0,0,0,4.25,5.5,5.25,False
37018728,8.6,6.75,8.0,0,0,0,5.75,7.25,7.25,False
37018729,2.8,2.75,3.8,0,0,0,4.5,4.25,6.0,False
37018730,4.0,8.0,5.2,0,0,0,4.75,6.25,8.5,False
37018731,4.2,7.0,3.8,0,0,0,8.25,7.25,8.25,False
37018732,5.4,5.25,5.8,0,0,0,3.75,5.75,6.0,False
37018733,5.4,4.25,3.4,0,0,0,5.75,6.25,7.25,False
37018734,2.8,3.5,4.8,0,0,0,2.5,3.75,2.5,False
37018735,3.2,3.75,3.6,0,0,0,3.75,5.25,3.0,False
37018736,8.2,5.25,6.6,6.75,9.25,8.25,0,0,0,True
37018737,6.4,5.75,3.2,0,0,0,7.0,6.25,7.0,False
37018738,2.4,2.0,5.6,0,0,0,5.5,3.75,4.0,False
37018739,4.8,5.75,4.6,0,0,0,5.25,7.5,8.75,False
37018740,6.2,6.0,5.2,0,0,0,6.25,5.25,6.75,False
37018741,5.2,7.0,7.6,0,0,0,4.5,6.0,6.5,False
37018742,7.6,5.5,8.0,0,0,0,8.25,4.0,7.25,False
37018743,6.0,6.25,6.4,0,0,0,7.5,7.0,7.75,False
37018744,7.2,5.5,8.2,6.25,8.25,6.75,0,0,0,True
37018745,9.0,8.0,8.4,9.25,9.0,7.5,0,0,0,True
37018746,6.0,5.0,8.4,0,0,0,6.5,4.0,7.25,False
37018747,7.8,5.75,8.2,7.5,7.25,6.25,0,0,0,True
37018748,5.0,6.5,6.0,0,0,0,6.5,5.5,6.75,False
37018749,4.8,5.0,5.2,0,0,0,5.0,6.75,7.25,False
37018750,7.0,6.25,6.8,0,0,0,5.5,8.0,7.5,False
37018751,5.6,5.5,6.2,0,0,0,6.25,5.5,6.75,False
37018752,7.0,5.0,7.0,0,0,0,9.5,7.0,8.0,False
37018753,6.8,3.5,6.8,0,0,0,7.5,5.5,7.25,False
37018754,4.2,3.5,4.0,0,0,0,4.75,5.0,7.25,False
37018755,5.8,3.5,6.4,0,0,0,5.0,3.25,7.0,False
37018756,4.8,5.0,4.0,0,0,0,5.75,5.5,8.0,False
37018757,6.0,3.75,7.2,0,0,0,5.25,5.25,7.75,False
37018758,3.8,3.5,2.2,0,0,0,3.25,3.5,4.5,False
37018759,3.2,4.5,7.0,0,0,0,5.75,6.0,7.0,False
37018760,4.6,5.5,2.8,0,0,0,7.75,5.5,7.5,False
37018761,5.2,4.0,0,0,0,0,5.5,5.25,0,False
37018762,4.6,4.25,5.2,0,0,0,6.0,4.5,4.5,False
37018763,3.4,4.25,5.2,0,0,0,4.75,5.0,8.0,False
37018764,5.8,2.5,5.4,0,0,0,5.0,2.25,5.5,False
37018765,2.0,1.75,5.0,0,0,0,4.25,2.75,3.5,False
37018766,4.4,3.75,4.2,0,0,0,6.5,6.25,6.75,False
37018767,3.4,7.25,3.8,0,0,0,7.5,8.5,8.5,False
37018768,4.2,5.75,0,0,0,0,6.25,5.75,0,False
37018769,4.4,5.75,5.8,0,0,0,4.75,4.5,5.75,False
37018770,3.2,4.75,3.2,0,0,0,5.25,4.5,4.75,False
37018771,4.6,6.75,6.4,0,0,0,7.5,6.75,8.5,False
37018772,3.2,6.25,4.4,0,0,0,6.0,6.75,7.75,False
37018773,3.4,6.0,6.2,0,0,0,6.0,5.25,7.0,False
37018774,5.2,7.0,8.8,0,0,0,7.75,7.5,8.5,False
37018775,7.6,7.75,5.8,6.5,8.0,7.75,0,0,0,True
37018776,6.0,7.0,5.8,0,0,0,7.0,8.5,8.0,False
37018777,5.0,5.0,4.0,0,0,0,6.75,6.5,7.75,False
37018778,4.4,3.75,3.8,0,0,0,3.5,6.0,6.0,False
37018779,4.4,5.0,5.4,0,0,0,7.0,5.5,7.75,False
37018780,3.8,5.75,4.8,0,0,0,7.25,5.25,7.0,False
37018781,2.6,5.0,3.4,0,0,0,2.5,4.0,6.5,False
37018782,4.0,5.25,4.2,0,0,0,5.0,5.5,8.25,False
37018783,6.2,6.75,5.0,0,0,0,7.75,7.5,7.5,False
37018784,7.2,7.75,5.0,0,0,0,8.5,7.75,8.25,False
37018785,2.0,5.25,2.8,0,0,0,4.75,5.0,4.75,False
37018786,7.4,6.25,6.2,6.75,9.0,8.5,0,0,0,True
37018787,7.4,8.25,7.8,0,0,0,7.25,8.75,7.75,False
37018788,6.2,6.5,5.8,5.5,6.75,6.75,0,0,0,True
37018789,3.8,2.5,5.6,0,0,0,3.0,4.5,4.0,False
37018790,4.8,5.5,6.4,0,0,0,6.75,6.0,6.5,False
37018791,2.6,2.5,2.8,0,0,0,4.75,4.25,5.5,False
37018792,6.2,5.0,5.4,0,0,0,6.75,4.75,8.0,False
37018793,7.2,5.5,0,0,0,0,7.75,6.75,0,False
37018794,7.6,7.5,9.0,0,0,0,9.5,9.5,8.5,False
37018795,5.6,5.0,4.8,0,0,0,6.25,7.25,7.75,False
37018796,6.0,7.25,8.4,0,0,0,5.25,7.75,7.0,False
37018797,7.4,6.75,7.4,0,0,0,6.75,6.75,9.25,False
37018798,7.2,7.0,7.6,0,0,0,8.75,8.75,9.25,False
37018799,3.8,5.75,2.8,0,0,0,5.5,6.5,7.5,False
37018800,6.2,8.25,9.0,0,0,0,6.25,7.5,8.0,False
37018801,7.0,7.5,8.6,0,0,0,7.5,8.0,8.5,False
37018802,7.4,8.0,8.8,6.5,8.25,8.0,0,0,0,True
37018803,6.8,5.0,5.2,0,0,0,5.25,7.25,8.5,False
37018804,7.6,7.25,8.2,5.25,7.25,6.5,0,0,0,True
37018805,6.2,5.25,8.4,0,0,0,5.0,5.5,7.0,False
37018806,7.2,5.0,5.2,4.5,9.0,8.25,0,0,0,True
37018807,8.0,7.5,8.8,7.5,7.75,7.0,0,0,0,True
37018808,4.6,5.75,4.6,0,0,0,5.75,6.25,7.5,False
37018809,5.2,5.0,7.2,0,0,0,5.25,9.0,7.75,False
37018810,8.0,5.25,5.4,6.5,7.75,6.25,0,0,0,True
37018811,3.6,6.0,3.8,0,0,0,5.0,8.0,6.5,False
37018812,5.0,3.0,4.6,0,0,0,6.25,6.5,6.75,False
37018813,5.0,6.5,6.4,0,0,0,7.0,6.25,7.75,False
37018814,7.6,6.0,4.4,8.75,8.0,5.75,0,0,0,True
37018815,7.8,5.5,8.0,5.0,9.0,7.5,0,0,0,True
37018816,8.2,6.5,6.2,7.75,8.25,2.5,0,0,0,True
37018817,7.4,5.0,5.0,0,0,0,5.0,7.25,6.75,False
37018818,7.2,6.0,5.4,0,0,0,4.75,5.5,6.5,False
37018819,5.8,5.0,5.4,0,0,0,6.75,5.5,7.0,False
37018820,6.2,7.0,6.0,0,0,0,5.75,8.25,6.5,False
37018821,7.4,8.75,6.4,8.0,7.75,7.0,0,0,0,True
37018822,4.0,5.75,4.4,0,0,0,4.5,5.5,7.75,False
37018823,3.8,3.5,0,0,0,0,3.5,4.5,0,False
37018824,6.2,6.25,6.6,0,0,0,7.25,7.75,8.25,False
37018825,6.4,5.0,6.0,0,0,0,7.0,8.5,6.75,False
37018826,5.0,6.0,6.0,0,0,0,5.5,7.0,7.75,False
37018827,7.6,7.25,8.4,7.5,7.25,6.5,0,0,0,True
37018828,6.4,5.75,7.0,0,0,0,7.0,5.0,6.25,False
37018829,4.2,5.0,5.2,0,0,0,3.25,2.5,4.75,False
37018830,6.6,6.0,5.8,0,0,0,6.5,5.5,5.75,False
37018831,5.0,6.25,6.0,0,0,0,4.75,5.5,7.25,False
37018832,4.8,5.0,7.4,0,0,0,7.25,6.25,8.75,False
37018833,5.2,4.25,5.2,0,0,0,5.75,5.75,7.0,False
37018834,6.0,6.5,7.0,0,0,0,6.0,6.5,7.0,False
37018835,6.2,5.5,4.6,0,0,0,7.5,6.75,7.0,False
37018836,6.8,7.0,6.8,0,0,0,5.5,7.0,6.0,False
37018837,2.0,4.5,4.4,0,0,0,4.0,4.25,6.25,False
37018838,2.4,3.0,6.8,0,0,0,4.25,4.75,5.25,False
37018839,4.2,4.5,5.2,0,0,0,5.0,7.5,6.5,False
37018840,2.6,6.0,5.4,0,0,0,6.0,6.25,6.75,False
37018841,3.4,2.75,3.8,0,0,0,4.25,3.0,6.25,False
37018842,6.4,5.25,5.2,0,0,0,4.5,6.0,7.25,False
37018843,7.4,5.75,6.6,8.0,5.75,6.25,0,0,0,True
37018844,6.6,5.5,4.4,5.25,6.25,6.25,0,0,0,True
37018845,7.4,8.0,6.0,0,0,0,8.25,7.5,6.75,False
37018846,3.4,3.25,3.0,0,0,0,5.75,4.75,6.75,False
37018847,1.8,3.75,0,0,0,0,4.5,4.5,0,False
37018848,1.8,5.75,3.2,0,0,0,5.75,5.75,5.75,False
37018849,3.2,3.5,3.6,0,0,0,4.75,4.25,4.5,False
37018850,4.4,7.5,4.4,0,0,0,8.25,7.25,8.25,False
37018851,4.0,4.25,7.2,0,0,0,6.5,4.0,6.5,False
37018852,7.4,4.25,6.2,0,0,0,6.5,5.75,7.75,False
37018853,7.8,7.5,8.8,0,0,0,8.75,8.5,8.25,False
37018854,5.4,6.25,4.4,0,0,0,7.25,6.0,6.0,False
37018855,3.0,3.5,3.4,0,0,0,5.0,2.75,3.5,False
37018856,4.2,2.25,0,0,0,0,5.5,3.5,0,False
37018857,6.6,7.5,6.8,0,0,0,7.75,8.5,9.5,False
37018858,3.2,2.5,1.6,0,0,0,5.0,3.0,4.0,False
37018859,1.8,2.75,4.2,0,0,0,2.75,1.0,4.25,False
37018860,8.0,6.5,6.4,7.75,8.0,6.0,0,0,0,True
37018861,6.6,6.75,5.2,0,0,0,7.25,8.0,9.25,False
37018862,6.2,6.25,5.6,0,0,0,5.0,6.25,7.0,False
37018863,3.4,7.0,4.2,0,0,0,6.0,5.75,6.75,False
37018864,5.2,4.25,3.6,0,0,0,5.75,4.5,6.75,False
37018865,4.0,5.5,3.6,0,0,0,6.0,4.5,8.25,False
37018866,5.2,6.0,5.6,0,0,0,7.0,7.75,8.5,False
37018867,5.2,6.0,5.4,0,0,0,5.0,3.25,6.75,False
37018868,5.8,6.0,5.4,0,0,0,6.25,7.25,8.0,False
37018869,5.4,5.5,5.8,0,0,0,6.25,5.5,7.75,False
37018870,5.6,6.0,6.0,0,0,0,7.5,7.5,7.75,False
37018871,2.8,2.75,1.8,0,0,0,4.5,3.5,5.0,False
37018872,6.2,7.25,5.4,0,0,0,8.75,9.0,7.5,False
37018873,3.8,5.5,4.4,0,0,0,9.0,5.5,6.75,False
37018874,4.4,7.75,5.0,0,0,0,9.25,8.5,8.75,False
37018875,5.6,7.0,4.0,0,0,0,7.25,6.5,8.5,False
37018876,2.4,3.5,1.2,0,0,0,3.75,4.0,6.0,False
37018877,4.8,6.25,4.2,0,0,0,6.5,6.25,8.5,False
37018878,5.0,6.25,4.0,0,0,0,7.5,5.75,8.0,False
37018879,6.6,7.75,5.6,0,0,0,7.25,7.75,8.75,False
37018880,2.0,5.0,2.2,0,0,0,4.5,3.25,7.0,False
37018881,4.8,6.5,4.6,0,0,0,8.0,5.25,7.5,False
37018882,6.2,5.75,4.6,0,0,0,7.75,5.75,8.75,False
37018883,3.4,3.75,3.0,0,0,0,4.25,4.0,5.75,False
37018884,3.8,2.75,3.0,0,0,0,3.25,3.5,3.0,False
37018885,7.4,6.5,4.8,5.75,4.75,8.0,0,0,0,True
37018886,3.4,4.25,3.8,0,0,0,6.25,6.5,6.75,False
37018887,7.0,5.5,6.4,7.0,5.25,7.5,0,0,0,True
37018888,5.2,7.75,4.8,0,0,0,9.25,9.0,9.0,False
37018889,6.8,7.75,6.2,0,0,0,8.75,8.25,8.25,False
37018890,5.4,5.25,3.4,0,0,0,5.5,4.25,4.5,False
37018891,8.2,7.25,7.2,0,0,0,7.5,7.5,8.75,False
37018892,7.2,5.75,0,0,0,0,7.75,6.5,0,False
37018893,6.0,7.75,6.0,0,0,0,7.75,8.0,8.0,False
37018894,6.4,5.0,4.0,0,0,0,7.5,4.25,5.0,False
37018895,3.8,2.0,4.6,0,0,0,4.5,4.25,5.25,False
37018896,6.6,8.75,6.4,0,0,0,8.75,9.0,7.75,False
37018897,6.2,3.5,3.8,0,0,0,5.75,6.5,7.25,False
37018898,7.0,6.75,5.6,0,0,0,6.75,6.0,7.5,False
37018899,2.2,4.0,5.4,0,0,0,4.75,5.0,6.25,False
37018900,7.6,6.75,5.2,0,0,0,6.0,8.5,8.0,False
37018901,6.8,7.25,4.2,0,0,0,8.5,8.5,8.75,False
37018902,2.2,3.75,2.8,0,0,0,7.0,5.25,7.5,False
37018903,5.2,6.5,4.6,0,0,0,8.5,8.0,8.0,False
37018904,3.0,5.0,3.4,0,0,0,3.25,6.0,6.5,False
37018905,3.4,5.75,4.4,0,0,0,4.75,2.25,4.0,False
37018906,3.0,4.0,2.6,0,0,0,4.75,5.0,4.25,False
37018907,5.8,5.75,6.4,0,0,0,7.0,8.75,8.25,False
37018908,7.8,7.25,6.0,0,0,0,7.75,8.75,9.5,False
37018909,4.2,3.5,5.6,0,0,0,4.75,4.75,6.0,False
37018910,2.4,1.75,5.2,0,0,0,6.0,4.75,5.5,False
37018911,7.8,6.75,9.2,7.75,6.25,6.25,0,0,0,True
37018912,5.2,6.25,3.4,0,0,0,4.75,6.0,6.0,False
37018913,7.6,6.25,6.2,8.0,6.75,5.0,0,0,0,True
37018914,6.8,6.5,5.4,7.0,6.25,5.5,0,0,0,True
37018915,2.8,6.0,7.2,0,0,0,5.5,5.25,6.25,False
37018916,4.0,4.25,3.4,0,0,0,6.0,6.25,6.5,False
37018917,3.4,5.25,3.6,0,0,0,4.75,6.0,8.25,False
37018918,6.0,7.75,6.2,0,0,0,8.5,9.5,8.0,False
37018919,7.2,7.5,9.2,4.0,6.75,6.5,0,0,0,True
37018920,7.2,6.0,7.6,0,0,0,8.25,7.25,9.5,False
37018921,4.6,5.0,4.8,0,0,0,5.75,7.0,7.25,False
37018922,2.6,2.25,4.8,0,0,0,3.5,2.0,4.25,False
37018923,6.6,5.5,6.6,0,0,0,5.75,6.5,7.5,False
37018924,8.6,6.25,9.0,9.0,4.75,6.5,0,0,0,True
37018925,4.2,2.5,4.4,0,0,0,5.5,3.0,5.25,False
37018926,7.4,5.0,7.2,0,0,0,7.25,8.5,9.25,False
37018927,2.4,5.5,4.4,0,0,0,5.0,5.0,6.25,False
37018928,5.8,4.5,7.4,0,0,0,5.75,5.75,6.75,False
37018929,7.2,7.25,8.6,8.25,7.0,7.5,0,0,0,True
37018930,6.4,6.5,6.0,0,0,0,6.75,8.5,8.5,False
37018931,8.2,7.25,6.8,7.75,6.75,7.0,0,0,0,True
37018932,5.4,5.5,7.2,0,0,0,7.0,7.25,8.75,False
37018933,6.6,6.25,7.6,0,0,0,5.75,7.25,6.75,False
37018934,8.2,7.25,5.6,0,0,0,6.25,7.75,8.0,False
37018935,7.2,7.25,6.0,0,0,0,9.5,9.5,8.75,False
37018936,6.8,5.75,7.4,0,0,0,7.5,7.25,8.0,False
37018937,6.0,5.25,7.4,0,0,0,7.75,7.0,8.5,False
37018938,5.4,5.0,5.6,0,0,0,4.25,6.25,5.25,False
37018939,6.8,5.0,7.0,0,0,0,7.0,7.75,7.5,False
37018940,6.2,4.5,3.4,0,0,0,7.0,5.5,7.0,False
37018941,6.4,5.25,3.4,0,0,0,6.0,6.0,6.75,False
37018942,4.0,4.25,3.0,0,0,0,4.5,3.5,5.75,False
37018943,4.6,5.25,4.8,0,0,0,6.5,4.75,6.0,False
37018944,6.8,6.25,4.6,0,0,0,7.0,6.0,8.25,False
37018945,7.6,6.25,7.6,6.75,6.5,6.5,0,0,0,True
37018946,5.2,4.75,3.0,0,0,0,5.5,7.5,9.5,False
37018947,4.0,2.75,3.0,0,0,0,3.75,2.75,5.25,False
37018948,6.4,4.75,3.0,0,0,0,5.5,3.75,7.0,False
37018949,7.2,7.5,4.4,0,0,0,8.0,9.25,8.0,False
37018950,4.4,5.25,4.6,0,0,0,7.25,7.0,6.75,False
37018951,4.2,6.25,4.4,0,0,0,7.25,5.25,7.0,False
37018952,7.2,5.25,7.0,0,0,0,7.5,6.75,8.25,False
37018953,7.4,4.5,5.2,0,0,0,6.25,5.25,7.25,False
37018954,3.2,5.5,5.0,0,0,0,5.75,5.25,8.5,False
37018955,6.0,7.25,6.8,0,0,0,8.0,7.75,8.75,False
37018956,6.4,6.75,5.4,0,0,0,4.5,5.25,8.0,False
37018957,2.0,2.75,7.2,0,0,0,8.0,7.25,8.0,False
37018958,2.8,4.0,5.4,0,0,0,6.5,7.75,7.25,False
37018959,6.8,6.75,7.4,5.0,5.25,6.75,0,0,0,True
37018960,6.8,5.75,5.6,0,0,0,8.5,8.75,8.25,False
37018961,7.0,7.75,6.6,0,0,0,9.0,9.0,8.0,False
37018962,6.6,5.25,5.2,3.25,6.0,4.75,0,0,0,True
37018963,3.0,5.0,7.0,0,0,0,4.75,6.5,6.75,False
37018964,3.0,5.0,3.0,0,0,0,5.5,5.5,6.25,False
37018965,4.2,3.5,5.0,0,0,0,3.25,5.75,5.0,False
37018966,2.6,3.75,4.8,0,0,0,6.0,4.0,6.0,False
37018967,5.4,3.5,4.6,0,0,0,7.75,4.0,6.5,False
37018968,2.0,3.5,5.4,0,0,0,3.75,4.0,3.5,False
37018969,4.8,3.0,3.8,0,0,0,3.75,5.0,4.0,False
37018970,7.0,5.75,5.4,0,0,0,6.75,7.0,7.25,False
37018971,5.8,6.0,5.2,0,0,0,6.5,7.25,8.25,False
37018972,5.0,6.25,5.4,0,0,0,6.5,6.75,8.5,False
37018973,4.8,6.75,5.0,0,0,0,6.25,7.25,8.0,False
37018974,5.4,5.5,5.4,0,0,0,7.25,7.5,8.75,False
37018975,6.6,7.5,5.8,0,0,0,8.0,8.75,9.75,False
37018976,7.4,5.75,3.6,0,0,0,6.75,5.0,7.25,False
37018977,6.8,5.0,4.4,6.25,5.25,5.75,0,0,0,True
37018978,3.2,3.75,3.6,0,0,0,4.0,3.0,5.5,False
37018979,3.2,4.5,4.4,0,0,0,6.25,7.0,7.75,False
37018980,2.4,3.5,3.6,0,0,0,4.0,4.25,4.75,False
37018981,3.8,3.0,2.6,0,0,0,6.25,5.25,7.5,False
37018982,3.4,3.75,3.2,0,0,0,3.5,2.75,4.5,False
37018983,6.2,6.25,5.6,0,0,0,6.25,7.0,7.0,False
37018984,6.8,4.25,3.2,0,0,0,5.75,5.25,6.5,False
37018985,6.2,6.0,4.4,0,0,0,6.25,6.5,7.75,False
37018986,6.4,7.25,3.8,0,0,0,7.5,6.75,8.0,False
37018987,5.6,3.0,2.6,0,0,0,3.0,2.25,2.25,False
37018988,5.8,4.0,0,0,0,0,5.5,6.0,0,False
37018989,6.0,2.25,5.2,0,0,0,4.5,5.25,5.25,False
37018990,7.0,6.75,5.0,0,0,0,6.75,8.5,8.5,False
37018991,5.4,5.25,5.8,0,0,0,4.0,4.0,4.25,False
37018992,6.4,5.5,6.0,0,0,0,6.25,7.0,7.0,False
37018993,6.8,5.75,5.2,0,0,0,6.75,8.0,8.25,False
37018994,6.2,4.0,4.8,0,0,0,6.75,6.0,6.25,False
37018995,6.2,6.0,7.2,7.0,5.5,6.5,0,0,0,True
37018996,5.4,2.5,4.6,0,0,0,4.5,4.0,5.25,False
37018997,6.2,3.0,6.0,0,0,0,4.5,2.75,7.75,False
37018998,6.4,4.25,4.6,0,0,0,5.75,5.0,6.75,False
37018999,4.6,5.75,3.6,0,0,0,5.0,4.5,6.0,False
37019000,7.2,6.25,3.8,0,0,0,5.75,7.0,7.5,False
37019001,5.6,2.5,3.8,0,0,0,5.0,6.0,5.25,False
37019002,6.4,3.75,3.4,0,0,0,5.25,2.5,6.0,False
37019003,6.0,5.25,6.6,0,0,0,5.25,5.5,8.0,False
37019004,5.8,2.25,4.6,0,0,0,5.25,3.75,5.75,False
37019005,4.8,5.0,5.2,0,0,0,6.0,2.25,6.75,False
37019006,5.4,5.75,4.8,0,0,0,5.0,5.5,6.75,False
37019007,7.0,4.0,7.4,0,0,0,4.5,7.5,7.25,False
37019008,3.2,5.25,4.8,0,0,0,5.5,4.75,7.5,False
37019009,5.4,7.0,6.2,0,0,0,5.25,6.0,8.25,False
37019010,5.4,7.0,4.0,0,0,0,5.25,4.25,7.5,False
37019011,6.2,6.75,5.0,0,0,0,6.0,5.75,7.75,False
37019012,6.6,6.0,3.8,0,0,0,3.5,4.75,7.25,False
37019013,7.0,6.25,7.2,0,0,0,6.25,7.0,8.75,False
37019014,8.0,7.5,8.0,8.5,6.75,7.25,0,0,0,True
37019015,6.0,8.0,7.0,0,0,0,4.75,6.75,6.5,False
37019016,4.8,6.5,6.2,0,0,0,3.75,6.75,7.0,False
37019017,5.4,5.75,7.6,0,0,0,6.0,5.75,7.25,False
37019018,7.2,5.5,6.2,0,0,0,7.0,6.5,8.5,False
37019019,5.0,6.75,7.2,0,0,0,8.5,8.0,8.75,False
37019020,7.4,6.0,4.2,6.75,7.25,5.25,0,0,0,True
37019021,4.0,2.0,6.4,0,0,0,5.5,3.75,7.5,False
37019022,5.8,5.25,7.2,0,0,0,7.5,6.5,8.5,False
37019023,8.2,5.5,8.6,8.75,5.5,7.0,0,0,0,True
37019024,3.8,5.0,4.2,0,0,0,6.0,6.0,6.25,False
37019025,7.4,7.5,7.8,5.5,7.5,8.5,0,0,0,True
37019026,7.2,6.0,4.0,0,0,0,6.75,5.5,6.75,False
37019027,7.8,7.5,6.2,0,0,0,7.25,7.75,8.25,False
37019028,6.4,6.75,7.2,0,0,0,5.25,6.75,8.25,False
37019029,4.8,7.0,5.0,0,0,0,3.75,6.25,7.25,False
37019030,3.6,4.75,7.2,0,0,0,7.0,7.25,7.25,False
37019031,6.8,1.75,4.6,0,0,0,6.5,6.75,8.75,False
37019032,7.2,7.5,6.4,7.0,6.25,6.0,0,0,0,True
37019033,7.4,7.0,6.0,6.5,5.25,6.0,0,0,0,True
37019034,7.8,7.25,8.2,8.0,6.5,7.0,0,0,0,True
37019035,1.8,2.5,6.6,0,0,0,4.0,3.75,5.5,False
37019036,4.6,4.0,6.6,0,0,0,6.5,6.0,7.25,False
37019037,7.4,6.75,7.0,0,0,0,7.0,6.25,7.75,False
37019038,3.6,5.0,2.0,0,0,0,6.5,4.5,6.25,False
37019039,6.0,5.25,6.4,0,0,0,8.0,7.5,8.0,False
37019040,6.4,6.0,3.4,0,0,0,9.0,8.75,9.0,False
37019041,6.2,6.75,4.2,0,0,0,9.0,9.75,9.0,False
37019042,3.6,5.5,5.4,0,0,0,8.0,6.25,7.5,False
37019043,7.0,5.0,5.0,0,0,0,5.75,7.5,8.75,False
37019044,7.4,6.5,7.6,7.25,6.0,7.25,0,0,0,True
37019045,6.8,5.75,4.8,7.0,6.5,7.0,0,0,0,True
37019046,5.2,7.0,6.2,0,0,0,7.25,6.75,8.0,False
37019047,4.6,6.0,4.0,0,0,0,5.0,5.0,7.25,False
37019048,8.0,6.0,5.6,7.5,7.25,5.75,0,0,0,True
37019049,6.4,3.75,4.6,0,0,0,4.25,4.75,4.0,False
37019050,4.0,6.25,4.6,0,0,0,6.0,6.25,7.75,False
37019051,8.2,7.25,6.6,6.75,9.25,8.75,0,0,0,True
37019052,6.6,6.75,4.4,0,0,0,6.75,6.5,7.75,False
37019053,6.0,4.0,0,0,0,0,6.5,6.25,0,False
37019054,4.2,3.5,5.0,0,0,0,6.75,5.75,8.0,False
37019055,4.0,5.5,5.0,0,0,0,7.5,6.25,7.25,False
37019056,4.2,5.0,5.8,0,0,0,8.75,6.0,7.75,False
37019057,2.6,2.25,2.8,0,0,0,4.25,1.25,5.0,False
37019058,3.6,4.0,7.0,0,0,0,6.5,7.75,6.25,False
37019059,4.0,7.5,2.4,0,0,0,6.75,6.5,7.75,False
37019060,8.6,8.0,8.8,6.0,8.25,8.75,0,0,0,True
37019061,3.0,2.25,2.2,0,0,0,5.0,5.0,4.5,False
37019062,3.6,1.25,5.0,0,0,0,7.5,3.5,5.5,False
37019063,5.0,6.75,3.8,0,0,0,7.75,8.5,8.25,False
37019064,8.4,7.5,9.2,7.0,4.5,7.0,0,0,0,True
37019065,6.8,7.5,6.4,0,0,0,6.75,7.0,9.0,False
37019066,4.6,6.0,6.8,0,0,0,6.5,6.25,6.25,False
37019067,7.6,4.0,5.8,6.0,8.5,6.25,0,0,0,True
37019068,4.6,5.25,6.6,0,0,0,6.75,5.5,7.0,False
37019069,3.8,4.5,6.8,0,0,0,8.0,7.5,8.25,False
37019070,7.6,7.75,8.8,0,0,0,6.75,5.75,9.0,False
37019071,4.2,5.0,5.2,0,0,0,6.25,7.25,6.75,False
37019072,5.2,3.75,4.6,0,0,0,3.5,6.25,6.5,False
37019073,5.8,6.25,5.8,0,0,0,5.0,5.5,8.75,False
37019074,6.8,5.25,5.6,0,0,0,5.25,5.5,8.5,False
37019075,6.8,2.25,4.6,0,0,0,6.0,2.75,6.25,False
37019076,5.4,5.0,5.2,0,0,0,5.25,3.25,7.75,False
37019077,5.0,4.5,4.4,0,0,0,5.5,5.75,8.0,False
37019078,5.0,5.75,5.0,0,0,0,5.25,6.0,6.5,False
37019079,5.4,5.5,0,0,0,0,6.0,7.25,0,False
37019080,5.6,6.75,5.4,0,0,0,8.75,8.5,8.25,False
37019081,4.6,6.5,6.6,0,0,0,6.25,8.5,8.5,False
37019082,6.6,6.25,5.0,6.0,7.5,6.5,0,0,0,True
37019083,7.4,5.0,4.4,7.25,7.0,5.0,0,0,0,True
37019084,4.8,2.0,5.6,0,0,0,2.75,5.25,4.75,False
37019085,6.0,5.0,4.6,0,0,0,6.0,7.0,7.0,False
37019086,5.6,7.0,4.8,0,0,0,9.0,9.75,8.5,False
37019087,4.6,7.0,3.8,0,0,0,8.75,8.5,7.75,False
37019088,2.6,4.25,2.6,0,0,0,4.25,6.25,5.5,False
37019089,5.6,6.0,4.4,0,0,0,6.75,7.0,8.0,False
37019090,4.0,5.25,4.2,0,0,0,3.75,3.75,5.0,False
37019091,5.0,5.0,3.2,0,0,0,5.5,6.5,6.5,False
37019092,2.0,4.25,2.0,0,0,0,3.5,6.0,6.0,False
37019093,6.4,5.25,2.6,0,0,0,4.75,5.25,7.5,False
37019094,4.6,6.0,4.0,0,0,0,6.5,6.25,8.25,False
37019095,2.2,4.5,3.0,0,0,0,4.75,6.25,6.25,False
37019096,3.8,5.0,2.6,0,0,0,6.75,5.75,6.5,False
37019097,2.6,3.5,3.0,0,0,0,4.75,4.0,6.5,False
37019098,6.4,6.25,4.0,0,0,0,7.5,6.0,8.75,False
37019099,3.8,5.25,3.4,0,0,0,6.75,6.25,9.25,False
37019100,3.0,5.0,2.8,0,0,0,6.75,6.75,6.75,False
37019101,3.4,3.75,2.8,0,0,0,4.0,6.0,8.5,False
37019102,3.0,5.0,3.6,0,0,0,5.75,6.75,8.5,False
37019103,1.2,3.25,3.0,0,0,0,4.0,3.25,6.5,False
37019104,5.0,3.75,3.0,0,0,0,6.5,6.75,6.0,False
37019105,8.4,6.0,8.0,7.0,5.25,7.25,0,0,0,True
37019106,3.4,3.75,2.2,0,0,0,4.25,3.75,5.0,False
37019107,3.4,5.5,4.8,0,0,0,5.25,5.5,5.5,False
37019108,5.8,5.25,6.4,0,0,0,6.75,6.5,8.25,False
37019109,3.2,4.75,4.4,0,0,0,5.0,5.75,6.0,False
37019110,8.0,5.25,5.8,9.0,8.0,7.25,0,0,0,True
37019111,6.0,5.25,4.0,0,0,0,7.5,6.5,7.75,False
37019112,4.4,5.25,3.8,0,0,0,7.5,6.25,7.5,False
37019113,2.0,5.0,3.2,0,0,0,4.5,5.5,6.25,False
37019114,3.0,2.75,3.4,0,0,0,3.25,5.0,4.25,False
37019115,3.8,3.25,2.6,0,0,0,5.25,6.25,5.25,False
37019116,5.2,4.75,4.2,0,0,0,9.0,9.0,8.75,False
37019117,4.8,3.5,4.2,0,0,0,5.5,3.5,4.0,False
37019118,2.6,4.0,5.0,0,0,0,5.25,5.5,5.75,False
37019119,7.4,5.5,6.8,5.25,5.5,7.5,0,0,0,True
37019120,7.0,7.75,4.8,0,0,0,10.0,9.5,9.25,False
37019121,4.8,4.25,3.0,0,0,0,7.75,6.75,7.5,False
37019122,4.0,5.5,4.4,0,0,0,7.75,7.0,8.25,False
37019123,7.2,6.5,6.4,4.0,4.0,6.25,0,0,0,True
37019124,6.4,3.75,6.0,7.0,8.0,6.5,0,0,0,True
37019125,4.6,2.75,4.8,0,0,0,4.5,5.75,7.5,False
37019126,8.4,5.5,6.6,9.0,8.5,6.75,0,0,0,True
37019127,8.8,5.5,6.8,7.5,8.5,7.5,0,0,0,True
37019128,9.0,5.75,8.0,7.5,8.75,7.0,0,0,0,True
37019129,4.2,3.5,5.8,0,0,0,3.5,4.5,5.5,False
37019130,3.8,3.5,1.8,0,0,0,3.5,5.25,6.0,False
37019131,3.2,3.75,3.6,0,0,0,4.5,5.25,4.0,False
37019132,4.6,5.25,6.0,0,0,0,5.5,7.25,7.0,False
37019133,2.6,2.75,4.0,0,0,0,4.25,4.5,6.25,False
37019134,4.6,4.0,5.8,0,0,0,7.5,7.5,7.25,False
37019135,7.6,5.75,9.0,7.75,7.75,7.0,0,0,0,True
37019136,8.0,6.25,9.0,5.75,8.0,5.75,0,0,0,True
37019137,5.4,4.75,5.2,0,0,0,6.5,6.5,7.75,False
37019138,5.4,7.5,4.0,0,0,0,6.75,8.0,9.0,False
37019139,6.0,3.0,4.6,0,0,0,6.5,6.0,6.0,False
37019140,4.8,3.5,3.4,0,0,0,6.75,7.75,8.25,False
37019141,4.6,5.0,3.2,0,0,0,4.75,6.0,7.0,False
37019142,6.8,7.25,3.6,0,0,0,8.0,8.5,9.0,False
37019143,7.6,6.75,4.4,7.5,8.25,7.0,0,0,0,True
37019144,7.0,7.25,4.2,0,0,0,6.0,7.75,8.25,False
37019145,6.4,3.25,3.6,0,0,0,7.25,6.0,6.75,False
37019146,7.6,3.75,6.2,5.25,5.75,7.5,0,0,0,True
37019147,4.0,5.5,4.0,0,0,0,7.25,7.75,8.75,False
37019148,6.0,7.0,4.0,0,0,0,7.75,7.25,7.5,False
37019149,5.8,4.0,4.6,0,0,0,7.5,7.0,7.5,False
37019150,7.0,7.5,5.2,0,0,0,6.75,8.5,8.5,False
37019151,7.4,4.0,5.2,7.25,8.25,8.25,0,0,0,True
37019152,4.2,3.75,3.8,0,0,0,4.75,4.75,6.25,False
37019153,4.6,4.75,4.2,0,0,0,6.25,6.75,7.0,False
37019154,4.8,5.75,3.8,0,0,0,8.25,8.25,8.0,False
37019155,1.8,3.75,3.4,0,0,0,6.0,5.0,6.25,False
37019156,4.8,4.0,4.4,0,0,0,6.0,8.5,7.5,False
37019157,6.4,7.5,5.2,0,0,0,8.25,8.5,7.75,False
37019158,6.6,4.5,3.8,0,0,0,8.5,9.25,7.5,False
37019159,4.2,6.0,3.4,0,0,0,8.0,8.75,9.25,False
37019160,3.4,5.75,2.4,0,0,0,7.0,5.75,7.25,False
37019161,4.2,3.0,5.0,0,0,0,7.5,5.25,7.25,False
37019162,4.6,4.25,4.8,0,0,0,8.0,8.5,7.25,False
37019163,5.6,5.5,3.6,0,0,0,6.75,5.75,9.0,False
37019164,4.0,5.25,4.0,0,0,0,5.75,5.75,7.5,False
37019165,7.8,8.0,7.8,0,0,0,7.75,8.0,9.0,False
37019166,4.4,4.5,3.6,0,0,0,5.75,5.75,8.0,False
37019167,8.0,6.0,5.6,6.25,9.25,9.0,0,0,0,True
37019168,3.0,5.0,4.6,0,0,0,6.0,6.75,6.75,False
37019169,7.8,4.75,8.0,7.25,3.25,6.0,0,0,0,True
37019170,2.2,3.0,2.8,0,0,0,5.75,5.0,6.0,False
37019171,7.2,6.5,5.6,7.75,7.0,7.0,0,0,0,True
37019172,5.2,6.0,3.8,0,0,0,8.75,7.5,9.25,False
37019173,3.4,5.0,2.6,0,0,0,5.0,6.25,7.75,False
37019174,2.8,4.25,2.0,0,0,0,4.75,4.25,5.75,False
37019175,4.2,7.5,5.2,0,0,0,8.0,6.5,7.75,False
37019176,5.0,6.5,4.0,0,0,0,5.75,7.0,7.75,False
37019177,3.6,2.0,4.4,0,0,0,7.0,5.0,6.0,False
37019178,3.2,3.75,3.2,0,0,0,4.25,4.5,5.5,False
37019179,3.4,4.5,3.0,0,0,0,7.0,5.5,6.5,False
37019180,5.6,5.75,3.8,0,0,0,6.5,7.25,6.5,False
37019181,3.2,5.25,4.0,0,0,0,5.5,5.75,7.25,False
37019182,5.0,6.25,4.6,6.75,7.25,5.5,0,0,0,True
37019183,4.0,2.5,3.4,0,0,0,5.5,2.75,7.5,False
37019184,3.0,5.25,5.0,0,0,0,4.0,5.5,8.0,False
37019185,4.2,4.75,3.6,0,0,0,5.25,6.0,8.25,False
37019186,3.6,5.5,2.4,0,0,0,4.25,4.0,6.75,False
37019187,4.6,6.0,4.8,0,0,0,6.75,6.75,7.5,False
37019188,6.6,5.0,7.0,0,0,0,6.25,8.0,7.5,False
37019189,7.8,7.25,5.4,8.0,9.25,6.0,0,0,0,True
37019190,8.0,6.25,8.4,6.75,6.75,6.75,0,0,0,True
37019191,4.8,6.5,4.2,0,0,0,7.25,8.75,9.25,False
37019192,4.4,4.5,6.0,0,0,0,6.75,7.25,8.75,False
37019193,3.0,3.5,2.8,0,0,0,6.25,5.0,6.75,False
37019194,3.0,5.5,3.0,0,0,0,5.75,5.75,8.5,False
37019195,5.6,5.0,3.4,0,0,0,6.5,3.5,6.75,False
37019196,4.2,5.25,4.4,0,0,0,7.25,7.0,9.75,False
37019197,4.8,3.75,4.0,0,0,0,8.5,7.0,7.5,False
37019198,5.0,4.75,3.0,0,0,0,6.25,7.25,8.0,False
37019199,7.2,5.5,6.2,7.0,6.75,6.5,0,0,0,True
37019200,5.8,4.5,6.0,0,0,0,6.0,5.0,7.75,False
37019201,6.2,6.5,6.6,0,0,0,7.75,6.75,8.5,False
37019202,6.4,5.25,6.4,0,0,0,6.25,5.5,8.5,False
37019203,8.2,6.5,8.6,8.5,6.75,5.25,0,0,0,True
37019204,7.2,4.75,6.0,0,0,0,6.75,5.0,7.0,False
37019205,6.2,5.5,6.2,0,0,0,7.75,5.25,8.0,False
37019206,6.8,7.0,7.8,7.25,8.0,6.75,0,0,0,True
37019207,5.6,3.75,4.6,0,0,0,5.0,5.5,6.5,False
37019208,4.0,4.25,4.2,0,0,0,6.5,7.0,8.0,False
37019209,4.6,5.5,4.6,0,0,0,6.5,5.75,8.25,False
37019210,2.8,2.0,4.6,0,0,0,4.5,2.5,6.5,False
37019211,8.0,4.25,8.8,7.75,6.0,6.5,0,0,0,True
37019212,7.6,6.25,7.4,0,0,0,5.75,6.25,7.25,False
37019213,4.6,5.0,2.8,0,0,0,5.5,5.75,6.5,False
37019214,3.2,5.25,3.2,0,0,0,6.0,6.5,7.0,False
37019215,8.2,7.0,6.6,8.25,7.25,6.5,0,0,0,True
37019216,3.6,6.75,4.6,0,0,0,5.75,7.0,7.25,False
37019217,4.0,2.25,3.0,0,0,0,1.75,3.75,2.25,False
37019218,1.8,1.5,3.0,0,0,0,3.0,3.5,5.0,False
37019219,4.4,2.25,3.0,0,0,0,3.75,4.25,5.0,False
37019220,2.8,2.5,3.6,0,0,0,3.0,3.5,7.0,False
37019221,3.4,4.0,4.6,0,0,0,3.5,3.25,6.75,False
37019222,7.4,6.75,4.8,7.0,7.5,7.5,0,0,0,True
37019223,5.6,5.5,4.2,0,0,0,3.0,3.75,5.0,False
37019224,4.2,5.75,3.2,0,0,0,4.0,6.75,7.5,False
37019225,3.6,5.25,2.8,0,0,0,4.5,6.25,7.5,False
37019226,1.0,6.0,2.6,0,0,0,5.5,7.25,7.5,False
37019227,4.8,7.0,4.0,0,0,0,6.0,6.75,7.75,False
37019228,4.6,7.0,3.6,0,0,0,7.5,7.5,7.25,False
37019229,4.0,7.5,3.6,0,0,0,7.25,9.0,8.0,False
37019230,5.4,5.5,3.8,0,0,0,7.25,7.75,8.75,False
37019231,3.2,7.5,4.0,0,0,0,8.25,8.5,8.0,False
37019232,3.4,4.75,3.8,0,0,0,4.75,6.5,6.25,False
37019233,3.2,4.5,4.0,0,0,0,5.0,6.0,7.5,False
37019234,3.2,1.75,3.6,0,0,0,6.0,3.5,6.5,False
37019235,6.2,7.0,5.0,0,0,0,7.5,7.75,8.5,False
37019236,6.4,7.0,4.8,0,0,0,6.75,6.25,5.75,False
37019237,6.8,6.25,3.6,0,0,0,5.25,6.0,6.25,False
37019238,6.0,4.25,5.0,0,0,0,5.5,7.0,7.25,False
37019239,5.2,8.0,6.2,0,0,0,7.5,8.75,9.25,False
37019240,6.8,6.0,5.6,0,0,0,7.0,7.75,8.75,False
37019241,7.0,6.5,4.2,7.0,6.5,7.25,0,0,0,True
37019242,6.6,7.0,5.4,0,0,0,8.75,7.75,7.5,False
37019243,8.2,6.75,4.6,0,0,0,7.75,6.0,6.75,False
37019244,8.6,6.5,4.2,5.25,8.75,8.25,0,0,0,True
37019245,8.0,2.0,3.8,0,0,0,8.0,7.75,7.75,False
37019246,9.0,4.0,4.0,8.0,7.75,8.0,0,0,0,True
37019247,7.2,6.0,4.2,9.0,8.0,8.25,0,0,0,True
37019248,5.4,4.25,5.0,0,0,0,8.75,7.5,7.25,False
37019249,6.6,5.0,6.8,0,0,0,9.25,8.75,9.75,False
37019250,4.6,2.75,4.8,0,0,0,8.75,6.0,7.25,False
37019251,5.2,3.25,2.6,0,0,0,7.5,7.25,3.25,False
37019252,5.4,5.0,4.0,0,0,0,7.0,6.25,5.5,False
37019253,8.4,3.75,9.0,8.75,8.0,8.25,0,0,0,True
37019254,7.6,6.75,6.8,0,0,0,7.75,8.5,8.25,False
37019255,6.8,4.75,3.8,0,0,0,7.5,8.75,8.25,False
37019256,6.0,3.25,5.4,0,0,0,6.5,6.75,4.75,False
37019257,3.8,6.5,3.6,0,0,0,7.5,8.25,7.0,False
37019258,4.4,7.0,3.6,0,0,0,6.75,7.5,7.75,False
37019259,6.8,5.0,3.6,0,0,0,6.75,7.0,5.25,False
37019260,6.4,5.5,5.6,0,0,0,7.75,9.0,7.0,False
37019261,8.2,6.25,4.8,0,0,0,8.75,9.75,9.75,False
37019262,7.6,6.0,5.4,0,0,0,6.25,6.75,8.25,False
37019263,3.4,4.5,3.4,0,0,0,7.75,7.25,9.25,False
37019264,7.6,6.25,6.2,7.0,7.75,7.25,0,0,0,True
37019265,6.2,6.5,4.6,0,0,0,8.25,9.5,9.0,False
37019266,4.6,3.75,3.8,0,0,0,6.75,7.25,7.25,False
37019267,7.4,6.5,4.8,0,0,0,8.25,7.75,8.25,False
37019268,7.2,5.0,5.2,5.75,6.0,7.75,0,0,0,True
37019269,8.0,7.0,0,5.5,7.0,8.5,0,0,0,True
37019270,8.0,5.25,6.6,7.25,6.25,7.75,0,0,0,True
37019271,7.4,5.25,6.0,7.0,8.25,8.25,0,0,0,True
37019272,5.2,5.0,5.8,0,0,0,6.0,5.25,7.75,False
37019273,4.8,5.0,4.8,0,0,0,5.5,2.25,4.5,False
37019274,3.8,6.25,4.0,0,0,0,4.5,6.5,6.0,False
37019275,6.6,5.0,4.0,4.0,7.0,7.5,0,0,0,True
37019276,6.0,5.0,3.6,0,0,0,5.0,4.25,7.25,False
37019277,7.2,3.75,6.2,7.75,7.5,8.0,0,0,0,True
37019278,5.2,4.0,5.2,0,0,0,6.75,6.75,7.0,False
37019279,3.8,4.0,5.0,0,0,0,5.75,4.5,6.25,False
37019280,4.0,3.25,3.8,0,0,0,3.0,4.75,5.5,False
37019281,4.2,3.0,4.2,0,0,0,3.75,2.5,6.75,False
37019282,4.6,6.0,4.0,0,0,0,7.0,7.0,8.25,False
37019283,4.4,4.75,4.4,0,0,0,5.0,5.25,7.0,False
37019284,5.2,6.0,3.2,0,0,0,6.25,7.0,8.25,False
37019285,4.8,5.0,4.8,0,0,0,6.25,4.75,5.5,False
37019286,6.0,5.75,8.4,6.0,5.5,8.0,0,0,0,True
37019287,5.4,5.0,6.2,0,0,0,4.75,6.0,5.75,False
37019288,3.6,3.75,6.4,0,0,0,3.0,4.75,3.0,False
37019289,7.0,5.25,7.0,0,0,0,4.0,4.0,6.75,False
37019290,8.0,5.0,9.8,7.0,7.25,8.25,0,0,0,True
37019291,6.8,4.5,5.6,0,0,0,5.0,6.5,7.25,False
37019292,8.0,5.0,6.2,9.0,8.0,8.5,0,0,0,True
37019293,3.2,2.0,4.2,0,0,0,4.75,2.5,5.0,False
37019294,4.2,2.75,7.6,0,0,0,5.0,3.75,6.5,False
37019295,4.2,8.25,5.2,0,0,0,7.75,8.5,7.75,False
37019296,3.8,5.25,3.4,0,0,0,7.0,4.5,7.75,False
37019297,3.8,3.5,5.2,0,0,0,3.25,4.5,6.25,False
37019298,5.0,6.0,6.8,0,0,0,7.5,6.75,7.5,False
37019299,6.4,6.5,7.6,0,0,0,7.25,8.25,9.0,False
37019300,5.6,5.0,4.8,0,0,0,5.5,7.75,7.5,False
37019301,7.4,5.0,7.4,0,0,0,5.25,7.0,7.5,False
37019302,7.0,6.75,9.0,0,0,0,7.5,8.5,9.25,False
37019303,5.4,5.75,4.6,0,0,0,5.75,8.75,7.75,False
37019304,6.6,5.75,4.8,0,0,0,6.0,6.0,8.25,False
37019305,7.6,6.75,7.8,7.75,4.75,7.25,0,0,0,True
37019306,7.0,6.75,8.4,7.0,6.0,7.0,0,0,0,True
37019307,3.6,2.5,4.4,0,0,0,5.5,5.0,2.5,False
37019308,4.4,4.25,5.4,0,0,0,5.5,6.75,8.0,False
37019309,3.6,5.5,7.0,0,0,0,7.25,8.25,6.75,False
37019310,2.2,5.25,5.2,0,0,0,4.25,5.0,7.0,False
37019311,2.6,5.0,2.2,0,0,0,4.75,7.25,7.5,False
37019312,4.0,5.0,3.0,0,0,0,7.75,7.25,9.75,False
37019313,2.6,3.5,4.4,0,0,0,5.0,3.75,5.5,False
37019314,8.4,7.75,8.2,0,0,0,8.0,8.75,9.0,False
37019315,6.8,7.5,5.6,0,0,0,8.5,8.25,9.0,False
37019316,6.0,5.75,4.6,0,0,0,7.75,8.5,7.5,False
37019317,7.6,6.25,4.8,8.0,6.25,7.25,0,0,0,True
37019318,5.4,5.75,4.0,0,0,0,8.0,6.0,9.0,False
37019319,8.2,5.5,7.2,0,0,0,8.75,8.5,9.25,False
37019320,7.0,4.25,8.2,0,0,0,8.0,8.25,8.75,False
37019321,2.6,2.5,4.4,0,0,0,3.0,4.75,4.5,False
37019322,7.8,4.75,5.8,0,0,0,7.25,8.75,9.0,False
37019323,8.0,4.75,5.6,8.0,7.25,6.0,0,0,0,True
37019324,6.2,3.25,6.0,0,0,0,8.0,6.75,7.25,False
37019325,4.6,5.5,4.8,0,0,0,5.25,5.5,7.0,False
37019326,6.2,6.5,5.8,0,0,0,6.5,9.0,7.25,False
37019327,8.4,7.5,8.4,8.75,4.0,7.0,0,0,0,True
37019328,7.8,7.75,9.0,8.0,5.25,5.75,0,0,0,True
37019329,8.0,7.25,6.0,4.0,7.5,8.25,0,0,0,True
37019330,5.2,7.25,5.6,0,0,0,7.5,8.5,8.0,False
37019331,7.2,6.75,7.2,0,0,0,7.5,8.25,8.5,False
37019332,7.2,5.75,5.2,8.0,8.75,6.5,0,0,0,True
37019333,1.8,2.75,4.6,0,0,0,2.75,5.0,3.5,False
37019334,3.4,4.5,5.2,0,0,0,3.5,4.25,5.75,False
37019335,3.8,5.75,6.0,0,0,0,6.5,6.5,7.0,False
37019336,3.6,5.0,6.0,0,0,0,6.75,5.0,7.25,False
37019337,4.6,3.75,5.4,0,0,0,6.5,7.0,7.5,False
37019338,5.2,4.25,5.8,0,0,0,4.5,5.0,4.0,False
37019339,7.0,5.5,7.0,0,0,0,5.25,7.5,7.75,False
37019340,3.4,3.75,5.2,0,0,0,4.0,5.75,6.25,False
37019341,5.4,7.0,6.8,0,0,0,6.0,7.0,7.5,False
37019342,5.8,5.0,6.0,0,0,0,3.75,6.0,5.75,False
37019343,6.2,6.25,6.8,0,0,0,8.0,8.25,7.0,False
37019344,8.2,7.75,8.0,7.75,7.75,7.25,0,0,0,True
37019345,6.2,8.0,7.0,0,0,0,7.75,8.75,8.0,False
37019346,5.6,4.25,6.2,0,0,0,7.25,4.5,6.25,False
37019347,2.8,5.75,5.8,0,0,0,7.0,5.25,4.75,False
37019348,7.0,7.5,5.4,0,0,0,7.25,8.5,8.5,False
37019349,6.0,6.0,6.8,0,0,0,8.75,9.5,8.75,False
37019350,4.4,2.5,4.8,0,0,0,7.25,5.75,6.25,False
37019351,5.0,3.25,6.0,0,0,0,6.75,6.5,7.0,False
37019352,7.0,5.5,6.2,4.5,7.0,8.25,0,0,0,True
37019353,5.2,3.0,5.0,0,0,0,7.75,7.0,8.0,False
37019354,6.8,6.5,5.6,0,0,0,7.75,7.0,8.25,False
37019355,8.2,5.5,5.0,8.0,8.75,7.5,0,0,0,True
37019356,7.6,6.75,6.6,0,0,0,7.75,9.25,7.75,False
37019357,7.2,6.25,6.0,0,0,0,8.0,9.0,8.0,False
37019358,6.8,6.75,7.8,5.0,8.5,7.75,0,0,0,True
37019359,3.6,4.75,4.6,0,0,0,5.5,3.75,7.0,False
37019360,7.0,7.75,6.6,0,0,0,7.25,9.0,8.75,False
37019361,5.6,6.25,4.8,0,0,0,5.75,5.5,7.75,False
37019362,5.0,5.5,3.2,0,0,0,4.75,2.25,5.5,False
37019363,4.6,2.25,4.4,0,0,0,3.0,3.75,7.0,False
37019364,3.4,4.25,4.4,0,0,0,4.0,4.75,6.25,False
37019365,6.8,6.0,3.6,3.25,3.5,7.0,0,0,0,True
37019366,7.0,7.5,5.2,0,0,0,9.75,9.5,8.75,False
37019367,5.8,4.25,5.4,0,0,0,6.25,4.25,6.25,False
37019368,4.2,3.5,5.2,0,0,0,6.0,4.25,6.25,False
37019369,7.8,6.75,6.4,3.75,7.75,8.5,0,0,0,True
37019370,5.2,6.0,4.8,0,0,0,5.25,7.0,8.0,False
37019371,5.4,4.25,3.4,0,0,0,5.5,3.5,7.0,False
37019372,7.2,6.5,3.2,4.25,6.75,8.25,0,0,0,True
37019373,3.2,7.0,4.4,0,0,0,7.0,6.75,7.75,False
37019374,4.4,5.75,4.0,0,0,0,8.0,8.0,5.0,False
37019375,6.6,5.5,5.8,0,0,0,8.0,5.75,7.5,False
37019376,7.2,5.75,7.6,6.25,5.75,6.75,0,0,0,True
37019377,4.6,3.5,4.4,0,0,0,7.25,6.5,7.75,False
37019378,7.2,7.0,5.6,0,0,0,7.0,9.0,9.0,False
37019379,3.6,3.25,3.4,0,0,0,3.75,4.75,7.0,False
37019380,2.4,1.5,3.2,0,0,0,4.0,6.0,5.0,False
37019381,8.4,5.5,6.6,4.75,8.0,8.0,0,0,0,True
37019382,7.8,5.25,4.6,7.0,7.5,6.25,0,0,0,True
37019383,5.4,3.25,5.0,0,0,0,6.25,6.0,7.5,False
37019384,6.4,4.5,4.8,0,0,0,6.0,6.0,7.75,False
37019385,6.2,6.0,6.2,5.5,7.5,6.0,0,0,0,True
37019386,6.4,6.75,4.8,0,0,0,8.5,7.25,7.75,False
37019387,6.8,6.5,6.4,0,0,0,7.25,7.25,8.75,False
37019388,6.0,5.5,6.2,0,0,0,5.5,6.75,8.0,False
37019389,8.4,7.0,7.2,7.5,9.25,9.25,0,0,0,True
37019390,5.2,4.0,6.0,0,0,0,5.25,7.0,7.5,False
37019391,7.6,6.25,6.8,6.5,6.5,5.5,0,0,0,True
37019392,5.4,6.25,5.2,0,0,0,7.75,6.5,7.5,False
37019393,3.6,4.75,5.0,0,0,0,6.0,5.5,8.0,False
37019394,3.6,4.5,3.0,0,0,0,5.5,6.25,8.25,False
37019395,4.2,6.0,3.6,0,0,0,5.75,6.5,7.0,False
37019396,3.6,4.0,3.2,0,0,0,4.75,6.5,5.5,False
37019397,4.8,5.5,3.4,0,0,0,6.0,4.25,7.25,False
37019398,4.2,4.0,3.4,0,0,0,6.75,5.25,8.0,False
37019399,4.6,5.75,3.4,0,0,0,6.25,5.75,8.0,False
37019400,7.6,5.75,4.8,8.5,7.25,6.5,0,0,0,True
37019401,2.4,2.0,2.4,0,0,0,4.5,3.25,4.25,False
37019402,7.8,5.0,5.8,5.25,7.25,7.25,0,0,0,True
37019403,7.8,5.0,6.4,5.75,7.5,6.5,0,0,0,True
37019404,3.2,3.5,3.6,0,0,0,4.5,4.75,5.75,False
37019405,5.8,5.25,3.2,0,0,0,9.75,9.0,8.0,False
37019406,5.0,7.25,5.0,0,0,0,8.75,9.0,8.0,False
37019407,7.8,5.75,0,4.5,9.0,9.5,0,0,0,True
37019408,6.8,8.0,3.8,0,0,0,9.25,8.75,8.75,False
37019409,6.8,8.0,3.0,0,0,0,7.0,6.5,7.5,False
37019410,7.6,6.25,4.2,6.75,8.5,6.75,0,0,0,True
37019411,4.0,5.0,2.6,0,0,0,7.25,4.75,6.5,False
37019412,6.0,6.5,4.2,0,0,0,8.0,7.75,7.25,False
37019413,6.2,5.75,3.4,0,0,0,6.25,4.75,6.5,False
37019414,7.8,5.0,5.0,7.25,7.25,7.0,0,0,0,True
37019415,8.0,6.5,6.6,0,0,0,7.0,6.75,8.0,False
37019416,8.0,5.75,5.4,8.5,8.25,6.75,0,0,0,True
37019417,6.8,5.0,5.8,0,0,0,7.25,5.25,7.75,False
37019418,4.0,5.25,3.8,0,0,0,4.75,4.5,7.25,False
37019419,5.8,2.0,3.0,0,0,0,5.75,5.75,7.5,False
37019420,7.0,4.25,3.4,0,0,0,5.5,4.25,7.25,False
37019421,4.8,5.0,3.8,0,0,0,6.25,6.75,7.75,False
37019422,3.4,5.0,3.4,0,0,0,5.75,5.25,7.0,False
37019423,4.4,7.5,3.4,0,0,0,6.75,7.0,8.25,False
37019424,7.2,8.0,4.2,0,0,0,7.25,9.5,8.0,False
